[32m[0.005][core]-[Info]-[DjiCore_Init:106) Payload SDK Version : V3.9.2-beta.0-build.2125 [0m
[37m[0.006][utils]-[Debug]-[DjiCore_RootTask:131) work execution time: [0m
[37m[0.006][utils]-[Debug]-[DjiCore_RootTask:132) name	                execution time (ms)	  max execution time (ms) [0m
[37m[0.006][utils]-[Debug]-[DjiCore_RootTask:134) recorderWork                    	0       	0        [0m
[37m[0.006][utils]-[Debug]-[DjiCore_RootTask:134) flowControllerTask              	0       	0        [0m
[37m[0.032][linker]-[Debug]-[DjiLinker_Init:128) init linker success, protocol:2, channelId:0 [0m
[37m[0.032][linker]-[Debug]-[DjiProtocol_v1Pack:123) <0000>V1-Send: 0x0A06->0x0300 0x03FD [0m
[37m[0.052][linker]-[Debug]-[DjiProtocol_v1Pack:123) <0x01>V1-Send: 0x0A06->0x0300 0x03FD [0m
[37m[0.073][linker]-[Debug]-[DjiProtocol_v1Pack:123) <0x02>V1-Send: 0x0A06->0x0300 0x03FD [0m
[37m[0.093][linker]-[Debug]-[DjiProtocol_v1Pack:123) <0x03>V1-Send: 0x0A06->0x0300 0x03FD [0m
[37m[0.113][linker]-[Debug]-[DjiProtocol_v1Pack:123) <0x04>V1-Send: 0x0A06->0x0300 0x03FD [0m
[37m[0.154][linker]-[Debug]-[DjiLinker_DeInit:170) deinit linker success, protocol:2, channelId:0 [0m
[37m[0.159][linker]-[Debug]-[DjiLinker_Init:128) init linker success, protocol:2, channelId:0 [0m
[37m[0.159][linker]-[Debug]-[DjiProtocol_v1Pack:123) <0000>V1-Send: 0x0507->0x0503 0x03FD [0m
[37m[0.179][linker]-[Debug]-[DjiProtocol_v1Pack:123) <0x01>V1-Send: 0x0507->0x0503 0x03FD [0m
[37m[0.199][linker]-[Debug]-[DjiProtocol_v1Pack:123) <0x02>V1-Send: 0x0507->0x0503 0x03FD [0m
[37m[0.219][linker]-[Debug]-[DjiProtocol_v1Pack:123) <0x03>V1-Send: 0x0507->0x0503 0x03FD [0m
[37m[0.239][linker]-[Debug]-[DjiProtocol_v1Pack:123) <0x04>V1-Send: 0x0507->0x0503 0x03FD [0m
[37m[0.280][linker]-[Debug]-[DjiLinker_DeInit:170) deinit linker success, protocol:2, channelId:0 [0m
[37m[0.288][linker]-[Debug]-[DjiLinker_Init:128) init linker success, protocol:2, channelId:0 [0m
[37m[0.288][linker]-[Debug]-[DjiProtocol_v1Pack:123) <0000>V1-Send: 0x0507->0x0503 0x03FD [0m
[37m[0.309][linker]-[Debug]-[DjiProtocol_v1Pack:123) <0x01>V1-Send: 0x0507->0x0503 0x03FD [0m
[37m[0.315][linker]-[Debug]-[DjiProtocol_v1Unpack:215) <0x1833>V1-Recv: 0x0300->0x0A06 0x036C [0m
[37m[0.329][linker]-[Debug]-[DjiProtocol_v1Pack:123) <0x02>V1-Send: 0x0507->0x0503 0x03FD [0m
[37m[0.332][linker]-[Debug]-[DjiProtocol_v1Unpack:215) <0x1858>V1-Recv: 0x0306->0x0A06 0x03C1 [0m
[37m[0.334][linker]-[Debug]-[DjiProtocol_v1Unpack:215) <0x185b>V1-Recv: 0x0300->0x0A06 0x4900 [0m
[37m[0.337][linker]-[Debug]-[DjiProtocol_v1Unpack:215) <0x5ae>V1-Recv: 0x0800->0x0A06 0x0866 [0m
[37m[0.349][linker]-[Debug]-[DjiProtocol_v1Pack:123) <0x03>V1-Send: 0x0507->0x0503 0x03FD [0m
[37m[0.369][linker]-[Debug]-[DjiProtocol_v1Pack:123) <0x04>V1-Send: 0x0507->0x0503 0x03FD [0m
[37m[0.373][linker]-[Debug]-[DjiProtocol_v1Unpack:215) <0x18a5>V1-Recv: 0x0300->0x0A06 0x221B [0m
[37m[0.410][linker]-[Debug]-[DjiLinker_DeInit:170) deinit linker success, protocol:2, channelId:0 [0m
[37m[0.414][linker]-[Debug]-[DjiLinker_Init:128) init linker success, protocol:2, channelId:0 [0m
[37m[0.414][linker]-[Debug]-[DjiProtocol_v1Pack:123) <0000>V1-Send: 0x0507->0x0503 0x03FD [0m
[37m[0.434][linker]-[Debug]-[DjiProtocol_v1Pack:123) <0x01>V1-Send: 0x0507->0x0503 0x03FD [0m
[37m[0.454][linker]-[Debug]-[DjiProtocol_v1Pack:123) <0x02>V1-Send: 0x0507->0x0503 0x03FD [0m
[37m[0.474][linker]-[Debug]-[DjiProtocol_v1Pack:123) <0x03>V1-Send: 0x0507->0x0503 0x03FD [0m
[37m[0.494][linker]-[Debug]-[DjiProtocol_v1Pack:123) <0x04>V1-Send: 0x0507->0x0503 0x03FD [0m
[37m[0.536][linker]-[Debug]-[DjiLinker_DeInit:170) deinit linker success, protocol:2, channelId:0 [0m
[37m[0.540][linker]-[Debug]-[DjiLinker_Init:128) init linker success, protocol:2, channelId:0 [0m
[37m[0.540][linker]-[Debug]-[DjiProtocol_v1Pack:123) <0000>V1-Send: 0x0507->0x0503 0x03FD [0m
[37m[0.560][linker]-[Debug]-[DjiProtocol_v1Pack:123) <0x01>V1-Send: 0x0507->0x0503 0x03FD [0m
[37m[0.580][linker]-[Debug]-[DjiProtocol_v1Pack:123) <0x02>V1-Send: 0x0507->0x0503 0x03FD [0m
[37m[0.601][linker]-[Debug]-[DjiProtocol_v1Pack:123) <0x03>V1-Send: 0x0507->0x0503 0x03FD [0m
[37m[0.621][linker]-[Debug]-[DjiProtocol_v1Pack:123) <0x04>V1-Send: 0x0507->0x0503 0x03FD [0m
[37m[0.662][linker]-[Debug]-[DjiLinker_DeInit:170) deinit linker success, protocol:2, channelId:0 [0m
[37m[0.666][linker]-[Debug]-[DjiLinker_Init:128) init linker success, protocol:2, channelId:0 [0m
[37m[0.666][linker]-[Debug]-[DjiProtocol_v1Pack:123) <0000>V1-Send: 0x0507->0x0503 0x03FD [0m
[37m[0.686][linker]-[Debug]-[DjiProtocol_v1Pack:123) <0x01>V1-Send: 0x0507->0x0503 0x03FD [0m
[37m[0.706][linker]-[Debug]-[DjiProtocol_v1Pack:123) <0x02>V1-Send: 0x0507->0x0503 0x03FD [0m
[37m[0.726][linker]-[Debug]-[DjiProtocol_v1Pack:123) <0x03>V1-Send: 0x0507->0x0503 0x03FD [0m
[37m[0.747][linker]-[Debug]-[DjiProtocol_v1Pack:123) <0x04>V1-Send: 0x0507->0x0503 0x03FD [0m
[37m[0.787][linker]-[Debug]-[DjiLinker_DeInit:170) deinit linker success, protocol:2, channelId:0 [0m
[37m[0.792][linker]-[Debug]-[DjiLinker_Init:128) init linker success, protocol:2, channelId:0 [0m
[37m[0.792][linker]-[Debug]-[DjiProtocol_v1Pack:123) <0000>V1-Send: 0x0A06->0x0300 0x03FD [0m
[37m[0.812][linker]-[Debug]-[DjiProtocol_v1Pack:123) <0x01>V1-Send: 0x0A06->0x0300 0x03FD [0m
[37m[0.832][linker]-[Debug]-[DjiProtocol_v1Pack:123) <0x02>V1-Send: 0x0A06->0x0300 0x03FD [0m
[37m[0.852][linker]-[Debug]-[DjiProtocol_v1Pack:123) <0x03>V1-Send: 0x0A06->0x0300 0x03FD [0m
[37m[0.872][linker]-[Debug]-[DjiProtocol_v1Pack:123) <0x04>V1-Send: 0x0A06->0x0300 0x03FD [0m
[37m[0.929][linker]-[Debug]-[DjiLinker_DeInit:170) deinit linker success, protocol:2, channelId:0 [0m
[37m[0.956][linker]-[Debug]-[DjiLinker_Init:128) init linker success, protocol:2, channelId:0 [0m
[37m[0.956][linker]-[Debug]-[DjiProtocol_v1Pack:123) <0000>V1-Send: 0x0A06->0x0300 0x03FD [0m
[37m[0.976][linker]-[Debug]-[DjiProtocol_v1Unpack:215) <0000>V1-Recv: 0x0300->0x0A06 0x03FD [0m
[37m[0.976][linker]-[Debug]-[DjiProtocol_v1Unpack:215) <0x1d0b>V1-Recv: 0x0300->0x0A06 0x221B [0m
[37m[0.976][linker]-[Debug]-[DjiProtocol_v1Pack:123) <0x01>V1-Send: 0x0A06->0x0300 0x03FD [0m
[37m[1.009][linker]-[Debug]-[DjiLinker_DeInit:170) deinit linker success, protocol:2, channelId:0 [0m
[32m[1.009][adapter]-[Info]-[DjiAccessAdapter_Init:231) Identify aircraft series is Matrice 350 Series [0m
[32m[1.009][adapter]-[Info]-[DjiAccessAdapter_Init:264) Identify mount position type is Extension Port Type [0m
[37m[1.009][linker]-[Debug]-[DjiCommand_Init:158) config list channel id:2 [0m
[37m[1.038][linker]-[Debug]-[DjiLinker_Init:128) init linker success, protocol:2, channelId:0 [0m
[37m[1.038][linker]-[Debug]-[DjiCommand_Init:167) add linker node count:1 [0m
[32m[1.038][adapter]-[Info]-[DjiAccessAdapter_Init:365) Identity uart0 baudrate is 230400 bps [0m
[37m[1.038][linker]-[Debug]-[DjiProtocol_v1Pack:123) <0x610f>V1-Send: 0x0A06->0x0701 0x0000 [0m
[37m[1.038][linker]-[Debug]-[DjiCommand_SendAsync:497) Max wait ack item count is 32. [0m
[37m[1.045][linker]-[Debug]-[DjiProtocol_v1Unpack:215) <0x1d78>V1-Recv: 0x0306->0x0A06 0x03C1 [0m
[37m[1.050][linker]-[Debug]-[DjiProtocol_v1Unpack:215) <0x1d85>V1-Recv: 0x0300->0x0A06 0x4900 [0m
[37m[1.050][linker]-[Debug]-[DjiCommand_RecvWork:1066)  <0x1d78>Receive msg from linker, 0x0306->0x0A06 0x03C1 len:13 [0m
[37m[1.050][linker]-[Debug]-[DjiCommand_DealCmd:919) received unsupport request cmd that noneed ack, <0x1d78> cmdset: 0x03 cmdid: 0xC1 [0m
[37m[1.051][linker]-[Debug]-[DjiCommand_RecvWork:1066)  <0x1d85>Receive msg from linker, 0x0300->0x0A06 0x4900 len:14 [0m
[37m[1.051][linker]-[Debug]-[DjiCommand_DealCmd:919) received unsupport request cmd that need ack, <0x1d85> cmdset: 0x49 cmdid: 0x00 [0m
[37m[1.054][linker]-[Debug]-[DjiProtocol_v1Unpack:215) <0x610f>V1-Recv: 0x0701->0x0A06 0x0000 [0m
[37m[1.054][linker]-[Debug]-[DjiCommand_RecvWork:1066)  <0x610f>Receive msg from linker, 0x0701->0x0A06 0x0000 len:1 [0m
[37m[1.054][linker]-[Debug]-[DjiCommand_SendSyncCallback:1014) PsdkCommand_SendSyncCallback success [0m
[37m[1.054][linker]-[Debug]-[DjiCommand_DealCmd:830) callback function (cmdset: 0x00 cmdid: 0x00) deal time: 0 ms [0m
[37m[1.054][linker]-[Debug]-[DjiCommand_SendSync:553) sendSync callback success [0m
[37m[1.054][linker]-[Debug]-[DjiCommand_RegRecvCmdHandler:674) Reg command handle list success, index:0 [0m
[37m[1.054][linker]-[Debug]-[DjiCommand_RegRecvCmdHandler:674) Reg command handle list success, index:1 [0m
[37m[1.054][linker]-[Debug]-[DjiProtocol_v1Pack:123) <0x6110>V1-Send: 0x0A06->0x0701 0x0087 [0m
[37m[1.073][linker]-[Debug]-[DjiProtocol_v1Unpack:215) <0x1dd0>V1-Recv: 0x0300->0x0A06 0x221B [0m
[37m[1.073][linker]-[Debug]-[DjiCommand_RecvWork:1066)  <0x1dd0>Receive msg from linker, 0x0300->0x0A06 0x221B len:9 [0m
[37m[1.073][linker]-[Debug]-[DjiCommand_DealCmd:919) received unsupport request cmd that noneed ack, <0x1dd0> cmdset: 0x22 cmdid: 0x1B [0m
[37m[1.087][linker]-[Debug]-[DjiProtocol_v1Unpack:215) <0x5b1>V1-Recv: 0x0800->0x0A06 0x0866 [0m
[37m[1.088][linker]-[Debug]-[DjiCommand_RecvWork:1066)  <0x5b1>Receive msg from linker, 0x0800->0x0A06 0x0866 len:17 [0m
[37m[1.088][linker]-[Debug]-[DjiCommand_DealCmd:919) received unsupport request cmd that noneed ack, <0x5b1> cmdset: 0x08 cmdid: 0x66 [0m
[37m[1.108][utils]-[Debug]-[DjiCore_RootTask:131) work execution time: [0m
[37m[1.108][utils]-[Debug]-[DjiCore_RootTask:132) name	                execution time (ms)	  max execution time (ms) [0m
[37m[1.108][utils]-[Debug]-[DjiCore_RootTask:134) recorderWork                    	0       	0        [0m
[37m[1.108][utils]-[Debug]-[DjiCore_RootTask:134) flowControllerTask              	0       	0        [0m
[37m[1.108][utils]-[Debug]-[DjiCore_RootTask:134) commandTask                     	0       	0        [0m
[37m[1.116][linker]-[Debug]-[DjiProtocol_v1Unpack:215) <0x1e1b>V1-Recv: 0x0300->0x0A06 0x036C [0m
[37m[1.118][linker]-[Debug]-[DjiCommand_RecvWork:1066)  <0x1e1b>Receive msg from linker, 0x0300->0x0A06 0x036C len:71 [0m
[37m[1.118][linker]-[Debug]-[DjiCommand_DealCmd:919) received unsupport request cmd that noneed ack, <0x1e1b> cmdset: 0x03 cmdid: 0x6C [0m
[37m[1.132][linker]-[Debug]-[DjiProtocol_v1Unpack:215) <0x1e3d>V1-Recv: 0x0306->0x0A06 0x03C1 [0m
[37m[1.133][linker]-[Debug]-[DjiCommand_RecvWork:1066)  <0x1e3d>Receive msg from linker, 0x0306->0x0A06 0x03C1 len:13 [0m
[37m[1.133][linker]-[Debug]-[DjiCommand_DealCmd:919) received unsupport request cmd that noneed ack, <0x1e3d> cmdset: 0x03 cmdid: 0xC1 [0m
[37m[1.134][linker]-[Debug]-[DjiProtocol_v1Unpack:215) <0x1e41>V1-Recv: 0x0300->0x0A06 0x4900 [0m
[37m[1.135][linker]-[Debug]-[DjiCommand_RecvWork:1066)  <0x1e41>Receive msg from linker, 0x0300->0x0A06 0x4900 len:14 [0m
[37m[1.135][linker]-[Debug]-[DjiCommand_DealCmd:919) received unsupport request cmd that need ack, <0x1e41> cmdset: 0x49 cmdid: 0x00 [0m
[37m[1.173][linker]-[Debug]-[DjiProtocol_v1Unpack:215) <0x1e87>V1-Recv: 0x0300->0x0A06 0x221B [0m
[37m[1.174][linker]-[Debug]-[DjiCommand_RecvWork:1066)  <0x1e87>Receive msg from linker, 0x0300->0x0A06 0x221B len:9 [0m
[37m[1.174][linker]-[Debug]-[DjiCommand_DealCmd:919) received unsupport request cmd that noneed ack, <0x1e87> cmdset: 0x22 cmdid: 0x1B [0m
[37m[1.215][linker]-[Debug]-[DjiProtocol_v1Unpack:215) <0x1ec8>V1-Recv: 0x0300->0x0A06 0x036C [0m
[37m[1.216][linker]-[Debug]-[DjiCommand_RecvWork:1066)  <0x1ec8>Receive msg from linker, 0x0300->0x0A06 0x036C len:71 [0m
[37m[1.216][linker]-[Debug]-[DjiCommand_DealCmd:919) received unsupport request cmd that noneed ack, <0x1ec8> cmdset: 0x03 cmdid: 0x6C [0m
[37m[1.231][linker]-[Debug]-[DjiProtocol_v1Unpack:215) <0x1eee>V1-Recv: 0x0306->0x0A06 0x03C1 [0m
[37m[1.232][linker]-[Debug]-[DjiCommand_RecvWork:1066)  <0x1eee>Receive msg from linker, 0x0306->0x0A06 0x03C1 len:13 [0m
[37m[1.232][linker]-[Debug]-[DjiCommand_DealCmd:919) received unsupport request cmd that noneed ack, <0x1eee> cmdset: 0x03 cmdid: 0xC1 [0m
[37m[1.233][linker]-[Debug]-[DjiProtocol_v1Unpack:215) <0x1ef4>V1-Recv: 0x0300->0x0A06 0x4900 [0m
[37m[1.234][linker]-[Debug]-[DjiCommand_RecvWork:1066)  <0x1ef4>Receive msg from linker, 0x0300->0x0A06 0x4900 len:14 [0m
[37m[1.234][linker]-[Debug]-[DjiCommand_DealCmd:919) received unsupport request cmd that need ack, <0x1ef4> cmdset: 0x49 cmdid: 0x00 [0m
[37m[1.273][linker]-[Debug]-[DjiProtocol_v1Unpack:215) <0x1f41>V1-Recv: 0x0300->0x0A06 0x221B [0m
[37m[1.274][linker]-[Debug]-[DjiCommand_RecvWork:1066)  <0x1f41>Receive msg from linker, 0x0300->0x0A06 0x221B len:9 [0m
[37m[1.274][linker]-[Debug]-[DjiCommand_DealCmd:919) received unsupport request cmd that noneed ack, <0x1f41> cmdset: 0x22 cmdid: 0x1B [0m
[37m[1.316][linker]-[Debug]-[DjiProtocol_v1Unpack:215) <0x1f87>V1-Recv: 0x0300->0x0A06 0x036C [0m
[37m[1.316][linker]-[Debug]-[DjiCommand_RecvWork:1066)  <0x1f87>Receive msg from linker, 0x0300->0x0A06 0x036C len:71 [0m
[37m[1.316][linker]-[Debug]-[DjiCommand_DealCmd:919) received unsupport request cmd that noneed ack, <0x1f87> cmdset: 0x03 cmdid: 0x6C [0m
[37m[1.332][linker]-[Debug]-[DjiProtocol_v1Unpack:215) <0x1fa9>V1-Recv: 0x0306->0x0A06 0x03C1 [0m
[37m[1.333][linker]-[Debug]-[DjiCommand_RecvWork:1066)  <0x1fa9>Receive msg from linker, 0x0306->0x0A06 0x03C1 len:13 [0m
[37m[1.333][linker]-[Debug]-[DjiCommand_DealCmd:919) received unsupport request cmd that noneed ack, <0x1fa9> cmdset: 0x03 cmdid: 0xC1 [0m
[37m[1.334][linker]-[Debug]-[DjiProtocol_v1Unpack:215) <0x1fac>V1-Recv: 0x0300->0x0A06 0x4900 [0m
[37m[1.335][linker]-[Debug]-[DjiCommand_RecvWork:1066)  <0x1fac>Receive msg from linker, 0x0300->0x0A06 0x4900 len:14 [0m
[37m[1.335][linker]-[Debug]-[DjiCommand_DealCmd:919) received unsupport request cmd that need ack, <0x1fac> cmdset: 0x49 cmdid: 0x00 [0m
[37m[1.337][linker]-[Debug]-[DjiProtocol_v1Unpack:215) <0x5b2>V1-Recv: 0x0800->0x0A06 0x0866 [0m
[37m[1.338][linker]-[Debug]-[DjiCommand_RecvWork:1066)  <0x5b2>Receive msg from linker, 0x0800->0x0A06 0x0866 len:17 [0m
[37m[1.338][linker]-[Debug]-[DjiCommand_DealCmd:919) received unsupport request cmd that noneed ack, <0x5b2> cmdset: 0x08 cmdid: 0x66 [0m
[37m[1.373][linker]-[Debug]-[DjiProtocol_v1Unpack:215) <0x1ff2>V1-Recv: 0x0300->0x0A06 0x221B [0m
[37m[1.373][linker]-[Debug]-[DjiCommand_RecvWork:1066)  <0x1ff2>Receive msg from linker, 0x0300->0x0A06 0x221B len:9 [0m
[37m[1.373][linker]-[Debug]-[DjiCommand_DealCmd:919) received unsupport request cmd that noneed ack, <0x1ff2> cmdset: 0x22 cmdid: 0x1B [0m
[37m[1.415][linker]-[Debug]-[DjiProtocol_v1Unpack:215) <0x203b>V1-Recv: 0x0300->0x0A06 0x036C [0m
[37m[1.416][linker]-[Debug]-[DjiCommand_RecvWork:1066)  <0x203b>Receive msg from linker, 0x0300->0x0A06 0x036C len:71 [0m
[37m[1.416][linker]-[Debug]-[DjiCommand_DealCmd:919) received unsupport request cmd that noneed ack, <0x203b> cmdset: 0x03 cmdid: 0x6C [0m
[37m[1.431][linker]-[Debug]-[DjiProtocol_v1Unpack:215) <0x2064>V1-Recv: 0x0306->0x0A06 0x03C1 [0m
[37m[1.432][linker]-[Debug]-[DjiCommand_RecvWork:1066)  <0x2064>Receive msg from linker, 0x0306->0x0A06 0x03C1 len:13 [0m
[37m[1.432][linker]-[Debug]-[DjiCommand_DealCmd:919) received unsupport request cmd that noneed ack, <0x2064> cmdset: 0x03 cmdid: 0xC1 [0m
[37m[1.435][linker]-[Debug]-[DjiProtocol_v1Unpack:215) <0x2076>V1-Recv: 0x0300->0x0A06 0x4900 [0m
[37m[1.436][linker]-[Debug]-[DjiCommand_RecvWork:1066)  <0x2076>Receive msg from linker, 0x0300->0x0A06 0x4900 len:14 [0m
[37m[1.436][linker]-[Debug]-[DjiCommand_DealCmd:919) received unsupport request cmd that need ack, <0x2076> cmdset: 0x49 cmdid: 0x00 [0m
[37m[1.472][linker]-[Debug]-[DjiProtocol_v1Unpack:215) <0x20c8>V1-Recv: 0x0300->0x0A06 0x221B [0m
[37m[1.473][linker]-[Debug]-[DjiCommand_RecvWork:1066)  <0x20c8>Receive msg from linker, 0x0300->0x0A06 0x221B len:9 [0m
[37m[1.473][linker]-[Debug]-[DjiCommand_DealCmd:919) received unsupport request cmd that noneed ack, <0x20c8> cmdset: 0x22 cmdid: 0x1B [0m
[37m[1.494][linker]-[Debug]-[DjiProtocol_v1Unpack:215) <0x20ed>V1-Recv: 0x0300->0x0100 0x0405 [0m
[37m[1.494][linker]-[Debug]-[DjiCommand_RecvWork:1066)  <0x20ed>Receive msg from linker, 0x0300->0x0100 0x0405 len:22 [0m
[37m[1.495][linker]-[Debug]-[DjiCommand_DealCmd:919) received unsupport request cmd that noneed ack, <0x20ed> cmdset: 0x04 cmdid: 0x05 [0m
[37m[1.515][linker]-[Debug]-[DjiProtocol_v1Unpack:215) <0x210f>V1-Recv: 0x0300->0x0A06 0x036C [0m
[37m[1.516][linker]-[Debug]-[DjiCommand_RecvWork:1066)  <0x210f>Receive msg from linker, 0x0300->0x0A06 0x036C len:71 [0m
[37m[1.516][linker]-[Debug]-[DjiCommand_DealCmd:919) received unsupport request cmd that noneed ack, <0x210f> cmdset: 0x03 cmdid: 0x6C [0m
[37m[1.532][linker]-[Debug]-[DjiProtocol_v1Unpack:215) <0x2135>V1-Recv: 0x0306->0x0A06 0x03C1 [0m
[37m[1.533][linker]-[Debug]-[DjiCommand_RecvWork:1066)  <0x2135>Receive msg from linker, 0x0306->0x0A06 0x03C1 len:13 [0m
[37m[1.533][linker]-[Debug]-[DjiCommand_DealCmd:919) received unsupport request cmd that noneed ack, <0x2135> cmdset: 0x03 cmdid: 0xC1 [0m
[37m[1.533][linker]-[Debug]-[DjiProtocol_v1Unpack:215) <0x213b>V1-Recv: 0x0300->0x0A06 0x4900 [0m
[37m[1.534][linker]-[Debug]-[DjiCommand_RecvWork:1066)  <0x213b>Receive msg from linker, 0x0300->0x0A06 0x4900 len:14 [0m
[37m[1.534][linker]-[Debug]-[DjiCommand_DealCmd:919) received unsupport request cmd that need ack, <0x213b> cmdset: 0x49 cmdid: 0x00 [0m
[37m[1.573][linker]-[Debug]-[DjiProtocol_v1Unpack:215) <0x2182>V1-Recv: 0x0300->0x0A06 0x221B [0m
[37m[1.574][linker]-[Debug]-[DjiCommand_RecvWork:1066)  <0x2182>Receive msg from linker, 0x0300->0x0A06 0x221B len:9 [0m
[37m[1.574][linker]-[Debug]-[DjiCommand_DealCmd:919) received unsupport request cmd that noneed ack, <0x2182> cmdset: 0x22 cmdid: 0x1B [0m
[37m[1.587][linker]-[Debug]-[DjiProtocol_v1Unpack:215) <0x5b3>V1-Recv: 0x0800->0x0A06 0x0866 [0m
[37m[1.588][linker]-[Debug]-[DjiCommand_RecvWork:1066)  <0x5b3>Receive msg from linker, 0x0800->0x0A06 0x0866 len:17 [0m
[37m[1.588][linker]-[Debug]-[DjiCommand_DealCmd:919) received unsupport request cmd that noneed ack, <0x5b3> cmdset: 0x08 cmdid: 0x66 [0m
[37m[1.615][linker]-[Debug]-[DjiProtocol_v1Unpack:215) <0x21c7>V1-Recv: 0x0300->0x0A06 0x036C [0m
[37m[1.616][linker]-[Debug]-[DjiCommand_RecvWork:1066)  <0x21c7>Receive msg from linker, 0x0300->0x0A06 0x036C len:71 [0m
[37m[1.616][linker]-[Debug]-[DjiCommand_DealCmd:919) received unsupport request cmd that noneed ack, <0x21c7> cmdset: 0x03 cmdid: 0x6C [0m
[37m[1.632][linker]-[Debug]-[DjiProtocol_v1Unpack:215) <0x21ee>V1-Recv: 0x0306->0x0A06 0x03C1 [0m
[37m[1.633][linker]-[Debug]-[DjiCommand_RecvWork:1066)  <0x21ee>Receive msg from linker, 0x0306->0x0A06 0x03C1 len:13 [0m
[37m[1.633][linker]-[Debug]-[DjiCommand_DealCmd:919) received unsupport request cmd that noneed ack, <0x21ee> cmdset: 0x03 cmdid: 0xC1 [0m
[37m[1.634][linker]-[Debug]-[DjiProtocol_v1Unpack:215) <0x21f3>V1-Recv: 0x0300->0x0A06 0x4900 [0m
[37m[1.635][linker]-[Debug]-[DjiCommand_RecvWork:1066)  <0x21f3>Receive msg from linker, 0x0300->0x0A06 0x4900 len:14 [0m
[37m[1.635][linker]-[Debug]-[DjiCommand_DealCmd:919) received unsupport request cmd that need ack, <0x21f3> cmdset: 0x49 cmdid: 0x00 [0m
[37m[1.673][linker]-[Debug]-[DjiProtocol_v1Unpack:215) <0x2240>V1-Recv: 0x0300->0x0A06 0x221B [0m
[37m[1.674][linker]-[Debug]-[DjiCommand_RecvWork:1066)  <0x2240>Receive msg from linker, 0x0300->0x0A06 0x221B len:9 [0m
[37m[1.674][linker]-[Debug]-[DjiCommand_DealCmd:919) received unsupport request cmd that noneed ack, <0x2240> cmdset: 0x22 cmdid: 0x1B [0m
[37m[1.697][linker]-[Debug]-[DjiProtocol_v1Unpack:215) <0x2261>V1-Recv: 0x0306->0x0A06 0x03C1 [0m
[37m[1.697][linker]-[Debug]-[DjiCommand_RecvWork:1066)  <0x2261>Receive msg from linker, 0x0306->0x0A06 0x03C1 len:113 [0m
[37m[1.697][linker]-[Debug]-[DjiCommand_DealCmd:919) received unsupport request cmd that noneed ack, <0x2261> cmdset: 0x03 cmdid: 0xC1 [0m
[37m[1.716][linker]-[Debug]-[DjiProtocol_v1Unpack:215) <0x2282>V1-Recv: 0x0300->0x0A06 0x036C [0m
[37m[1.716][linker]-[Debug]-[DjiCommand_RecvWork:1066)  <0x2282>Receive msg from linker, 0x0300->0x0A06 0x036C len:71 [0m
[37m[1.716][linker]-[Debug]-[DjiCommand_DealCmd:919) received unsupport request cmd that noneed ack, <0x2282> cmdset: 0x03 cmdid: 0x6C [0m
[37m[1.732][linker]-[Debug]-[DjiProtocol_v1Unpack:215) <0x22a4>V1-Recv: 0x0306->0x0A06 0x03C1 [0m
[37m[1.732][linker]-[Debug]-[DjiCommand_RecvWork:1066)  <0x22a4>Receive msg from linker, 0x0306->0x0A06 0x03C1 len:13 [0m
[37m[1.732][linker]-[Debug]-[DjiCommand_DealCmd:919) received unsupport request cmd that noneed ack, <0x22a4> cmdset: 0x03 cmdid: 0xC1 [0m
[37m[1.734][linker]-[Debug]-[DjiProtocol_v1Unpack:215) <0x22a7>V1-Recv: 0x0300->0x0A06 0x4900 [0m
[37m[1.735][linker]-[Debug]-[DjiCommand_RecvWork:1066)  <0x22a7>Receive msg from linker, 0x0300->0x0A06 0x4900 len:14 [0m
[37m[1.735][linker]-[Debug]-[DjiCommand_DealCmd:919) received unsupport request cmd that need ack, <0x22a7> cmdset: 0x49 cmdid: 0x00 [0m
[37m[1.773][linker]-[Debug]-[DjiProtocol_v1Unpack:215) <0x22ef>V1-Recv: 0x0300->0x0A06 0x221B [0m
[37m[1.773][linker]-[Debug]-[DjiCommand_RecvWork:1066)  <0x22ef>Receive msg from linker, 0x0300->0x0A06 0x221B len:9 [0m
[37m[1.773][linker]-[Debug]-[DjiCommand_DealCmd:919) received unsupport request cmd that noneed ack, <0x22ef> cmdset: 0x22 cmdid: 0x1B [0m
[37m[1.815][linker]-[Debug]-[DjiProtocol_v1Unpack:215) <0x2333>V1-Recv: 0x0300->0x0A06 0x036C [0m
[37m[1.816][linker]-[Debug]-[DjiCommand_RecvWork:1066)  <0x2333>Receive msg from linker, 0x0300->0x0A06 0x036C len:71 [0m
[37m[1.816][linker]-[Debug]-[DjiCommand_DealCmd:919) received unsupport request cmd that noneed ack, <0x2333> cmdset: 0x03 cmdid: 0x6C [0m
[37m[1.832][linker]-[Debug]-[DjiProtocol_v1Unpack:215) <0x235d>V1-Recv: 0x0306->0x0A06 0x03C1 [0m
[37m[1.832][linker]-[Debug]-[DjiCommand_RecvWork:1066)  <0x235d>Receive msg from linker, 0x0306->0x0A06 0x03C1 len:13 [0m
[37m[1.832][linker]-[Debug]-[DjiCommand_DealCmd:919) received unsupport request cmd that noneed ack, <0x235d> cmdset: 0x03 cmdid: 0xC1 [0m
[37m[1.834][linker]-[Debug]-[DjiProtocol_v1Unpack:215) <0x2362>V1-Recv: 0x0300->0x0A06 0x4900 [0m
[37m[1.834][linker]-[Debug]-[DjiCommand_RecvWork:1066)  <0x2362>Receive msg from linker, 0x0300->0x0A06 0x4900 len:14 [0m
[37m[1.834][linker]-[Debug]-[DjiCommand_DealCmd:919) received unsupport request cmd that need ack, <0x2362> cmdset: 0x49 cmdid: 0x00 [0m
[37m[1.837][linker]-[Debug]-[DjiProtocol_v1Unpack:215) <0x5b4>V1-Recv: 0x0800->0x0A06 0x0866 [0m
[37m[1.837][linker]-[Debug]-[DjiCommand_RecvWork:1066)  <0x5b4>Receive msg from linker, 0x0800->0x0A06 0x0866 len:17 [0m
[37m[1.837][linker]-[Debug]-[DjiCommand_DealCmd:919) received unsupport request cmd that noneed ack, <0x5b4> cmdset: 0x08 cmdid: 0x66 [0m
[37m[1.872][linker]-[Debug]-[DjiProtocol_v1Unpack:215) <0x23ad>V1-Recv: 0x0300->0x0A06 0x221B [0m
[37m[1.873][linker]-[Debug]-[DjiCommand_RecvWork:1066)  <0x23ad>Receive msg from linker, 0x0300->0x0A06 0x221B len:9 [0m
[37m[1.873][linker]-[Debug]-[DjiCommand_DealCmd:919) received unsupport request cmd that noneed ack, <0x23ad> cmdset: 0x22 cmdid: 0x1B [0m
[37m[1.915][linker]-[Debug]-[DjiProtocol_v1Unpack:215) <0x23ed>V1-Recv: 0x0300->0x0A06 0x036C [0m
[37m[1.916][linker]-[Debug]-[DjiCommand_RecvWork:1066)  <0x23ed>Receive msg from linker, 0x0300->0x0A06 0x036C len:71 [0m
[37m[1.916][linker]-[Debug]-[DjiCommand_DealCmd:919) received unsupport request cmd that noneed ack, <0x23ed> cmdset: 0x03 cmdid: 0x6C [0m
[37m[1.932][linker]-[Debug]-[DjiProtocol_v1Unpack:215) <0x2414>V1-Recv: 0x0306->0x0A06 0x03C1 [0m
[37m[1.933][linker]-[Debug]-[DjiCommand_RecvWork:1066)  <0x2414>Receive msg from linker, 0x0306->0x0A06 0x03C1 len:13 [0m
[37m[1.933][linker]-[Debug]-[DjiCommand_DealCmd:919) received unsupport request cmd that noneed ack, <0x2414> cmdset: 0x03 cmdid: 0xC1 [0m
[37m[1.933][linker]-[Debug]-[DjiProtocol_v1Unpack:215) <0x2417>V1-Recv: 0x0300->0x0A06 0x4900 [0m
[37m[1.934][linker]-[Debug]-[DjiCommand_RecvWork:1066)  <0x2417>Receive msg from linker, 0x0300->0x0A06 0x4900 len:14 [0m
[37m[1.934][linker]-[Debug]-[DjiCommand_DealCmd:919) received unsupport request cmd that need ack, <0x2417> cmdset: 0x49 cmdid: 0x00 [0m
[37m[1.969][linker]-[Debug]-[DjiProtocol_v1Unpack:215) <0x1d75>V1-Recv: 0x0701->0x0A06 0x0087 [0m
[37m[1.970][linker]-[Debug]-[DjiCommand_RecvWork:1066)  <0x1d75>Receive msg from linker, 0x0701->0x0A06 0x0087 len:4 [0m
[37m[1.970][adapter]-[Debug]-[DjiPayloadNegotiate_PayloadNegotiateHandle:1073) receive payload negotiate notify, cmd = 1 [0m
[37m[1.970][adapter]-[Debug]-[DjiPayloadNegotiate_VersionHandle:503) Payload negotiate use dynamic ip config [0m
[37m[1.970][linker]-[Debug]-[DjiProtocol_v1Pack:123) <0x1d75>V1-Send: 0x0A06->0x0701 0x0087 [0m
[37m[1.973][linker]-[Debug]-[DjiProtocol_v1Unpack:215) <0x2463>V1-Recv: 0x0300->0x0A06 0x221B [0m
[37m[1.974][linker]-[Debug]-[DjiCommand_RecvWork:1066)  <0x2463>Receive msg from linker, 0x0300->0x0A06 0x221B len:9 [0m
[37m[1.974][linker]-[Debug]-[DjiCommand_DealCmd:919) received unsupport request cmd that noneed ack, <0x2463> cmdset: 0x22 cmdid: 0x1B [0m
[37m[1.981][linker]-[Debug]-[DjiProtocol_v1Unpack:215) <0x1d76>V1-Recv: 0x0701->0x0A06 0x0087 [0m
[37m[1.981][linker]-[Debug]-[DjiCommand_RecvWork:1066)  <0x1d76>Receive msg from linker, 0x0701->0x0A06 0x0087 len:96 [0m
[37m[1.981][adapter]-[Debug]-[DjiPayloadNegotiate_PayloadNegotiateHandle:1073) receive payload negotiate notify, cmd = 3 [0m
[37m[1.981][adapter]-[Debug]-[DjiDeviceInfoParse_ParseCommand:396) command:3 [0m
[37m[1.981][adapter]-[Debug]-[DjiDeviceInfoParse_ParseAllInfo:65) command: 3 aciton: 0 [0m
[37m[1.981][adapter]-[Debug]-[DjiDeviceInfoParse_ParseAllInfo:75) info:DEV len:28 [0m
[37m[1.981][adapter]-[Debug]-[DjiDeviceInfoParse_ParseChannelInfo:276) parse 32 byte chnl_info [0m
[37m[1.981][adapter]-[Debug]-[DjiDeviceInfoParse_ParseAllInfo:85) info:CHN len:30 [0m
[37m[1.981][adapter]-[Debug]-[DjiDeviceInfoParse_ParseAllInfo:95) info:HST len:21 [0m
[37m[1.981][adapter]-[Debug]-[DjiDeviceInfoParse_ParseAllInfo:104) info:DAT len:5 [0m
[37m[1.981][adapter]-[Debug]-[DjiPayloadNegotiate_DeviceInfoHandle:944) generate device info:24 72 17 67, total size 208 [0m
[37m[1.981][linker]-[Debug]-[DjiProtocol_v1Pack:123) <0x1d76>V1-Send: 0x0A06->0x0701 0x0087 [0m
[37m[1.996][linker]-[Debug]-[DjiProtocol_v1Unpack:215) <0x2488>V1-Recv: 0x0300->0x0A06 0x0F74 [0m
[37m[1.996][linker]-[Debug]-[DjiProtocol_v1Unpack:215) <0x248b>V1-Recv: 0x0300->0x0100 0x0406 [0m
[37m[1.996][linker]-[Debug]-[DjiProtocol_v1Unpack:215) <0x248c>V1-Recv: 0x0300->0x0100 0x0407 [0m
[37m[1.996][linker]-[Debug]-[DjiCommand_RecvWork:1066)  <0x2488>Receive msg from linker, 0x0300->0x0A06 0x0F74 len:28 [0m
[37m[1.996][linker]-[Debug]-[DjiCommand_DealCmd:919) received unsupport request cmd that noneed ack, <0x2488> cmdset: 0x0F cmdid: 0x74 [0m
[37m[1.998][linker]-[Debug]-[DjiCommand_RecvWork:1066)  <0x248b>Receive msg from linker, 0x0300->0x0100 0x0406 len:12 [0m
[37m[1.998][linker]-[Debug]-[DjiCommand_DealCmd:919) received unsupport request cmd that noneed ack, <0x248b> cmdset: 0x04 cmdid: 0x06 [0m
[37m[1.999][linker]-[Debug]-[DjiCommand_RecvWork:1066)  <0x248c>Receive msg from linker, 0x0300->0x0100 0x0407 len:1 [0m
[37m[1.999][linker]-[Debug]-[DjiCommand_DealCmd:919) received unsupport request cmd that noneed ack, <0x248c> cmdset: 0x04 cmdid: 0x07 [0m
[37m[2.009][linker]-[Debug]-[DjiProtocol_v1Unpack:215) <0x1ec2>V1-Recv: 0x1D07->0x0A06 0x2105 [0m
[37m[2.009][linker]-[Debug]-[DjiCommand_RecvWork:1066)  <0x1ec2>Receive msg from linker, 0x1D07->0x0A06 0x2105 len:1 [0m
[37m[2.009][linker]-[Debug]-[DjiCommand_DealCmd:919) received unsupport request cmd that need ack, <0x1ec2> cmdset: 0x21 cmdid: 0x05 [0m
[37m[2.015][linker]-[Debug]-[DjiProtocol_v1Unpack:215) <0x24a8>V1-Recv: 0x0300->0x0A06 0x036C [0m
[37m[2.016][linker]-[Debug]-[DjiCommand_RecvWork:1066)  <0x24a8>Receive msg from linker, 0x0300->0x0A06 0x036C len:71 [0m
[37m[2.016][linker]-[Debug]-[DjiCommand_DealCmd:919) received unsupport request cmd that noneed ack, <0x24a8> cmdset: 0x03 cmdid: 0x6C [0m
[37m[2.032][linker]-[Debug]-[DjiProtocol_v1Unpack:215) <0x24cc>V1-Recv: 0x0306->0x0A06 0x03C1 [0m
[37m[2.033][linker]-[Debug]-[DjiCommand_RecvWork:1066)  <0x24cc>Receive msg from linker, 0x0306->0x0A06 0x03C1 len:13 [0m
[37m[2.033][linker]-[Debug]-[DjiCommand_DealCmd:919) received unsupport request cmd that noneed ack, <0x24cc> cmdset: 0x03 cmdid: 0xC1 [0m
[37m[2.034][linker]-[Debug]-[DjiProtocol_v1Unpack:215) <0x24dc>V1-Recv: 0x0300->0x0A06 0x4900 [0m
[37m[2.035][linker]-[Debug]-[DjiCommand_RecvWork:1066)  <0x24dc>Receive msg from linker, 0x0300->0x0A06 0x4900 len:14 [0m
[37m[2.035][linker]-[Debug]-[DjiCommand_DealCmd:919) received unsupport request cmd that need ack, <0x24dc> cmdset: 0x49 cmdid: 0x00 [0m
[33m[2.055][linker]-[Warn]-[DjiCommand_SendAsyncHandle:963) <0x6110>Command async send retry: index = 0, retryTimes = 3, 0x0A06->0x0701 0x0087 [0m
[37m[2.055][linker]-[Debug]-[DjiProtocol_v1Pack:123) <0x6110>V1-Send: 0x0A06->0x0701 0x0087 [0m
[37m[2.073][linker]-[Debug]-[DjiProtocol_v1Unpack:215) <0x2522>V1-Recv: 0x0300->0x0A06 0x221B [0m
[37m[2.074][linker]-[Debug]-[DjiCommand_RecvWork:1066)  <0x2522>Receive msg from linker, 0x0300->0x0A06 0x221B len:9 [0m
[37m[2.074][linker]-[Debug]-[DjiCommand_DealCmd:919) received unsupport request cmd that noneed ack, <0x2522> cmdset: 0x22 cmdid: 0x1B [0m
[37m[2.087][linker]-[Debug]-[DjiProtocol_v1Unpack:215) <0x5b5>V1-Recv: 0x0800->0x0A06 0x0866 [0m
[37m[2.088][linker]-[Debug]-[DjiCommand_RecvWork:1066)  <0x5b5>Receive msg from linker, 0x0800->0x0A06 0x0866 len:17 [0m
[37m[2.088][linker]-[Debug]-[DjiCommand_DealCmd:919) received unsupport request cmd that noneed ack, <0x5b5> cmdset: 0x08 cmdid: 0x66 [0m
[37m[2.115][linker]-[Debug]-[DjiProtocol_v1Unpack:215) <0x256d>V1-Recv: 0x0300->0x0A06 0x036C [0m
[37m[2.116][linker]-[Debug]-[DjiCommand_RecvWork:1066)  <0x256d>Receive msg from linker, 0x0300->0x0A06 0x036C len:71 [0m
[37m[2.116][linker]-[Debug]-[DjiCommand_DealCmd:919) received unsupport request cmd that noneed ack, <0x256d> cmdset: 0x03 cmdid: 0x6C [0m
[37m[2.132][linker]-[Debug]-[DjiProtocol_v1Unpack:215) <0x2594>V1-Recv: 0x0306->0x0A06 0x03C1 [0m
[37m[2.133][linker]-[Debug]-[DjiCommand_RecvWork:1066)  <0x2594>Receive msg from linker, 0x0306->0x0A06 0x03C1 len:13 [0m
[37m[2.133][linker]-[Debug]-[DjiCommand_DealCmd:919) received unsupport request cmd that noneed ack, <0x2594> cmdset: 0x03 cmdid: 0xC1 [0m
[37m[2.134][linker]-[Debug]-[DjiProtocol_v1Unpack:215) <0x25a2>V1-Recv: 0x0300->0x0A06 0x4900 [0m
[37m[2.135][linker]-[Debug]-[DjiCommand_RecvWork:1066)  <0x25a2>Receive msg from linker, 0x0300->0x0A06 0x4900 len:14 [0m
[37m[2.135][linker]-[Debug]-[DjiCommand_DealCmd:919) received unsupport request cmd that need ack, <0x25a2> cmdset: 0x49 cmdid: 0x00 [0m
[37m[2.144][linker]-[Debug]-[DjiProtocol_v1Unpack:215) <0x1d77>V1-Recv: 0x0701->0x0A06 0x0087 [0m
[37m[2.145][linker]-[Debug]-[DjiCommand_RecvWork:1066)  <0x1d77>Receive msg from linker, 0x0701->0x0A06 0x0087 len:6 [0m
[37m[2.145][adapter]-[Debug]-[DjiPayloadNegotiate_PayloadNegotiateHandle:1073) receive payload negotiate notify, cmd = 7 [0m
[37m[2.145][linker]-[Debug]-[DjiProtocol_v1Pack:123) <0x1d77>V1-Send: 0x0A06->0x0701 0x0087 [0m
[37m[2.173][linker]-[Debug]-[DjiProtocol_v1Unpack:215) <0x25e7>V1-Recv: 0x0300->0x0A06 0x221B [0m
[37m[2.174][linker]-[Debug]-[DjiCommand_RecvWork:1066)  <0x25e7>Receive msg from linker, 0x0300->0x0A06 0x221B len:9 [0m
[37m[2.174][linker]-[Debug]-[DjiCommand_DealCmd:919) received unsupport request cmd that noneed ack, <0x25e7> cmdset: 0x22 cmdid: 0x1B [0m
[37m[2.182][utils]-[Debug]-[DjiCore_RootTask:131) work execution time: [0m
[37m[2.182][utils]-[Debug]-[DjiCore_RootTask:132) name	                execution time (ms)	  max execution time (ms) [0m
[37m[2.182][utils]-[Debug]-[DjiCore_RootTask:134) recorderWork                    	1       	1        [0m
[37m[2.182][utils]-[Debug]-[DjiCore_RootTask:134) flowControllerTask              	0       	0        [0m
[37m[2.182][utils]-[Debug]-[DjiCore_RootTask:134) commandTask                     	1       	1        [0m
[37m[2.199][linker]-[Debug]-[DjiProtocol_v1Unpack:215) <0x1d78>V1-Recv: 0x0701->0x0A06 0x004A [0m
[37m[2.199][linker]-[Debug]-[DjiProtocol_v1Unpack:215) <0x1d79>V1-Recv: 0x0701->0x0A06 0x0087 [0m
[37m[2.200][linker]-[Debug]-[DjiCommand_RecvWork:1066)  <0x1d78>Receive msg from linker, 0x0701->0x0A06 0x004A len:15 [0m
[37m[2.200][linker]-[Debug]-[DjiCommand_DealCmd:919) received unsupport request cmd that need ack, <0x1d78> cmdset: 0x00 cmdid: 0x4A [0m
[37m[2.201][linker]-[Debug]-[DjiCommand_RecvWork:1066)  <0x1d79>Receive msg from linker, 0x0701->0x0A06 0x0087 len:208 [0m
[37m[2.201][adapter]-[Debug]-[DjiPayloadNegotiate_PayloadNegotiateHandle:1073) receive payload negotiate notify, cmd = 5 [0m
[37m[2.201][adapter]-[Debug]-[DjiPayloadNegotiate_NotifyHandle:1012) notify device cap info length:208 [0m
[37m[2.201][adapter]-[Debug]-[DjiDeviceInfoParse_ParseCommand:396) command:5 [0m
[37m[2.201][adapter]-[Debug]-[DjiDeviceInfoParse_ParseAllInfo:65) command: 5 aciton: 17 [0m
[37m[2.201][adapter]-[Debug]-[DjiDeviceInfoParse_ParseAllInfo:75) info:DEV len:24 [0m
[37m[2.201][adapter]-[Debug]-[DjiDeviceInfoParse_ParseChannelInfo:276) parse 78 byte chnl_info [0m
[37m[2.201][adapter]-[Debug]-[DjiDeviceInfoParse_ParseAllInfo:85) info:CHN len:72 [0m
[37m[2.201][adapter]-[Debug]-[DjiDeviceInfoParse_ParseAllInfo:95) info:HST len:17 [0m
[37m[2.201][adapter]-[Debug]-[DjiDeviceInfoParse_ParseDataInfo:376) parse 73 byte data_info [0m
[37m[2.201][adapter]-[Debug]-[DjiDeviceInfoParse_ParseAllInfo:104) info:DAT len:67 [0m
[37m[2.201][adapter]-[Debug]-[DjiPayloadNegotiate_NotifyHandle:1032) uav ip addr:192.168.108.1 [0m
[37m[2.201][linker]-[Debug]-[DjiProtocol_v1Pack:123) <0x1d79>V1-Send: 0x0A06->0x0701 0x0087 [0m
[37m[2.215][linker]-[Debug]-[DjiProtocol_v1Unpack:215) <0x2625>V1-Recv: 0x0300->0x0A06 0x036C [0m
[37m[2.216][linker]-[Debug]-[DjiCommand_RecvWork:1066)  <0x2625>Receive msg from linker, 0x0300->0x0A06 0x036C len:71 [0m
[37m[2.216][linker]-[Debug]-[DjiCommand_DealCmd:919) received unsupport request cmd that noneed ack, <0x2625> cmdset: 0x03 cmdid: 0x6C [0m
[37m[2.232][linker]-[Debug]-[DjiProtocol_v1Unpack:215) <0x264b>V1-Recv: 0x0306->0x0A06 0x03C1 [0m
[37m[2.233][linker]-[Debug]-[DjiCommand_RecvWork:1066)  <0x264b>Receive msg from linker, 0x0306->0x0A06 0x03C1 len:13 [0m
[37m[2.233][linker]-[Debug]-[DjiCommand_DealCmd:919) received unsupport request cmd that noneed ack, <0x264b> cmdset: 0x03 cmdid: 0xC1 [0m
[37m[2.234][linker]-[Debug]-[DjiProtocol_v1Unpack:215) <0x2651>V1-Recv: 0x0300->0x0A06 0x4900 [0m
[37m[2.235][linker]-[Debug]-[DjiCommand_RecvWork:1066)  <0x2651>Receive msg from linker, 0x0300->0x0A06 0x4900 len:14 [0m
[37m[2.235][linker]-[Debug]-[DjiCommand_DealCmd:919) received unsupport request cmd that need ack, <0x2651> cmdset: 0x49 cmdid: 0x00 [0m
[37m[2.262][linker]-[Debug]-[DjiProtocol_v1Unpack:215) <0x6110>V1-Recv: 0x0701->0x0A06 0x0087 [0m
[37m[2.262][linker]-[Debug]-[DjiProtocol_v1Unpack:215) <0x6110>V1-Recv: 0x0701->0x0A06 0x0087 [0m
[37m[2.263][linker]-[Debug]-[DjiCommand_RecvWork:1066)  <0x6110>Receive msg from linker, 0x0701->0x0A06 0x0087 len:4 [0m
[37m[2.263][linker]-[Debug]-[DjiCommand_SendSyncCallback:1014) PsdkCommand_SendSyncCallback success [0m
[37m[2.263][linker]-[Debug]-[DjiCommand_DealCmd:830) callback function (cmdset: 0x00 cmdid: 0x87) deal time: 0 ms [0m
[37m[2.263][linker]-[Debug]-[DjiCommand_SendSync:553) sendSync callback success [0m
[37m[2.264][linker]-[Debug]-[DjiCommand_RecvWork:1066)  <0x6110>Receive msg from linker, 0x0701->0x0A06 0x0087 len:4 [0m
[37m[2.264][linker]-[Debug]-[DjiCommand_DealCmd:849) Received invalid ack,<0x6110> 0x0701->0x0A06 0x0087 [0m
[37m[2.273][linker]-[Debug]-[DjiProtocol_v1Unpack:215) <0x26a2>V1-Recv: 0x0300->0x0A06 0x221B [0m
[37m[2.274][linker]-[Debug]-[DjiCommand_RecvWork:1066)  <0x26a2>Receive msg from linker, 0x0300->0x0A06 0x221B len:9 [0m
[37m[2.274][linker]-[Debug]-[DjiCommand_DealCmd:919) received unsupport request cmd that noneed ack, <0x26a2> cmdset: 0x22 cmdid: 0x1B [0m
[37m[2.315][linker]-[Debug]-[DjiProtocol_v1Unpack:215) <0x26e5>V1-Recv: 0x0300->0x0A06 0x036C [0m
[37m[2.317][linker]-[Debug]-[DjiCommand_RecvWork:1066)  <0x26e5>Receive msg from linker, 0x0300->0x0A06 0x036C len:71 [0m
[37m[2.317][linker]-[Debug]-[DjiCommand_DealCmd:919) received unsupport request cmd that noneed ack, <0x26e5> cmdset: 0x03 cmdid: 0x6C [0m
[37m[2.332][linker]-[Debug]-[DjiProtocol_v1Unpack:215) <0x2707>V1-Recv: 0x0306->0x0A06 0x03C1 [0m
[37m[2.333][linker]-[Debug]-[DjiCommand_RecvWork:1066)  <0x2707>Receive msg from linker, 0x0306->0x0A06 0x03C1 len:13 [0m
[37m[2.333][linker]-[Debug]-[DjiCommand_DealCmd:919) received unsupport request cmd that noneed ack, <0x2707> cmdset: 0x03 cmdid: 0xC1 [0m
[37m[2.334][linker]-[Debug]-[DjiProtocol_v1Unpack:215) <0x270b>V1-Recv: 0x0300->0x0A06 0x4900 [0m
[37m[2.335][linker]-[Debug]-[DjiCommand_RecvWork:1066)  <0x270b>Receive msg from linker, 0x0300->0x0A06 0x4900 len:14 [0m
[37m[2.335][linker]-[Debug]-[DjiCommand_DealCmd:919) received unsupport request cmd that need ack, <0x270b> cmdset: 0x49 cmdid: 0x00 [0m
[37m[2.337][linker]-[Debug]-[DjiProtocol_v1Unpack:215) <0x5b6>V1-Recv: 0x0800->0x0A06 0x0866 [0m
[37m[2.338][linker]-[Debug]-[DjiCommand_RecvWork:1066)  <0x5b6>Receive msg from linker, 0x0800->0x0A06 0x0866 len:17 [0m
[37m[2.338][linker]-[Debug]-[DjiCommand_DealCmd:919) received unsupport request cmd that noneed ack, <0x5b6> cmdset: 0x08 cmdid: 0x66 [0m
[37m[2.372][linker]-[Debug]-[DjiProtocol_v1Unpack:215) <0x2752>V1-Recv: 0x0300->0x0A06 0x221B [0m
[37m[2.374][linker]-[Debug]-[DjiCommand_RecvWork:1066)  <0x2752>Receive msg from linker, 0x0300->0x0A06 0x221B len:9 [0m
[37m[2.374][linker]-[Debug]-[DjiCommand_DealCmd:919) received unsupport request cmd that noneed ack, <0x2752> cmdset: 0x22 cmdid: 0x1B [0m
[37m[2.415][linker]-[Debug]-[DjiProtocol_v1Unpack:215) <0x2797>V1-Recv: 0x0300->0x0A06 0x036C [0m
[37m[2.415][linker]-[Debug]-[DjiCommand_RecvWork:1066)  <0x2797>Receive msg from linker, 0x0300->0x0A06 0x036C len:71 [0m
[37m[2.415][linker]-[Debug]-[DjiCommand_DealCmd:919) received unsupport request cmd that noneed ack, <0x2797> cmdset: 0x03 cmdid: 0x6C [0m
[37m[2.431][linker]-[Debug]-[DjiProtocol_v1Unpack:215) <0x27be>V1-Recv: 0x0306->0x0A06 0x03C1 [0m
[37m[2.431][linker]-[Debug]-[DjiCommand_RecvWork:1066)  <0x27be>Receive msg from linker, 0x0306->0x0A06 0x03C1 len:13 [0m
[37m[2.432][linker]-[Debug]-[DjiCommand_DealCmd:919) received unsupport request cmd that noneed ack, <0x27be> cmdset: 0x03 cmdid: 0xC1 [0m
[37m[2.435][linker]-[Debug]-[DjiProtocol_v1Unpack:215) <0x27ce>V1-Recv: 0x0300->0x0A06 0x4900 [0m
[37m[2.435][linker]-[Debug]-[DjiCommand_RecvWork:1066)  <0x27ce>Receive msg from linker, 0x0300->0x0A06 0x4900 len:14 [0m
[37m[2.435][linker]-[Debug]-[DjiCommand_DealCmd:919) received unsupport request cmd that need ack, <0x27ce> cmdset: 0x49 cmdid: 0x00 [0m
[37m[2.473][linker]-[Debug]-[DjiProtocol_v1Unpack:215) <0x281f>V1-Recv: 0x0300->0x0A06 0x221B [0m
[37m[2.473][linker]-[Debug]-[DjiCommand_RecvWork:1066)  <0x281f>Receive msg from linker, 0x0300->0x0A06 0x221B len:9 [0m
[37m[2.473][linker]-[Debug]-[DjiCommand_DealCmd:919) received unsupport request cmd that noneed ack, <0x281f> cmdset: 0x22 cmdid: 0x1B [0m
[37m[2.493][linker]-[Debug]-[DjiProtocol_v1Unpack:215) <0x2843>V1-Recv: 0x0300->0x0100 0x0405 [0m
[37m[2.493][linker]-[Debug]-[DjiCommand_RecvWork:1066)  <0x2843>Receive msg from linker, 0x0300->0x0100 0x0405 len:22 [0m
[37m[2.493][linker]-[Debug]-[DjiCommand_DealCmd:919) received unsupport request cmd that noneed ack, <0x2843> cmdset: 0x04 cmdid: 0x05 [0m
[37m[2.516][linker]-[Debug]-[DjiProtocol_v1Unpack:215) <0x2861>V1-Recv: 0x0300->0x0A06 0x036C [0m
[37m[2.516][linker]-[Debug]-[DjiCommand_RecvWork:1066)  <0x2861>Receive msg from linker, 0x0300->0x0A06 0x036C len:71 [0m
[37m[2.516][linker]-[Debug]-[DjiCommand_DealCmd:919) received unsupport request cmd that noneed ack, <0x2861> cmdset: 0x03 cmdid: 0x6C [0m
[37m[2.532][linker]-[Debug]-[DjiProtocol_v1Unpack:215) <0x2884>V1-Recv: 0x0306->0x0A06 0x03C1 [0m
[37m[2.532][linker]-[Debug]-[DjiCommand_RecvWork:1066)  <0x2884>Receive msg from linker, 0x0306->0x0A06 0x03C1 len:13 [0m
[37m[2.532][linker]-[Debug]-[DjiCommand_DealCmd:919) received unsupport request cmd that noneed ack, <0x2884> cmdset: 0x03 cmdid: 0xC1 [0m
[37m[2.534][linker]-[Debug]-[DjiProtocol_v1Unpack:215) <0x2887>V1-Recv: 0x0300->0x0A06 0x4900 [0m
[37m[2.534][linker]-[Debug]-[DjiCommand_RecvWork:1066)  <0x2887>Receive msg from linker, 0x0300->0x0A06 0x4900 len:14 [0m
[37m[2.534][linker]-[Debug]-[DjiCommand_DealCmd:919) received unsupport request cmd that need ack, <0x2887> cmdset: 0x49 cmdid: 0x00 [0m
[37m[2.573][linker]-[Debug]-[DjiProtocol_v1Unpack:215) <0x28d0>V1-Recv: 0x0300->0x0A06 0x221B [0m
[37m[2.573][linker]-[Debug]-[DjiCommand_RecvWork:1066)  <0x28d0>Receive msg from linker, 0x0300->0x0A06 0x221B len:9 [0m
[37m[2.573][linker]-[Debug]-[DjiCommand_DealCmd:919) received unsupport request cmd that noneed ack, <0x28d0> cmdset: 0x22 cmdid: 0x1B [0m
[37m[2.587][linker]-[Debug]-[DjiProtocol_v1Unpack:215) <0x5b7>V1-Recv: 0x0800->0x0A06 0x0866 [0m
[37m[2.587][linker]-[Debug]-[DjiCommand_RecvWork:1066)  <0x5b7>Receive msg from linker, 0x0800->0x0A06 0x0866 len:17 [0m
[37m[2.587][linker]-[Debug]-[DjiCommand_DealCmd:919) received unsupport request cmd that noneed ack, <0x5b7> cmdset: 0x08 cmdid: 0x66 [0m
[37m[2.615][linker]-[Debug]-[DjiProtocol_v1Unpack:215) <0x290e>V1-Recv: 0x0300->0x0A06 0x036C [0m
[37m[2.615][linker]-[Debug]-[DjiCommand_RecvWork:1066)  <0x290e>Receive msg from linker, 0x0300->0x0A06 0x036C len:71 [0m
[37m[2.615][linker]-[Debug]-[DjiCommand_DealCmd:919) received unsupport request cmd that noneed ack, <0x290e> cmdset: 0x03 cmdid: 0x6C [0m
[37m[2.632][linker]-[Debug]-[DjiProtocol_v1Unpack:215) <0x2937>V1-Recv: 0x0306->0x0A06 0x03C1 [0m
[37m[2.632][linker]-[Debug]-[DjiCommand_RecvWork:1066)  <0x2937>Receive msg from linker, 0x0306->0x0A06 0x03C1 len:13 [0m
[37m[2.632][linker]-[Debug]-[DjiCommand_DealCmd:919) received unsupport request cmd that noneed ack, <0x2937> cmdset: 0x03 cmdid: 0xC1 [0m
[37m[2.634][linker]-[Debug]-[DjiProtocol_v1Unpack:215) <0x293c>V1-Recv: 0x0300->0x0A06 0x4900 [0m
[37m[2.634][linker]-[Debug]-[DjiCommand_RecvWork:1066)  <0x293c>Receive msg from linker, 0x0300->0x0A06 0x4900 len:14 [0m
[37m[2.634][linker]-[Debug]-[DjiCommand_DealCmd:919) received unsupport request cmd that need ack, <0x293c> cmdset: 0x49 cmdid: 0x00 [0m
[37m[2.672][linker]-[Debug]-[DjiProtocol_v1Unpack:215) <0x2989>V1-Recv: 0x0300->0x0A06 0x221B [0m
[37m[2.673][linker]-[Debug]-[DjiCommand_RecvWork:1066)  <0x2989>Receive msg from linker, 0x0300->0x0A06 0x221B len:9 [0m
[37m[2.673][linker]-[Debug]-[DjiCommand_DealCmd:919) received unsupport request cmd that noneed ack, <0x2989> cmdset: 0x22 cmdid: 0x1B [0m
[37m[2.696][linker]-[Debug]-[DjiProtocol_v1Unpack:215) <0x29ac>V1-Recv: 0x0306->0x0A06 0x03C1 [0m
[37m[2.696][linker]-[Debug]-[DjiCommand_RecvWork:1066)  <0x29ac>Receive msg from linker, 0x0306->0x0A06 0x03C1 len:113 [0m
[37m[2.696][linker]-[Debug]-[DjiCommand_DealCmd:919) received unsupport request cmd that noneed ack, <0x29ac> cmdset: 0x03 cmdid: 0xC1 [0m
[37m[2.715][linker]-[Debug]-[DjiProtocol_v1Unpack:215) <0x29ce>V1-Recv: 0x0300->0x0A06 0x036C [0m
[37m[2.715][linker]-[Debug]-[DjiCommand_RecvWork:1066)  <0x29ce>Receive msg from linker, 0x0300->0x0A06 0x036C len:71 [0m
[37m[2.715][linker]-[Debug]-[DjiCommand_DealCmd:919) received unsupport request cmd that noneed ack, <0x29ce> cmdset: 0x03 cmdid: 0x6C [0m
[37m[2.732][linker]-[Debug]-[DjiProtocol_v1Unpack:215) <0x29f4>V1-Recv: 0x0306->0x0A06 0x03C1 [0m
[37m[2.732][linker]-[Debug]-[DjiCommand_RecvWork:1066)  <0x29f4>Receive msg from linker, 0x0306->0x0A06 0x03C1 len:13 [0m
[37m[2.732][linker]-[Debug]-[DjiCommand_DealCmd:919) received unsupport request cmd that noneed ack, <0x29f4> cmdset: 0x03 cmdid: 0xC1 [0m
[37m[2.733][linker]-[Debug]-[DjiProtocol_v1Unpack:215) <0x29f7>V1-Recv: 0x0300->0x0A06 0x4900 [0m
[37m[2.733][linker]-[Debug]-[DjiCommand_RecvWork:1066)  <0x29f7>Receive msg from linker, 0x0300->0x0A06 0x4900 len:14 [0m
[37m[2.733][linker]-[Debug]-[DjiCommand_DealCmd:919) received unsupport request cmd that need ack, <0x29f7> cmdset: 0x49 cmdid: 0x00 [0m
[37m[2.773][linker]-[Debug]-[DjiProtocol_v1Unpack:215) <0x2a44>V1-Recv: 0x0300->0x0A06 0x221B [0m
[37m[2.773][linker]-[Debug]-[DjiCommand_RecvWork:1066)  <0x2a44>Receive msg from linker, 0x0300->0x0A06 0x221B len:9 [0m
[37m[2.773][linker]-[Debug]-[DjiCommand_DealCmd:919) received unsupport request cmd that noneed ack, <0x2a44> cmdset: 0x22 cmdid: 0x1B [0m
[37m[2.815][linker]-[Debug]-[DjiProtocol_v1Unpack:215) <0x2a85>V1-Recv: 0x0300->0x0A06 0x036C [0m
[37m[2.815][linker]-[Debug]-[DjiCommand_RecvWork:1066)  <0x2a85>Receive msg from linker, 0x0300->0x0A06 0x036C len:71 [0m
[37m[2.815][linker]-[Debug]-[DjiCommand_DealCmd:919) received unsupport request cmd that noneed ack, <0x2a85> cmdset: 0x03 cmdid: 0x6C [0m
[37m[2.831][linker]-[Debug]-[DjiProtocol_v1Unpack:215) <0x2aaf>V1-Recv: 0x0306->0x0A06 0x03C1 [0m
[37m[2.831][linker]-[Debug]-[DjiCommand_RecvWork:1066)  <0x2aaf>Receive msg from linker, 0x0306->0x0A06 0x03C1 len:13 [0m
[37m[2.831][linker]-[Debug]-[DjiCommand_DealCmd:919) received unsupport request cmd that noneed ack, <0x2aaf> cmdset: 0x03 cmdid: 0xC1 [0m
[37m[2.833][linker]-[Debug]-[DjiProtocol_v1Unpack:215) <0x2ab4>V1-Recv: 0x0300->0x0A06 0x4900 [0m
[37m[2.834][linker]-[Debug]-[DjiCommand_RecvWork:1066)  <0x2ab4>Receive msg from linker, 0x0300->0x0A06 0x4900 len:14 [0m
[37m[2.834][linker]-[Debug]-[DjiCommand_DealCmd:919) received unsupport request cmd that need ack, <0x2ab4> cmdset: 0x49 cmdid: 0x00 [0m
[37m[2.837][linker]-[Debug]-[DjiProtocol_v1Unpack:215) <0x5b8>V1-Recv: 0x0800->0x0A06 0x0866 [0m
[37m[2.838][linker]-[Debug]-[DjiCommand_RecvWork:1066)  <0x5b8>Receive msg from linker, 0x0800->0x0A06 0x0866 len:17 [0m
[37m[2.838][linker]-[Debug]-[DjiCommand_DealCmd:919) received unsupport request cmd that noneed ack, <0x5b8> cmdset: 0x08 cmdid: 0x66 [0m
[37m[2.873][linker]-[Debug]-[DjiProtocol_v1Unpack:215) <0x2b02>V1-Recv: 0x0300->0x0A06 0x221B [0m
[37m[2.874][linker]-[Debug]-[DjiCommand_RecvWork:1066)  <0x2b02>Receive msg from linker, 0x0300->0x0A06 0x221B len:9 [0m
[37m[2.874][linker]-[Debug]-[DjiCommand_DealCmd:919) received unsupport request cmd that noneed ack, <0x2b02> cmdset: 0x22 cmdid: 0x1B [0m
[37m[2.916][linker]-[Debug]-[DjiProtocol_v1Unpack:215) <0x2b44>V1-Recv: 0x0300->0x0A06 0x036C [0m
[37m[2.917][linker]-[Debug]-[DjiCommand_RecvWork:1066)  <0x2b44>Receive msg from linker, 0x0300->0x0A06 0x036C len:71 [0m
[37m[2.917][linker]-[Debug]-[DjiCommand_DealCmd:919) received unsupport request cmd that noneed ack, <0x2b44> cmdset: 0x03 cmdid: 0x6C [0m
[37m[2.932][linker]-[Debug]-[DjiProtocol_v1Unpack:215) <0x2b68>V1-Recv: 0x0306->0x0A06 0x03C1 [0m
[37m[2.933][linker]-[Debug]-[DjiCommand_RecvWork:1066)  <0x2b68>Receive msg from linker, 0x0306->0x0A06 0x03C1 len:13 [0m
[37m[2.933][linker]-[Debug]-[DjiCommand_DealCmd:919) received unsupport request cmd that noneed ack, <0x2b68> cmdset: 0x03 cmdid: 0xC1 [0m
[37m[2.934][linker]-[Debug]-[DjiProtocol_v1Unpack:215) <0x2b6b>V1-Recv: 0x0300->0x0A06 0x4900 [0m
[37m[2.935][linker]-[Debug]-[DjiCommand_RecvWork:1066)  <0x2b6b>Receive msg from linker, 0x0300->0x0A06 0x4900 len:14 [0m
[37m[2.935][linker]-[Debug]-[DjiCommand_DealCmd:919) received unsupport request cmd that need ack, <0x2b6b> cmdset: 0x49 cmdid: 0x00 [0m
[37m[2.958][linker]-[Debug]-[DjiProtocol_v1Unpack:215) <0x1ec3>V1-Recv: 0x1D07->0x0A06 0x2105 [0m
[37m[2.959][linker]-[Debug]-[DjiCommand_RecvWork:1066)  <0x1ec3>Receive msg from linker, 0x1D07->0x0A06 0x2105 len:1 [0m
[37m[2.959][linker]-[Debug]-[DjiCommand_DealCmd:919) received unsupport request cmd that need ack, <0x1ec3> cmdset: 0x21 cmdid: 0x05 [0m
[37m[2.972][linker]-[Debug]-[DjiProtocol_v1Unpack:215) <0x2bb1>V1-Recv: 0x0300->0x0A06 0x221B [0m
[37m[2.973][linker]-[Debug]-[DjiCommand_RecvWork:1066)  <0x2bb1>Receive msg from linker, 0x0300->0x0A06 0x221B len:9 [0m
[37m[2.973][linker]-[Debug]-[DjiCommand_DealCmd:919) received unsupport request cmd that noneed ack, <0x2bb1> cmdset: 0x22 cmdid: 0x1B [0m
[37m[2.995][linker]-[Debug]-[DjiProtocol_v1Unpack:215) <0x2bd9>V1-Recv: 0x0300->0x0A06 0x0F74 [0m
[37m[2.995][linker]-[Debug]-[DjiProtocol_v1Unpack:215) <0x2bdc>V1-Recv: 0x0300->0x0100 0x0406 [0m
[37m[2.995][linker]-[Debug]-[DjiProtocol_v1Unpack:215) <0x2bdd>V1-Recv: 0x0300->0x0100 0x0407 [0m
[37m[2.996][linker]-[Debug]-[DjiCommand_RecvWork:1066)  <0x2bd9>Receive msg from linker, 0x0300->0x0A06 0x0F74 len:28 [0m
[37m[2.996][linker]-[Debug]-[DjiCommand_DealCmd:919) received unsupport request cmd that noneed ack, <0x2bd9> cmdset: 0x0F cmdid: 0x74 [0m
[37m[2.997][linker]-[Debug]-[DjiCommand_RecvWork:1066)  <0x2bdc>Receive msg from linker, 0x0300->0x0100 0x0406 len:12 [0m
[37m[2.997][linker]-[Debug]-[DjiCommand_DealCmd:919) received unsupport request cmd that noneed ack, <0x2bdc> cmdset: 0x04 cmdid: 0x06 [0m
[37m[2.998][linker]-[Debug]-[DjiCommand_RecvWork:1066)  <0x2bdd>Receive msg from linker, 0x0300->0x0100 0x0407 len:1 [0m
[37m[2.998][linker]-[Debug]-[DjiCommand_DealCmd:919) received unsupport request cmd that noneed ack, <0x2bdd> cmdset: 0x04 cmdid: 0x07 [0m
[37m[3.015][linker]-[Debug]-[DjiProtocol_v1Unpack:215) <0x2bfd>V1-Recv: 0x0300->0x0A06 0x036C [0m
[37m[3.016][linker]-[Debug]-[DjiCommand_RecvWork:1066)  <0x2bfd>Receive msg from linker, 0x0300->0x0A06 0x036C len:71 [0m
[37m[3.016][linker]-[Debug]-[DjiCommand_DealCmd:919) received unsupport request cmd that noneed ack, <0x2bfd> cmdset: 0x03 cmdid: 0x6C [0m
[37m[3.031][linker]-[Debug]-[DjiProtocol_v1Unpack:215) <0x2c2b>V1-Recv: 0x0306->0x0A06 0x03C1 [0m
[37m[3.032][linker]-[Debug]-[DjiCommand_RecvWork:1066)  <0x2c2b>Receive msg from linker, 0x0306->0x0A06 0x03C1 len:13 [0m
[37m[3.032][linker]-[Debug]-[DjiCommand_DealCmd:919) received unsupport request cmd that noneed ack, <0x2c2b> cmdset: 0x03 cmdid: 0xC1 [0m
[37m[3.035][linker]-[Debug]-[DjiProtocol_v1Unpack:215) <0x2c34>V1-Recv: 0x0300->0x0A06 0x4900 [0m
[37m[3.035][linker]-[Debug]-[DjiCommand_RecvWork:1066)  <0x2c34>Receive msg from linker, 0x0300->0x0A06 0x4900 len:14 [0m
[37m[3.035][linker]-[Debug]-[DjiCommand_DealCmd:919) received unsupport request cmd that need ack, <0x2c34> cmdset: 0x49 cmdid: 0x00 [0m
[37m[3.073][linker]-[Debug]-[DjiProtocol_v1Unpack:215) <0x2c80>V1-Recv: 0x0300->0x0A06 0x221B [0m
[37m[3.074][linker]-[Debug]-[DjiCommand_RecvWork:1066)  <0x2c80>Receive msg from linker, 0x0300->0x0A06 0x221B len:9 [0m
[37m[3.074][linker]-[Debug]-[DjiCommand_DealCmd:919) received unsupport request cmd that noneed ack, <0x2c80> cmdset: 0x22 cmdid: 0x1B [0m
[37m[3.087][linker]-[Debug]-[DjiProtocol_v1Unpack:215) <0x5b9>V1-Recv: 0x0800->0x0A06 0x0866 [0m
[37m[3.087][linker]-[Debug]-[DjiCommand_RecvWork:1066)  <0x5b9>Receive msg from linker, 0x0800->0x0A06 0x0866 len:17 [0m
[37m[3.088][linker]-[Debug]-[DjiCommand_DealCmd:919) received unsupport request cmd that noneed ack, <0x5b9> cmdset: 0x08 cmdid: 0x66 [0m
[37m[3.115][linker]-[Debug]-[DjiProtocol_v1Unpack:215) <0x2cce>V1-Recv: 0x0300->0x0A06 0x036C [0m
[37m[3.116][linker]-[Debug]-[DjiCommand_RecvWork:1066)  <0x2cce>Receive msg from linker, 0x0300->0x0A06 0x036C len:71 [0m
[37m[3.116][linker]-[Debug]-[DjiCommand_DealCmd:919) received unsupport request cmd that noneed ack, <0x2cce> cmdset: 0x03 cmdid: 0x6C [0m
[37m[3.132][linker]-[Debug]-[DjiProtocol_v1Unpack:215) <0x2cf0>V1-Recv: 0x0306->0x0A06 0x03C1 [0m
[37m[3.132][linker]-[Debug]-[DjiCommand_RecvWork:1066)  <0x2cf0>Receive msg from linker, 0x0306->0x0A06 0x03C1 len:13 [0m
[37m[3.132][linker]-[Debug]-[DjiCommand_DealCmd:919) received unsupport request cmd that noneed ack, <0x2cf0> cmdset: 0x03 cmdid: 0xC1 [0m
[37m[3.134][linker]-[Debug]-[DjiProtocol_v1Unpack:215) <0x2cf4>V1-Recv: 0x0300->0x0A06 0x4900 [0m
[37m[3.134][linker]-[Debug]-[DjiCommand_RecvWork:1066)  <0x2cf4>Receive msg from linker, 0x0300->0x0A06 0x4900 len:14 [0m
[37m[3.134][linker]-[Debug]-[DjiCommand_DealCmd:919) received unsupport request cmd that need ack, <0x2cf4> cmdset: 0x49 cmdid: 0x00 [0m
[37m[3.173][linker]-[Debug]-[DjiProtocol_v1Unpack:215) <0x2d3e>V1-Recv: 0x0300->0x0A06 0x221B [0m
[37m[3.174][linker]-[Debug]-[DjiCommand_RecvWork:1066)  <0x2d3e>Receive msg from linker, 0x0300->0x0A06 0x221B len:9 [0m
[37m[3.174][linker]-[Debug]-[DjiCommand_DealCmd:919) received unsupport request cmd that noneed ack, <0x2d3e> cmdset: 0x22 cmdid: 0x1B [0m
[37m[3.216][linker]-[Debug]-[DjiProtocol_v1Unpack:215) <0x2d81>V1-Recv: 0x0300->0x0A06 0x036C [0m
[37m[3.217][linker]-[Debug]-[DjiCommand_RecvWork:1066)  <0x2d81>Receive msg from linker, 0x0300->0x0A06 0x036C len:71 [0m
[37m[3.217][linker]-[Debug]-[DjiCommand_DealCmd:919) received unsupport request cmd that noneed ack, <0x2d81> cmdset: 0x03 cmdid: 0x6C [0m
[37m[3.232][linker]-[Debug]-[DjiProtocol_v1Unpack:215) <0x2da7>V1-Recv: 0x0306->0x0A06 0x03C1 [0m
[37m[3.233][linker]-[Debug]-[DjiCommand_RecvWork:1066)  <0x2da7>Receive msg from linker, 0x0306->0x0A06 0x03C1 len:13 [0m
[37m[3.233][linker]-[Debug]-[DjiCommand_DealCmd:919) received unsupport request cmd that noneed ack, <0x2da7> cmdset: 0x03 cmdid: 0xC1 [0m
[37m[3.235][linker]-[Debug]-[DjiProtocol_v1Unpack:215) <0x2dad>V1-Recv: 0x0300->0x0A06 0x4900 [0m
[37m[3.236][linker]-[Debug]-[DjiCommand_RecvWork:1066)  <0x2dad>Receive msg from linker, 0x0300->0x0A06 0x4900 len:14 [0m
[37m[3.236][linker]-[Debug]-[DjiCommand_DealCmd:919) received unsupport request cmd that need ack, <0x2dad> cmdset: 0x49 cmdid: 0x00 [0m
[37m[3.251][utils]-[Debug]-[DjiCore_RootTask:131) work execution time: [0m
[37m[3.251][utils]-[Debug]-[DjiCore_RootTask:132) name	                execution time (ms)	  max execution time (ms) [0m
[37m[3.251][utils]-[Debug]-[DjiCore_RootTask:134) recorderWork                    	0       	1        [0m
[37m[3.251][utils]-[Debug]-[DjiCore_RootTask:134) flowControllerTask              	1       	1        [0m
[37m[3.251][utils]-[Debug]-[DjiCore_RootTask:134) commandTask                     	1       	1        [0m
[37m[3.272][linker]-[Debug]-[DjiProtocol_v1Unpack:215) <0x2dfe>V1-Recv: 0x0300->0x0A06 0x221B [0m
[37m[3.273][linker]-[Debug]-[DjiCommand_RecvWork:1066)  <0x2dfe>Receive msg from linker, 0x0300->0x0A06 0x221B len:9 [0m
[37m[3.273][linker]-[Debug]-[DjiCommand_DealCmd:919) received unsupport request cmd that noneed ack, <0x2dfe> cmdset: 0x22 cmdid: 0x1B [0m
[37m[3.316][linker]-[Debug]-[DjiProtocol_v1Unpack:215) <0x2e42>V1-Recv: 0x0300->0x0A06 0x036C [0m
[37m[3.317][linker]-[Debug]-[DjiCommand_RecvWork:1066)  <0x2e42>Receive msg from linker, 0x0300->0x0A06 0x036C len:71 [0m
[37m[3.317][linker]-[Debug]-[DjiCommand_DealCmd:919) received unsupport request cmd that noneed ack, <0x2e42> cmdset: 0x03 cmdid: 0x6C [0m
[37m[3.332][linker]-[Debug]-[DjiProtocol_v1Unpack:215) <0x2e65>V1-Recv: 0x0306->0x0A06 0x03C1 [0m
[37m[3.333][linker]-[Debug]-[DjiCommand_RecvWork:1066)  <0x2e65>Receive msg from linker, 0x0306->0x0A06 0x03C1 len:13 [0m
[37m[3.333][linker]-[Debug]-[DjiCommand_DealCmd:919) received unsupport request cmd that noneed ack, <0x2e65> cmdset: 0x03 cmdid: 0xC1 [0m
[37m[3.334][linker]-[Debug]-[DjiProtocol_v1Unpack:215) <0x2e68>V1-Recv: 0x0300->0x0A06 0x4900 [0m
[37m[3.335][linker]-[Debug]-[DjiCommand_RecvWork:1066)  <0x2e68>Receive msg from linker, 0x0300->0x0A06 0x4900 len:14 [0m
[37m[3.335][linker]-[Debug]-[DjiCommand_DealCmd:919) received unsupport request cmd that need ack, <0x2e68> cmdset: 0x49 cmdid: 0x00 [0m
[37m[3.337][linker]-[Debug]-[DjiProtocol_v1Unpack:215) <0x5ba>V1-Recv: 0x0800->0x0A06 0x0866 [0m
[37m[3.337][linker]-[Debug]-[DjiCommand_RecvWork:1066)  <0x5ba>Receive msg from linker, 0x0800->0x0A06 0x0866 len:17 [0m
[37m[3.337][linker]-[Debug]-[DjiCommand_DealCmd:919) received unsupport request cmd that noneed ack, <0x5ba> cmdset: 0x08 cmdid: 0x66 [0m
[37m[3.373][linker]-[Debug]-[DjiProtocol_v1Unpack:215) <0x2eb2>V1-Recv: 0x0300->0x0A06 0x221B [0m
[37m[3.373][linker]-[Debug]-[DjiCommand_RecvWork:1066)  <0x2eb2>Receive msg from linker, 0x0300->0x0A06 0x221B len:9 [0m
[37m[3.373][linker]-[Debug]-[DjiCommand_DealCmd:919) received unsupport request cmd that noneed ack, <0x2eb2> cmdset: 0x22 cmdid: 0x1B [0m
[37m[3.416][linker]-[Debug]-[DjiProtocol_v1Unpack:215) <0x2efb>V1-Recv: 0x0300->0x0A06 0x036C [0m
[37m[3.416][linker]-[Debug]-[DjiCommand_RecvWork:1066)  <0x2efb>Receive msg from linker, 0x0300->0x0A06 0x036C len:71 [0m
[37m[3.416][linker]-[Debug]-[DjiCommand_DealCmd:919) received unsupport request cmd that noneed ack, <0x2efb> cmdset: 0x03 cmdid: 0x6C [0m
[37m[3.432][linker]-[Debug]-[DjiProtocol_v1Unpack:215) <0x2f23>V1-Recv: 0x0306->0x0A06 0x03C1 [0m
[37m[3.432][linker]-[Debug]-[DjiCommand_RecvWork:1066)  <0x2f23>Receive msg from linker, 0x0306->0x0A06 0x03C1 len:13 [0m
[37m[3.432][linker]-[Debug]-[DjiCommand_DealCmd:919) received unsupport request cmd that noneed ack, <0x2f23> cmdset: 0x03 cmdid: 0xC1 [0m
[37m[3.435][linker]-[Debug]-[DjiProtocol_v1Unpack:215) <0x2f33>V1-Recv: 0x0300->0x0A06 0x4900 [0m
[37m[3.435][linker]-[Debug]-[DjiCommand_RecvWork:1066)  <0x2f33>Receive msg from linker, 0x0300->0x0A06 0x4900 len:14 [0m
[37m[3.435][linker]-[Debug]-[DjiCommand_DealCmd:919) received unsupport request cmd that need ack, <0x2f33> cmdset: 0x49 cmdid: 0x00 [0m
[37m[3.473][linker]-[Debug]-[DjiProtocol_v1Unpack:215) <0x2f87>V1-Recv: 0x0300->0x0A06 0x221B [0m
[37m[3.474][linker]-[Debug]-[DjiCommand_RecvWork:1066)  <0x2f87>Receive msg from linker, 0x0300->0x0A06 0x221B len:9 [0m
[37m[3.474][linker]-[Debug]-[DjiCommand_DealCmd:919) received unsupport request cmd that noneed ack, <0x2f87> cmdset: 0x22 cmdid: 0x1B [0m
[37m[3.493][linker]-[Debug]-[DjiProtocol_v1Unpack:215) <0x2fae>V1-Recv: 0x0300->0x0100 0x0405 [0m
[37m[3.494][linker]-[Debug]-[DjiCommand_RecvWork:1066)  <0x2fae>Receive msg from linker, 0x0300->0x0100 0x0405 len:22 [0m
[37m[3.494][linker]-[Debug]-[DjiCommand_DealCmd:919) received unsupport request cmd that noneed ack, <0x2fae> cmdset: 0x04 cmdid: 0x05 [0m
[37m[3.515][linker]-[Debug]-[DjiProtocol_v1Unpack:215) <0x2fcd>V1-Recv: 0x0300->0x0A06 0x036C [0m
[37m[3.515][linker]-[Debug]-[DjiCommand_RecvWork:1066)  <0x2fcd>Receive msg from linker, 0x0300->0x0A06 0x036C len:71 [0m
[37m[3.515][linker]-[Debug]-[DjiCommand_DealCmd:919) received unsupport request cmd that noneed ack, <0x2fcd> cmdset: 0x03 cmdid: 0x6C [0m
[37m[3.532][linker]-[Debug]-[DjiProtocol_v1Unpack:215) <0x2ff0>V1-Recv: 0x0306->0x0A06 0x03C1 [0m
[37m[3.532][linker]-[Debug]-[DjiCommand_RecvWork:1066)  <0x2ff0>Receive msg from linker, 0x0306->0x0A06 0x03C1 len:13 [0m
[37m[3.532][linker]-[Debug]-[DjiCommand_DealCmd:919) received unsupport request cmd that noneed ack, <0x2ff0> cmdset: 0x03 cmdid: 0xC1 [0m
[37m[3.533][linker]-[Debug]-[DjiProtocol_v1Unpack:215) <0x2ff3>V1-Recv: 0x0300->0x0A06 0x4900 [0m
[37m[3.533][linker]-[Debug]-[DjiCommand_RecvWork:1066)  <0x2ff3>Receive msg from linker, 0x0300->0x0A06 0x4900 len:14 [0m
[37m[3.533][linker]-[Debug]-[DjiCommand_DealCmd:919) received unsupport request cmd that need ack, <0x2ff3> cmdset: 0x49 cmdid: 0x00 [0m
[37m[3.573][linker]-[Debug]-[DjiProtocol_v1Unpack:215) <0x303b>V1-Recv: 0x0300->0x0A06 0x221B [0m
[37m[3.574][linker]-[Debug]-[DjiCommand_RecvWork:1066)  <0x303b>Receive msg from linker, 0x0300->0x0A06 0x221B len:9 [0m
[37m[3.574][linker]-[Debug]-[DjiCommand_DealCmd:919) received unsupport request cmd that noneed ack, <0x303b> cmdset: 0x22 cmdid: 0x1B [0m
[37m[3.587][linker]-[Debug]-[DjiProtocol_v1Unpack:215) <0x5bb>V1-Recv: 0x0800->0x0A06 0x0866 [0m
[37m[3.587][linker]-[Debug]-[DjiCommand_RecvWork:1066)  <0x5bb>Receive msg from linker, 0x0800->0x0A06 0x0866 len:17 [0m
[37m[3.587][linker]-[Debug]-[DjiCommand_DealCmd:919) received unsupport request cmd that noneed ack, <0x5bb> cmdset: 0x08 cmdid: 0x66 [0m
[37m[3.615][linker]-[Debug]-[DjiProtocol_v1Unpack:215) <0x3080>V1-Recv: 0x0300->0x0A06 0x036C [0m
[37m[3.616][linker]-[Debug]-[DjiCommand_RecvWork:1066)  <0x3080>Receive msg from linker, 0x0300->0x0A06 0x036C len:71 [0m
[37m[3.616][linker]-[Debug]-[DjiCommand_DealCmd:919) received unsupport request cmd that noneed ack, <0x3080> cmdset: 0x03 cmdid: 0x6C [0m
[37m[3.631][linker]-[Debug]-[DjiProtocol_v1Unpack:215) <0x30a8>V1-Recv: 0x0306->0x0A06 0x03C1 [0m
[37m[3.632][linker]-[Debug]-[DjiCommand_RecvWork:1066)  <0x30a8>Receive msg from linker, 0x0306->0x0A06 0x03C1 len:13 [0m
[37m[3.632][linker]-[Debug]-[DjiCommand_DealCmd:919) received unsupport request cmd that noneed ack, <0x30a8> cmdset: 0x03 cmdid: 0xC1 [0m
[37m[3.634][linker]-[Debug]-[DjiProtocol_v1Unpack:215) <0x30ad>V1-Recv: 0x0300->0x0A06 0x4900 [0m
[37m[3.635][linker]-[Debug]-[DjiCommand_RecvWork:1066)  <0x30ad>Receive msg from linker, 0x0300->0x0A06 0x4900 len:14 [0m
[37m[3.635][linker]-[Debug]-[DjiCommand_DealCmd:919) received unsupport request cmd that need ack, <0x30ad> cmdset: 0x49 cmdid: 0x00 [0m
[37m[3.673][linker]-[Debug]-[DjiProtocol_v1Unpack:215) <0x30f6>V1-Recv: 0x0300->0x0A06 0x221B [0m
[37m[3.674][linker]-[Debug]-[DjiCommand_RecvWork:1066)  <0x30f6>Receive msg from linker, 0x0300->0x0A06 0x221B len:9 [0m
[37m[3.674][linker]-[Debug]-[DjiCommand_DealCmd:919) received unsupport request cmd that noneed ack, <0x30f6> cmdset: 0x22 cmdid: 0x1B [0m
[37m[3.696][linker]-[Debug]-[DjiProtocol_v1Unpack:215) <0x3117>V1-Recv: 0x0306->0x0A06 0x03C1 [0m
[37m[3.698][linker]-[Debug]-[DjiCommand_RecvWork:1066)  <0x3117>Receive msg from linker, 0x0306->0x0A06 0x03C1 len:113 [0m
[37m[3.698][linker]-[Debug]-[DjiCommand_DealCmd:919) received unsupport request cmd that noneed ack, <0x3117> cmdset: 0x03 cmdid: 0xC1 [0m
[37m[3.716][linker]-[Debug]-[DjiProtocol_v1Unpack:215) <0x3138>V1-Recv: 0x0300->0x0A06 0x036C [0m
[37m[3.716][linker]-[Debug]-[DjiCommand_RecvWork:1066)  <0x3138>Receive msg from linker, 0x0300->0x0A06 0x036C len:71 [0m
[37m[3.716][linker]-[Debug]-[DjiCommand_DealCmd:919) received unsupport request cmd that noneed ack, <0x3138> cmdset: 0x03 cmdid: 0x6C [0m
[37m[3.732][linker]-[Debug]-[DjiProtocol_v1Unpack:215) <0x315a>V1-Recv: 0x0306->0x0A06 0x03C1 [0m
[37m[3.733][linker]-[Debug]-[DjiCommand_RecvWork:1066)  <0x315a>Receive msg from linker, 0x0306->0x0A06 0x03C1 len:13 [0m
[37m[3.733][linker]-[Debug]-[DjiCommand_DealCmd:919) received unsupport request cmd that noneed ack, <0x315a> cmdset: 0x03 cmdid: 0xC1 [0m
[37m[3.734][linker]-[Debug]-[DjiProtocol_v1Unpack:215) <0x315d>V1-Recv: 0x0300->0x0A06 0x4900 [0m
[37m[3.735][linker]-[Debug]-[DjiCommand_RecvWork:1066)  <0x315d>Receive msg from linker, 0x0300->0x0A06 0x4900 len:14 [0m
[37m[3.735][linker]-[Debug]-[DjiCommand_DealCmd:919) received unsupport request cmd that need ack, <0x315d> cmdset: 0x49 cmdid: 0x00 [0m
[37m[3.773][linker]-[Debug]-[DjiProtocol_v1Unpack:215) <0x31ab>V1-Recv: 0x0300->0x0A06 0x221B [0m
[37m[3.774][linker]-[Debug]-[DjiCommand_RecvWork:1066)  <0x31ab>Receive msg from linker, 0x0300->0x0A06 0x221B len:9 [0m
[37m[3.774][linker]-[Debug]-[DjiCommand_DealCmd:919) received unsupport request cmd that noneed ack, <0x31ab> cmdset: 0x22 cmdid: 0x1B [0m
[37m[3.816][linker]-[Debug]-[DjiProtocol_v1Unpack:215) <0x31f0>V1-Recv: 0x0300->0x0A06 0x036C [0m
[37m[3.817][linker]-[Debug]-[DjiCommand_RecvWork:1066)  <0x31f0>Receive msg from linker, 0x0300->0x0A06 0x036C len:71 [0m
[37m[3.817][linker]-[Debug]-[DjiCommand_DealCmd:919) received unsupport request cmd that noneed ack, <0x31f0> cmdset: 0x03 cmdid: 0x6C [0m
[37m[3.832][linker]-[Debug]-[DjiProtocol_v1Unpack:215) <0x3217>V1-Recv: 0x0306->0x0A06 0x03C1 [0m
[37m[3.833][linker]-[Debug]-[DjiCommand_RecvWork:1066)  <0x3217>Receive msg from linker, 0x0306->0x0A06 0x03C1 len:13 [0m
[37m[3.833][linker]-[Debug]-[DjiCommand_DealCmd:919) received unsupport request cmd that noneed ack, <0x3217> cmdset: 0x03 cmdid: 0xC1 [0m
[37m[3.834][linker]-[Debug]-[DjiProtocol_v1Unpack:215) <0x321c>V1-Recv: 0x0300->0x0A06 0x4900 [0m
[37m[3.835][linker]-[Debug]-[DjiCommand_RecvWork:1066)  <0x321c>Receive msg from linker, 0x0300->0x0A06 0x4900 len:14 [0m
[37m[3.835][linker]-[Debug]-[DjiCommand_DealCmd:919) received unsupport request cmd that need ack, <0x321c> cmdset: 0x49 cmdid: 0x00 [0m
[37m[3.837][linker]-[Debug]-[DjiProtocol_v1Unpack:215) <0x5bc>V1-Recv: 0x0800->0x0A06 0x0866 [0m
[37m[3.838][linker]-[Debug]-[DjiCommand_RecvWork:1066)  <0x5bc>Receive msg from linker, 0x0800->0x0A06 0x0866 len:17 [0m
[37m[3.838][linker]-[Debug]-[DjiCommand_DealCmd:919) received unsupport request cmd that noneed ack, <0x5bc> cmdset: 0x08 cmdid: 0x66 [0m
[37m[3.873][linker]-[Debug]-[DjiProtocol_v1Unpack:215) <0x3266>V1-Recv: 0x0300->0x0A06 0x221B [0m
[37m[3.874][linker]-[Debug]-[DjiCommand_RecvWork:1066)  <0x3266>Receive msg from linker, 0x0300->0x0A06 0x221B len:9 [0m
[37m[3.874][linker]-[Debug]-[DjiCommand_DealCmd:919) received unsupport request cmd that noneed ack, <0x3266> cmdset: 0x22 cmdid: 0x1B [0m
[37m[3.916][linker]-[Debug]-[DjiProtocol_v1Unpack:215) <0x32ac>V1-Recv: 0x0300->0x0A06 0x036C [0m
[37m[3.917][linker]-[Debug]-[DjiCommand_RecvWork:1066)  <0x32ac>Receive msg from linker, 0x0300->0x0A06 0x036C len:71 [0m
[37m[3.917][linker]-[Debug]-[DjiCommand_DealCmd:919) received unsupport request cmd that noneed ack, <0x32ac> cmdset: 0x03 cmdid: 0x6C [0m
[37m[3.932][linker]-[Debug]-[DjiProtocol_v1Unpack:215) <0x32d3>V1-Recv: 0x0306->0x0A06 0x03C1 [0m
[37m[3.933][linker]-[Debug]-[DjiCommand_RecvWork:1066)  <0x32d3>Receive msg from linker, 0x0306->0x0A06 0x03C1 len:13 [0m
[37m[3.933][linker]-[Debug]-[DjiCommand_DealCmd:919) received unsupport request cmd that noneed ack, <0x32d3> cmdset: 0x03 cmdid: 0xC1 [0m
[37m[3.934][linker]-[Debug]-[DjiProtocol_v1Unpack:215) <0x32d6>V1-Recv: 0x0300->0x0A06 0x4900 [0m
[37m[3.935][linker]-[Debug]-[DjiCommand_RecvWork:1066)  <0x32d6>Receive msg from linker, 0x0300->0x0A06 0x4900 len:14 [0m
[37m[3.935][linker]-[Debug]-[DjiCommand_DealCmd:919) received unsupport request cmd that need ack, <0x32d6> cmdset: 0x49 cmdid: 0x00 [0m
[37m[3.972][linker]-[Debug]-[DjiProtocol_v1Unpack:215) <0x331f>V1-Recv: 0x0300->0x0A06 0x221B [0m
[37m[3.973][linker]-[Debug]-[DjiCommand_RecvWork:1066)  <0x331f>Receive msg from linker, 0x0300->0x0A06 0x221B len:9 [0m
[37m[3.973][linker]-[Debug]-[DjiCommand_DealCmd:919) received unsupport request cmd that noneed ack, <0x331f> cmdset: 0x22 cmdid: 0x1B [0m
[37m[3.995][linker]-[Debug]-[DjiProtocol_v1Unpack:215) <0x3344>V1-Recv: 0x0300->0x0A06 0x0F74 [0m
[37m[3.995][linker]-[Debug]-[DjiProtocol_v1Unpack:215) <0x3347>V1-Recv: 0x0300->0x0100 0x0406 [0m
[37m[3.995][linker]-[Debug]-[DjiProtocol_v1Unpack:215) <0x3348>V1-Recv: 0x0300->0x0100 0x0407 [0m
[37m[3.996][linker]-[Debug]-[DjiCommand_RecvWork:1066)  <0x3344>Receive msg from linker, 0x0300->0x0A06 0x0F74 len:28 [0m
[37m[3.996][linker]-[Debug]-[DjiCommand_DealCmd:919) received unsupport request cmd that noneed ack, <0x3344> cmdset: 0x0F cmdid: 0x74 [0m
[37m[3.997][linker]-[Debug]-[DjiCommand_RecvWork:1066)  <0x3347>Receive msg from linker, 0x0300->0x0100 0x0406 len:12 [0m
[37m[3.997][linker]-[Debug]-[DjiCommand_DealCmd:919) received unsupport request cmd that noneed ack, <0x3347> cmdset: 0x04 cmdid: 0x06 [0m
[37m[3.998][linker]-[Debug]-[DjiCommand_RecvWork:1066)  <0x3348>Receive msg from linker, 0x0300->0x0100 0x0407 len:1 [0m
[37m[3.998][linker]-[Debug]-[DjiCommand_DealCmd:919) received unsupport request cmd that noneed ack, <0x3348> cmdset: 0x04 cmdid: 0x07 [0m
[37m[4.011][linker]-[Debug]-[DjiProtocol_v1Unpack:215) <0x1ec4>V1-Recv: 0x1D07->0x0A06 0x2105 [0m
[37m[4.012][linker]-[Debug]-[DjiCommand_RecvWork:1066)  <0x1ec4>Receive msg from linker, 0x1D07->0x0A06 0x2105 len:1 [0m
[37m[4.012][linker]-[Debug]-[DjiCommand_DealCmd:919) received unsupport request cmd that need ack, <0x1ec4> cmdset: 0x21 cmdid: 0x05 [0m
[37m[4.015][linker]-[Debug]-[DjiProtocol_v1Unpack:215) <0x3364>V1-Recv: 0x0300->0x0A06 0x036C [0m
[37m[4.016][linker]-[Debug]-[DjiCommand_RecvWork:1066)  <0x3364>Receive msg from linker, 0x0300->0x0A06 0x036C len:71 [0m
[37m[4.016][linker]-[Debug]-[DjiCommand_DealCmd:919) received unsupport request cmd that noneed ack, <0x3364> cmdset: 0x03 cmdid: 0x6C [0m
[37m[4.032][linker]-[Debug]-[DjiProtocol_v1Unpack:215) <0x338c>V1-Recv: 0x0306->0x0A06 0x03C1 [0m
[37m[4.033][linker]-[Debug]-[DjiCommand_RecvWork:1066)  <0x338c>Receive msg from linker, 0x0306->0x0A06 0x03C1 len:13 [0m
[37m[4.033][linker]-[Debug]-[DjiCommand_DealCmd:919) received unsupport request cmd that noneed ack, <0x338c> cmdset: 0x03 cmdid: 0xC1 [0m
[37m[4.034][linker]-[Debug]-[DjiProtocol_v1Unpack:215) <0x3395>V1-Recv: 0x0300->0x0A06 0x4900 [0m
[37m[4.035][linker]-[Debug]-[DjiCommand_RecvWork:1066)  <0x3395>Receive msg from linker, 0x0300->0x0A06 0x4900 len:14 [0m
[37m[4.035][linker]-[Debug]-[DjiCommand_DealCmd:919) received unsupport request cmd that need ack, <0x3395> cmdset: 0x49 cmdid: 0x00 [0m
[37m[4.073][linker]-[Debug]-[DjiProtocol_v1Unpack:215) <0x33e0>V1-Recv: 0x0300->0x0A06 0x221B [0m
[37m[4.074][linker]-[Debug]-[DjiCommand_RecvWork:1066)  <0x33e0>Receive msg from linker, 0x0300->0x0A06 0x221B len:9 [0m
[37m[4.074][linker]-[Debug]-[DjiCommand_DealCmd:919) received unsupport request cmd that noneed ack, <0x33e0> cmdset: 0x22 cmdid: 0x1B [0m
[37m[4.086][linker]-[Debug]-[DjiProtocol_v1Unpack:215) <0x5bd>V1-Recv: 0x0800->0x0A06 0x0866 [0m
[37m[4.087][linker]-[Debug]-[DjiCommand_RecvWork:1066)  <0x5bd>Receive msg from linker, 0x0800->0x0A06 0x0866 len:17 [0m
[37m[4.087][linker]-[Debug]-[DjiCommand_DealCmd:919) received unsupport request cmd that noneed ack, <0x5bd> cmdset: 0x08 cmdid: 0x66 [0m
[37m[4.115][linker]-[Debug]-[DjiProtocol_v1Unpack:215) <0x342f>V1-Recv: 0x0300->0x0A06 0x036C [0m
[37m[4.115][linker]-[Debug]-[DjiCommand_RecvWork:1066)  <0x342f>Receive msg from linker, 0x0300->0x0A06 0x036C len:71 [0m
[37m[4.115][linker]-[Debug]-[DjiCommand_DealCmd:919) received unsupport request cmd that noneed ack, <0x342f> cmdset: 0x03 cmdid: 0x6C [0m
[37m[4.131][linker]-[Debug]-[DjiProtocol_v1Unpack:215) <0x3451>V1-Recv: 0x0306->0x0A06 0x03C1 [0m
[37m[4.131][linker]-[Debug]-[DjiCommand_RecvWork:1066)  <0x3451>Receive msg from linker, 0x0306->0x0A06 0x03C1 len:13 [0m
[37m[4.131][linker]-[Debug]-[DjiCommand_DealCmd:919) received unsupport request cmd that noneed ack, <0x3451> cmdset: 0x03 cmdid: 0xC1 [0m
[37m[4.133][linker]-[Debug]-[DjiProtocol_v1Unpack:215) <0x3455>V1-Recv: 0x0300->0x0A06 0x4900 [0m
[37m[4.134][linker]-[Debug]-[DjiCommand_RecvWork:1066)  <0x3455>Receive msg from linker, 0x0300->0x0A06 0x4900 len:14 [0m
[37m[4.134][linker]-[Debug]-[DjiCommand_DealCmd:919) received unsupport request cmd that need ack, <0x3455> cmdset: 0x49 cmdid: 0x00 [0m
[37m[4.173][linker]-[Debug]-[DjiProtocol_v1Unpack:215) <0x349b>V1-Recv: 0x0300->0x0A06 0x221B [0m
[37m[4.173][linker]-[Debug]-[DjiCommand_RecvWork:1066)  <0x349b>Receive msg from linker, 0x0300->0x0A06 0x221B len:9 [0m
[37m[4.173][linker]-[Debug]-[DjiCommand_DealCmd:919) received unsupport request cmd that noneed ack, <0x349b> cmdset: 0x22 cmdid: 0x1B [0m
[37m[4.215][linker]-[Debug]-[DjiProtocol_v1Unpack:215) <0x34dc>V1-Recv: 0x0300->0x0A06 0x036C [0m
[37m[4.216][linker]-[Debug]-[DjiCommand_RecvWork:1066)  <0x34dc>Receive msg from linker, 0x0300->0x0A06 0x036C len:71 [0m
[37m[4.216][linker]-[Debug]-[DjiCommand_DealCmd:919) received unsupport request cmd that noneed ack, <0x34dc> cmdset: 0x03 cmdid: 0x6C [0m
[37m[4.231][linker]-[Debug]-[DjiProtocol_v1Unpack:215) <0x3502>V1-Recv: 0x0306->0x0A06 0x03C1 [0m
[37m[4.232][linker]-[Debug]-[DjiCommand_RecvWork:1066)  <0x3502>Receive msg from linker, 0x0306->0x0A06 0x03C1 len:13 [0m
[37m[4.232][linker]-[Debug]-[DjiCommand_DealCmd:919) received unsupport request cmd that noneed ack, <0x3502> cmdset: 0x03 cmdid: 0xC1 [0m
[37m[4.235][linker]-[Debug]-[DjiProtocol_v1Unpack:215) <0x350c>V1-Recv: 0x0300->0x0A06 0x4900 [0m
[37m[4.235][linker]-[Debug]-[DjiCommand_RecvWork:1066)  <0x350c>Receive msg from linker, 0x0300->0x0A06 0x4900 len:14 [0m
[37m[4.235][linker]-[Debug]-[DjiCommand_DealCmd:919) received unsupport request cmd that need ack, <0x350c> cmdset: 0x49 cmdid: 0x00 [0m
[37m[4.263][linker]-[Debug]-[DjiProtocol_v1Pack:123) <0x6111>V1-Send: 0x0A06->0x0701 0x0087 [0m
[37m[4.273][linker]-[Debug]-[DjiProtocol_v1Unpack:215) <0x3555>V1-Recv: 0x0300->0x0A06 0x221B [0m
[37m[4.273][linker]-[Debug]-[DjiCommand_RecvWork:1066)  <0x3555>Receive msg from linker, 0x0300->0x0A06 0x221B len:9 [0m
[37m[4.273][linker]-[Debug]-[DjiCommand_DealCmd:919) received unsupport request cmd that noneed ack, <0x3555> cmdset: 0x22 cmdid: 0x1B [0m
[37m[4.274][linker]-[Debug]-[DjiProtocol_v1Unpack:215) <0x6111>V1-Recv: 0x0701->0x0A06 0x0087 [0m
[37m[4.274][linker]-[Debug]-[DjiCommand_RecvWork:1066)  <0x6111>Receive msg from linker, 0x0701->0x0A06 0x0087 len:4 [0m
[37m[4.274][linker]-[Debug]-[DjiCommand_SendSyncCallback:1014) PsdkCommand_SendSyncCallback success [0m
[37m[4.274][linker]-[Debug]-[DjiCommand_DealCmd:830) callback function (cmdset: 0x00 cmdid: 0x87) deal time: 0 ms [0m
[37m[4.274][linker]-[Debug]-[DjiCommand_SendSync:553) sendSync callback success [0m
[32m[4.274][adapter]-[Info]-[DjiPayloadNegotiate_Init:228) Waiting payload negotiate finish. [0m
[37m[4.316][linker]-[Debug]-[DjiProtocol_v1Unpack:215) <0x3599>V1-Recv: 0x0300->0x0A06 0x036C [0m
[37m[4.316][linker]-[Debug]-[DjiCommand_RecvWork:1066)  <0x3599>Receive msg from linker, 0x0300->0x0A06 0x036C len:71 [0m
[37m[4.316][linker]-[Debug]-[DjiCommand_DealCmd:919) received unsupport request cmd that noneed ack, <0x3599> cmdset: 0x03 cmdid: 0x6C [0m
[37m[4.317][utils]-[Debug]-[DjiCore_RootTask:131) work execution time: [0m
[37m[4.317][utils]-[Debug]-[DjiCore_RootTask:132) name	                execution time (ms)	  max execution time (ms) [0m
[37m[4.317][utils]-[Debug]-[DjiCore_RootTask:134) recorderWork                    	0       	1        [0m
[37m[4.317][utils]-[Debug]-[DjiCore_RootTask:134) flowControllerTask              	0       	1        [0m
[37m[4.317][utils]-[Debug]-[DjiCore_RootTask:134) commandTask                     	1       	1        [0m
[37m[4.324][linker]-[Debug]-[DjiProtocol_v1Unpack:215) <0x1d7a>V1-Recv: 0x0701->0x0A06 0x0087 [0m
[37m[4.324][linker]-[Debug]-[DjiCommand_RecvWork:1066)  <0x1d7a>Receive msg from linker, 0x0701->0x0A06 0x0087 len:4 [0m
[37m[4.324][adapter]-[Debug]-[DjiPayloadNegotiate_PayloadNegotiateHandle:1073) receive payload negotiate notify, cmd = 1 [0m
[37m[4.324][adapter]-[Debug]-[DjiPayloadNegotiate_VersionHandle:503) Payload negotiate use dynamic ip config [0m
[37m[4.324][linker]-[Debug]-[DjiProtocol_v1Pack:123) <0x1d7a>V1-Send: 0x0A06->0x0701 0x0087 [0m
[37m[4.332][linker]-[Debug]-[DjiProtocol_v1Unpack:215) <0x35bb>V1-Recv: 0x0306->0x0A06 0x03C1 [0m
[37m[4.332][linker]-[Debug]-[DjiCommand_RecvWork:1066)  <0x35bb>Receive msg from linker, 0x0306->0x0A06 0x03C1 len:13 [0m
[37m[4.332][linker]-[Debug]-[DjiCommand_DealCmd:919) received unsupport request cmd that noneed ack, <0x35bb> cmdset: 0x03 cmdid: 0xC1 [0m
[37m[4.340][linker]-[Debug]-[DjiProtocol_v1Unpack:215) <0x35be>V1-Recv: 0x0300->0x0A06 0x4900 [0m
[37m[4.340][linker]-[Debug]-[DjiProtocol_v1Unpack:215) <0x1d7b>V1-Recv: 0x0701->0x0A06 0x0087 [0m
[37m[4.340][linker]-[Debug]-[DjiProtocol_v1Unpack:215) <0x5be>V1-Recv: 0x0800->0x0A06 0x0866 [0m
[37m[4.340][linker]-[Debug]-[DjiCommand_RecvWork:1066)  <0x35be>Receive msg from linker, 0x0300->0x0A06 0x4900 len:14 [0m
[37m[4.340][linker]-[Debug]-[DjiCommand_DealCmd:919) received unsupport request cmd that need ack, <0x35be> cmdset: 0x49 cmdid: 0x00 [0m
[37m[4.341][linker]-[Debug]-[DjiCommand_RecvWork:1066)  <0x1d7b>Receive msg from linker, 0x0701->0x0A06 0x0087 len:96 [0m
[37m[4.341][adapter]-[Debug]-[DjiPayloadNegotiate_PayloadNegotiateHandle:1073) receive payload negotiate notify, cmd = 3 [0m
[37m[4.341][adapter]-[Debug]-[DjiDeviceInfoParse_ParseCommand:396) command:3 [0m
[37m[4.341][adapter]-[Debug]-[DjiDeviceInfoParse_ParseAllInfo:65) command: 3 aciton: 0 [0m
[37m[4.341][adapter]-[Debug]-[DjiDeviceInfoParse_ParseAllInfo:75) info:DEV len:28 [0m
[37m[4.341][adapter]-[Debug]-[DjiDeviceInfoParse_ParseChannelInfo:276) parse 32 byte chnl_info [0m
[37m[4.341][adapter]-[Debug]-[DjiDeviceInfoParse_ParseAllInfo:85) info:CHN len:30 [0m
[37m[4.341][adapter]-[Debug]-[DjiDeviceInfoParse_ParseAllInfo:95) info:HST len:21 [0m
[37m[4.341][adapter]-[Debug]-[DjiDeviceInfoParse_ParseAllInfo:104) info:DAT len:5 [0m
[37m[4.341][adapter]-[Debug]-[DjiPayloadNegotiate_DeviceInfoHandle:944) generate device info:24 72 17 67, total size 208 [0m
[37m[4.341][linker]-[Debug]-[DjiProtocol_v1Pack:123) <0x1d7b>V1-Send: 0x0A06->0x0701 0x0087 [0m
[37m[4.342][linker]-[Debug]-[DjiCommand_RecvWork:1066)  <0x5be>Receive msg from linker, 0x0800->0x0A06 0x0866 len:17 [0m
[37m[4.343][linker]-[Debug]-[DjiCommand_DealCmd:919) received unsupport request cmd that noneed ack, <0x5be> cmdset: 0x08 cmdid: 0x66 [0m
[37m[4.373][linker]-[Debug]-[DjiProtocol_v1Unpack:215) <0x3607>V1-Recv: 0x0300->0x0A06 0x221B [0m
[37m[4.373][linker]-[Debug]-[DjiCommand_RecvWork:1066)  <0x3607>Receive msg from linker, 0x0300->0x0A06 0x221B len:9 [0m
[37m[4.373][linker]-[Debug]-[DjiCommand_DealCmd:919) received unsupport request cmd that noneed ack, <0x3607> cmdset: 0x22 cmdid: 0x1B [0m
[37m[4.416][linker]-[Debug]-[DjiProtocol_v1Unpack:215) <0x364a>V1-Recv: 0x0300->0x0A06 0x036C [0m
[37m[4.416][linker]-[Debug]-[DjiCommand_RecvWork:1066)  <0x364a>Receive msg from linker, 0x0300->0x0A06 0x036C len:71 [0m
[37m[4.416][linker]-[Debug]-[DjiCommand_DealCmd:919) received unsupport request cmd that noneed ack, <0x364a> cmdset: 0x03 cmdid: 0x6C [0m
[37m[4.432][linker]-[Debug]-[DjiProtocol_v1Unpack:215) <0x3671>V1-Recv: 0x0306->0x0A06 0x03C1 [0m
[37m[4.432][linker]-[Debug]-[DjiCommand_RecvWork:1066)  <0x3671>Receive msg from linker, 0x0306->0x0A06 0x03C1 len:13 [0m
[37m[4.432][linker]-[Debug]-[DjiCommand_DealCmd:919) received unsupport request cmd that noneed ack, <0x3671> cmdset: 0x03 cmdid: 0xC1 [0m
[37m[4.435][linker]-[Debug]-[DjiProtocol_v1Unpack:215) <0x3681>V1-Recv: 0x0300->0x0A06 0x4900 [0m
[37m[4.435][linker]-[Debug]-[DjiCommand_RecvWork:1066)  <0x3681>Receive msg from linker, 0x0300->0x0A06 0x4900 len:14 [0m
[37m[4.435][linker]-[Debug]-[DjiCommand_DealCmd:919) received unsupport request cmd that need ack, <0x3681> cmdset: 0x49 cmdid: 0x00 [0m
[37m[4.473][linker]-[Debug]-[DjiProtocol_v1Unpack:215) <0x36d1>V1-Recv: 0x0300->0x0A06 0x221B [0m
[37m[4.473][linker]-[Debug]-[DjiCommand_RecvWork:1066)  <0x36d1>Receive msg from linker, 0x0300->0x0A06 0x221B len:9 [0m
[37m[4.473][linker]-[Debug]-[DjiCommand_DealCmd:919) received unsupport request cmd that noneed ack, <0x36d1> cmdset: 0x22 cmdid: 0x1B [0m
[37m[4.493][linker]-[Debug]-[DjiProtocol_v1Unpack:215) <0x36f6>V1-Recv: 0x0300->0x0100 0x0405 [0m
[37m[4.493][linker]-[Debug]-[DjiCommand_RecvWork:1066)  <0x36f6>Receive msg from linker, 0x0300->0x0100 0x0405 len:22 [0m
[37m[4.493][linker]-[Debug]-[DjiCommand_DealCmd:919) received unsupport request cmd that noneed ack, <0x36f6> cmdset: 0x04 cmdid: 0x05 [0m
[37m[4.499][linker]-[Debug]-[DjiProtocol_v1Unpack:215) <0x1d7c>V1-Recv: 0x0701->0x0A06 0x0087 [0m
[37m[4.499][linker]-[Debug]-[DjiCommand_RecvWork:1066)  <0x1d7c>Receive msg from linker, 0x0701->0x0A06 0x0087 len:6 [0m
[37m[4.499][adapter]-[Debug]-[DjiPayloadNegotiate_PayloadNegotiateHandle:1073) receive payload negotiate notify, cmd = 7 [0m
[37m[4.499][linker]-[Debug]-[DjiProtocol_v1Pack:123) <0x1d7c>V1-Send: 0x0A06->0x0701 0x0087 [0m
[37m[4.516][linker]-[Debug]-[DjiProtocol_v1Unpack:215) <0x3715>V1-Recv: 0x0300->0x0A06 0x036C [0m
[37m[4.516][linker]-[Debug]-[DjiCommand_RecvWork:1066)  <0x3715>Receive msg from linker, 0x0300->0x0A06 0x036C len:71 [0m
[37m[4.516][linker]-[Debug]-[DjiCommand_DealCmd:919) received unsupport request cmd that noneed ack, <0x3715> cmdset: 0x03 cmdid: 0x6C [0m
[37m[4.532][linker]-[Debug]-[DjiProtocol_v1Unpack:215) <0x3738>V1-Recv: 0x0306->0x0A06 0x03C1 [0m
[37m[4.532][linker]-[Debug]-[DjiCommand_RecvWork:1066)  <0x3738>Receive msg from linker, 0x0306->0x0A06 0x03C1 len:13 [0m
[37m[4.532][linker]-[Debug]-[DjiCommand_DealCmd:919) received unsupport request cmd that noneed ack, <0x3738> cmdset: 0x03 cmdid: 0xC1 [0m
[37m[4.534][linker]-[Debug]-[DjiProtocol_v1Unpack:215) <0x373b>V1-Recv: 0x0300->0x0A06 0x4900 [0m
[37m[4.534][linker]-[Debug]-[DjiCommand_RecvWork:1066)  <0x373b>Receive msg from linker, 0x0300->0x0A06 0x4900 len:14 [0m
[37m[4.534][linker]-[Debug]-[DjiCommand_DealCmd:919) received unsupport request cmd that need ack, <0x373b> cmdset: 0x49 cmdid: 0x00 [0m
[37m[4.562][linker]-[Debug]-[DjiProtocol_v1Unpack:215) <0x1d7d>V1-Recv: 0x0701->0x0A06 0x004A [0m
[37m[4.562][linker]-[Debug]-[DjiProtocol_v1Unpack:215) <0x1d7e>V1-Recv: 0x0701->0x0A06 0x0087 [0m
[37m[4.563][linker]-[Debug]-[DjiCommand_RecvWork:1066)  <0x1d7d>Receive msg from linker, 0x0701->0x0A06 0x004A len:15 [0m
[37m[4.563][linker]-[Debug]-[DjiCommand_DealCmd:919) received unsupport request cmd that need ack, <0x1d7d> cmdset: 0x00 cmdid: 0x4A [0m
[37m[4.564][linker]-[Debug]-[DjiCommand_RecvWork:1066)  <0x1d7e>Receive msg from linker, 0x0701->0x0A06 0x0087 len:208 [0m
[37m[4.564][adapter]-[Debug]-[DjiPayloadNegotiate_PayloadNegotiateHandle:1073) receive payload negotiate notify, cmd = 5 [0m
[37m[4.564][adapter]-[Debug]-[DjiPayloadNegotiate_NotifyHandle:1012) notify device cap info length:208 [0m
[37m[4.564][adapter]-[Debug]-[DjiDeviceInfoParse_ParseCommand:396) command:5 [0m
[37m[4.564][adapter]-[Debug]-[DjiDeviceInfoParse_ParseAllInfo:65) command: 5 aciton: 17 [0m
[37m[4.564][adapter]-[Debug]-[DjiDeviceInfoParse_ParseAllInfo:75) info:DEV len:24 [0m
[37m[4.564][adapter]-[Debug]-[DjiDeviceInfoParse_ParseChannelInfo:276) parse 78 byte chnl_info [0m
[37m[4.564][adapter]-[Debug]-[DjiDeviceInfoParse_ParseAllInfo:85) info:CHN len:72 [0m
[37m[4.564][adapter]-[Debug]-[DjiDeviceInfoParse_ParseAllInfo:95) info:HST len:17 [0m
[37m[4.564][adapter]-[Debug]-[DjiDeviceInfoParse_ParseDataInfo:376) parse 73 byte data_info [0m
[37m[4.564][adapter]-[Debug]-[DjiDeviceInfoParse_ParseAllInfo:104) info:DAT len:67 [0m
[37m[4.564][adapter]-[Debug]-[DjiPayloadNegotiate_NotifyHandle:1032) uav ip addr:192.168.108.1 [0m
[37m[4.564][linker]-[Debug]-[DjiProtocol_v1Pack:123) <0x1d7e>V1-Send: 0x0A06->0x0701 0x0087 [0m
[37m[4.573][linker]-[Debug]-[DjiProtocol_v1Unpack:215) <0x3780>V1-Recv: 0x0300->0x0A06 0x221B [0m
[37m[4.574][linker]-[Debug]-[DjiCommand_RecvWork:1066)  <0x3780>Receive msg from linker, 0x0300->0x0A06 0x221B len:9 [0m
[37m[4.574][linker]-[Debug]-[DjiCommand_DealCmd:919) received unsupport request cmd that noneed ack, <0x3780> cmdset: 0x22 cmdid: 0x1B [0m
[37m[4.587][linker]-[Debug]-[DjiProtocol_v1Unpack:215) <0x5bf>V1-Recv: 0x0800->0x0A06 0x0866 [0m
[37m[4.588][linker]-[Debug]-[DjiCommand_RecvWork:1066)  <0x5bf>Receive msg from linker, 0x0800->0x0A06 0x0866 len:17 [0m
[37m[4.588][linker]-[Debug]-[DjiCommand_DealCmd:919) received unsupport request cmd that noneed ack, <0x5bf> cmdset: 0x08 cmdid: 0x66 [0m
[37m[4.615][linker]-[Debug]-[DjiProtocol_v1Unpack:215) <0x37c1>V1-Recv: 0x0300->0x0A06 0x036C [0m
[37m[4.616][linker]-[Debug]-[DjiCommand_RecvWork:1066)  <0x37c1>Receive msg from linker, 0x0300->0x0A06 0x036C len:71 [0m
[37m[4.616][linker]-[Debug]-[DjiCommand_DealCmd:919) received unsupport request cmd that noneed ack, <0x37c1> cmdset: 0x03 cmdid: 0x6C [0m
[37m[4.631][linker]-[Debug]-[DjiProtocol_v1Unpack:215) <0x37e7>V1-Recv: 0x0306->0x0A06 0x03C1 [0m
[37m[4.632][linker]-[Debug]-[DjiCommand_RecvWork:1066)  <0x37e7>Receive msg from linker, 0x0306->0x0A06 0x03C1 len:13 [0m
[37m[4.632][linker]-[Debug]-[DjiCommand_DealCmd:919) received unsupport request cmd that noneed ack, <0x37e7> cmdset: 0x03 cmdid: 0xC1 [0m
[37m[4.634][linker]-[Debug]-[DjiProtocol_v1Unpack:215) <0x37ec>V1-Recv: 0x0300->0x0A06 0x4900 [0m
[37m[4.635][linker]-[Debug]-[DjiCommand_RecvWork:1066)  <0x37ec>Receive msg from linker, 0x0300->0x0A06 0x4900 len:14 [0m
[37m[4.635][linker]-[Debug]-[DjiCommand_DealCmd:919) received unsupport request cmd that need ack, <0x37ec> cmdset: 0x49 cmdid: 0x00 [0m
[37m[4.673][linker]-[Debug]-[DjiProtocol_v1Unpack:215) <0x3837>V1-Recv: 0x0300->0x0A06 0x221B [0m
[37m[4.674][linker]-[Debug]-[DjiCommand_RecvWork:1066)  <0x3837>Receive msg from linker, 0x0300->0x0A06 0x221B len:9 [0m
[37m[4.674][linker]-[Debug]-[DjiCommand_DealCmd:919) received unsupport request cmd that noneed ack, <0x3837> cmdset: 0x22 cmdid: 0x1B [0m
[37m[4.697][linker]-[Debug]-[DjiProtocol_v1Unpack:215) <0x385a>V1-Recv: 0x0306->0x0A06 0x03C1 [0m
[37m[4.697][linker]-[Debug]-[DjiCommand_RecvWork:1066)  <0x385a>Receive msg from linker, 0x0306->0x0A06 0x03C1 len:113 [0m
[37m[4.697][linker]-[Debug]-[DjiCommand_DealCmd:919) received unsupport request cmd that noneed ack, <0x385a> cmdset: 0x03 cmdid: 0xC1 [0m
[37m[4.716][linker]-[Debug]-[DjiProtocol_v1Unpack:215) <0x387b>V1-Recv: 0x0300->0x0A06 0x036C [0m
[37m[4.717][linker]-[Debug]-[DjiCommand_RecvWork:1066)  <0x387b>Receive msg from linker, 0x0300->0x0A06 0x036C len:71 [0m
[37m[4.717][linker]-[Debug]-[DjiCommand_DealCmd:919) received unsupport request cmd that noneed ack, <0x387b> cmdset: 0x03 cmdid: 0x6C [0m
[37m[4.732][linker]-[Debug]-[DjiProtocol_v1Unpack:215) <0x389d>V1-Recv: 0x0306->0x0A06 0x03C1 [0m
[37m[4.733][linker]-[Debug]-[DjiCommand_RecvWork:1066)  <0x389d>Receive msg from linker, 0x0306->0x0A06 0x03C1 len:13 [0m
[37m[4.733][linker]-[Debug]-[DjiCommand_DealCmd:919) received unsupport request cmd that noneed ack, <0x389d> cmdset: 0x03 cmdid: 0xC1 [0m
[37m[4.734][linker]-[Debug]-[DjiProtocol_v1Unpack:215) <0x38a0>V1-Recv: 0x0300->0x0A06 0x4900 [0m
[37m[4.735][linker]-[Debug]-[DjiCommand_RecvWork:1066)  <0x38a0>Receive msg from linker, 0x0300->0x0A06 0x4900 len:14 [0m
[37m[4.735][linker]-[Debug]-[DjiCommand_DealCmd:919) received unsupport request cmd that need ack, <0x38a0> cmdset: 0x49 cmdid: 0x00 [0m
[37m[4.772][linker]-[Debug]-[DjiProtocol_v1Unpack:215) <0x38e5>V1-Recv: 0x0300->0x0A06 0x221B [0m
[37m[4.773][linker]-[Debug]-[DjiCommand_RecvWork:1066)  <0x38e5>Receive msg from linker, 0x0300->0x0A06 0x221B len:9 [0m
[37m[4.773][linker]-[Debug]-[DjiCommand_DealCmd:919) received unsupport request cmd that noneed ack, <0x38e5> cmdset: 0x22 cmdid: 0x1B [0m
[37m[4.815][linker]-[Debug]-[DjiProtocol_v1Unpack:215) <0x392d>V1-Recv: 0x0300->0x0A06 0x036C [0m
[37m[4.816][linker]-[Debug]-[DjiCommand_RecvWork:1066)  <0x392d>Receive msg from linker, 0x0300->0x0A06 0x036C len:71 [0m
[37m[4.816][linker]-[Debug]-[DjiCommand_DealCmd:919) received unsupport request cmd that noneed ack, <0x392d> cmdset: 0x03 cmdid: 0x6C [0m
[37m[4.832][linker]-[Debug]-[DjiProtocol_v1Unpack:215) <0x3955>V1-Recv: 0x0306->0x0A06 0x03C1 [0m
[37m[4.833][linker]-[Debug]-[DjiCommand_RecvWork:1066)  <0x3955>Receive msg from linker, 0x0306->0x0A06 0x03C1 len:13 [0m
[37m[4.833][linker]-[Debug]-[DjiCommand_DealCmd:919) received unsupport request cmd that noneed ack, <0x3955> cmdset: 0x03 cmdid: 0xC1 [0m
[37m[4.833][linker]-[Debug]-[DjiProtocol_v1Unpack:215) <0x395a>V1-Recv: 0x0300->0x0A06 0x4900 [0m
[37m[4.834][linker]-[Debug]-[DjiCommand_RecvWork:1066)  <0x395a>Receive msg from linker, 0x0300->0x0A06 0x4900 len:14 [0m
[37m[4.834][linker]-[Debug]-[DjiCommand_DealCmd:919) received unsupport request cmd that need ack, <0x395a> cmdset: 0x49 cmdid: 0x00 [0m
[37m[4.837][linker]-[Debug]-[DjiProtocol_v1Unpack:215) <0x5c0>V1-Recv: 0x0800->0x0A06 0x0866 [0m
[37m[4.837][linker]-[Debug]-[DjiCommand_RecvWork:1066)  <0x5c0>Receive msg from linker, 0x0800->0x0A06 0x0866 len:17 [0m
[37m[4.837][linker]-[Debug]-[DjiCommand_DealCmd:919) received unsupport request cmd that noneed ack, <0x5c0> cmdset: 0x08 cmdid: 0x66 [0m
[37m[4.873][linker]-[Debug]-[DjiProtocol_v1Unpack:215) <0x39a8>V1-Recv: 0x0300->0x0A06 0x221B [0m
[37m[4.873][linker]-[Debug]-[DjiCommand_RecvWork:1066)  <0x39a8>Receive msg from linker, 0x0300->0x0A06 0x221B len:9 [0m
[37m[4.873][linker]-[Debug]-[DjiCommand_DealCmd:919) received unsupport request cmd that noneed ack, <0x39a8> cmdset: 0x22 cmdid: 0x1B [0m
[37m[4.915][linker]-[Debug]-[DjiProtocol_v1Unpack:215) <0x39ed>V1-Recv: 0x0300->0x0A06 0x036C [0m
[37m[4.916][linker]-[Debug]-[DjiCommand_RecvWork:1066)  <0x39ed>Receive msg from linker, 0x0300->0x0A06 0x036C len:71 [0m
[37m[4.916][linker]-[Debug]-[DjiCommand_DealCmd:919) received unsupport request cmd that noneed ack, <0x39ed> cmdset: 0x03 cmdid: 0x6C [0m
[37m[4.931][linker]-[Debug]-[DjiProtocol_v1Unpack:215) <0x3a13>V1-Recv: 0x0306->0x0A06 0x03C1 [0m
[37m[4.932][linker]-[Debug]-[DjiCommand_RecvWork:1066)  <0x3a13>Receive msg from linker, 0x0306->0x0A06 0x03C1 len:13 [0m
[37m[4.932][linker]-[Debug]-[DjiCommand_DealCmd:919) received unsupport request cmd that noneed ack, <0x3a13> cmdset: 0x03 cmdid: 0xC1 [0m
[37m[4.934][linker]-[Debug]-[DjiProtocol_v1Unpack:215) <0x3a16>V1-Recv: 0x0300->0x0A06 0x4900 [0m
[37m[4.934][linker]-[Debug]-[DjiCommand_RecvWork:1066)  <0x3a16>Receive msg from linker, 0x0300->0x0A06 0x4900 len:14 [0m
[37m[4.934][linker]-[Debug]-[DjiCommand_DealCmd:919) received unsupport request cmd that need ack, <0x3a16> cmdset: 0x49 cmdid: 0x00 [0m
[37m[4.973][linker]-[Debug]-[DjiProtocol_v1Unpack:215) <0x3a5f>V1-Recv: 0x0300->0x0A06 0x221B [0m
[37m[4.973][linker]-[Debug]-[DjiCommand_RecvWork:1066)  <0x3a5f>Receive msg from linker, 0x0300->0x0A06 0x221B len:9 [0m
[37m[4.973][linker]-[Debug]-[DjiCommand_DealCmd:919) received unsupport request cmd that noneed ack, <0x3a5f> cmdset: 0x22 cmdid: 0x1B [0m
[37m[4.995][linker]-[Debug]-[DjiProtocol_v1Unpack:215) <0x3a88>V1-Recv: 0x0300->0x0A06 0x0F74 [0m
[37m[4.995][linker]-[Debug]-[DjiProtocol_v1Unpack:215) <0x3a8b>V1-Recv: 0x0300->0x0100 0x0406 [0m
[37m[4.995][linker]-[Debug]-[DjiProtocol_v1Unpack:215) <0x3a8c>V1-Recv: 0x0300->0x0100 0x0407 [0m
[37m[4.996][linker]-[Debug]-[DjiCommand_RecvWork:1066)  <0x3a88>Receive msg from linker, 0x0300->0x0A06 0x0F74 len:28 [0m
[37m[4.996][linker]-[Debug]-[DjiCommand_DealCmd:919) received unsupport request cmd that noneed ack, <0x3a88> cmdset: 0x0F cmdid: 0x74 [0m
[37m[4.997][linker]-[Debug]-[DjiCommand_RecvWork:1066)  <0x3a8b>Receive msg from linker, 0x0300->0x0100 0x0406 len:12 [0m
[37m[4.997][linker]-[Debug]-[DjiCommand_DealCmd:919) received unsupport request cmd that noneed ack, <0x3a8b> cmdset: 0x04 cmdid: 0x06 [0m
[37m[4.998][linker]-[Debug]-[DjiCommand_RecvWork:1066)  <0x3a8c>Receive msg from linker, 0x0300->0x0100 0x0407 len:1 [0m
[37m[4.998][linker]-[Debug]-[DjiCommand_DealCmd:919) received unsupport request cmd that noneed ack, <0x3a8c> cmdset: 0x04 cmdid: 0x07 [0m
[37m[5.009][linker]-[Debug]-[DjiProtocol_v1Unpack:215) <0x1ec5>V1-Recv: 0x1D07->0x0A06 0x2105 [0m
[37m[5.009][linker]-[Debug]-[DjiCommand_RecvWork:1066)  <0x1ec5>Receive msg from linker, 0x1D07->0x0A06 0x2105 len:1 [0m
[37m[5.009][linker]-[Debug]-[DjiCommand_DealCmd:919) received unsupport request cmd that need ack, <0x1ec5> cmdset: 0x21 cmdid: 0x05 [0m
[37m[5.015][linker]-[Debug]-[DjiProtocol_v1Unpack:215) <0x3aab>V1-Recv: 0x0300->0x0A06 0x036C [0m
[37m[5.016][linker]-[Debug]-[DjiCommand_RecvWork:1066)  <0x3aab>Receive msg from linker, 0x0300->0x0A06 0x036C len:71 [0m
[37m[5.016][linker]-[Debug]-[DjiCommand_DealCmd:919) received unsupport request cmd that noneed ack, <0x3aab> cmdset: 0x03 cmdid: 0x6C [0m
[37m[5.031][linker]-[Debug]-[DjiProtocol_v1Unpack:215) <0x3ad8>V1-Recv: 0x0306->0x0A06 0x03C1 [0m
[37m[5.032][linker]-[Debug]-[DjiCommand_RecvWork:1066)  <0x3ad8>Receive msg from linker, 0x0306->0x0A06 0x03C1 len:13 [0m
[37m[5.032][linker]-[Debug]-[DjiCommand_DealCmd:919) received unsupport request cmd that noneed ack, <0x3ad8> cmdset: 0x03 cmdid: 0xC1 [0m
[37m[5.035][linker]-[Debug]-[DjiProtocol_v1Unpack:215) <0x3ae2>V1-Recv: 0x0300->0x0A06 0x4900 [0m
[37m[5.035][linker]-[Debug]-[DjiCommand_RecvWork:1066)  <0x3ae2>Receive msg from linker, 0x0300->0x0A06 0x4900 len:14 [0m
[37m[5.035][linker]-[Debug]-[DjiCommand_DealCmd:919) received unsupport request cmd that need ack, <0x3ae2> cmdset: 0x49 cmdid: 0x00 [0m
[37m[5.073][linker]-[Debug]-[DjiProtocol_v1Unpack:215) <0x3b2f>V1-Recv: 0x0300->0x0A06 0x221B [0m
[37m[5.073][linker]-[Debug]-[DjiCommand_RecvWork:1066)  <0x3b2f>Receive msg from linker, 0x0300->0x0A06 0x221B len:9 [0m
[37m[5.073][linker]-[Debug]-[DjiCommand_DealCmd:919) received unsupport request cmd that noneed ack, <0x3b2f> cmdset: 0x22 cmdid: 0x1B [0m
[37m[5.087][linker]-[Debug]-[DjiProtocol_v1Unpack:215) <0x5c1>V1-Recv: 0x0800->0x0A06 0x0866 [0m
[37m[5.087][linker]-[Debug]-[DjiCommand_RecvWork:1066)  <0x5c1>Receive msg from linker, 0x0800->0x0A06 0x0866 len:17 [0m
[37m[5.087][linker]-[Debug]-[DjiCommand_DealCmd:919) received unsupport request cmd that noneed ack, <0x5c1> cmdset: 0x08 cmdid: 0x66 [0m
[37m[5.116][linker]-[Debug]-[DjiProtocol_v1Unpack:215) <0x3b7a>V1-Recv: 0x0300->0x0A06 0x036C [0m
[37m[5.116][linker]-[Debug]-[DjiCommand_RecvWork:1066)  <0x3b7a>Receive msg from linker, 0x0300->0x0A06 0x036C len:71 [0m
[37m[5.116][linker]-[Debug]-[DjiCommand_DealCmd:919) received unsupport request cmd that noneed ack, <0x3b7a> cmdset: 0x03 cmdid: 0x6C [0m
[37m[5.132][linker]-[Debug]-[DjiProtocol_v1Unpack:215) <0x3b9d>V1-Recv: 0x0306->0x0A06 0x03C1 [0m
[37m[5.132][linker]-[Debug]-[DjiCommand_RecvWork:1066)  <0x3b9d>Receive msg from linker, 0x0306->0x0A06 0x03C1 len:13 [0m
[37m[5.132][linker]-[Debug]-[DjiCommand_DealCmd:919) received unsupport request cmd that noneed ack, <0x3b9d> cmdset: 0x03 cmdid: 0xC1 [0m
[37m[5.134][linker]-[Debug]-[DjiProtocol_v1Unpack:215) <0x3ba1>V1-Recv: 0x0300->0x0A06 0x4900 [0m
[37m[5.134][linker]-[Debug]-[DjiCommand_RecvWork:1066)  <0x3ba1>Receive msg from linker, 0x0300->0x0A06 0x4900 len:14 [0m
[37m[5.134][linker]-[Debug]-[DjiCommand_DealCmd:919) received unsupport request cmd that need ack, <0x3ba1> cmdset: 0x49 cmdid: 0x00 [0m
[37m[5.173][linker]-[Debug]-[DjiProtocol_v1Unpack:215) <0x3bef>V1-Recv: 0x0300->0x0A06 0x221B [0m
[37m[5.174][linker]-[Debug]-[DjiCommand_RecvWork:1066)  <0x3bef>Receive msg from linker, 0x0300->0x0A06 0x221B len:9 [0m
[37m[5.174][linker]-[Debug]-[DjiCommand_DealCmd:919) received unsupport request cmd that noneed ack, <0x3bef> cmdset: 0x22 cmdid: 0x1B [0m
[37m[5.215][linker]-[Debug]-[DjiProtocol_v1Unpack:215) <0x3c31>V1-Recv: 0x0300->0x0A06 0x036C [0m
[37m[5.215][linker]-[Debug]-[DjiCommand_RecvWork:1066)  <0x3c31>Receive msg from linker, 0x0300->0x0A06 0x036C len:71 [0m
[37m[5.215][linker]-[Debug]-[DjiCommand_DealCmd:919) received unsupport request cmd that noneed ack, <0x3c31> cmdset: 0x03 cmdid: 0x6C [0m
[37m[5.232][linker]-[Debug]-[DjiProtocol_v1Unpack:215) <0x3c58>V1-Recv: 0x0306->0x0A06 0x03C1 [0m
[37m[5.232][linker]-[Debug]-[DjiCommand_RecvWork:1066)  <0x3c58>Receive msg from linker, 0x0306->0x0A06 0x03C1 len:13 [0m
[37m[5.232][linker]-[Debug]-[DjiCommand_DealCmd:919) received unsupport request cmd that noneed ack, <0x3c58> cmdset: 0x03 cmdid: 0xC1 [0m
[37m[5.234][linker]-[Debug]-[DjiProtocol_v1Unpack:215) <0x3c5e>V1-Recv: 0x0300->0x0A06 0x4900 [0m
[37m[5.234][linker]-[Debug]-[DjiCommand_RecvWork:1066)  <0x3c5e>Receive msg from linker, 0x0300->0x0A06 0x4900 len:14 [0m
[37m[5.234][linker]-[Debug]-[DjiCommand_DealCmd:919) received unsupport request cmd that need ack, <0x3c5e> cmdset: 0x49 cmdid: 0x00 [0m
[37m[5.273][linker]-[Debug]-[DjiProtocol_v1Unpack:215) <0x3ca9>V1-Recv: 0x0300->0x0A06 0x221B [0m
[37m[5.274][linker]-[Debug]-[DjiCommand_RecvWork:1066)  <0x3ca9>Receive msg from linker, 0x0300->0x0A06 0x221B len:9 [0m
[37m[5.274][linker]-[Debug]-[DjiCommand_DealCmd:919) received unsupport request cmd that noneed ack, <0x3ca9> cmdset: 0x22 cmdid: 0x1B [0m
[37m[5.274][adapter]-[Debug]-[DjiPayloadNegotiate_Init:240) Payload negotiate has finished. [0m
[37m[5.279][linker]-[Debug]-[DjiCommand_AntiRegRecvCmdHandler:722) Anti reg command handle list success, index:0 [0m
[37m[5.300][linker]-[Debug]-[DjiLinker_DeInit:170) deinit linker success, protocol:2, channelId:0 [0m
[37m[5.300][linker]-[Debug]-[DjiCommand_UpdateConfig:289) config list channel id:2 [0m
[37m[5.304][linker]-[Debug]-[DjiLinker_Init:128) init linker success, protocol:2, channelId:0 [0m
[37m[5.304][linker]-[Debug]-[DjiCommand_UpdateConfig:298) add linker node count:1 [0m
[37m[5.304][linker]-[Debug]-[DjiCommand_UpdateConfig:289) config list channel id:2 [0m
[37m[5.306][linker]-[Debug]-[DjiLinker_Init:128) init linker success, protocol:2, channelId:2 [0m
[37m[5.306][linker]-[Debug]-[DjiCommand_UpdateConfig:298) add linker node count:2 [0m
[37m[5.306][linker]-[Debug]-[DjiCommand_RegRecvCmdHandler:674) Reg command handle list success, index:0 [0m
[37m[5.306][auth]-[Debug]-[DjiSdkActivate_ExtensionPortActivateSyncByV1:125) This is a OSDK port. Now need to do activation. [0m
[37m[5.306][linker]-[Debug]-[DjiProtocol_v1Pack:123) <0x6112>V1-Send: 0x0A06->0x1D01 0x00F0 [0m
[37m[5.306][linker]-[Debug]-[DjiProtocol_v1Pack:123) <0x6113>V1-Send: 0x0A06->0x0306 0x0001 [0m
[37m[5.317][linker]-[Debug]-[DjiProtocol_v1Pack:123) <0x6114>V1-Send: 0x0A06->0x1D01 0x00F0 [0m
[37m[5.318][linker]-[Debug]-[DjiProtocol_v1Unpack:215) <0x6113>V1-Recv: 0x0306->0x0A06 0x0001 [0m
[37m[5.318][linker]-[Debug]-[DjiProtocol_v1Unpack:215) <0x3cf2>V1-Recv: 0x0300->0x0A06 0x036C [0m
[37m[5.319][linker]-[Debug]-[DjiCommand_RecvWork:1066)  <0x6113>Receive msg from linker, 0x0306->0x0A06 0x0001 len:31 [0m
[37m[5.319][linker]-[Debug]-[DjiCommand_SendSyncCallback:1014) PsdkCommand_SendSyncCallback success [0m
[37m[5.319][linker]-[Debug]-[DjiCommand_DealCmd:830) callback function (cmdset: 0x00 cmdid: 0x01) deal time: 0 ms [0m
[37m[5.319][linker]-[Debug]-[DjiCommand_SendSync:553) sendSync callback success [0m
[37m[5.319][linker]-[Debug]-[DjiCommand_SendSync:561) The ack data length is not equal with expect length, actual:31 exp:30. Probably because ack struct definition has changed. Please check command ack struct definition if changed. [0m
[37m[5.319][linker]-[Debug]-[DjiProtocol_v1Pack:123) <0x6115>V1-Send: 0x0A06->0x0306 0x0325 [0m
[37m[5.320][linker]-[Debug]-[DjiCommand_RecvWork:1066)  <0x3cf2>Receive msg from linker, 0x0300->0x0A06 0x036C len:71 [0m
[37m[5.320][linker]-[Debug]-[DjiCommand_DealCmd:919) received unsupport request cmd that noneed ack, <0x3cf2> cmdset: 0x03 cmdid: 0x6C [0m
[37m[5.327][linker]-[Debug]-[DjiProtocol_v1Pack:123) <0x6116>V1-Send: 0x0A06->0x1D01 0x00F0 [0m
[37m[5.332][linker]-[Debug]-[DjiProtocol_v1Unpack:215) <0x3d16>V1-Recv: 0x0306->0x0A06 0x03C1 [0m
[37m[5.332][linker]-[Debug]-[DjiCommand_RecvWork:1066)  <0x3d16>Receive msg from linker, 0x0306->0x0A06 0x03C1 len:13 [0m
[37m[5.332][linker]-[Debug]-[DjiCommand_DealCmd:919) received unsupport request cmd that noneed ack, <0x3d16> cmdset: 0x03 cmdid: 0xC1 [0m
[37m[5.333][linker]-[Debug]-[DjiProtocol_v1Unpack:215) <0x6115>V1-Recv: 0x0306->0x0A06 0x0325 [0m
[37m[5.333][linker]-[Debug]-[DjiCommand_RecvWork:1066)  <0x6115>Receive msg from linker, 0x0306->0x0A06 0x0325 len:2 [0m
[37m[5.333][linker]-[Debug]-[DjiCommand_SendSyncCallback:1014) PsdkCommand_SendSyncCallback success [0m
[37m[5.333][linker]-[Debug]-[DjiCommand_DealCmd:830) callback function (cmdset: 0x03 cmdid: 0x25) deal time: 0 ms [0m
[37m[5.333][linker]-[Debug]-[DjiCommand_SendSync:553) sendSync callback success [0m
[37m[5.333][linker]-[Debug]-[DjiCommand_SendSync:561) The ack data length is not equal with expect length, actual:2 exp:1. Probably because ack struct definition has changed. Please check command ack struct definition if changed. [0m
[37m[5.333][auth]-[Debug]-[DjiSdkActivate_OSDKActivateSyncByV1:307) Activate sdk successfully. [0m
[37m[5.333][auth]-[Debug]-[DjiSdkActivate_ExtensionPortActivateSyncByV1:140) Activate OSDK functions successfully. [0m
[37m[5.333][linker]-[Debug]-[DjiProtocol_v1Pack:123) <0x6117>V1-Send: 0x0A06->0x1104 0x4910 [0m
[37m[5.335][linker]-[Debug]-[DjiProtocol_v1Unpack:215) <0x3d31>V1-Recv: 0x0300->0x0A06 0x4900 [0m
[37m[5.335][linker]-[Debug]-[DjiCommand_RecvWork:1066)  <0x3d31>Receive msg from linker, 0x0300->0x0A06 0x4900 len:14 [0m
[37m[5.335][linker]-[Debug]-[DjiCommand_DealCmd:919) received unsupport request cmd that need ack, <0x3d31> cmdset: 0x49 cmdid: 0x00 [0m
[37m[5.337][linker]-[Debug]-[DjiProtocol_v1Unpack:215) <0x5c2>V1-Recv: 0x0800->0x0A06 0x0866 [0m
[37m[5.337][linker]-[Debug]-[DjiCommand_RecvWork:1066)  <0x5c2>Receive msg from linker, 0x0800->0x0A06 0x0866 len:17 [0m
[37m[5.337][linker]-[Debug]-[DjiCommand_DealCmd:919) received unsupport request cmd that noneed ack, <0x5c2> cmdset: 0x08 cmdid: 0x66 [0m
[37m[5.338][linker]-[Debug]-[DjiProtocol_v1Pack:123) <0x6118>V1-Send: 0x0A06->0x1D01 0x00F0 [0m
[37m[5.349][linker]-[Debug]-[DjiProtocol_v1Pack:123) <0x6119>V1-Send: 0x0A06->0x1D01 0x00F0 [0m
[37m[5.354][linker]-[Debug]-[DjiProtocol_v1Unpack:215) <0x6117>V1-Recv: 0x1104->0x0A06 0x4910 [0m
[37m[5.354][linker]-[Debug]-[DjiCommand_RecvWork:1066)  <0x6117>Receive msg from linker, 0x1104->0x0A06 0x4910 len:1 [0m
[37m[5.354][linker]-[Debug]-[DjiCommand_SendSyncCallback:1014) PsdkCommand_SendSyncCallback success [0m
[37m[5.354][linker]-[Debug]-[DjiCommand_DealCmd:830) callback function (cmdset: 0x49 cmdid: 0x10) deal time: 0 ms [0m
[37m[5.354][linker]-[Debug]-[DjiCommand_SendSync:553) sendSync callback success [0m
[37m[5.354][linker]-[Debug]-[DjiProtocol_v1Pack:123) <0x611a>V1-Send: 0x0A06->0x1104 0x4910 [0m
[37m[5.359][linker]-[Debug]-[DjiProtocol_v1Pack:123) <0x611b>V1-Send: 0x0A06->0x1D01 0x00F0 [0m
[37m[5.370][linker]-[Debug]-[DjiProtocol_v1Pack:123) <0x611c>V1-Send: 0x0A06->0x1D01 0x00F0 [0m
[37m[5.373][linker]-[Debug]-[DjiProtocol_v1Unpack:215) <0x3d77>V1-Recv: 0x0300->0x0A06 0x221B [0m
[37m[5.373][linker]-[Debug]-[DjiCommand_RecvWork:1066)  <0x3d77>Receive msg from linker, 0x0300->0x0A06 0x221B len:9 [0m
[37m[5.373][linker]-[Debug]-[DjiCommand_DealCmd:919) received unsupport request cmd that noneed ack, <0x3d77> cmdset: 0x22 cmdid: 0x1B [0m
[37m[5.374][linker]-[Debug]-[DjiProtocol_v1Unpack:215) <0x611a>V1-Recv: 0x1104->0x0A06 0x4910 [0m
[37m[5.374][linker]-[Debug]-[DjiCommand_RecvWork:1066)  <0x611a>Receive msg from linker, 0x1104->0x0A06 0x4910 len:1 [0m
[37m[5.374][linker]-[Debug]-[DjiCommand_SendSyncCallback:1014) PsdkCommand_SendSyncCallback success [0m
[37m[5.374][linker]-[Debug]-[DjiCommand_DealCmd:830) callback function (cmdset: 0x49 cmdid: 0x10) deal time: 0 ms [0m
[37m[5.374][linker]-[Debug]-[DjiCommand_SendSync:553) sendSync callback success [0m
[37m[5.374][linker]-[Debug]-[DjiProtocol_v1Pack:123) <0x611d>V1-Send: 0x0A06->0x1104 0x4910 [0m
[37m[5.381][linker]-[Debug]-[DjiProtocol_v1Pack:123) <0x611e>V1-Send: 0x0A06->0x1D01 0x00F0 [0m
[37m[5.383][utils]-[Debug]-[DjiCore_RootTask:131) work execution time: [0m
[37m[5.383][utils]-[Debug]-[DjiCore_RootTask:132) name	                execution time (ms)	  max execution time (ms) [0m
[37m[5.383][utils]-[Debug]-[DjiCore_RootTask:134) recorderWork                    	0       	1        [0m
[37m[5.383][utils]-[Debug]-[DjiCore_RootTask:134) flowControllerTask              	1       	1        [0m
[37m[5.383][utils]-[Debug]-[DjiCore_RootTask:134) commandTask                     	1       	1        [0m
[37m[5.392][linker]-[Debug]-[DjiProtocol_v1Pack:123) <0x611f>V1-Send: 0x0A06->0x1D01 0x00F0 [0m
[37m[5.396][linker]-[Debug]-[DjiProtocol_v1Unpack:215) <0x611d>V1-Recv: 0x1104->0x0A06 0x4910 [0m
[37m[5.397][linker]-[Debug]-[DjiCommand_RecvWork:1066)  <0x611d>Receive msg from linker, 0x1104->0x0A06 0x4910 len:1 [0m
[37m[5.397][linker]-[Debug]-[DjiCommand_SendSyncCallback:1014) PsdkCommand_SendSyncCallback success [0m
[37m[5.397][linker]-[Debug]-[DjiCommand_DealCmd:830) callback function (cmdset: 0x49 cmdid: 0x10) deal time: 0 ms [0m
[37m[5.397][linker]-[Debug]-[DjiCommand_SendSync:553) sendSync callback success [0m
[37m[5.397][linker]-[Debug]-[DjiProtocol_v1Pack:123) <0x6120>V1-Send: 0x0A06->0x1104 0x4910 [0m
[37m[5.402][linker]-[Debug]-[DjiProtocol_v1Pack:123) <0x6121>V1-Send: 0x0A06->0x1D01 0x00F0 [0m
[37m[5.413][linker]-[Debug]-[DjiProtocol_v1Pack:123) <0x6122>V1-Send: 0x0A06->0x1D01 0x00F0 [0m
[37m[5.416][linker]-[Debug]-[DjiProtocol_v1Unpack:215) <0x3dbc>V1-Recv: 0x0300->0x0A06 0x036C [0m
[37m[5.416][linker]-[Debug]-[DjiProtocol_v1Unpack:215) <0x6120>V1-Recv: 0x1104->0x0A06 0x4910 [0m
[37m[5.416][linker]-[Debug]-[DjiCommand_RecvWork:1066)  <0x3dbc>Receive msg from linker, 0x0300->0x0A06 0x036C len:71 [0m
[37m[5.416][linker]-[Debug]-[DjiCommand_DealCmd:919) received unsupport request cmd that noneed ack, <0x3dbc> cmdset: 0x03 cmdid: 0x6C [0m
[37m[5.417][linker]-[Debug]-[DjiCommand_RecvWork:1066)  <0x6120>Receive msg from linker, 0x1104->0x0A06 0x4910 len:1 [0m
[37m[5.417][linker]-[Debug]-[DjiCommand_SendSyncCallback:1014) PsdkCommand_SendSyncCallback success [0m
[37m[5.417][linker]-[Debug]-[DjiCommand_DealCmd:830) callback function (cmdset: 0x49 cmdid: 0x10) deal time: 0 ms [0m
[37m[5.417][linker]-[Debug]-[DjiCommand_SendSync:553) sendSync callback success [0m
[37m[5.417][linker]-[Debug]-[DjiProtocol_v1Pack:123) <0x6123>V1-Send: 0x0A06->0x1104 0x4910 [0m
[37m[5.432][linker]-[Debug]-[DjiProtocol_v1Unpack:215) <0x3de3>V1-Recv: 0x0306->0x0A06 0x03C1 [0m
[37m[5.432][linker]-[Debug]-[DjiCommand_RecvWork:1066)  <0x3de3>Receive msg from linker, 0x0306->0x0A06 0x03C1 len:13 [0m
[37m[5.432][linker]-[Debug]-[DjiCommand_DealCmd:919) received unsupport request cmd that noneed ack, <0x3de3> cmdset: 0x03 cmdid: 0xC1 [0m
[37m[5.435][linker]-[Debug]-[DjiProtocol_v1Unpack:215) <0x6123>V1-Recv: 0x1104->0x0A06 0x4910 [0m
[37m[5.435][linker]-[Debug]-[DjiProtocol_v1Unpack:215) <0x3df3>V1-Recv: 0x0300->0x0A06 0x4900 [0m
[37m[5.435][linker]-[Debug]-[DjiCommand_RecvWork:1066)  <0x6123>Receive msg from linker, 0x1104->0x0A06 0x4910 len:1 [0m
[37m[5.435][linker]-[Debug]-[DjiCommand_SendSyncCallback:1014) PsdkCommand_SendSyncCallback success [0m
[37m[5.435][linker]-[Debug]-[DjiCommand_DealCmd:830) callback function (cmdset: 0x49 cmdid: 0x10) deal time: 0 ms [0m
[37m[5.435][linker]-[Debug]-[DjiCommand_SendSync:553) sendSync callback success [0m
[37m[5.435][linker]-[Debug]-[DjiProtocol_v1Pack:123) <0x6124>V1-Send: 0x0A06->0x1104 0x4910 [0m
[37m[5.436][linker]-[Debug]-[DjiCommand_RecvWork:1066)  <0x3df3>Receive msg from linker, 0x0300->0x0A06 0x4900 len:14 [0m
[37m[5.436][linker]-[Debug]-[DjiCommand_DealCmd:919) received unsupport request cmd that need ack, <0x3df3> cmdset: 0x49 cmdid: 0x00 [0m
[37m[5.454][linker]-[Debug]-[DjiProtocol_v1Unpack:215) <0x6124>V1-Recv: 0x1104->0x0A06 0x4910 [0m
[37m[5.454][linker]-[Debug]-[DjiCommand_RecvWork:1066)  <0x6124>Receive msg from linker, 0x1104->0x0A06 0x4910 len:1 [0m
[37m[5.454][linker]-[Debug]-[DjiCommand_SendSyncCallback:1014) PsdkCommand_SendSyncCallback success [0m
[37m[5.454][linker]-[Debug]-[DjiCommand_DealCmd:830) callback function (cmdset: 0x49 cmdid: 0x10) deal time: 0 ms [0m
[37m[5.454][linker]-[Debug]-[DjiCommand_SendSync:553) sendSync callback success [0m
[37m[5.473][linker]-[Debug]-[DjiProtocol_v1Unpack:215) <0x3e47>V1-Recv: 0x0300->0x0A06 0x221B [0m
[37m[5.474][linker]-[Debug]-[DjiCommand_RecvWork:1066)  <0x3e47>Receive msg from linker, 0x0300->0x0A06 0x221B len:9 [0m
[37m[5.474][linker]-[Debug]-[DjiCommand_DealCmd:919) received unsupport request cmd that noneed ack, <0x3e47> cmdset: 0x22 cmdid: 0x1B [0m
[37m[5.494][linker]-[Debug]-[DjiProtocol_v1Unpack:215) <0x3e6e>V1-Recv: 0x0300->0x0100 0x0405 [0m
[37m[5.495][linker]-[Debug]-[DjiCommand_RecvWork:1066)  <0x3e6e>Receive msg from linker, 0x0300->0x0100 0x0405 len:22 [0m
[37m[5.495][linker]-[Debug]-[DjiCommand_DealCmd:919) received unsupport request cmd that noneed ack, <0x3e6e> cmdset: 0x04 cmdid: 0x05 [0m
[37m[5.515][linker]-[Debug]-[DjiProtocol_v1Unpack:215) <0x3e8e>V1-Recv: 0x0300->0x0A06 0x036C [0m
[37m[5.516][linker]-[Debug]-[DjiCommand_RecvWork:1066)  <0x3e8e>Receive msg from linker, 0x0300->0x0A06 0x036C len:71 [0m
[37m[5.516][linker]-[Debug]-[DjiCommand_DealCmd:919) received unsupport request cmd that noneed ack, <0x3e8e> cmdset: 0x03 cmdid: 0x6C [0m
[37m[5.531][linker]-[Debug]-[DjiProtocol_v1Unpack:215) <0x3eb1>V1-Recv: 0x0306->0x0A06 0x03C1 [0m
[37m[5.532][linker]-[Debug]-[DjiCommand_RecvWork:1066)  <0x3eb1>Receive msg from linker, 0x0306->0x0A06 0x03C1 len:13 [0m
[37m[5.532][linker]-[Debug]-[DjiCommand_DealCmd:919) received unsupport request cmd that noneed ack, <0x3eb1> cmdset: 0x03 cmdid: 0xC1 [0m
[37m[5.533][linker]-[Debug]-[DjiProtocol_v1Unpack:215) <0x3eb4>V1-Recv: 0x0300->0x0A06 0x4900 [0m
[37m[5.534][linker]-[Debug]-[DjiCommand_RecvWork:1066)  <0x3eb4>Receive msg from linker, 0x0300->0x0A06 0x4900 len:14 [0m
[37m[5.534][linker]-[Debug]-[DjiCommand_DealCmd:919) received unsupport request cmd that need ack, <0x3eb4> cmdset: 0x49 cmdid: 0x00 [0m
[37m[5.549][linker]-[Debug]-[DjiProtocol_v1Unpack:215) <0x1d7f>V1-Recv: 0x0701->0x0A06 0x0000 [0m
[37m[5.550][linker]-[Debug]-[DjiCommand_RecvWork:1066)  <0x1d7f>Receive msg from linker, 0x0701->0x0A06 0x0000 len:16 [0m
[37m[5.550][linker]-[Debug]-[DjiProtocol_v1Pack:123) <0x1d7f>V1-Send: 0x0A06->0x0701 0x0000 [0m
[37m[5.573][linker]-[Debug]-[DjiProtocol_v1Unpack:215) <0x3f00>V1-Recv: 0x0300->0x0A06 0x221B [0m
[37m[5.574][linker]-[Debug]-[DjiCommand_RecvWork:1066)  <0x3f00>Receive msg from linker, 0x0300->0x0A06 0x221B len:9 [0m
[37m[5.574][linker]-[Debug]-[DjiCommand_DealCmd:919) received unsupport request cmd that noneed ack, <0x3f00> cmdset: 0x22 cmdid: 0x1B [0m
[37m[5.587][linker]-[Debug]-[DjiProtocol_v1Unpack:215) <0x5c3>V1-Recv: 0x0800->0x0A06 0x0866 [0m
[37m[5.588][linker]-[Debug]-[DjiCommand_RecvWork:1066)  <0x5c3>Receive msg from linker, 0x0800->0x0A06 0x0866 len:17 [0m
[37m[5.588][linker]-[Debug]-[DjiCommand_DealCmd:919) received unsupport request cmd that noneed ack, <0x5c3> cmdset: 0x08 cmdid: 0x66 [0m
[37m[5.616][linker]-[Debug]-[DjiProtocol_v1Unpack:215) <0x3f42>V1-Recv: 0x0300->0x0A06 0x036C [0m
[37m[5.616][linker]-[Debug]-[DjiCommand_RecvWork:1066)  <0x3f42>Receive msg from linker, 0x0300->0x0A06 0x036C len:71 [0m
[37m[5.616][linker]-[Debug]-[DjiCommand_DealCmd:919) received unsupport request cmd that noneed ack, <0x3f42> cmdset: 0x03 cmdid: 0x6C [0m
[37m[5.632][linker]-[Debug]-[DjiProtocol_v1Unpack:215) <0x3f69>V1-Recv: 0x0306->0x0A06 0x03C1 [0m
[37m[5.632][linker]-[Debug]-[DjiCommand_RecvWork:1066)  <0x3f69>Receive msg from linker, 0x0306->0x0A06 0x03C1 len:13 [0m
[37m[5.632][linker]-[Debug]-[DjiCommand_DealCmd:919) received unsupport request cmd that noneed ack, <0x3f69> cmdset: 0x03 cmdid: 0xC1 [0m
[37m[5.634][linker]-[Debug]-[DjiProtocol_v1Unpack:215) <0x3f6e>V1-Recv: 0x0300->0x0A06 0x4900 [0m
[37m[5.634][linker]-[Debug]-[DjiCommand_RecvWork:1066)  <0x3f6e>Receive msg from linker, 0x0300->0x0A06 0x4900 len:14 [0m
[37m[5.634][linker]-[Debug]-[DjiCommand_DealCmd:919) received unsupport request cmd that need ack, <0x3f6e> cmdset: 0x49 cmdid: 0x00 [0m
[37m[5.655][linker]-[Debug]-[DjiProtocol_v1Pack:123) <0x6125>V1-Send: 0x0A06->0x1104 0x4910 [0m
[37m[5.673][linker]-[Debug]-[DjiProtocol_v1Unpack:215) <0x3fbb>V1-Recv: 0x0300->0x0A06 0x221B [0m
[37m[5.674][linker]-[Debug]-[DjiCommand_RecvWork:1066)  <0x3fbb>Receive msg from linker, 0x0300->0x0A06 0x221B len:9 [0m
[37m[5.674][linker]-[Debug]-[DjiCommand_DealCmd:919) received unsupport request cmd that noneed ack, <0x3fbb> cmdset: 0x22 cmdid: 0x1B [0m
[37m[5.674][linker]-[Debug]-[DjiProtocol_v1Unpack:215) <0x6125>V1-Recv: 0x1104->0x0A06 0x4910 [0m
[37m[5.675][linker]-[Debug]-[DjiCommand_RecvWork:1066)  <0x6125>Receive msg from linker, 0x1104->0x0A06 0x4910 len:1 [0m
[37m[5.675][linker]-[Debug]-[DjiCommand_SendSyncCallback:1014) PsdkCommand_SendSyncCallback success [0m
[37m[5.675][linker]-[Debug]-[DjiCommand_DealCmd:830) callback function (cmdset: 0x49 cmdid: 0x10) deal time: 0 ms [0m
[37m[5.675][linker]-[Debug]-[DjiCommand_SendSync:553) sendSync callback success [0m
[37m[5.675][linker]-[Debug]-[DjiProtocol_v1Pack:123) <0x6126>V1-Send: 0x0A06->0x1104 0x4910 [0m
[37m[5.697][linker]-[Debug]-[DjiProtocol_v1Unpack:215) <0x3fdf>V1-Recv: 0x0306->0x0A06 0x03C1 [0m
[37m[5.697][linker]-[Debug]-[DjiProtocol_v1Unpack:215) <0x6126>V1-Recv: 0x1104->0x0A06 0x4910 [0m
[37m[5.697][linker]-[Debug]-[DjiCommand_RecvWork:1066)  <0x3fdf>Receive msg from linker, 0x0306->0x0A06 0x03C1 len:113 [0m
[37m[5.697][linker]-[Debug]-[DjiCommand_DealCmd:919) received unsupport request cmd that noneed ack, <0x3fdf> cmdset: 0x03 cmdid: 0xC1 [0m
[37m[5.698][linker]-[Debug]-[DjiCommand_RecvWork:1066)  <0x6126>Receive msg from linker, 0x1104->0x0A06 0x4910 len:1 [0m
[37m[5.698][linker]-[Debug]-[DjiCommand_SendSyncCallback:1014) PsdkCommand_SendSyncCallback success [0m
[37m[5.698][linker]-[Debug]-[DjiCommand_DealCmd:830) callback function (cmdset: 0x49 cmdid: 0x10) deal time: 0 ms [0m
[37m[5.698][linker]-[Debug]-[DjiCommand_SendSync:553) sendSync callback success [0m
[37m[5.698][linker]-[Debug]-[DjiProtocol_v1Pack:123) <0x6127>V1-Send: 0x0A06->0x1104 0x4910 [0m
[37m[5.716][linker]-[Debug]-[DjiProtocol_v1Unpack:215) <0x4003>V1-Recv: 0x0300->0x0A06 0x036C [0m
[37m[5.716][linker]-[Debug]-[DjiProtocol_v1Unpack:215) <0x6127>V1-Recv: 0x1104->0x0A06 0x4910 [0m
[37m[5.716][linker]-[Debug]-[DjiCommand_RecvWork:1066)  <0x4003>Receive msg from linker, 0x0300->0x0A06 0x036C len:71 [0m
[37m[5.716][linker]-[Debug]-[DjiCommand_DealCmd:919) received unsupport request cmd that noneed ack, <0x4003> cmdset: 0x03 cmdid: 0x6C [0m
[37m[5.717][linker]-[Debug]-[DjiCommand_RecvWork:1066)  <0x6127>Receive msg from linker, 0x1104->0x0A06 0x4910 len:1 [0m
[37m[5.717][linker]-[Debug]-[DjiCommand_SendSyncCallback:1014) PsdkCommand_SendSyncCallback success [0m
[37m[5.717][linker]-[Debug]-[DjiCommand_DealCmd:830) callback function (cmdset: 0x49 cmdid: 0x10) deal time: 0 ms [0m
[37m[5.717][linker]-[Debug]-[DjiCommand_SendSync:553) sendSync callback success [0m
[37m[5.717][linker]-[Debug]-[DjiProtocol_v1Pack:123) <0x6128>V1-Send: 0x0A06->0x1104 0x4910 [0m
[37m[5.732][linker]-[Debug]-[DjiProtocol_v1Unpack:215) <0x4027>V1-Recv: 0x0306->0x0A06 0x03C1 [0m
[37m[5.732][linker]-[Debug]-[DjiCommand_RecvWork:1066)  <0x4027>Receive msg from linker, 0x0306->0x0A06 0x03C1 len:13 [0m
[37m[5.732][linker]-[Debug]-[DjiCommand_DealCmd:919) received unsupport request cmd that noneed ack, <0x4027> cmdset: 0x03 cmdid: 0xC1 [0m
[37m[5.734][linker]-[Debug]-[DjiProtocol_v1Unpack:215) <0x402a>V1-Recv: 0x0300->0x0A06 0x4900 [0m
[37m[5.734][linker]-[Debug]-[DjiProtocol_v1Unpack:215) <0x6128>V1-Recv: 0x1104->0x0A06 0x4910 [0m
[37m[5.734][linker]-[Debug]-[DjiCommand_RecvWork:1066)  <0x402a>Receive msg from linker, 0x0300->0x0A06 0x4900 len:14 [0m
[37m[5.734][linker]-[Debug]-[DjiCommand_DealCmd:919) received unsupport request cmd that need ack, <0x402a> cmdset: 0x49 cmdid: 0x00 [0m
[37m[5.735][linker]-[Debug]-[DjiCommand_RecvWork:1066)  <0x6128>Receive msg from linker, 0x1104->0x0A06 0x4910 len:1 [0m
[37m[5.735][linker]-[Debug]-[DjiCommand_SendSyncCallback:1014) PsdkCommand_SendSyncCallback success [0m
[37m[5.735][linker]-[Debug]-[DjiCommand_DealCmd:830) callback function (cmdset: 0x49 cmdid: 0x10) deal time: 0 ms [0m
[37m[5.735][linker]-[Debug]-[DjiCommand_SendSync:553) sendSync callback success [0m
[37m[5.735][linker]-[Debug]-[DjiProtocol_v1Pack:123) <0x6129>V1-Send: 0x0A06->0x1104 0x4910 [0m
[37m[5.754][linker]-[Debug]-[DjiProtocol_v1Unpack:215) <0x6129>V1-Recv: 0x1104->0x0A06 0x4910 [0m
[37m[5.755][linker]-[Debug]-[DjiCommand_RecvWork:1066)  <0x6129>Receive msg from linker, 0x1104->0x0A06 0x4910 len:1 [0m
[37m[5.755][linker]-[Debug]-[DjiCommand_SendSyncCallback:1014) PsdkCommand_SendSyncCallback success [0m
[37m[5.755][linker]-[Debug]-[DjiCommand_DealCmd:830) callback function (cmdset: 0x49 cmdid: 0x10) deal time: 0 ms [0m
[37m[5.755][linker]-[Debug]-[DjiCommand_SendSync:553) sendSync callback success [0m
[37m[5.755][linker]-[Debug]-[DjiProtocol_v1Pack:123) <0x612a>V1-Send: 0x0A06->0x1104 0x4910 [0m
[37m[5.773][linker]-[Debug]-[DjiProtocol_v1Unpack:215) <0x406f>V1-Recv: 0x0300->0x0A06 0x221B [0m
[37m[5.773][linker]-[Debug]-[DjiProtocol_v1Unpack:215) <0x612a>V1-Recv: 0x1104->0x0A06 0x4910 [0m
[37m[5.774][linker]-[Debug]-[DjiCommand_RecvWork:1066)  <0x406f>Receive msg from linker, 0x0300->0x0A06 0x221B len:9 [0m
[37m[5.774][linker]-[Debug]-[DjiCommand_DealCmd:919) received unsupport request cmd that noneed ack, <0x406f> cmdset: 0x22 cmdid: 0x1B [0m
[37m[5.775][linker]-[Debug]-[DjiCommand_RecvWork:1066)  <0x612a>Receive msg from linker, 0x1104->0x0A06 0x4910 len:1 [0m
[37m[5.775][linker]-[Debug]-[DjiCommand_SendSyncCallback:1014) PsdkCommand_SendSyncCallback success [0m
[37m[5.775][linker]-[Debug]-[DjiCommand_DealCmd:830) callback function (cmdset: 0x49 cmdid: 0x10) deal time: 0 ms [0m
[37m[5.775][linker]-[Debug]-[DjiCommand_SendSync:553) sendSync callback success [0m
[37m[5.815][linker]-[Debug]-[DjiProtocol_v1Unpack:215) <0x40b2>V1-Recv: 0x0300->0x0A06 0x036C [0m
[37m[5.815][linker]-[Debug]-[DjiCommand_RecvWork:1066)  <0x40b2>Receive msg from linker, 0x0300->0x0A06 0x036C len:71 [0m
[37m[5.815][linker]-[Debug]-[DjiCommand_DealCmd:919) received unsupport request cmd that noneed ack, <0x40b2> cmdset: 0x03 cmdid: 0x6C [0m
[37m[5.832][linker]-[Debug]-[DjiProtocol_v1Unpack:215) <0x40d9>V1-Recv: 0x0306->0x0A06 0x03C1 [0m
[37m[5.832][linker]-[Debug]-[DjiCommand_RecvWork:1066)  <0x40d9>Receive msg from linker, 0x0306->0x0A06 0x03C1 len:13 [0m
[37m[5.832][linker]-[Debug]-[DjiCommand_DealCmd:919) received unsupport request cmd that noneed ack, <0x40d9> cmdset: 0x03 cmdid: 0xC1 [0m
[37m[5.834][linker]-[Debug]-[DjiProtocol_v1Unpack:215) <0x40de>V1-Recv: 0x0300->0x0A06 0x4900 [0m
[37m[5.835][linker]-[Debug]-[DjiCommand_RecvWork:1066)  <0x40de>Receive msg from linker, 0x0300->0x0A06 0x4900 len:14 [0m
[37m[5.835][linker]-[Debug]-[DjiCommand_DealCmd:919) received unsupport request cmd that need ack, <0x40de> cmdset: 0x49 cmdid: 0x00 [0m
[37m[5.837][linker]-[Debug]-[DjiProtocol_v1Unpack:215) <0x5c4>V1-Recv: 0x0800->0x0A06 0x0866 [0m
[37m[5.838][linker]-[Debug]-[DjiCommand_RecvWork:1066)  <0x5c4>Receive msg from linker, 0x0800->0x0A06 0x0866 len:17 [0m
[37m[5.838][linker]-[Debug]-[DjiCommand_DealCmd:919) received unsupport request cmd that noneed ack, <0x5c4> cmdset: 0x08 cmdid: 0x66 [0m
[37m[5.872][linker]-[Debug]-[DjiProtocol_v1Unpack:215) <0x412d>V1-Recv: 0x0300->0x0A06 0x221B [0m
[37m[5.873][linker]-[Debug]-[DjiCommand_RecvWork:1066)  <0x412d>Receive msg from linker, 0x0300->0x0A06 0x221B len:9 [0m
[37m[5.873][linker]-[Debug]-[DjiCommand_DealCmd:919) received unsupport request cmd that noneed ack, <0x412d> cmdset: 0x22 cmdid: 0x1B [0m
[37m[5.915][linker]-[Debug]-[DjiProtocol_v1Unpack:215) <0x4173>V1-Recv: 0x0300->0x0A06 0x036C [0m
[37m[5.916][linker]-[Debug]-[DjiCommand_RecvWork:1066)  <0x4173>Receive msg from linker, 0x0300->0x0A06 0x036C len:71 [0m
[37m[5.916][linker]-[Debug]-[DjiCommand_DealCmd:919) received unsupport request cmd that noneed ack, <0x4173> cmdset: 0x03 cmdid: 0x6C [0m
[37m[5.932][linker]-[Debug]-[DjiProtocol_v1Unpack:215) <0x4197>V1-Recv: 0x0306->0x0A06 0x03C1 [0m
[37m[5.933][linker]-[Debug]-[DjiCommand_RecvWork:1066)  <0x4197>Receive msg from linker, 0x0306->0x0A06 0x03C1 len:13 [0m
[37m[5.933][linker]-[Debug]-[DjiCommand_DealCmd:919) received unsupport request cmd that noneed ack, <0x4197> cmdset: 0x03 cmdid: 0xC1 [0m
[37m[5.933][linker]-[Debug]-[DjiProtocol_v1Unpack:215) <0x419a>V1-Recv: 0x0300->0x0A06 0x4900 [0m
[37m[5.934][linker]-[Debug]-[DjiCommand_RecvWork:1066)  <0x419a>Receive msg from linker, 0x0300->0x0A06 0x4900 len:14 [0m
[37m[5.934][linker]-[Debug]-[DjiCommand_DealCmd:919) received unsupport request cmd that need ack, <0x419a> cmdset: 0x49 cmdid: 0x00 [0m
[37m[5.972][linker]-[Debug]-[DjiProtocol_v1Unpack:215) <0x41e0>V1-Recv: 0x0300->0x0A06 0x221B [0m
[37m[5.973][linker]-[Debug]-[DjiCommand_RecvWork:1066)  <0x41e0>Receive msg from linker, 0x0300->0x0A06 0x221B len:9 [0m
[37m[5.973][linker]-[Debug]-[DjiCommand_DealCmd:919) received unsupport request cmd that noneed ack, <0x41e0> cmdset: 0x22 cmdid: 0x1B [0m
[37m[5.975][linker]-[Debug]-[DjiProtocol_v1Pack:123) <0x612b>V1-Send: 0x0A06->0x1104 0x4910 [0m
[37m[5.995][linker]-[Debug]-[DjiProtocol_v1Unpack:215) <0x4208>V1-Recv: 0x0300->0x0A06 0x0F74 [0m
[37m[5.995][linker]-[Debug]-[DjiProtocol_v1Unpack:215) <0x420b>V1-Recv: 0x0300->0x0100 0x0406 [0m
[37m[5.995][linker]-[Debug]-[DjiProtocol_v1Unpack:215) <0x420c>V1-Recv: 0x0300->0x0100 0x0407 [0m
[37m[5.996][linker]-[Debug]-[DjiCommand_RecvWork:1066)  <0x4208>Receive msg from linker, 0x0300->0x0A06 0x0F74 len:28 [0m
[37m[5.996][linker]-[Debug]-[DjiCommand_DealCmd:919) received unsupport request cmd that noneed ack, <0x4208> cmdset: 0x0F cmdid: 0x74 [0m
[37m[5.997][linker]-[Debug]-[DjiCommand_RecvWork:1066)  <0x420b>Receive msg from linker, 0x0300->0x0100 0x0406 len:12 [0m
[37m[5.997][linker]-[Debug]-[DjiCommand_DealCmd:919) received unsupport request cmd that noneed ack, <0x420b> cmdset: 0x04 cmdid: 0x06 [0m
[37m[5.998][linker]-[Debug]-[DjiCommand_RecvWork:1066)  <0x420c>Receive msg from linker, 0x0300->0x0100 0x0407 len:1 [0m
[37m[5.998][linker]-[Debug]-[DjiCommand_DealCmd:919) received unsupport request cmd that noneed ack, <0x420c> cmdset: 0x04 cmdid: 0x07 [0m
[37m[5.999][linker]-[Debug]-[DjiProtocol_v1Unpack:215) <0x612b>V1-Recv: 0x1104->0x0A06 0x4910 [0m
[37m[6.000][linker]-[Debug]-[DjiCommand_RecvWork:1066)  <0x612b>Receive msg from linker, 0x1104->0x0A06 0x4910 len:1 [0m
[37m[6.000][linker]-[Debug]-[DjiCommand_SendSyncCallback:1014) PsdkCommand_SendSyncCallback success [0m
[37m[6.000][linker]-[Debug]-[DjiCommand_DealCmd:830) callback function (cmdset: 0x49 cmdid: 0x10) deal time: 0 ms [0m
[37m[6.000][linker]-[Debug]-[DjiCommand_SendSync:553) sendSync callback success [0m
[37m[6.000][linker]-[Debug]-[DjiProtocol_v1Pack:123) <0x612c>V1-Send: 0x0A06->0x1104 0x4910 [0m
[37m[6.016][linker]-[Debug]-[DjiProtocol_v1Unpack:215) <0x422c>V1-Recv: 0x0300->0x0A06 0x036C [0m
[37m[6.016][linker]-[Debug]-[DjiProtocol_v1Unpack:215) <0x612c>V1-Recv: 0x1104->0x0A06 0x4910 [0m
[37m[6.017][linker]-[Debug]-[DjiCommand_RecvWork:1066)  <0x422c>Receive msg from linker, 0x0300->0x0A06 0x036C len:71 [0m
[37m[6.017][linker]-[Debug]-[DjiCommand_DealCmd:919) received unsupport request cmd that noneed ack, <0x422c> cmdset: 0x03 cmdid: 0x6C [0m
[37m[6.018][linker]-[Debug]-[DjiCommand_RecvWork:1066)  <0x612c>Receive msg from linker, 0x1104->0x0A06 0x4910 len:1 [0m
[37m[6.018][linker]-[Debug]-[DjiCommand_SendSyncCallback:1014) PsdkCommand_SendSyncCallback success [0m
[37m[6.018][linker]-[Debug]-[DjiCommand_DealCmd:830) callback function (cmdset: 0x49 cmdid: 0x10) deal time: 0 ms [0m
[37m[6.018][linker]-[Debug]-[DjiCommand_SendSync:553) sendSync callback success [0m
[37m[6.018][linker]-[Debug]-[DjiProtocol_v1Pack:123) <0x612d>V1-Send: 0x0A06->0x1104 0x4910 [0m
[37m[6.029][linker]-[Debug]-[DjiProtocol_v1Unpack:215) <0x1ec6>V1-Recv: 0x1D07->0x0A06 0x2105 [0m
[37m[6.030][linker]-[Debug]-[DjiCommand_RecvWork:1066)  <0x1ec6>Receive msg from linker, 0x1D07->0x0A06 0x2105 len:1 [0m
[37m[6.030][linker]-[Debug]-[DjiCommand_DealCmd:919) received unsupport request cmd that need ack, <0x1ec6> cmdset: 0x21 cmdid: 0x05 [0m
[37m[6.031][linker]-[Debug]-[DjiProtocol_v1Unpack:215) <0x425a>V1-Recv: 0x0306->0x0A06 0x03C1 [0m
[37m[6.032][linker]-[Debug]-[DjiCommand_RecvWork:1066)  <0x425a>Receive msg from linker, 0x0306->0x0A06 0x03C1 len:13 [0m
[37m[6.032][linker]-[Debug]-[DjiCommand_DealCmd:919) received unsupport request cmd that noneed ack, <0x425a> cmdset: 0x03 cmdid: 0xC1 [0m
[37m[6.035][linker]-[Debug]-[DjiProtocol_v1Unpack:215) <0x612d>V1-Recv: 0x1104->0x0A06 0x4910 [0m
[37m[6.035][linker]-[Debug]-[DjiProtocol_v1Unpack:215) <0x4263>V1-Recv: 0x0300->0x0A06 0x4900 [0m
[37m[6.035][linker]-[Debug]-[DjiCommand_RecvWork:1066)  <0x612d>Receive msg from linker, 0x1104->0x0A06 0x4910 len:1 [0m
[37m[6.035][linker]-[Debug]-[DjiCommand_SendSyncCallback:1014) PsdkCommand_SendSyncCallback success [0m
[37m[6.035][linker]-[Debug]-[DjiCommand_DealCmd:830) callback function (cmdset: 0x49 cmdid: 0x10) deal time: 0 ms [0m
[37m[6.035][linker]-[Debug]-[DjiCommand_SendSync:553) sendSync callback success [0m
[37m[6.035][linker]-[Debug]-[DjiProtocol_v1Pack:123) <0x612e>V1-Send: 0x0A06->0x1104 0x4910 [0m
[37m[6.036][linker]-[Debug]-[DjiCommand_RecvWork:1066)  <0x4263>Receive msg from linker, 0x0300->0x0A06 0x4900 len:14 [0m
[37m[6.036][linker]-[Debug]-[DjiCommand_DealCmd:919) received unsupport request cmd that need ack, <0x4263> cmdset: 0x49 cmdid: 0x00 [0m
[37m[6.054][linker]-[Debug]-[DjiProtocol_v1Unpack:215) <0x612e>V1-Recv: 0x1104->0x0A06 0x4910 [0m
[37m[6.054][linker]-[Debug]-[DjiCommand_RecvWork:1066)  <0x612e>Receive msg from linker, 0x1104->0x0A06 0x4910 len:1 [0m
[37m[6.054][linker]-[Debug]-[DjiCommand_SendSyncCallback:1014) PsdkCommand_SendSyncCallback success [0m
[37m[6.054][linker]-[Debug]-[DjiCommand_DealCmd:830) callback function (cmdset: 0x49 cmdid: 0x10) deal time: 0 ms [0m
[37m[6.054][linker]-[Debug]-[DjiCommand_SendSync:553) sendSync callback success [0m
[37m[6.054][linker]-[Debug]-[DjiProtocol_v1Pack:123) <0x612f>V1-Send: 0x0A06->0x1104 0x4910 [0m
[37m[6.073][linker]-[Debug]-[DjiProtocol_v1Unpack:215) <0x42ae>V1-Recv: 0x0300->0x0A06 0x221B [0m
[37m[6.074][linker]-[Debug]-[DjiCommand_RecvWork:1066)  <0x42ae>Receive msg from linker, 0x0300->0x0A06 0x221B len:9 [0m
[37m[6.074][linker]-[Debug]-[DjiCommand_DealCmd:919) received unsupport request cmd that noneed ack, <0x42ae> cmdset: 0x22 cmdid: 0x1B [0m
[37m[6.074][linker]-[Debug]-[DjiProtocol_v1Unpack:215) <0x612f>V1-Recv: 0x1104->0x0A06 0x4910 [0m
[37m[6.075][linker]-[Debug]-[DjiCommand_RecvWork:1066)  <0x612f>Receive msg from linker, 0x1104->0x0A06 0x4910 len:1 [0m
[37m[6.075][linker]-[Debug]-[DjiCommand_SendSyncCallback:1014) PsdkCommand_SendSyncCallback success [0m
[37m[6.075][linker]-[Debug]-[DjiCommand_DealCmd:830) callback function (cmdset: 0x49 cmdid: 0x10) deal time: 0 ms [0m
[37m[6.075][linker]-[Debug]-[DjiCommand_SendSync:553) sendSync callback success [0m
[37m[6.075][linker]-[Debug]-[DjiProtocol_v1Pack:123) <0x6130>V1-Send: 0x0A06->0x1104 0x4910 [0m
[37m[6.087][linker]-[Debug]-[DjiProtocol_v1Unpack:215) <0x5c5>V1-Recv: 0x0800->0x0A06 0x0866 [0m
[37m[6.088][linker]-[Debug]-[DjiCommand_RecvWork:1066)  <0x5c5>Receive msg from linker, 0x0800->0x0A06 0x0866 len:17 [0m
[37m[6.088][linker]-[Debug]-[DjiCommand_DealCmd:919) received unsupport request cmd that noneed ack, <0x5c5> cmdset: 0x08 cmdid: 0x66 [0m
[37m[6.094][linker]-[Debug]-[DjiProtocol_v1Unpack:215) <0x6130>V1-Recv: 0x1104->0x0A06 0x4910 [0m
[37m[6.094][linker]-[Debug]-[DjiCommand_RecvWork:1066)  <0x6130>Receive msg from linker, 0x1104->0x0A06 0x4910 len:1 [0m
[37m[6.094][linker]-[Debug]-[DjiCommand_SendSyncCallback:1014) PsdkCommand_SendSyncCallback success [0m
[37m[6.094][linker]-[Debug]-[DjiCommand_DealCmd:830) callback function (cmdset: 0x49 cmdid: 0x10) deal time: 0 ms [0m
[37m[6.094][linker]-[Debug]-[DjiCommand_SendSync:553) sendSync callback success [0m
[37m[6.115][linker]-[Debug]-[DjiProtocol_v1Unpack:215) <0x42fa>V1-Recv: 0x0300->0x0A06 0x036C [0m
[37m[6.115][linker]-[Debug]-[DjiCommand_RecvWork:1066)  <0x42fa>Receive msg from linker, 0x0300->0x0A06 0x036C len:71 [0m
[37m[6.115][linker]-[Debug]-[DjiCommand_DealCmd:919) received unsupport request cmd that noneed ack, <0x42fa> cmdset: 0x03 cmdid: 0x6C [0m
[37m[6.132][linker]-[Debug]-[DjiProtocol_v1Unpack:215) <0x431c>V1-Recv: 0x0306->0x0A06 0x03C1 [0m
[37m[6.132][linker]-[Debug]-[DjiCommand_RecvWork:1066)  <0x431c>Receive msg from linker, 0x0306->0x0A06 0x03C1 len:13 [0m
[37m[6.132][linker]-[Debug]-[DjiCommand_DealCmd:919) received unsupport request cmd that noneed ack, <0x431c> cmdset: 0x03 cmdid: 0xC1 [0m
[37m[6.134][linker]-[Debug]-[DjiProtocol_v1Unpack:215) <0x4320>V1-Recv: 0x0300->0x0A06 0x4900 [0m
[37m[6.134][linker]-[Debug]-[DjiCommand_RecvWork:1066)  <0x4320>Receive msg from linker, 0x0300->0x0A06 0x4900 len:14 [0m
[37m[6.134][linker]-[Debug]-[DjiCommand_DealCmd:919) received unsupport request cmd that need ack, <0x4320> cmdset: 0x49 cmdid: 0x00 [0m
[37m[6.172][linker]-[Debug]-[DjiProtocol_v1Unpack:215) <0x4369>V1-Recv: 0x0300->0x0A06 0x221B [0m
[37m[6.173][linker]-[Debug]-[DjiCommand_RecvWork:1066)  <0x4369>Receive msg from linker, 0x0300->0x0A06 0x221B len:9 [0m
[37m[6.173][linker]-[Debug]-[DjiCommand_DealCmd:919) received unsupport request cmd that noneed ack, <0x4369> cmdset: 0x22 cmdid: 0x1B [0m
[37m[6.215][linker]-[Debug]-[DjiProtocol_v1Unpack:215) <0x43a7>V1-Recv: 0x0300->0x0A06 0x036C [0m
[37m[6.216][linker]-[Debug]-[DjiCommand_RecvWork:1066)  <0x43a7>Receive msg from linker, 0x0300->0x0A06 0x036C len:71 [0m
[37m[6.216][linker]-[Debug]-[DjiCommand_DealCmd:919) received unsupport request cmd that noneed ack, <0x43a7> cmdset: 0x03 cmdid: 0x6C [0m
[37m[6.232][linker]-[Debug]-[DjiProtocol_v1Unpack:215) <0x43cd>V1-Recv: 0x0306->0x0A06 0x03C1 [0m
[37m[6.233][linker]-[Debug]-[DjiCommand_RecvWork:1066)  <0x43cd>Receive msg from linker, 0x0306->0x0A06 0x03C1 len:13 [0m
[37m[6.233][linker]-[Debug]-[DjiCommand_DealCmd:919) received unsupport request cmd that noneed ack, <0x43cd> cmdset: 0x03 cmdid: 0xC1 [0m
[37m[6.234][linker]-[Debug]-[DjiProtocol_v1Unpack:215) <0x43d3>V1-Recv: 0x0300->0x0A06 0x4900 [0m
[37m[6.235][linker]-[Debug]-[DjiCommand_RecvWork:1066)  <0x43d3>Receive msg from linker, 0x0300->0x0A06 0x4900 len:14 [0m
[37m[6.235][linker]-[Debug]-[DjiCommand_DealCmd:919) received unsupport request cmd that need ack, <0x43d3> cmdset: 0x49 cmdid: 0x00 [0m
[37m[6.273][linker]-[Debug]-[DjiProtocol_v1Unpack:215) <0x4422>V1-Recv: 0x0300->0x0A06 0x221B [0m
[37m[6.273][linker]-[Debug]-[DjiCommand_RecvWork:1066)  <0x4422>Receive msg from linker, 0x0300->0x0A06 0x221B len:9 [0m
[37m[6.274][linker]-[Debug]-[DjiCommand_DealCmd:919) received unsupport request cmd that noneed ack, <0x4422> cmdset: 0x22 cmdid: 0x1B [0m
[37m[6.294][linker]-[Debug]-[DjiProtocol_v1Pack:123) <0x6131>V1-Send: 0x0A06->0x1104 0x4910 [0m
[37m[6.316][linker]-[Debug]-[DjiProtocol_v1Unpack:215) <0x4469>V1-Recv: 0x0300->0x0A06 0x036C [0m
[37m[6.316][linker]-[Debug]-[DjiProtocol_v1Unpack:215) <0x6131>V1-Recv: 0x1104->0x0A06 0x4910 [0m
[37m[6.317][linker]-[Debug]-[DjiCommand_RecvWork:1066)  <0x4469>Receive msg from linker, 0x0300->0x0A06 0x036C len:71 [0m
[37m[6.317][linker]-[Debug]-[DjiCommand_DealCmd:919) received unsupport request cmd that noneed ack, <0x4469> cmdset: 0x03 cmdid: 0x6C [0m
[37m[6.318][linker]-[Debug]-[DjiCommand_RecvWork:1066)  <0x6131>Receive msg from linker, 0x1104->0x0A06 0x4910 len:1 [0m
[37m[6.318][linker]-[Debug]-[DjiCommand_SendSyncCallback:1014) PsdkCommand_SendSyncCallback success [0m
[37m[6.318][linker]-[Debug]-[DjiCommand_DealCmd:830) callback function (cmdset: 0x49 cmdid: 0x10) deal time: 0 ms [0m
[37m[6.318][linker]-[Debug]-[DjiCommand_SendSync:553) sendSync callback success [0m
[37m[6.318][linker]-[Debug]-[DjiProtocol_v1Pack:123) <0x6132>V1-Send: 0x0A06->0x1104 0x4910 [0m
[37m[6.332][linker]-[Debug]-[DjiProtocol_v1Unpack:215) <0x448c>V1-Recv: 0x0306->0x0A06 0x03C1 [0m
[37m[6.332][linker]-[Debug]-[DjiCommand_RecvWork:1066)  <0x448c>Receive msg from linker, 0x0306->0x0A06 0x03C1 len:13 [0m
[37m[6.332][linker]-[Debug]-[DjiCommand_DealCmd:919) received unsupport request cmd that noneed ack, <0x448c> cmdset: 0x03 cmdid: 0xC1 [0m
[37m[6.335][linker]-[Debug]-[DjiProtocol_v1Unpack:215) <0x448f>V1-Recv: 0x0300->0x0A06 0x4900 [0m
[37m[6.335][linker]-[Debug]-[DjiProtocol_v1Unpack:215) <0x6132>V1-Recv: 0x1104->0x0A06 0x4910 [0m
[37m[6.335][linker]-[Debug]-[DjiCommand_RecvWork:1066)  <0x448f>Receive msg from linker, 0x0300->0x0A06 0x4900 len:14 [0m
[37m[6.335][linker]-[Debug]-[DjiCommand_DealCmd:919) received unsupport request cmd that need ack, <0x448f> cmdset: 0x49 cmdid: 0x00 [0m
[37m[6.336][linker]-[Debug]-[DjiCommand_RecvWork:1066)  <0x6132>Receive msg from linker, 0x1104->0x0A06 0x4910 len:1 [0m
[37m[6.336][linker]-[Debug]-[DjiCommand_SendSyncCallback:1014) PsdkCommand_SendSyncCallback success [0m
[37m[6.336][linker]-[Debug]-[DjiCommand_DealCmd:830) callback function (cmdset: 0x49 cmdid: 0x10) deal time: 0 ms [0m
[37m[6.337][linker]-[Debug]-[DjiCommand_SendSync:553) sendSync callback success [0m
[37m[6.337][linker]-[Debug]-[DjiProtocol_v1Pack:123) <0x6133>V1-Send: 0x0A06->0x1104 0x4910 [0m
[37m[6.337][linker]-[Debug]-[DjiProtocol_v1Unpack:215) <0x5c6>V1-Recv: 0x0800->0x0A06 0x0866 [0m
[37m[6.338][linker]-[Debug]-[DjiCommand_RecvWork:1066)  <0x5c6>Receive msg from linker, 0x0800->0x0A06 0x0866 len:17 [0m
[37m[6.338][linker]-[Debug]-[DjiCommand_DealCmd:919) received unsupport request cmd that noneed ack, <0x5c6> cmdset: 0x08 cmdid: 0x66 [0m
[37m[6.356][linker]-[Debug]-[DjiProtocol_v1Unpack:215) <0x6133>V1-Recv: 0x1104->0x0A06 0x4910 [0m
[37m[6.357][linker]-[Debug]-[DjiCommand_RecvWork:1066)  <0x6133>Receive msg from linker, 0x1104->0x0A06 0x4910 len:1 [0m
[37m[6.357][linker]-[Debug]-[DjiCommand_SendSyncCallback:1014) PsdkCommand_SendSyncCallback success [0m
[37m[6.357][linker]-[Debug]-[DjiCommand_DealCmd:830) callback function (cmdset: 0x49 cmdid: 0x10) deal time: 0 ms [0m
[37m[6.357][linker]-[Debug]-[DjiCommand_SendSync:553) sendSync callback success [0m
[37m[6.357][linker]-[Debug]-[DjiProtocol_v1Pack:123) <0x6134>V1-Send: 0x0A06->0x1104 0x4910 [0m
[37m[6.373][linker]-[Debug]-[DjiProtocol_v1Unpack:215) <0x44d5>V1-Recv: 0x0300->0x0A06 0x221B [0m
[37m[6.374][linker]-[Debug]-[DjiCommand_RecvWork:1066)  <0x44d5>Receive msg from linker, 0x0300->0x0A06 0x221B len:9 [0m
[37m[6.374][linker]-[Debug]-[DjiCommand_DealCmd:919) received unsupport request cmd that noneed ack, <0x44d5> cmdset: 0x22 cmdid: 0x1B [0m
[37m[6.374][linker]-[Debug]-[DjiProtocol_v1Unpack:215) <0x6134>V1-Recv: 0x1104->0x0A06 0x4910 [0m
[37m[6.375][linker]-[Debug]-[DjiCommand_RecvWork:1066)  <0x6134>Receive msg from linker, 0x1104->0x0A06 0x4910 len:1 [0m
[37m[6.375][linker]-[Debug]-[DjiCommand_SendSyncCallback:1014) PsdkCommand_SendSyncCallback success [0m
[37m[6.375][linker]-[Debug]-[DjiCommand_DealCmd:830) callback function (cmdset: 0x49 cmdid: 0x10) deal time: 0 ms [0m
[37m[6.375][linker]-[Debug]-[DjiCommand_SendSync:553) sendSync callback success [0m
[37m[6.375][linker]-[Debug]-[DjiProtocol_v1Pack:123) <0x6135>V1-Send: 0x0A06->0x1104 0x4910 [0m
[37m[6.393][linker]-[Debug]-[DjiProtocol_v1Unpack:215) <0x6135>V1-Recv: 0x1104->0x0A06 0x4910 [0m
[37m[6.394][linker]-[Debug]-[DjiCommand_RecvWork:1066)  <0x6135>Receive msg from linker, 0x1104->0x0A06 0x4910 len:1 [0m
[37m[6.394][linker]-[Debug]-[DjiCommand_SendSyncCallback:1014) PsdkCommand_SendSyncCallback success [0m
[37m[6.394][linker]-[Debug]-[DjiCommand_DealCmd:830) callback function (cmdset: 0x49 cmdid: 0x10) deal time: 0 ms [0m
[37m[6.394][linker]-[Debug]-[DjiCommand_SendSync:553) sendSync callback success [0m
[37m[6.394][linker]-[Debug]-[DjiProtocol_v1Pack:123) <0x6136>V1-Send: 0x0A06->0x1104 0x4910 [0m
[37m[6.416][linker]-[Debug]-[DjiProtocol_v1Unpack:215) <0x451a>V1-Recv: 0x0300->0x0A06 0x036C [0m
[37m[6.416][linker]-[Debug]-[DjiProtocol_v1Unpack:215) <0x6136>V1-Recv: 0x1104->0x0A06 0x4910 [0m
[37m[6.416][linker]-[Debug]-[DjiCommand_RecvWork:1066)  <0x451a>Receive msg from linker, 0x0300->0x0A06 0x036C len:71 [0m
[37m[6.417][linker]-[Debug]-[DjiCommand_DealCmd:919) received unsupport request cmd that noneed ack, <0x451a> cmdset: 0x03 cmdid: 0x6C [0m
[37m[6.418][linker]-[Debug]-[DjiCommand_RecvWork:1066)  <0x6136>Receive msg from linker, 0x1104->0x0A06 0x4910 len:1 [0m
[37m[6.418][linker]-[Debug]-[DjiCommand_SendSyncCallback:1014) PsdkCommand_SendSyncCallback success [0m
[37m[6.418][linker]-[Debug]-[DjiCommand_DealCmd:830) callback function (cmdset: 0x49 cmdid: 0x10) deal time: 0 ms [0m
[37m[6.418][linker]-[Debug]-[DjiCommand_SendSync:553) sendSync callback success [0m
[37m[6.432][linker]-[Debug]-[DjiProtocol_v1Unpack:215) <0x4541>V1-Recv: 0x0306->0x0A06 0x03C1 [0m
[37m[6.433][linker]-[Debug]-[DjiCommand_RecvWork:1066)  <0x4541>Receive msg from linker, 0x0306->0x0A06 0x03C1 len:13 [0m
[37m[6.433][linker]-[Debug]-[DjiCommand_DealCmd:919) received unsupport request cmd that noneed ack, <0x4541> cmdset: 0x03 cmdid: 0xC1 [0m
[37m[6.434][linker]-[Debug]-[DjiProtocol_v1Unpack:215) <0x4551>V1-Recv: 0x0300->0x0A06 0x4900 [0m
[37m[6.435][linker]-[Debug]-[DjiCommand_RecvWork:1066)  <0x4551>Receive msg from linker, 0x0300->0x0A06 0x4900 len:14 [0m
[37m[6.435][linker]-[Debug]-[DjiCommand_DealCmd:919) received unsupport request cmd that need ack, <0x4551> cmdset: 0x49 cmdid: 0x00 [0m
[37m[6.449][utils]-[Debug]-[DjiCore_RootTask:131) work execution time: [0m
[37m[6.449][utils]-[Debug]-[DjiCore_RootTask:132) name	                execution time (ms)	  max execution time (ms) [0m
[37m[6.449][utils]-[Debug]-[DjiCore_RootTask:134) recorderWork                    	0       	1        [0m
[37m[6.449][utils]-[Debug]-[DjiCore_RootTask:134) flowControllerTask              	0       	1        [0m
[37m[6.449][utils]-[Debug]-[DjiCore_RootTask:134) commandTask                     	1       	1        [0m
[37m[6.473][linker]-[Debug]-[DjiProtocol_v1Unpack:215) <0x45a1>V1-Recv: 0x0300->0x0A06 0x221B [0m
[37m[6.473][linker]-[Debug]-[DjiCommand_RecvWork:1066)  <0x45a1>Receive msg from linker, 0x0300->0x0A06 0x221B len:9 [0m
[37m[6.473][linker]-[Debug]-[DjiCommand_DealCmd:919) received unsupport request cmd that noneed ack, <0x45a1> cmdset: 0x22 cmdid: 0x1B [0m
[37m[6.494][linker]-[Debug]-[DjiProtocol_v1Unpack:215) <0x45c9>V1-Recv: 0x0300->0x0100 0x0405 [0m
[37m[6.494][linker]-[Debug]-[DjiCommand_RecvWork:1066)  <0x45c9>Receive msg from linker, 0x0300->0x0100 0x0405 len:22 [0m
[37m[6.494][linker]-[Debug]-[DjiCommand_DealCmd:919) received unsupport request cmd that noneed ack, <0x45c9> cmdset: 0x04 cmdid: 0x05 [0m
[37m[6.516][linker]-[Debug]-[DjiProtocol_v1Unpack:215) <0x45e7>V1-Recv: 0x0300->0x0A06 0x036C [0m
[37m[6.516][linker]-[Debug]-[DjiCommand_RecvWork:1066)  <0x45e7>Receive msg from linker, 0x0300->0x0A06 0x036C len:71 [0m
[37m[6.516][linker]-[Debug]-[DjiCommand_DealCmd:919) received unsupport request cmd that noneed ack, <0x45e7> cmdset: 0x03 cmdid: 0x6C [0m
[37m[6.532][linker]-[Debug]-[DjiProtocol_v1Unpack:215) <0x4609>V1-Recv: 0x0306->0x0A06 0x03C1 [0m
[37m[6.532][linker]-[Debug]-[DjiCommand_RecvWork:1066)  <0x4609>Receive msg from linker, 0x0306->0x0A06 0x03C1 len:13 [0m
[37m[6.532][linker]-[Debug]-[DjiCommand_DealCmd:919) received unsupport request cmd that noneed ack, <0x4609> cmdset: 0x03 cmdid: 0xC1 [0m
[37m[6.534][linker]-[Debug]-[DjiProtocol_v1Unpack:215) <0x460f>V1-Recv: 0x0300->0x0A06 0x4900 [0m
[37m[6.534][linker]-[Debug]-[DjiCommand_RecvWork:1066)  <0x460f>Receive msg from linker, 0x0300->0x0A06 0x4900 len:14 [0m
[37m[6.534][linker]-[Debug]-[DjiCommand_DealCmd:919) received unsupport request cmd that need ack, <0x460f> cmdset: 0x49 cmdid: 0x00 [0m
[37m[6.550][linker]-[Debug]-[DjiProtocol_v1Unpack:215) <0x1d80>V1-Recv: 0x0701->0x0A06 0x0000 [0m
[37m[6.550][linker]-[Debug]-[DjiCommand_RecvWork:1066)  <0x1d80>Receive msg from linker, 0x0701->0x0A06 0x0000 len:16 [0m
[37m[6.550][linker]-[Debug]-[DjiProtocol_v1Pack:123) <0x1d80>V1-Send: 0x0A06->0x0701 0x0000 [0m
[37m[6.573][linker]-[Debug]-[DjiProtocol_v1Unpack:215) <0x4654>V1-Recv: 0x0300->0x0A06 0x221B [0m
[37m[6.573][linker]-[Debug]-[DjiCommand_RecvWork:1066)  <0x4654>Receive msg from linker, 0x0300->0x0A06 0x221B len:9 [0m
[37m[6.573][linker]-[Debug]-[DjiCommand_DealCmd:919) received unsupport request cmd that noneed ack, <0x4654> cmdset: 0x22 cmdid: 0x1B [0m
[37m[6.587][linker]-[Debug]-[DjiProtocol_v1Unpack:215) <0x5c7>V1-Recv: 0x0800->0x0A06 0x0866 [0m
[37m[6.587][linker]-[Debug]-[DjiCommand_RecvWork:1066)  <0x5c7>Receive msg from linker, 0x0800->0x0A06 0x0866 len:17 [0m
[37m[6.587][linker]-[Debug]-[DjiCommand_DealCmd:919) received unsupport request cmd that noneed ack, <0x5c7> cmdset: 0x08 cmdid: 0x66 [0m
[37m[6.616][linker]-[Debug]-[DjiProtocol_v1Unpack:215) <0x4699>V1-Recv: 0x0300->0x0A06 0x036C [0m
[37m[6.616][linker]-[Debug]-[DjiCommand_RecvWork:1066)  <0x4699>Receive msg from linker, 0x0300->0x0A06 0x036C len:71 [0m
[37m[6.616][linker]-[Debug]-[DjiCommand_DealCmd:919) received unsupport request cmd that noneed ack, <0x4699> cmdset: 0x03 cmdid: 0x6C [0m
[37m[6.618][linker]-[Debug]-[DjiProtocol_v1Pack:123) <0x6137>V1-Send: 0x0A06->0x1104 0x4910 [0m
[37m[6.632][linker]-[Debug]-[DjiProtocol_v1Unpack:215) <0x46c2>V1-Recv: 0x0306->0x0A06 0x03C1 [0m
[37m[6.632][linker]-[Debug]-[DjiCommand_RecvWork:1066)  <0x46c2>Receive msg from linker, 0x0306->0x0A06 0x03C1 len:13 [0m
[37m[6.632][linker]-[Debug]-[DjiCommand_DealCmd:919) received unsupport request cmd that noneed ack, <0x46c2> cmdset: 0x03 cmdid: 0xC1 [0m
[37m[6.635][linker]-[Debug]-[DjiProtocol_v1Unpack:215) <0x6137>V1-Recv: 0x1104->0x0A06 0x4910 [0m
[37m[6.635][linker]-[Debug]-[DjiProtocol_v1Unpack:215) <0x46c7>V1-Recv: 0x0300->0x0A06 0x4900 [0m
[37m[6.636][linker]-[Debug]-[DjiCommand_RecvWork:1066)  <0x6137>Receive msg from linker, 0x1104->0x0A06 0x4910 len:1 [0m
[37m[6.636][linker]-[Debug]-[DjiCommand_SendSyncCallback:1014) PsdkCommand_SendSyncCallback success [0m
[37m[6.636][linker]-[Debug]-[DjiCommand_DealCmd:830) callback function (cmdset: 0x49 cmdid: 0x10) deal time: 0 ms [0m
[37m[6.636][linker]-[Debug]-[DjiCommand_SendSync:553) sendSync callback success [0m
[37m[6.636][linker]-[Debug]-[DjiProtocol_v1Pack:123) <0x6138>V1-Send: 0x0A06->0x1104 0x4910 [0m
[37m[6.637][linker]-[Debug]-[DjiCommand_RecvWork:1066)  <0x46c7>Receive msg from linker, 0x0300->0x0A06 0x4900 len:14 [0m
[37m[6.637][linker]-[Debug]-[DjiCommand_DealCmd:919) received unsupport request cmd that need ack, <0x46c7> cmdset: 0x49 cmdid: 0x00 [0m
[37m[6.654][linker]-[Debug]-[DjiProtocol_v1Unpack:215) <0x6138>V1-Recv: 0x1104->0x0A06 0x4910 [0m
[37m[6.655][linker]-[Debug]-[DjiCommand_RecvWork:1066)  <0x6138>Receive msg from linker, 0x1104->0x0A06 0x4910 len:1 [0m
[37m[6.655][linker]-[Debug]-[DjiCommand_SendSyncCallback:1014) PsdkCommand_SendSyncCallback success [0m
[37m[6.655][linker]-[Debug]-[DjiCommand_DealCmd:830) callback function (cmdset: 0x49 cmdid: 0x10) deal time: 0 ms [0m
[37m[6.655][linker]-[Debug]-[DjiCommand_SendSync:553) sendSync callback success [0m
[37m[6.655][linker]-[Debug]-[DjiProtocol_v1Pack:123) <0x6139>V1-Send: 0x0A06->0x1104 0x4910 [0m
[37m[6.672][linker]-[Debug]-[DjiProtocol_v1Unpack:215) <0x4712>V1-Recv: 0x0300->0x0A06 0x221B [0m
[37m[6.672][linker]-[Debug]-[DjiCommand_RecvWork:1066)  <0x4712>Receive msg from linker, 0x0300->0x0A06 0x221B len:9 [0m
[37m[6.672][linker]-[Debug]-[DjiCommand_DealCmd:919) received unsupport request cmd that noneed ack, <0x4712> cmdset: 0x22 cmdid: 0x1B [0m
[37m[6.674][linker]-[Debug]-[DjiProtocol_v1Unpack:215) <0x6139>V1-Recv: 0x1104->0x0A06 0x4910 [0m
[37m[6.675][linker]-[Debug]-[DjiCommand_RecvWork:1066)  <0x6139>Receive msg from linker, 0x1104->0x0A06 0x4910 len:1 [0m
[37m[6.675][linker]-[Debug]-[DjiCommand_SendSyncCallback:1014) PsdkCommand_SendSyncCallback success [0m
[37m[6.675][linker]-[Debug]-[DjiCommand_DealCmd:830) callback function (cmdset: 0x49 cmdid: 0x10) deal time: 0 ms [0m
[37m[6.675][linker]-[Debug]-[DjiCommand_SendSync:553) sendSync callback success [0m
[37m[6.675][linker]-[Debug]-[DjiProtocol_v1Pack:123) <0x613a>V1-Send: 0x0A06->0x1104 0x4910 [0m
[37m[6.697][linker]-[Debug]-[DjiProtocol_v1Unpack:215) <0x4738>V1-Recv: 0x0306->0x0A06 0x03C1 [0m
[37m[6.697][linker]-[Debug]-[DjiProtocol_v1Unpack:215) <0x613a>V1-Recv: 0x1104->0x0A06 0x4910 [0m
[37m[6.697][linker]-[Debug]-[DjiCommand_RecvWork:1066)  <0x4738>Receive msg from linker, 0x0306->0x0A06 0x03C1 len:113 [0m
[37m[6.697][linker]-[Debug]-[DjiCommand_DealCmd:919) received unsupport request cmd that noneed ack, <0x4738> cmdset: 0x03 cmdid: 0xC1 [0m
[37m[6.698][linker]-[Debug]-[DjiCommand_RecvWork:1066)  <0x613a>Receive msg from linker, 0x1104->0x0A06 0x4910 len:1 [0m
[37m[6.698][linker]-[Debug]-[DjiCommand_SendSyncCallback:1014) PsdkCommand_SendSyncCallback success [0m
[37m[6.698][linker]-[Debug]-[DjiCommand_DealCmd:830) callback function (cmdset: 0x49 cmdid: 0x10) deal time: 0 ms [0m
[37m[6.698][linker]-[Debug]-[DjiCommand_SendSync:553) sendSync callback success [0m
[37m[6.698][linker]-[Debug]-[DjiProtocol_v1Pack:123) <0x613b>V1-Send: 0x0A06->0x1104 0x4910 [0m
[37m[6.716][linker]-[Debug]-[DjiProtocol_v1Unpack:215) <0x475a>V1-Recv: 0x0300->0x0A06 0x036C [0m
[37m[6.716][linker]-[Debug]-[DjiProtocol_v1Unpack:215) <0x613b>V1-Recv: 0x1104->0x0A06 0x4910 [0m
[37m[6.716][linker]-[Debug]-[DjiCommand_RecvWork:1066)  <0x475a>Receive msg from linker, 0x0300->0x0A06 0x036C len:71 [0m
[37m[6.716][linker]-[Debug]-[DjiCommand_DealCmd:919) received unsupport request cmd that noneed ack, <0x475a> cmdset: 0x03 cmdid: 0x6C [0m
[37m[6.717][linker]-[Debug]-[DjiCommand_RecvWork:1066)  <0x613b>Receive msg from linker, 0x1104->0x0A06 0x4910 len:1 [0m
[37m[6.717][linker]-[Debug]-[DjiCommand_SendSyncCallback:1014) PsdkCommand_SendSyncCallback success [0m
[37m[6.717][linker]-[Debug]-[DjiCommand_DealCmd:830) callback function (cmdset: 0x49 cmdid: 0x10) deal time: 0 ms [0m
[37m[6.717][linker]-[Debug]-[DjiCommand_SendSync:553) sendSync callback success [0m
[37m[6.717][linker]-[Debug]-[DjiProtocol_v1Pack:123) <0x613c>V1-Send: 0x0A06->0x1104 0x4910 [0m
[37m[6.732][linker]-[Debug]-[DjiProtocol_v1Unpack:215) <0x477f>V1-Recv: 0x0306->0x0A06 0x03C1 [0m
[37m[6.732][linker]-[Debug]-[DjiCommand_RecvWork:1066)  <0x477f>Receive msg from linker, 0x0306->0x0A06 0x03C1 len:13 [0m
[37m[6.732][linker]-[Debug]-[DjiCommand_DealCmd:919) received unsupport request cmd that noneed ack, <0x477f> cmdset: 0x03 cmdid: 0xC1 [0m
[37m[6.734][linker]-[Debug]-[DjiProtocol_v1Unpack:215) <0x4782>V1-Recv: 0x0300->0x0A06 0x4900 [0m
[37m[6.734][linker]-[Debug]-[DjiProtocol_v1Unpack:215) <0x613c>V1-Recv: 0x1104->0x0A06 0x4910 [0m
[37m[6.735][linker]-[Debug]-[DjiCommand_RecvWork:1066)  <0x4782>Receive msg from linker, 0x0300->0x0A06 0x4900 len:14 [0m
[37m[6.735][linker]-[Debug]-[DjiCommand_DealCmd:919) received unsupport request cmd that need ack, <0x4782> cmdset: 0x49 cmdid: 0x00 [0m
[37m[6.736][linker]-[Debug]-[DjiCommand_RecvWork:1066)  <0x613c>Receive msg from linker, 0x1104->0x0A06 0x4910 len:1 [0m
[37m[6.736][linker]-[Debug]-[DjiCommand_SendSyncCallback:1014) PsdkCommand_SendSyncCallback success [0m
[37m[6.736][linker]-[Debug]-[DjiCommand_DealCmd:830) callback function (cmdset: 0x49 cmdid: 0x10) deal time: 0 ms [0m
[37m[6.736][linker]-[Debug]-[DjiCommand_SendSync:553) sendSync callback success [0m
[37m[6.773][linker]-[Debug]-[DjiProtocol_v1Unpack:215) <0x47c8>V1-Recv: 0x0300->0x0A06 0x221B [0m
[37m[6.773][linker]-[Debug]-[DjiCommand_RecvWork:1066)  <0x47c8>Receive msg from linker, 0x0300->0x0A06 0x221B len:9 [0m
[37m[6.773][linker]-[Debug]-[DjiCommand_DealCmd:919) received unsupport request cmd that noneed ack, <0x47c8> cmdset: 0x22 cmdid: 0x1B [0m
[37m[6.816][linker]-[Debug]-[DjiProtocol_v1Unpack:215) <0x480e>V1-Recv: 0x0300->0x0A06 0x036C [0m
[37m[6.817][linker]-[Debug]-[DjiCommand_RecvWork:1066)  <0x480e>Receive msg from linker, 0x0300->0x0A06 0x036C len:71 [0m
[37m[6.817][linker]-[Debug]-[DjiCommand_DealCmd:919) received unsupport request cmd that noneed ack, <0x480e> cmdset: 0x03 cmdid: 0x6C [0m
[37m[6.832][linker]-[Debug]-[DjiProtocol_v1Unpack:215) <0x4837>V1-Recv: 0x0306->0x0A06 0x03C1 [0m
[37m[6.833][linker]-[Debug]-[DjiCommand_RecvWork:1066)  <0x4837>Receive msg from linker, 0x0306->0x0A06 0x03C1 len:13 [0m
[37m[6.833][linker]-[Debug]-[DjiCommand_DealCmd:919) received unsupport request cmd that noneed ack, <0x4837> cmdset: 0x03 cmdid: 0xC1 [0m
[37m[6.834][linker]-[Debug]-[DjiProtocol_v1Unpack:215) <0x483c>V1-Recv: 0x0300->0x0A06 0x4900 [0m
[37m[6.835][linker]-[Debug]-[DjiCommand_RecvWork:1066)  <0x483c>Receive msg from linker, 0x0300->0x0A06 0x4900 len:14 [0m
[37m[6.835][linker]-[Debug]-[DjiCommand_DealCmd:919) received unsupport request cmd that need ack, <0x483c> cmdset: 0x49 cmdid: 0x00 [0m
[37m[6.837][linker]-[Debug]-[DjiProtocol_v1Unpack:215) <0x5c8>V1-Recv: 0x0800->0x0A06 0x0866 [0m
[37m[6.838][linker]-[Debug]-[DjiCommand_RecvWork:1066)  <0x5c8>Receive msg from linker, 0x0800->0x0A06 0x0866 len:17 [0m
[37m[6.838][linker]-[Debug]-[DjiCommand_DealCmd:919) received unsupport request cmd that noneed ack, <0x5c8> cmdset: 0x08 cmdid: 0x66 [0m
[37m[6.873][linker]-[Debug]-[DjiProtocol_v1Unpack:215) <0x4888>V1-Recv: 0x0300->0x0A06 0x221B [0m
[37m[6.874][linker]-[Debug]-[DjiCommand_RecvWork:1066)  <0x4888>Receive msg from linker, 0x0300->0x0A06 0x221B len:9 [0m
[37m[6.874][linker]-[Debug]-[DjiCommand_DealCmd:919) received unsupport request cmd that noneed ack, <0x4888> cmdset: 0x22 cmdid: 0x1B [0m
[37m[6.916][linker]-[Debug]-[DjiProtocol_v1Unpack:215) <0x48ca>V1-Recv: 0x0300->0x0A06 0x036C [0m
[37m[6.917][linker]-[Debug]-[DjiCommand_RecvWork:1066)  <0x48ca>Receive msg from linker, 0x0300->0x0A06 0x036C len:71 [0m
[37m[6.917][linker]-[Debug]-[DjiCommand_DealCmd:919) received unsupport request cmd that noneed ack, <0x48ca> cmdset: 0x03 cmdid: 0x6C [0m
[37m[6.932][linker]-[Debug]-[DjiProtocol_v1Unpack:215) <0x48ef>V1-Recv: 0x0306->0x0A06 0x03C1 [0m
[37m[6.933][linker]-[Debug]-[DjiCommand_RecvWork:1066)  <0x48ef>Receive msg from linker, 0x0306->0x0A06 0x03C1 len:13 [0m
[37m[6.933][linker]-[Debug]-[DjiCommand_DealCmd:919) received unsupport request cmd that noneed ack, <0x48ef> cmdset: 0x03 cmdid: 0xC1 [0m
[37m[6.934][linker]-[Debug]-[DjiProtocol_v1Unpack:215) <0x48f2>V1-Recv: 0x0300->0x0A06 0x4900 [0m
[37m[6.935][linker]-[Debug]-[DjiCommand_RecvWork:1066)  <0x48f2>Receive msg from linker, 0x0300->0x0A06 0x4900 len:14 [0m
[37m[6.935][linker]-[Debug]-[DjiCommand_DealCmd:919) received unsupport request cmd that need ack, <0x48f2> cmdset: 0x49 cmdid: 0x00 [0m
[37m[6.936][linker]-[Debug]-[DjiCommand_RegRecvCmdHandler:674) Reg command handle list success, index:2 [0m
[37m[6.936][linker]-[Debug]-[DjiCommand_RegRecvCmdHandler:674) Reg command handle list success, index:3 [0m
[37m[6.936][linker]-[Debug]-[DjiProtocol_v1Pack:123) <0x613d>V1-Send: 0x0A06->0x0306 0x3C40 [0m
[32m[6.936][core]-[Info]-[DjiIdentityVerify_UpdatePolicy:474) Updating dji sdk policy file... [0m
[37m[6.937][linker]-[Debug]-[DjiProtocol_v1Pack:123) <0x613e>V1-Send: 0x0A06->0x1D01 0x00F0 [0m
[37m[6.952][linker]-[Debug]-[DjiProtocol_v1Unpack:215) <0x613d>V1-Recv: 0x0306->0x0A06 0x3C40 [0m
[37m[6.953][linker]-[Debug]-[DjiCommand_RecvWork:1066)  <0x613d>Receive msg from linker, 0x0306->0x0A06 0x3C40 len:4 [0m
[37m[6.953][auth]-[Debug]-[DjiIdentityVerify_RequestUpdatePolicyAsyncCallback:429) request update policy file success [0m
[37m[6.953][linker]-[Debug]-[DjiCommand_DealCmd:830) callback function (cmdset: 0x3C cmdid: 0x40) deal time: 0 ms [0m
[37m[6.954][linker]-[Debug]-[DjiProtocol_v1Unpack:215) <0x0a>V1-Recv: 0x0801->0x0A06 0x3C40 [0m
[37m[6.954][linker]-[Debug]-[DjiCommand_RecvWork:1066)  <0x0a>Receive msg from linker, 0x0801->0x0A06 0x3C40 len:12 [0m
[37m[6.954][auth]-[Debug]-[DjiIdentityVerify_RequestUploadPolicyFileHandle:300) request upload policy file type:0 [0m
[37m[6.954][auth]-[Debug]-[DjiIdentityVerify_RequestUploadPolicyFileHandle:313) upload policy file info md5 checksum and version [0m
[37m[6.954][linker]-[Debug]-[DjiProtocol_v1Pack:123) <0x0a>V1-Send: 0x0A06->0x0801 0x3C40 [0m
[37m[6.972][linker]-[Debug]-[DjiProtocol_v1Unpack:215) <0x4940>V1-Recv: 0x0300->0x0A06 0x221B [0m
[37m[6.973][linker]-[Debug]-[DjiCommand_RecvWork:1066)  <0x4940>Receive msg from linker, 0x0300->0x0A06 0x221B len:9 [0m
[37m[6.973][linker]-[Debug]-[DjiCommand_DealCmd:919) received unsupport request cmd that noneed ack, <0x4940> cmdset: 0x22 cmdid: 0x1B [0m
[37m[6.975][linker]-[Debug]-[DjiProtocol_v1Unpack:215) <0x0b>V1-Recv: 0x0801->0x0A06 0x3C40 [0m
[37m[6.975][linker]-[Debug]-[DjiCommand_RecvWork:1066)  <0x0b>Receive msg from linker, 0x0801->0x0A06 0x3C40 len:12 [0m
[37m[6.975][auth]-[Debug]-[DjiIdentityVerify_RequestUploadPolicyFileHandle:300) request upload policy file type:1 [0m
[37m[6.975][auth]-[Debug]-[DjiIdentityVerify_RequestUploadPolicyFileHandle:332) request upload policy file data: 0 0 200 [0m
[37m[6.975][linker]-[Debug]-[DjiProtocol_v1Pack:123) <0x0b>V1-Send: 0x0A06->0x0801 0x3C40 [0m
[37m[6.996][linker]-[Debug]-[DjiProtocol_v1Unpack:215) <0x4969>V1-Recv: 0x0300->0x0A06 0x0F74 [0m
[37m[6.996][linker]-[Debug]-[DjiProtocol_v1Unpack:215) <0x496c>V1-Recv: 0x0300->0x0100 0x0406 [0m
[37m[6.996][linker]-[Debug]-[DjiProtocol_v1Unpack:215) <0x496d>V1-Recv: 0x0300->0x0100 0x0407 [0m
[37m[6.996][linker]-[Debug]-[DjiProtocol_v1Unpack:215) <0x0c>V1-Recv: 0x0801->0x0A06 0x3C40 [0m
[37m[6.997][linker]-[Debug]-[DjiCommand_RecvWork:1066)  <0x4969>Receive msg from linker, 0x0300->0x0A06 0x0F74 len:28 [0m
[37m[6.997][linker]-[Debug]-[DjiCommand_DealCmd:919) received unsupport request cmd that noneed ack, <0x4969> cmdset: 0x0F cmdid: 0x74 [0m
[37m[6.998][linker]-[Debug]-[DjiCommand_RecvWork:1066)  <0x496c>Receive msg from linker, 0x0300->0x0100 0x0406 len:12 [0m
[37m[6.998][linker]-[Debug]-[DjiCommand_DealCmd:919) received unsupport request cmd that noneed ack, <0x496c> cmdset: 0x04 cmdid: 0x06 [0m
[37m[6.999][linker]-[Debug]-[DjiCommand_RecvWork:1066)  <0x496d>Receive msg from linker, 0x0300->0x0100 0x0407 len:1 [0m
[37m[6.999][linker]-[Debug]-[DjiCommand_DealCmd:919) received unsupport request cmd that noneed ack, <0x496d> cmdset: 0x04 cmdid: 0x07 [0m
[37m[7.000][linker]-[Debug]-[DjiCommand_RecvWork:1066)  <0x0c>Receive msg from linker, 0x0801->0x0A06 0x3C40 len:12 [0m
[37m[7.000][auth]-[Debug]-[DjiIdentityVerify_RequestUploadPolicyFileHandle:300) request upload policy file type:1 [0m
[37m[7.000][auth]-[Debug]-[DjiIdentityVerify_RequestUploadPolicyFileHandle:332) request upload policy file data: 1 200 200 [0m
[37m[7.001][linker]-[Debug]-[DjiProtocol_v1Pack:123) <0x0c>V1-Send: 0x0A06->0x0801 0x3C40 [0m
[37m[7.011][linker]-[Debug]-[DjiProtocol_v1Unpack:215) <0x1ec7>V1-Recv: 0x1D07->0x0A06 0x2105 [0m
[37m[7.011][linker]-[Debug]-[DjiCommand_RecvWork:1066)  <0x1ec7>Receive msg from linker, 0x1D07->0x0A06 0x2105 len:1 [0m
[37m[7.011][linker]-[Debug]-[DjiCommand_DealCmd:919) received unsupport request cmd that need ack, <0x1ec7> cmdset: 0x21 cmdid: 0x05 [0m
[37m[7.016][linker]-[Debug]-[DjiProtocol_v1Unpack:215) <0x498c>V1-Recv: 0x0300->0x0A06 0x036C [0m
[37m[7.016][linker]-[Debug]-[DjiProtocol_v1Unpack:215) <0x0d>V1-Recv: 0x0801->0x0A06 0x3C40 [0m
[37m[7.017][linker]-[Debug]-[DjiCommand_RecvWork:1066)  <0x498c>Receive msg from linker, 0x0300->0x0A06 0x036C len:71 [0m
[37m[7.017][linker]-[Debug]-[DjiCommand_DealCmd:919) received unsupport request cmd that noneed ack, <0x498c> cmdset: 0x03 cmdid: 0x6C [0m
[37m[7.018][linker]-[Debug]-[DjiCommand_RecvWork:1066)  <0x0d>Receive msg from linker, 0x0801->0x0A06 0x3C40 len:12 [0m
[37m[7.018][auth]-[Debug]-[DjiIdentityVerify_RequestUploadPolicyFileHandle:300) request upload policy file type:1 [0m
[37m[7.018][auth]-[Debug]-[DjiIdentityVerify_RequestUploadPolicyFileHandle:332) request upload policy file data: 2 400 111 [0m
[37m[7.018][linker]-[Debug]-[DjiProtocol_v1Pack:123) <0x0d>V1-Send: 0x0A06->0x0801 0x3C40 [0m
[37m[7.031][linker]-[Debug]-[DjiProtocol_v1Unpack:215) <0x49b6>V1-Recv: 0x0306->0x0A06 0x03C1 [0m
[37m[7.032][linker]-[Debug]-[DjiCommand_RecvWork:1066)  <0x49b6>Receive msg from linker, 0x0306->0x0A06 0x03C1 len:13 [0m
[37m[7.032][linker]-[Debug]-[DjiCommand_DealCmd:919) received unsupport request cmd that noneed ack, <0x49b6> cmdset: 0x03 cmdid: 0xC1 [0m
[37m[7.036][linker]-[Debug]-[DjiProtocol_v1Unpack:215) <0x0e>V1-Recv: 0x0801->0x0A06 0x3C40 [0m
[37m[7.036][linker]-[Debug]-[DjiProtocol_v1Unpack:215) <0x49c6>V1-Recv: 0x0300->0x0A06 0x4900 [0m
[37m[7.036][linker]-[Debug]-[DjiCommand_RecvWork:1066)  <0x0e>Receive msg from linker, 0x0801->0x0A06 0x3C40 len:12 [0m
[37m[7.036][auth]-[Debug]-[DjiIdentityVerify_RequestUploadPolicyFileHandle:300) request upload policy file type:2 [0m
[37m[7.036][auth]-[Debug]-[DjiIdentityVerify_RequestUploadPolicyFileHandle:354) request upload policy file success [0m
[37m[7.036][linker]-[Debug]-[DjiProtocol_v1Pack:123) <0x0e>V1-Send: 0x0A06->0x0801 0x3C40 [0m
[37m[7.037][linker]-[Debug]-[DjiCommand_RecvWork:1066)  <0x49c6>Receive msg from linker, 0x0300->0x0A06 0x4900 len:14 [0m
[37m[7.037][linker]-[Debug]-[DjiCommand_DealCmd:919) received unsupport request cmd that need ack, <0x49c6> cmdset: 0x49 cmdid: 0x00 [0m
[37m[7.073][linker]-[Debug]-[DjiProtocol_v1Unpack:215) <0x4a0d>V1-Recv: 0x0300->0x0A06 0x221B [0m
[37m[7.073][linker]-[Debug]-[DjiCommand_RecvWork:1066)  <0x4a0d>Receive msg from linker, 0x0300->0x0A06 0x221B len:9 [0m
[37m[7.073][linker]-[Debug]-[DjiCommand_DealCmd:919) received unsupport request cmd that noneed ack, <0x4a0d> cmdset: 0x22 cmdid: 0x1B [0m
[37m[7.087][linker]-[Debug]-[DjiProtocol_v1Unpack:215) <0x5c9>V1-Recv: 0x0800->0x0A06 0x0866 [0m
[37m[7.087][linker]-[Debug]-[DjiCommand_RecvWork:1066)  <0x5c9>Receive msg from linker, 0x0800->0x0A06 0x0866 len:17 [0m
[37m[7.087][linker]-[Debug]-[DjiCommand_DealCmd:919) received unsupport request cmd that noneed ack, <0x5c9> cmdset: 0x08 cmdid: 0x66 [0m
[37m[7.115][linker]-[Debug]-[DjiProtocol_v1Unpack:215) <0x4a59>V1-Recv: 0x0300->0x0A06 0x036C [0m
[37m[7.116][linker]-[Debug]-[DjiCommand_RecvWork:1066)  <0x4a59>Receive msg from linker, 0x0300->0x0A06 0x036C len:71 [0m
[37m[7.116][linker]-[Debug]-[DjiCommand_DealCmd:919) received unsupport request cmd that noneed ack, <0x4a59> cmdset: 0x03 cmdid: 0x6C [0m
[37m[7.132][linker]-[Debug]-[DjiProtocol_v1Unpack:215) <0x4a82>V1-Recv: 0x0306->0x0A06 0x03C1 [0m
[37m[7.133][linker]-[Debug]-[DjiCommand_RecvWork:1066)  <0x4a82>Receive msg from linker, 0x0306->0x0A06 0x03C1 len:13 [0m
[37m[7.133][linker]-[Debug]-[DjiCommand_DealCmd:919) received unsupport request cmd that noneed ack, <0x4a82> cmdset: 0x03 cmdid: 0xC1 [0m
[37m[7.134][linker]-[Debug]-[DjiProtocol_v1Unpack:215) <0x4a88>V1-Recv: 0x0300->0x0A06 0x4900 [0m
[37m[7.135][linker]-[Debug]-[DjiCommand_RecvWork:1066)  <0x4a88>Receive msg from linker, 0x0300->0x0A06 0x4900 len:14 [0m
[37m[7.135][linker]-[Debug]-[DjiCommand_DealCmd:919) received unsupport request cmd that need ack, <0x4a88> cmdset: 0x49 cmdid: 0x00 [0m
[37m[7.173][linker]-[Debug]-[DjiProtocol_v1Unpack:215) <0x4add>V1-Recv: 0x0300->0x0A06 0x221B [0m
[37m[7.173][linker]-[Debug]-[DjiCommand_RecvWork:1066)  <0x4add>Receive msg from linker, 0x0300->0x0A06 0x221B len:9 [0m
[37m[7.173][linker]-[Debug]-[DjiCommand_DealCmd:919) received unsupport request cmd that noneed ack, <0x4add> cmdset: 0x22 cmdid: 0x1B [0m
[37m[7.215][linker]-[Debug]-[DjiProtocol_v1Unpack:215) <0x4b1e>V1-Recv: 0x0300->0x0A06 0x036C [0m
[37m[7.216][linker]-[Debug]-[DjiCommand_RecvWork:1066)  <0x4b1e>Receive msg from linker, 0x0300->0x0A06 0x036C len:71 [0m
[37m[7.216][linker]-[Debug]-[DjiCommand_DealCmd:919) received unsupport request cmd that noneed ack, <0x4b1e> cmdset: 0x03 cmdid: 0x6C [0m
[37m[7.232][linker]-[Debug]-[DjiProtocol_v1Unpack:215) <0x4b44>V1-Recv: 0x0306->0x0A06 0x03C1 [0m
[37m[7.233][linker]-[Debug]-[DjiCommand_RecvWork:1066)  <0x4b44>Receive msg from linker, 0x0306->0x0A06 0x03C1 len:13 [0m
[37m[7.233][linker]-[Debug]-[DjiCommand_DealCmd:919) received unsupport request cmd that noneed ack, <0x4b44> cmdset: 0x03 cmdid: 0xC1 [0m
[37m[7.234][linker]-[Debug]-[DjiProtocol_v1Unpack:215) <0x4b4e>V1-Recv: 0x0300->0x0A06 0x4900 [0m
[37m[7.235][linker]-[Debug]-[DjiCommand_RecvWork:1066)  <0x4b4e>Receive msg from linker, 0x0300->0x0A06 0x4900 len:14 [0m
[37m[7.235][linker]-[Debug]-[DjiCommand_DealCmd:919) received unsupport request cmd that need ack, <0x4b4e> cmdset: 0x49 cmdid: 0x00 [0m
[37m[7.273][linker]-[Debug]-[DjiProtocol_v1Unpack:215) <0x4b9a>V1-Recv: 0x0300->0x0A06 0x221B [0m
[37m[7.274][linker]-[Debug]-[DjiCommand_RecvWork:1066)  <0x4b9a>Receive msg from linker, 0x0300->0x0A06 0x221B len:9 [0m
[37m[7.274][linker]-[Debug]-[DjiCommand_DealCmd:919) received unsupport request cmd that noneed ack, <0x4b9a> cmdset: 0x22 cmdid: 0x1B [0m
[37m[7.315][linker]-[Debug]-[DjiProtocol_v1Unpack:215) <0x4bde>V1-Recv: 0x0300->0x0A06 0x036C [0m
[37m[7.316][linker]-[Debug]-[DjiCommand_RecvWork:1066)  <0x4bde>Receive msg from linker, 0x0300->0x0A06 0x036C len:71 [0m
[37m[7.316][linker]-[Debug]-[DjiCommand_DealCmd:919) received unsupport request cmd that noneed ack, <0x4bde> cmdset: 0x03 cmdid: 0x6C [0m
[37m[7.331][linker]-[Debug]-[DjiProtocol_v1Unpack:215) <0x4c00>V1-Recv: 0x0306->0x0A06 0x03C1 [0m
[37m[7.332][linker]-[Debug]-[DjiCommand_RecvWork:1066)  <0x4c00>Receive msg from linker, 0x0306->0x0A06 0x03C1 len:13 [0m
[37m[7.332][linker]-[Debug]-[DjiCommand_DealCmd:919) received unsupport request cmd that noneed ack, <0x4c00> cmdset: 0x03 cmdid: 0xC1 [0m
[37m[7.334][linker]-[Debug]-[DjiProtocol_v1Unpack:215) <0x4c03>V1-Recv: 0x0300->0x0A06 0x4900 [0m
[37m[7.334][linker]-[Debug]-[DjiCommand_RecvWork:1066)  <0x4c03>Receive msg from linker, 0x0300->0x0A06 0x4900 len:14 [0m
[37m[7.334][linker]-[Debug]-[DjiCommand_DealCmd:919) received unsupport request cmd that need ack, <0x4c03> cmdset: 0x49 cmdid: 0x00 [0m
[37m[7.337][linker]-[Debug]-[DjiProtocol_v1Unpack:215) <0x5ca>V1-Recv: 0x0800->0x0A06 0x0866 [0m
[37m[7.338][linker]-[Debug]-[DjiCommand_RecvWork:1066)  <0x5ca>Receive msg from linker, 0x0800->0x0A06 0x0866 len:17 [0m
[37m[7.338][linker]-[Debug]-[DjiCommand_DealCmd:919) received unsupport request cmd that noneed ack, <0x5ca> cmdset: 0x08 cmdid: 0x66 [0m
[37m[7.373][linker]-[Debug]-[DjiProtocol_v1Unpack:215) <0x4c4c>V1-Recv: 0x0300->0x0A06 0x221B [0m
[37m[7.374][linker]-[Debug]-[DjiCommand_RecvWork:1066)  <0x4c4c>Receive msg from linker, 0x0300->0x0A06 0x221B len:9 [0m
[37m[7.374][linker]-[Debug]-[DjiCommand_DealCmd:919) received unsupport request cmd that noneed ack, <0x4c4c> cmdset: 0x22 cmdid: 0x1B [0m
[37m[7.415][linker]-[Debug]-[DjiProtocol_v1Unpack:215) <0x4c8f>V1-Recv: 0x0300->0x0A06 0x036C [0m
[37m[7.416][linker]-[Debug]-[DjiCommand_RecvWork:1066)  <0x4c8f>Receive msg from linker, 0x0300->0x0A06 0x036C len:71 [0m
[37m[7.416][linker]-[Debug]-[DjiCommand_DealCmd:919) received unsupport request cmd that noneed ack, <0x4c8f> cmdset: 0x03 cmdid: 0x6C [0m
[37m[7.431][linker]-[Debug]-[DjiProtocol_v1Unpack:215) <0x4cb6>V1-Recv: 0x0306->0x0A06 0x03C1 [0m
[37m[7.432][linker]-[Debug]-[DjiCommand_RecvWork:1066)  <0x4cb6>Receive msg from linker, 0x0306->0x0A06 0x03C1 len:13 [0m
[37m[7.432][linker]-[Debug]-[DjiCommand_DealCmd:919) received unsupport request cmd that noneed ack, <0x4cb6> cmdset: 0x03 cmdid: 0xC1 [0m
[37m[7.435][linker]-[Debug]-[DjiProtocol_v1Unpack:215) <0x4cc6>V1-Recv: 0x0300->0x0A06 0x4900 [0m
[37m[7.436][linker]-[Debug]-[DjiCommand_RecvWork:1066)  <0x4cc6>Receive msg from linker, 0x0300->0x0A06 0x4900 len:14 [0m
[37m[7.436][linker]-[Debug]-[DjiCommand_DealCmd:919) received unsupport request cmd that need ack, <0x4cc6> cmdset: 0x49 cmdid: 0x00 [0m
[37m[7.473][linker]-[Debug]-[DjiProtocol_v1Unpack:215) <0x4d16>V1-Recv: 0x0300->0x0A06 0x221B [0m
[37m[7.474][linker]-[Debug]-[DjiCommand_RecvWork:1066)  <0x4d16>Receive msg from linker, 0x0300->0x0A06 0x221B len:9 [0m
[37m[7.474][linker]-[Debug]-[DjiCommand_DealCmd:919) received unsupport request cmd that noneed ack, <0x4d16> cmdset: 0x22 cmdid: 0x1B [0m
[37m[7.493][linker]-[Debug]-[DjiProtocol_v1Unpack:215) <0x4d3c>V1-Recv: 0x0300->0x0100 0x0405 [0m
[37m[7.494][linker]-[Debug]-[DjiCommand_RecvWork:1066)  <0x4d3c>Receive msg from linker, 0x0300->0x0100 0x0405 len:22 [0m
[37m[7.494][linker]-[Debug]-[DjiCommand_DealCmd:919) received unsupport request cmd that noneed ack, <0x4d3c> cmdset: 0x04 cmdid: 0x05 [0m
[37m[7.515][utils]-[Debug]-[DjiCore_RootTask:131) work execution time: [0m
[37m[7.515][utils]-[Debug]-[DjiCore_RootTask:132) name	                execution time (ms)	  max execution time (ms) [0m
[37m[7.515][utils]-[Debug]-[DjiCore_RootTask:134) recorderWork                    	0       	1        [0m
[37m[7.515][utils]-[Debug]-[DjiCore_RootTask:134) flowControllerTask              	0       	1        [0m
[37m[7.515][utils]-[Debug]-[DjiCore_RootTask:134) commandTask                     	1       	1        [0m
[37m[7.516][linker]-[Debug]-[DjiProtocol_v1Unpack:215) <0x4d5d>V1-Recv: 0x0300->0x0A06 0x036C [0m
[37m[7.517][linker]-[Debug]-[DjiCommand_RecvWork:1066)  <0x4d5d>Receive msg from linker, 0x0300->0x0A06 0x036C len:71 [0m
[37m[7.517][linker]-[Debug]-[DjiCommand_DealCmd:919) received unsupport request cmd that noneed ack, <0x4d5d> cmdset: 0x03 cmdid: 0x6C [0m
[37m[7.532][linker]-[Debug]-[DjiProtocol_v1Unpack:215) <0x4d80>V1-Recv: 0x0306->0x0A06 0x03C1 [0m
[37m[7.533][linker]-[Debug]-[DjiCommand_RecvWork:1066)  <0x4d80>Receive msg from linker, 0x0306->0x0A06 0x03C1 len:13 [0m
[37m[7.533][linker]-[Debug]-[DjiCommand_DealCmd:919) received unsupport request cmd that noneed ack, <0x4d80> cmdset: 0x03 cmdid: 0xC1 [0m
[37m[7.534][linker]-[Debug]-[DjiProtocol_v1Unpack:215) <0x4d83>V1-Recv: 0x0300->0x0A06 0x4900 [0m
[37m[7.535][linker]-[Debug]-[DjiCommand_RecvWork:1066)  <0x4d83>Receive msg from linker, 0x0300->0x0A06 0x4900 len:14 [0m
[37m[7.535][linker]-[Debug]-[DjiCommand_DealCmd:919) received unsupport request cmd that need ack, <0x4d83> cmdset: 0x49 cmdid: 0x00 [0m
[37m[7.550][linker]-[Debug]-[DjiProtocol_v1Unpack:215) <0x1d81>V1-Recv: 0x0701->0x0A06 0x0000 [0m
[37m[7.551][linker]-[Debug]-[DjiCommand_RecvWork:1066)  <0x1d81>Receive msg from linker, 0x0701->0x0A06 0x0000 len:16 [0m
[37m[7.551][linker]-[Debug]-[DjiProtocol_v1Pack:123) <0x1d81>V1-Send: 0x0A06->0x0701 0x0000 [0m
[37m[7.573][linker]-[Debug]-[DjiProtocol_v1Unpack:215) <0x4dc8>V1-Recv: 0x0300->0x0A06 0x221B [0m
[37m[7.574][linker]-[Debug]-[DjiCommand_RecvWork:1066)  <0x4dc8>Receive msg from linker, 0x0300->0x0A06 0x221B len:9 [0m
[37m[7.574][linker]-[Debug]-[DjiCommand_DealCmd:919) received unsupport request cmd that noneed ack, <0x4dc8> cmdset: 0x22 cmdid: 0x1B [0m
[37m[7.587][linker]-[Debug]-[DjiProtocol_v1Unpack:215) <0x5cb>V1-Recv: 0x0800->0x0A06 0x0866 [0m
[37m[7.588][linker]-[Debug]-[DjiCommand_RecvWork:1066)  <0x5cb>Receive msg from linker, 0x0800->0x0A06 0x0866 len:17 [0m
[37m[7.588][linker]-[Debug]-[DjiCommand_DealCmd:919) received unsupport request cmd that noneed ack, <0x5cb> cmdset: 0x08 cmdid: 0x66 [0m
[37m[7.616][linker]-[Debug]-[DjiProtocol_v1Unpack:215) <0x4e0d>V1-Recv: 0x0300->0x0A06 0x036C [0m
[37m[7.617][linker]-[Debug]-[DjiCommand_RecvWork:1066)  <0x4e0d>Receive msg from linker, 0x0300->0x0A06 0x036C len:71 [0m
[37m[7.617][linker]-[Debug]-[DjiCommand_DealCmd:919) received unsupport request cmd that noneed ack, <0x4e0d> cmdset: 0x03 cmdid: 0x6C [0m
[37m[7.632][linker]-[Debug]-[DjiProtocol_v1Unpack:215) <0x4e36>V1-Recv: 0x0306->0x0A06 0x03C1 [0m
[37m[7.633][linker]-[Debug]-[DjiCommand_RecvWork:1066)  <0x4e36>Receive msg from linker, 0x0306->0x0A06 0x03C1 len:13 [0m
[37m[7.633][linker]-[Debug]-[DjiCommand_DealCmd:919) received unsupport request cmd that noneed ack, <0x4e36> cmdset: 0x03 cmdid: 0xC1 [0m
[37m[7.634][linker]-[Debug]-[DjiProtocol_v1Unpack:215) <0x4e3b>V1-Recv: 0x0300->0x0A06 0x4900 [0m
[37m[7.635][linker]-[Debug]-[DjiCommand_RecvWork:1066)  <0x4e3b>Receive msg from linker, 0x0300->0x0A06 0x4900 len:14 [0m
[37m[7.635][linker]-[Debug]-[DjiCommand_DealCmd:919) received unsupport request cmd that need ack, <0x4e3b> cmdset: 0x49 cmdid: 0x00 [0m
[37m[7.672][linker]-[Debug]-[DjiProtocol_v1Unpack:215) <0x4e86>V1-Recv: 0x0300->0x0A06 0x221B [0m
[37m[7.672][linker]-[Debug]-[DjiCommand_RecvWork:1066)  <0x4e86>Receive msg from linker, 0x0300->0x0A06 0x221B len:9 [0m
[37m[7.672][linker]-[Debug]-[DjiCommand_DealCmd:919) received unsupport request cmd that noneed ack, <0x4e86> cmdset: 0x22 cmdid: 0x1B [0m
[37m[7.696][linker]-[Debug]-[DjiProtocol_v1Unpack:215) <0x4eab>V1-Recv: 0x0306->0x0A06 0x03C1 [0m
[37m[7.696][linker]-[Debug]-[DjiCommand_RecvWork:1066)  <0x4eab>Receive msg from linker, 0x0306->0x0A06 0x03C1 len:113 [0m
[37m[7.696][linker]-[Debug]-[DjiCommand_DealCmd:919) received unsupport request cmd that noneed ack, <0x4eab> cmdset: 0x03 cmdid: 0xC1 [0m
[37m[7.716][linker]-[Debug]-[DjiProtocol_v1Unpack:215) <0x4ece>V1-Recv: 0x0300->0x0A06 0x036C [0m
[37m[7.716][linker]-[Debug]-[DjiCommand_RecvWork:1066)  <0x4ece>Receive msg from linker, 0x0300->0x0A06 0x036C len:71 [0m
[37m[7.716][linker]-[Debug]-[DjiCommand_DealCmd:919) received unsupport request cmd that noneed ack, <0x4ece> cmdset: 0x03 cmdid: 0x6C [0m
[37m[7.732][linker]-[Debug]-[DjiProtocol_v1Unpack:215) <0x4ef2>V1-Recv: 0x0306->0x0A06 0x03C1 [0m
[37m[7.732][linker]-[Debug]-[DjiCommand_RecvWork:1066)  <0x4ef2>Receive msg from linker, 0x0306->0x0A06 0x03C1 len:13 [0m
[37m[7.732][linker]-[Debug]-[DjiCommand_DealCmd:919) received unsupport request cmd that noneed ack, <0x4ef2> cmdset: 0x03 cmdid: 0xC1 [0m
[37m[7.734][linker]-[Debug]-[DjiProtocol_v1Unpack:215) <0x4ef5>V1-Recv: 0x0300->0x0A06 0x4900 [0m
[37m[7.734][linker]-[Debug]-[DjiCommand_RecvWork:1066)  <0x4ef5>Receive msg from linker, 0x0300->0x0A06 0x4900 len:14 [0m
[37m[7.734][linker]-[Debug]-[DjiCommand_DealCmd:919) received unsupport request cmd that need ack, <0x4ef5> cmdset: 0x49 cmdid: 0x00 [0m
[37m[7.773][linker]-[Debug]-[DjiProtocol_v1Unpack:215) <0x4f3d>V1-Recv: 0x0300->0x0A06 0x221B [0m
[37m[7.773][linker]-[Debug]-[DjiCommand_RecvWork:1066)  <0x4f3d>Receive msg from linker, 0x0300->0x0A06 0x221B len:9 [0m
[37m[7.773][linker]-[Debug]-[DjiCommand_DealCmd:919) received unsupport request cmd that noneed ack, <0x4f3d> cmdset: 0x22 cmdid: 0x1B [0m
[37m[7.815][linker]-[Debug]-[DjiProtocol_v1Unpack:215) <0x4f82>V1-Recv: 0x0300->0x0A06 0x036C [0m
[37m[7.816][linker]-[Debug]-[DjiCommand_RecvWork:1066)  <0x4f82>Receive msg from linker, 0x0300->0x0A06 0x036C len:71 [0m
[37m[7.816][linker]-[Debug]-[DjiCommand_DealCmd:919) received unsupport request cmd that noneed ack, <0x4f82> cmdset: 0x03 cmdid: 0x6C [0m
[37m[7.832][linker]-[Debug]-[DjiProtocol_v1Unpack:215) <0x4fac>V1-Recv: 0x0306->0x0A06 0x03C1 [0m
[37m[7.833][linker]-[Debug]-[DjiCommand_RecvWork:1066)  <0x4fac>Receive msg from linker, 0x0306->0x0A06 0x03C1 len:13 [0m
[37m[7.833][linker]-[Debug]-[DjiCommand_DealCmd:919) received unsupport request cmd that noneed ack, <0x4fac> cmdset: 0x03 cmdid: 0xC1 [0m
[37m[7.834][linker]-[Debug]-[DjiProtocol_v1Unpack:215) <0x4fb1>V1-Recv: 0x0300->0x0A06 0x4900 [0m
[37m[7.835][linker]-[Debug]-[DjiCommand_RecvWork:1066)  <0x4fb1>Receive msg from linker, 0x0300->0x0A06 0x4900 len:14 [0m
[37m[7.835][linker]-[Debug]-[DjiCommand_DealCmd:919) received unsupport request cmd that need ack, <0x4fb1> cmdset: 0x49 cmdid: 0x00 [0m
[37m[7.837][linker]-[Debug]-[DjiProtocol_v1Unpack:215) <0x5cc>V1-Recv: 0x0800->0x0A06 0x0866 [0m
[37m[7.838][linker]-[Debug]-[DjiCommand_RecvWork:1066)  <0x5cc>Receive msg from linker, 0x0800->0x0A06 0x0866 len:17 [0m
[37m[7.838][linker]-[Debug]-[DjiCommand_DealCmd:919) received unsupport request cmd that noneed ack, <0x5cc> cmdset: 0x08 cmdid: 0x66 [0m
[37m[7.873][linker]-[Debug]-[DjiProtocol_v1Unpack:215) <0x4ffc>V1-Recv: 0x0300->0x0A06 0x221B [0m
[37m[7.873][linker]-[Debug]-[DjiCommand_RecvWork:1066)  <0x4ffc>Receive msg from linker, 0x0300->0x0A06 0x221B len:9 [0m
[37m[7.873][linker]-[Debug]-[DjiCommand_DealCmd:919) received unsupport request cmd that noneed ack, <0x4ffc> cmdset: 0x22 cmdid: 0x1B [0m
[37m[7.915][linker]-[Debug]-[DjiProtocol_v1Unpack:215) <0x503e>V1-Recv: 0x0300->0x0A06 0x036C [0m
[37m[7.915][linker]-[Debug]-[DjiCommand_RecvWork:1066)  <0x503e>Receive msg from linker, 0x0300->0x0A06 0x036C len:71 [0m
[37m[7.915][linker]-[Debug]-[DjiCommand_DealCmd:919) received unsupport request cmd that noneed ack, <0x503e> cmdset: 0x03 cmdid: 0x6C [0m
[37m[7.932][linker]-[Debug]-[DjiProtocol_v1Unpack:215) <0x5062>V1-Recv: 0x0306->0x0A06 0x03C1 [0m
[37m[7.932][linker]-[Debug]-[DjiCommand_RecvWork:1066)  <0x5062>Receive msg from linker, 0x0306->0x0A06 0x03C1 len:13 [0m
[37m[7.932][linker]-[Debug]-[DjiCommand_DealCmd:919) received unsupport request cmd that noneed ack, <0x5062> cmdset: 0x03 cmdid: 0xC1 [0m
[37m[7.933][linker]-[Debug]-[DjiProtocol_v1Unpack:215) <0x5065>V1-Recv: 0x0300->0x0A06 0x4900 [0m
[37m[7.934][linker]-[Debug]-[DjiCommand_RecvWork:1066)  <0x5065>Receive msg from linker, 0x0300->0x0A06 0x4900 len:14 [0m
[37m[7.934][linker]-[Debug]-[DjiCommand_DealCmd:919) received unsupport request cmd that need ack, <0x5065> cmdset: 0x49 cmdid: 0x00 [0m
[32m[7.936][core]-[Info]-[DjiIdentityVerify_UpdatePolicy:482) Update dji sdk policy file successfully [0m
[37m[7.936][linker]-[Debug]-[DjiCommand_RegRecvCmdHandler:674) Reg command handle list success, index:4 [0m
[37m[7.936][linker]-[Debug]-[DjiCommand_RegRecvCmdHandler:674) Reg command handle list success, index:5 [0m
[37m[7.936][linker]-[Debug]-[DjiProtocol_v1Pack:123) <0x613f>V1-Send: 0x0A06->0x0300 0x03FD [0m
[37m[7.940][linker]-[Debug]-[DjiProtocol_v1Pack:123) <0x6140>V1-Send: 0x0A06->0x1D01 0x00F0 [0m
[37m[7.953][linker]-[Debug]-[DjiProtocol_v1Unpack:215) <0x613f>V1-Recv: 0x0300->0x0A06 0x03FD [0m
[37m[7.953][linker]-[Debug]-[DjiCommand_RecvWork:1066)  <0x613f>Receive msg from linker, 0x0300->0x0A06 0x03FD len:1 [0m
[37m[7.953][linker]-[Debug]-[DjiCommand_SendSyncCallback:1014) PsdkCommand_SendSyncCallback success [0m
[37m[7.953][linker]-[Debug]-[DjiCommand_DealCmd:830) callback function (cmdset: 0x03 cmdid: 0xFD) deal time: 0 ms [0m
[37m[7.953][linker]-[Debug]-[DjiCommand_SendSync:553) sendSync callback success [0m
[37m[7.953][linker]-[Debug]-[DjiCommand_RegRecvCmdHandler:674) Reg command handle list success, index:6 [0m
[37m[7.954][linker]-[Debug]-[DjiProtocol_v1Pack:123) <0x6141>V1-Send: 0x0A06->0x0300 0x0000 [0m
[37m[7.954][infor]-[Debug]-[DjiAircraftConnection_CheckExtensionPortConnectStatusByV1Protocol:170) check connect status:1 [0m
[37m[7.954][auth]-[Debug]-[DjiAuth_Sha256RsaVerify:84) Application info verify successfully, ID: 155832, Key: 809dc34f1c695a7e7d13eca29a70ba6 [0m
[32m[7.954][core]-[Info]-[DjiCore_Init:174) Identify AircraftType = Matrice 350 RTK, MountPosition = Extension Port, SdkAdapterType = None [0m
[37m[7.954][linker]-[Debug]-[DjiCommand_RegRecvCmdHandler:674) Reg command handle list success, index:7 [0m
[37m[7.954][linker]-[Debug]-[DjiCommand_RegRecvCmdHandler:674) Reg command handle list success, index:8 [0m
[37m[7.954][sub]-[Debug]-[DjiDataSubscription_Init:60) Init data subscription. [0m
[37m[7.955][sub]-[Debug]-[DjiDataSubscriptionPublisher_InitPublisher:195) verify publisher successfully : name=0x00, version=0x00000100 [0m
[37m[7.955][linker]-[Debug]-[DjiProtocol_v1Pack:123) <0x6142>V1-Send: 0x0A06->0x0306 0x0315 [0m
[37m[7.955][linker]-[Debug]-[DjiProtocol_v1Pack:123) <0x6143>V1-Send: 0x0A06->0x0200 0x3C10 [0m
[37m[7.955][linker]-[Debug]-[DjiProtocol_v1Pack:123) <0x6144>V1-Send: 0x0A06->0x0A01 0x3C10 [0m
[37m[7.955][linker]-[Debug]-[DjiProtocol_v1Pack:123) <0x6145>V1-Send: 0x0A06->0x0300 0x3C10 [0m
[37m[7.962][linker]-[Debug]-[DjiProtocol_v1Pack:123) <0x6146>V1-Send: 0x0A06->0x1D01 0x00F0 [0m
[37m[7.974][linker]-[Debug]-[DjiProtocol_v1Unpack:215) <0x6141>V1-Recv: 0x0300->0x0A06 0x0000 [0m
[37m[7.974][linker]-[Debug]-[DjiProtocol_v1Unpack:215) <0x6142>V1-Recv: 0x0306->0x0A06 0x0315 [0m
[37m[7.974][linker]-[Debug]-[DjiProtocol_v1Unpack:215) <0x50ab>V1-Recv: 0x0300->0x0A06 0x221B [0m
[37m[7.974][linker]-[Debug]-[DjiCommand_RecvWork:1066)  <0x6141>Receive msg from linker, 0x0300->0x0A06 0x0000 len:0 [0m
[37m[7.974][infor]-[Debug]-[DjiAircraftInfo_CheckPingStatusAsyncCallback:269) connect status async sucess [0m
[37m[7.974][linker]-[Debug]-[DjiCommand_DealCmd:830) callback function (cmdset: 0x00 cmdid: 0x00) deal time: 0 ms [0m
[37m[7.975][linker]-[Debug]-[DjiCommand_RecvWork:1066)  <0x6142>Receive msg from linker, 0x0306->0x0A06 0x0315 len:1 [0m
[37m[7.975][linker]-[Debug]-[DjiCommand_SendSyncCallback:1014) PsdkCommand_SendSyncCallback success [0m
[37m[7.975][linker]-[Debug]-[DjiCommand_DealCmd:830) callback function (cmdset: 0x03 cmdid: 0x15) deal time: 0 ms [0m
[37m[7.975][linker]-[Debug]-[DjiCommand_SendSync:553) sendSync callback success [0m
[37m[7.975][sub]-[Debug]-[DjiDataSubscriptionPublisher_InitPublisher:204) reset publisher successfully : name=0x00, version=0x00000100 [0m
[37m[7.975][linker]-[Debug]-[DjiCommand_RegRecvCmdHandler:674) Reg command handle list success, index:9 [0m
[37m[7.975][sub]-[Debug]-[DjiDataSubscription_Init:68) Init second type data subscription. [0m
[37m[7.976][sub]-[Debug]-[DjiDataSubscriptionDds_v3_XrceVersionCheck:55) Checking version is not yet supported on the DDS Agent 3.0. [0m
[37m[7.976][linker]-[Debug]-[DjiCommand_RegRecvCmdHandler:674) Reg command handle list success, index:10 [0m
[37m[7.976][linker]-[Debug]-[DjiCommand_RegRecvCmdHandler:674) Reg command handle list success, index:11 [0m
[37m[7.976][linker]-[Debug]-[DjiProtocol_v1Pack:123) <0x6147>V1-Send: 0x0A06->0x0801 0x0088 [0m
[37m[7.977][linker]-[Debug]-[DjiCommand_RecvWork:1066)  <0x50ab>Receive msg from linker, 0x0300->0x0A06 0x221B len:9 [0m
[37m[7.977][linker]-[Debug]-[DjiCommand_DealCmd:919) received unsupport request cmd that noneed ack, <0x50ab> cmdset: 0x22 cmdid: 0x1B [0m
[37m[7.996][linker]-[Debug]-[DjiProtocol_v1Unpack:215) <0x50d8>V1-Recv: 0x0300->0x0A06 0x0F74 [0m
[37m[7.996][linker]-[Debug]-[DjiProtocol_v1Unpack:215) <0x50db>V1-Recv: 0x0300->0x0100 0x0406 [0m
[37m[7.996][linker]-[Debug]-[DjiProtocol_v1Unpack:215) <0x50dc>V1-Recv: 0x0300->0x0100 0x0407 [0m
[37m[7.996][linker]-[Debug]-[DjiProtocol_v1Unpack:215) <0x6147>V1-Recv: 0x0801->0x0A06 0x0088 [0m
[37m[7.997][linker]-[Debug]-[DjiCommand_RecvWork:1066)  <0x50d8>Receive msg from linker, 0x0300->0x0A06 0x0F74 len:28 [0m
[37m[7.997][linker]-[Debug]-[DjiCommand_DealCmd:919) received unsupport request cmd that noneed ack, <0x50d8> cmdset: 0x0F cmdid: 0x74 [0m
[37m[7.998][linker]-[Debug]-[DjiCommand_RecvWork:1066)  <0x50db>Receive msg from linker, 0x0300->0x0100 0x0406 len:12 [0m
[37m[7.998][linker]-[Debug]-[DjiCommand_DealCmd:919) received unsupport request cmd that noneed ack, <0x50db> cmdset: 0x04 cmdid: 0x06 [0m
[37m[7.999][linker]-[Debug]-[DjiCommand_RecvWork:1066)  <0x50dc>Receive msg from linker, 0x0300->0x0100 0x0407 len:1 [0m
[37m[7.999][linker]-[Debug]-[DjiCommand_DealCmd:919) received unsupport request cmd that noneed ack, <0x50dc> cmdset: 0x04 cmdid: 0x07 [0m
[37m[8.000][linker]-[Debug]-[DjiCommand_RecvWork:1066)  <0x6147>Receive msg from linker, 0x0801->0x0A06 0x0088 len:4 [0m
[37m[8.000][linker]-[Debug]-[DjiCommand_SendSyncCallback:1014) PsdkCommand_SendSyncCallback success [0m
[37m[8.000][linker]-[Debug]-[DjiCommand_DealCmd:830) callback function (cmdset: 0x00 cmdid: 0x88) deal time: 0 ms [0m
[37m[8.000][linker]-[Debug]-[DjiCommand_SendSync:553) sendSync callback success [0m
[37m[8.000][adapter]-[Debug]-[DjiPayloadOnlinePerception_SubscribePayloadOnlineInfo:320) Successfully to subscribe payload online information. [0m
[37m[8.000][linker]-[Debug]-[DjiProtocol_v1Pack:123) <0x6148>V1-Send: 0x0A06->0x0802 0x004F [0m
[37m[8.009][linker]-[Debug]-[DjiProtocol_v1Unpack:215) <0x1ec8>V1-Recv: 0x1D07->0x0A06 0x2105 [0m
[37m[8.010][linker]-[Debug]-[DjiCommand_RecvWork:1066)  <0x1ec8>Receive msg from linker, 0x1D07->0x0A06 0x2105 len:1 [0m
[37m[8.010][linker]-[Debug]-[DjiCommand_DealCmd:919) received unsupport request cmd that need ack, <0x1ec8> cmdset: 0x21 cmdid: 0x05 [0m
[37m[8.016][linker]-[Debug]-[DjiProtocol_v1Unpack:215) <0x50fb>V1-Recv: 0x0300->0x0A06 0x036C [0m
[37m[8.016][linker]-[Debug]-[DjiCommand_RecvWork:1066)  <0x50fb>Receive msg from linker, 0x0300->0x0A06 0x036C len:71 [0m
[37m[8.016][linker]-[Debug]-[DjiCommand_DealCmd:919) received unsupport request cmd that noneed ack, <0x50fb> cmdset: 0x03 cmdid: 0x6C [0m
[37m[8.035][linker]-[Debug]-[DjiProtocol_v1Unpack:215) <0x5131>V1-Recv: 0x0300->0x0A06 0x4900 [0m
[37m[8.036][linker]-[Debug]-[DjiCommand_RecvWork:1066)  <0x5131>Receive msg from linker, 0x0300->0x0A06 0x4900 len:14 [0m
[37m[8.036][linker]-[Debug]-[DjiProtocol_v1Pack:123) <0x5131>V1-Send: 0x0A06->0x0300 0x4900 [0m
[37m[8.067][linker]-[Debug]-[DjiProtocol_v1Unpack:215) <0x6148>V1-Recv: 0x0802->0x0A06 0x004F [0m
[37m[8.068][linker]-[Debug]-[DjiCommand_RecvWork:1066)  <0x6148>Receive msg from linker, 0x0802->0x0A06 0x004F len:13 [0m
[37m[8.068][linker]-[Debug]-[DjiCommand_SendSyncCallback:1014) PsdkCommand_SendSyncCallback success [0m
[37m[8.068][linker]-[Debug]-[DjiCommand_DealCmd:830) callback function (cmdset: 0x00 cmdid: 0x4F) deal time: 0 ms [0m
[37m[8.068][linker]-[Debug]-[DjiCommand_SendSync:553) sendSync callback success [0m
[32m[8.068][user]-[Info]-[main:211) Aircraft version is V10.01.08.05 [0m
[37m[8.068][linker]-[Debug]-[DjiProtocol_v1Pack:123) <0x6149>V1-Send: 0x0A06->0x0306 0x0316 [0m
[37m[8.073][linker]-[Debug]-[DjiProtocol_v1Unpack:215) <0x6149>V1-Recv: 0x0306->0x0A06 0x0316 [0m
[37m[8.073][linker]-[Debug]-[DjiProtocol_v1Unpack:215) <0x517a>V1-Recv: 0x0300->0x0A06 0x221B [0m
[37m[8.074][linker]-[Debug]-[DjiCommand_RecvWork:1066)  <0x6149>Receive msg from linker, 0x0306->0x0A06 0x0316 len:1 [0m
[37m[8.074][linker]-[Debug]-[DjiCommand_SendSyncCallback:1014) PsdkCommand_SendSyncCallback success [0m
[37m[8.074][linker]-[Debug]-[DjiCommand_DealCmd:830) callback function (cmdset: 0x03 cmdid: 0x16) deal time: 0 ms [0m
[37m[8.074][linker]-[Debug]-[DjiCommand_SendSync:553) sendSync callback success [0m
[37m[8.074][linker]-[Debug]-[DjiProtocol_v1Pack:123) <0x614a>V1-Send: 0x0A06->0x0306 0x0314 [0m
[37m[8.075][linker]-[Debug]-[DjiCommand_RecvWork:1066)  <0x517a>Receive msg from linker, 0x0300->0x0A06 0x221B len:9 [0m
[37m[8.075][linker]-[Debug]-[DjiCommand_DealCmd:919) received unsupport request cmd that noneed ack, <0x517a> cmdset: 0x22 cmdid: 0x1B [0m
[37m[8.087][linker]-[Debug]-[DjiProtocol_v1Unpack:215) <0x5cd>V1-Recv: 0x0800->0x0A06 0x0866 [0m
[37m[8.088][linker]-[Debug]-[DjiCommand_RecvWork:1066)  <0x5cd>Receive msg from linker, 0x0800->0x0A06 0x0866 len:17 [0m
[37m[8.088][linker]-[Debug]-[DjiCommand_DealCmd:919) received unsupport request cmd that noneed ack, <0x5cd> cmdset: 0x08 cmdid: 0x66 [0m
[37m[8.093][linker]-[Debug]-[DjiProtocol_v1Unpack:215) <0x614a>V1-Recv: 0x0306->0x0A06 0x0314 [0m
[37m[8.093][linker]-[Debug]-[DjiCommand_RecvWork:1066)  <0x614a>Receive msg from linker, 0x0306->0x0A06 0x0314 len:5 [0m
[37m[8.093][linker]-[Debug]-[DjiCommand_SendSyncCallback:1014) PsdkCommand_SendSyncCallback success [0m
[37m[8.093][linker]-[Debug]-[DjiCommand_DealCmd:830) callback function (cmdset: 0x03 cmdid: 0x14) deal time: 0 ms [0m
[37m[8.093][linker]-[Debug]-[DjiCommand_SendSync:553) sendSync callback success [0m
[37m[8.093][user]-[Debug]-[DjiTest_FcSubscriptionStartService:158) Subscribe topic gps position success. [0m
[37m[8.094][linker]-[Debug]-[DjiProtocol_v1Pack:123) <0x614b>V1-Send: 0x0A06->0x0306 0x0316 [0m
[37m[8.116][linker]-[Debug]-[DjiProtocol_v1Unpack:215) <0x614b>V1-Recv: 0x0306->0x0A06 0x0316 [0m
[37m[8.116][linker]-[Debug]-[DjiProtocol_v1Unpack:215) <0x51c9>V1-Recv: 0x0300->0x0A06 0x036C [0m
[37m[8.117][linker]-[Debug]-[DjiCommand_RecvWork:1066)  <0x614b>Receive msg from linker, 0x0306->0x0A06 0x0316 len:1 [0m
[37m[8.117][linker]-[Debug]-[DjiCommand_SendSyncCallback:1014) PsdkCommand_SendSyncCallback success [0m
[37m[8.117][linker]-[Debug]-[DjiCommand_DealCmd:830) callback function (cmdset: 0x03 cmdid: 0x16) deal time: 0 ms [0m
[37m[8.117][linker]-[Debug]-[DjiCommand_SendSync:553) sendSync callback success [0m
[37m[8.117][linker]-[Debug]-[DjiProtocol_v1Pack:123) <0x614c>V1-Send: 0x0A06->0x0306 0x0314 [0m
[37m[8.118][linker]-[Debug]-[DjiCommand_RecvWork:1066)  <0x51c9>Receive msg from linker, 0x0300->0x0A06 0x036C len:71 [0m
[37m[8.118][linker]-[Debug]-[DjiCommand_DealCmd:919) received unsupport request cmd that noneed ack, <0x51c9> cmdset: 0x03 cmdid: 0x6C [0m
[37m[8.133][linker]-[Debug]-[DjiProtocol_v1Unpack:215) <0x614c>V1-Recv: 0x0306->0x0A06 0x0314 [0m
[37m[8.133][linker]-[Debug]-[DjiProtocol_v1Unpack:215) <0x51f2>V1-Recv: 0x0300->0x0A06 0x4900 [0m
[37m[8.134][linker]-[Debug]-[DjiCommand_RecvWork:1066)  <0x614c>Receive msg from linker, 0x0306->0x0A06 0x0314 len:5 [0m
[37m[8.134][linker]-[Debug]-[DjiCommand_SendSyncCallback:1014) PsdkCommand_SendSyncCallback success [0m
[37m[8.134][linker]-[Debug]-[DjiCommand_SendSync:553) sendSync callback success [0m
[37m[8.135][user]-[Debug]-[DjiTest_FcSubscriptionStartService:167) Subscribe topic gps details success. [0m
[37m[8.135][linker]-[Debug]-[DjiProtocol_v1Pack:123) <0x614d>V1-Send: 0x0A06->0x0306 0x0316 [0m
[37m[8.135][linker]-[Debug]-[DjiCommand_DealCmd:830) callback function (cmdset: 0x03 cmdid: 0x14) deal time: 1 ms [0m
[37m[8.136][linker]-[Debug]-[DjiCommand_RecvWork:1066)  <0x51f2>Receive msg from linker, 0x0300->0x0A06 0x4900 len:14 [0m
[37m[8.136][linker]-[Debug]-[DjiProtocol_v1Pack:123) <0x51f2>V1-Send: 0x0A06->0x0300 0x4900 [0m
[37m[8.153][linker]-[Debug]-[DjiProtocol_v1Unpack:215) <0x614d>V1-Recv: 0x0306->0x0A06 0x0316 [0m
[37m[8.154][linker]-[Debug]-[DjiCommand_RecvWork:1066)  <0x614d>Receive msg from linker, 0x0306->0x0A06 0x0316 len:1 [0m
[37m[8.154][linker]-[Debug]-[DjiCommand_SendSyncCallback:1014) PsdkCommand_SendSyncCallback success [0m
[37m[8.154][linker]-[Debug]-[DjiCommand_DealCmd:830) callback function (cmdset: 0x03 cmdid: 0x16) deal time: 0 ms [0m
[37m[8.154][linker]-[Debug]-[DjiCommand_SendSync:553) sendSync callback success [0m
[37m[8.154][linker]-[Debug]-[DjiProtocol_v1Pack:123) <0x614e>V1-Send: 0x0A06->0x0306 0x0314 [0m
[37m[8.171][linker]-[Debug]-[DjiProtocol_v1Pack:123) <0x614f>V1-Send: 0x0A06->0x0200 0x3C10 [0m
[37m[8.171][linker]-[Debug]-[DjiProtocol_v1Pack:123) <0x6150>V1-Send: 0x0A06->0x0A01 0x3C10 [0m
[37m[8.171][linker]-[Debug]-[DjiProtocol_v1Pack:123) <0x6151>V1-Send: 0x0A06->0x0300 0x3C10 [0m
[37m[8.174][linker]-[Debug]-[DjiProtocol_v1Unpack:215) <0x614e>V1-Recv: 0x0306->0x0A06 0x0314 [0m
[37m[8.174][linker]-[Debug]-[DjiProtocol_v1Unpack:215) <0x5241>V1-Recv: 0x0300->0x0A06 0x221B [0m
[37m[8.175][linker]-[Debug]-[DjiCommand_RecvWork:1066)  <0x614e>Receive msg from linker, 0x0306->0x0A06 0x0314 len:5 [0m
[37m[8.175][linker]-[Debug]-[DjiCommand_SendSyncCallback:1014) PsdkCommand_SendSyncCallback success [0m
[37m[8.175][linker]-[Debug]-[DjiCommand_DealCmd:830) callback function (cmdset: 0x03 cmdid: 0x14) deal time: 0 ms [0m
[37m[8.175][linker]-[Debug]-[DjiCommand_SendSync:553) sendSync callback success [0m
[37m[8.175][user]-[Debug]-[DjiTest_FcSubscriptionStartService:176) Subscribe topic rtk position info success. [0m
[37m[8.175][linker]-[Debug]-[DjiProtocol_v1Pack:123) <0x6152>V1-Send: 0x0A06->0x0306 0x0316 [0m
[37m[8.176][linker]-[Debug]-[DjiCommand_RecvWork:1066)  <0x5241>Receive msg from linker, 0x0300->0x0A06 0x221B len:9 [0m
[37m[8.176][linker]-[Debug]-[DjiCommand_DealCmd:919) received unsupport request cmd that noneed ack, <0x5241> cmdset: 0x22 cmdid: 0x1B [0m
[37m[8.192][linker]-[Debug]-[DjiProtocol_v1Unpack:215) <0x6152>V1-Recv: 0x0306->0x0A06 0x0316 [0m
[37m[8.192][linker]-[Debug]-[DjiCommand_RecvWork:1066)  <0x6152>Receive msg from linker, 0x0306->0x0A06 0x0316 len:1 [0m
[37m[8.192][linker]-[Debug]-[DjiCommand_SendSyncCallback:1014) PsdkCommand_SendSyncCallback success [0m
[37m[8.192][linker]-[Debug]-[DjiCommand_DealCmd:830) callback function (cmdset: 0x03 cmdid: 0x16) deal time: 0 ms [0m
[37m[8.192][linker]-[Debug]-[DjiCommand_SendSync:553) sendSync callback success [0m
[37m[8.192][linker]-[Debug]-[DjiProtocol_v1Pack:123) <0x6153>V1-Send: 0x0A06->0x0306 0x0314 [0m
[37m[8.217][linker]-[Debug]-[DjiProtocol_v1Unpack:215) <0x6153>V1-Recv: 0x0306->0x0A06 0x0314 [0m
[37m[8.217][linker]-[Debug]-[DjiProtocol_v1Unpack:215) <0x527f>V1-Recv: 0x0300->0x0A06 0x036C [0m
[37m[8.217][linker]-[Debug]-[DjiCommand_RecvWork:1066)  <0x6153>Receive msg from linker, 0x0306->0x0A06 0x0314 len:5 [0m
[37m[8.217][linker]-[Debug]-[DjiCommand_SendSyncCallback:1014) PsdkCommand_SendSyncCallback success [0m
[37m[8.217][linker]-[Debug]-[DjiCommand_DealCmd:830) callback function (cmdset: 0x03 cmdid: 0x14) deal time: 0 ms [0m
[37m[8.217][linker]-[Debug]-[DjiCommand_SendSync:553) sendSync callback success [0m
[37m[8.217][user]-[Debug]-[DjiTest_FcSubscriptionStartService:185) Subscribe topic rtk position success. [0m
[37m[8.217][linker]-[Debug]-[DjiProtocol_v1Pack:123) <0x6154>V1-Send: 0x0A06->0x0306 0x0316 [0m
[37m[8.218][linker]-[Debug]-[DjiCommand_RecvWork:1066)  <0x527f>Receive msg from linker, 0x0300->0x0A06 0x036C len:71 [0m
[37m[8.218][linker]-[Debug]-[DjiCommand_DealCmd:919) received unsupport request cmd that noneed ack, <0x527f> cmdset: 0x03 cmdid: 0x6C [0m
[37m[8.233][linker]-[Debug]-[DjiProtocol_v1Unpack:215) <0x6154>V1-Recv: 0x0306->0x0A06 0x0316 [0m
[37m[8.234][linker]-[Debug]-[DjiCommand_RecvWork:1066)  <0x6154>Receive msg from linker, 0x0306->0x0A06 0x0316 len:1 [0m
[37m[8.234][linker]-[Debug]-[DjiCommand_SendSyncCallback:1014) PsdkCommand_SendSyncCallback success [0m
[37m[8.234][linker]-[Debug]-[DjiCommand_DealCmd:830) callback function (cmdset: 0x03 cmdid: 0x16) deal time: 0 ms [0m
[37m[8.234][linker]-[Debug]-[DjiCommand_SendSync:553) sendSync callback success [0m
[37m[8.234][linker]-[Debug]-[DjiProtocol_v1Pack:123) <0x6155>V1-Send: 0x0A06->0x0306 0x0314 [0m
[37m[8.235][linker]-[Debug]-[DjiProtocol_v1Unpack:215) <0x52ae>V1-Recv: 0x0300->0x0A06 0x4900 [0m
[37m[8.236][linker]-[Debug]-[DjiCommand_RecvWork:1066)  <0x52ae>Receive msg from linker, 0x0300->0x0A06 0x4900 len:14 [0m
[37m[8.236][linker]-[Debug]-[DjiProtocol_v1Pack:123) <0x52ae>V1-Send: 0x0A06->0x0300 0x4900 [0m
[37m[8.252][linker]-[Debug]-[DjiProtocol_v1Unpack:215) <0x6155>V1-Recv: 0x0306->0x0A06 0x0314 [0m
[37m[8.252][linker]-[Debug]-[DjiCommand_RecvWork:1066)  <0x6155>Receive msg from linker, 0x0306->0x0A06 0x0314 len:5 [0m
[37m[8.252][linker]-[Debug]-[DjiCommand_SendSyncCallback:1014) PsdkCommand_SendSyncCallback success [0m
[37m[8.252][linker]-[Debug]-[DjiCommand_DealCmd:830) callback function (cmdset: 0x03 cmdid: 0x14) deal time: 0 ms [0m
[37m[8.252][linker]-[Debug]-[DjiCommand_SendSync:553) sendSync callback success [0m
[37m[8.252][user]-[Debug]-[DjiTest_FcSubscriptionStartService:194) Subscribe topic altitude of homepoint success. [0m
[37m[8.252][linker]-[Debug]-[DjiProtocol_v1Pack:123) <0x6156>V1-Send: 0x0A06->0x0306 0x0316 [0m
[37m[8.273][linker]-[Debug]-[DjiProtocol_v1Unpack:215) <0x6156>V1-Recv: 0x0306->0x0A06 0x0316 [0m
[37m[8.274][linker]-[Debug]-[DjiProtocol_v1Unpack:215) <0x52f8>V1-Recv: 0x0300->0x0A06 0x221B [0m
[37m[8.274][linker]-[Debug]-[DjiCommand_RecvWork:1066)  <0x6156>Receive msg from linker, 0x0306->0x0A06 0x0316 len:1 [0m
[37m[8.274][linker]-[Debug]-[DjiCommand_SendSyncCallback:1014) PsdkCommand_SendSyncCallback success [0m
[37m[8.274][linker]-[Debug]-[DjiCommand_SendSync:553) sendSync callback success [0m
[37m[8.274][linker]-[Debug]-[DjiProtocol_v1Pack:123) <0x6157>V1-Send: 0x0A06->0x0306 0x0314 [0m
[37m[8.274][linker]-[Debug]-[DjiCommand_DealCmd:830) callback function (cmdset: 0x03 cmdid: 0x16) deal time: 0 ms [0m
[37m[8.275][linker]-[Debug]-[DjiCommand_RecvWork:1066)  <0x52f8>Receive msg from linker, 0x0300->0x0A06 0x221B len:9 [0m
[37m[8.275][linker]-[Debug]-[DjiCommand_DealCmd:919) received unsupport request cmd that noneed ack, <0x52f8> cmdset: 0x22 cmdid: 0x1B [0m
[37m[8.293][linker]-[Debug]-[DjiProtocol_v1Unpack:215) <0x6157>V1-Recv: 0x0306->0x0A06 0x0314 [0m
[37m[8.293][linker]-[Debug]-[DjiCommand_RecvWork:1066)  <0x6157>Receive msg from linker, 0x0306->0x0A06 0x0314 len:5 [0m
[37m[8.293][linker]-[Debug]-[DjiCommand_SendSyncCallback:1014) PsdkCommand_SendSyncCallback success [0m
[37m[8.293][linker]-[Debug]-[DjiCommand_DealCmd:830) callback function (cmdset: 0x03 cmdid: 0x14) deal time: 0 ms [0m
[37m[8.293][linker]-[Debug]-[DjiCommand_SendSync:553) sendSync callback success [0m
[37m[8.293][user]-[Debug]-[DjiTest_FcSubscriptionStartService:203) Subscribe topic battery info success. [0m
[37m[8.293][linker]-[Debug]-[DjiProtocol_v1Pack:123) <0x6158>V1-Send: 0x0A06->0x0306 0x0316 [0m
[37m[8.316][linker]-[Debug]-[DjiProtocol_v1Unpack:215) <0x6158>V1-Recv: 0x0306->0x0A06 0x0316 [0m
[37m[8.316][linker]-[Debug]-[DjiProtocol_v1Unpack:215) <0x533d>V1-Recv: 0x0300->0x0A06 0x036C [0m
[37m[8.316][linker]-[Debug]-[DjiCommand_RecvWork:1066)  <0x6158>Receive msg from linker, 0x0306->0x0A06 0x0316 len:1 [0m
[37m[8.316][linker]-[Debug]-[DjiCommand_SendSyncCallback:1014) PsdkCommand_SendSyncCallback success [0m
[37m[8.316][linker]-[Debug]-[DjiCommand_DealCmd:830) callback function (cmdset: 0x03 cmdid: 0x16) deal time: 0 ms [0m
[37m[8.316][linker]-[Debug]-[DjiCommand_SendSync:553) sendSync callback success [0m
[37m[8.316][linker]-[Debug]-[DjiProtocol_v1Pack:123) <0x6159>V1-Send: 0x0A06->0x0306 0x0314 [0m
[37m[8.317][linker]-[Debug]-[DjiCommand_RecvWork:1066)  <0x533d>Receive msg from linker, 0x0300->0x0A06 0x036C len:71 [0m
[37m[8.317][linker]-[Debug]-[DjiCommand_DealCmd:919) received unsupport request cmd that noneed ack, <0x533d> cmdset: 0x03 cmdid: 0x6C [0m
[37m[8.334][linker]-[Debug]-[DjiProtocol_v1Unpack:215) <0x6159>V1-Recv: 0x0306->0x0A06 0x0314 [0m
[37m[8.334][linker]-[Debug]-[DjiProtocol_v1Unpack:215) <0x5362>V1-Recv: 0x0300->0x0A06 0x4900 [0m
[37m[8.334][linker]-[Debug]-[DjiCommand_RecvWork:1066)  <0x6159>Receive msg from linker, 0x0306->0x0A06 0x0314 len:5 [0m
[37m[8.335][linker]-[Debug]-[DjiCommand_SendSyncCallback:1014) PsdkCommand_SendSyncCallback success [0m
[37m[8.335][linker]-[Debug]-[DjiCommand_DealCmd:830) callback function (cmdset: 0x03 cmdid: 0x14) deal time: 0 ms [0m
[37m[8.335][linker]-[Debug]-[DjiCommand_SendSync:553) sendSync callback success [0m
[37m[8.335][user]-[Debug]-[DjiTest_FcSubscriptionStartService:212) Subscribe topic home point info success. [0m
[37m[8.335][linker]-[Debug]-[DjiProtocol_v1Pack:123) <0x615a>V1-Send: 0x0A06->0x0306 0x0316 [0m
[37m[8.336][linker]-[Debug]-[DjiCommand_RecvWork:1066)  <0x5362>Receive msg from linker, 0x0300->0x0A06 0x4900 len:14 [0m
[37m[8.336][linker]-[Debug]-[DjiProtocol_v1Pack:123) <0x5362>V1-Send: 0x0A06->0x0300 0x4900 [0m
[37m[8.337][linker]-[Debug]-[DjiProtocol_v1Unpack:215) <0x5ce>V1-Recv: 0x0800->0x0A06 0x0866 [0m
[37m[8.338][linker]-[Debug]-[DjiCommand_RecvWork:1066)  <0x5ce>Receive msg from linker, 0x0800->0x0A06 0x0866 len:17 [0m
[37m[8.338][linker]-[Debug]-[DjiCommand_DealCmd:919) received unsupport request cmd that noneed ack, <0x5ce> cmdset: 0x08 cmdid: 0x66 [0m
[37m[8.352][linker]-[Debug]-[DjiProtocol_v1Unpack:215) <0x615a>V1-Recv: 0x0306->0x0A06 0x0316 [0m
[37m[8.353][linker]-[Debug]-[DjiCommand_RecvWork:1066)  <0x615a>Receive msg from linker, 0x0306->0x0A06 0x0316 len:1 [0m
[37m[8.353][linker]-[Debug]-[DjiCommand_SendSyncCallback:1014) PsdkCommand_SendSyncCallback success [0m
[37m[8.353][linker]-[Debug]-[DjiCommand_DealCmd:830) callback function (cmdset: 0x03 cmdid: 0x16) deal time: 0 ms [0m
[37m[8.353][linker]-[Debug]-[DjiCommand_SendSync:553) sendSync callback success [0m
[37m[8.353][linker]-[Debug]-[DjiProtocol_v1Pack:123) <0x615b>V1-Send: 0x0A06->0x0306 0x0314 [0m
[37m[8.374][linker]-[Debug]-[DjiProtocol_v1Unpack:215) <0x615b>V1-Recv: 0x0306->0x0A06 0x0314 [0m
[37m[8.374][linker]-[Debug]-[DjiProtocol_v1Unpack:215) <0x53aa>V1-Recv: 0x0300->0x0A06 0x221B [0m
[37m[8.374][linker]-[Debug]-[DjiCommand_RecvWork:1066)  <0x615b>Receive msg from linker, 0x0306->0x0A06 0x0314 len:5 [0m
[37m[8.374][linker]-[Debug]-[DjiCommand_SendSyncCallback:1014) PsdkCommand_SendSyncCallback success [0m
[37m[8.374][linker]-[Debug]-[DjiCommand_DealCmd:830) callback function (cmdset: 0x03 cmdid: 0x14) deal time: 0 ms [0m
[37m[8.374][linker]-[Debug]-[DjiCommand_SendSync:553) sendSync callback success [0m
[37m[8.374][user]-[Debug]-[DjiTest_FcSubscriptionStartService:221) Subscribe topic status flight success. [0m
[37m[8.374][linker]-[Debug]-[DjiProtocol_v1Pack:123) <0x615c>V1-Send: 0x0A06->0x0306 0x0316 [0m
[37m[8.375][linker]-[Debug]-[DjiCommand_RecvWork:1066)  <0x53aa>Receive msg from linker, 0x0300->0x0A06 0x221B len:9 [0m
[37m[8.375][linker]-[Debug]-[DjiCommand_DealCmd:919) received unsupport request cmd that noneed ack, <0x53aa> cmdset: 0x22 cmdid: 0x1B [0m
[37m[8.385][linker]-[Debug]-[DjiProtocol_v1Pack:123) <0x615d>V1-Send: 0x0A06->0x0200 0x3C10 [0m
[37m[8.385][linker]-[Debug]-[DjiProtocol_v1Pack:123) <0x615e>V1-Send: 0x0A06->0x0A01 0x3C10 [0m
[37m[8.385][linker]-[Debug]-[DjiProtocol_v1Pack:123) <0x615f>V1-Send: 0x0A06->0x0300 0x3C10 [0m
[37m[8.393][linker]-[Debug]-[DjiProtocol_v1Unpack:215) <0x615c>V1-Recv: 0x0306->0x0A06 0x0316 [0m
[37m[8.394][linker]-[Debug]-[DjiCommand_RecvWork:1066)  <0x615c>Receive msg from linker, 0x0306->0x0A06 0x0316 len:1 [0m
[37m[8.394][linker]-[Debug]-[DjiCommand_SendSyncCallback:1014) PsdkCommand_SendSyncCallback success [0m
[37m[8.394][linker]-[Debug]-[DjiCommand_DealCmd:830) callback function (cmdset: 0x03 cmdid: 0x16) deal time: 0 ms [0m
[37m[8.394][linker]-[Debug]-[DjiCommand_SendSync:553) sendSync callback success [0m
[37m[8.394][linker]-[Debug]-[DjiProtocol_v1Pack:123) <0x6160>V1-Send: 0x0A06->0x0306 0x0314 [0m
[37m[8.416][linker]-[Debug]-[DjiProtocol_v1Unpack:215) <0x6160>V1-Recv: 0x0306->0x0A06 0x0314 [0m
[37m[8.416][linker]-[Debug]-[DjiProtocol_v1Unpack:215) <0x53ef>V1-Recv: 0x0300->0x0A06 0x036C [0m
[37m[8.417][linker]-[Debug]-[DjiCommand_RecvWork:1066)  <0x6160>Receive msg from linker, 0x0306->0x0A06 0x0314 len:5 [0m
[37m[8.417][linker]-[Debug]-[DjiCommand_SendSyncCallback:1014) PsdkCommand_SendSyncCallback success [0m
[37m[8.417][linker]-[Debug]-[DjiCommand_DealCmd:830) callback function (cmdset: 0x03 cmdid: 0x14) deal time: 0 ms [0m
[37m[8.417][linker]-[Debug]-[DjiCommand_SendSync:553) sendSync callback success [0m
[37m[8.417][user]-[Debug]-[DjiTest_FcSubscriptionStartService:230) Subscribe topic status displaymode success. [0m
[37m[8.417][linker]-[Debug]-[DjiProtocol_v1Pack:123) <0x6161>V1-Send: 0x0A06->0x0306 0x0316 [0m
[37m[8.418][linker]-[Debug]-[DjiCommand_RecvWork:1066)  <0x53ef>Receive msg from linker, 0x0300->0x0A06 0x036C len:71 [0m
[37m[8.418][linker]-[Debug]-[DjiCommand_DealCmd:919) received unsupport request cmd that noneed ack, <0x53ef> cmdset: 0x03 cmdid: 0x6C [0m
[37m[8.432][linker]-[Debug]-[DjiProtocol_v1Unpack:215) <0x6161>V1-Recv: 0x0306->0x0A06 0x0316 [0m
[37m[8.433][linker]-[Debug]-[DjiCommand_RecvWork:1066)  <0x6161>Receive msg from linker, 0x0306->0x0A06 0x0316 len:1 [0m
[37m[8.433][linker]-[Debug]-[DjiCommand_SendSyncCallback:1014) PsdkCommand_SendSyncCallback success [0m
[37m[8.433][linker]-[Debug]-[DjiCommand_DealCmd:830) callback function (cmdset: 0x03 cmdid: 0x16) deal time: 0 ms [0m
[37m[8.433][linker]-[Debug]-[DjiCommand_SendSync:553) sendSync callback success [0m
[37m[8.433][linker]-[Debug]-[DjiProtocol_v1Pack:123) <0x6162>V1-Send: 0x0A06->0x0306 0x0314 [0m
[37m[8.435][linker]-[Debug]-[DjiProtocol_v1Unpack:215) <0x5427>V1-Recv: 0x0300->0x0A06 0x4900 [0m
[37m[8.435][linker]-[Debug]-[DjiCommand_RecvWork:1066)  <0x5427>Receive msg from linker, 0x0300->0x0A06 0x4900 len:14 [0m
[37m[8.435][linker]-[Debug]-[DjiProtocol_v1Pack:123) <0x5427>V1-Send: 0x0A06->0x0300 0x4900 [0m
[37m[8.453][linker]-[Debug]-[DjiProtocol_v1Unpack:215) <0x6162>V1-Recv: 0x0306->0x0A06 0x0314 [0m
[37m[8.454][linker]-[Debug]-[DjiCommand_RecvWork:1066)  <0x6162>Receive msg from linker, 0x0306->0x0A06 0x0314 len:5 [0m
[37m[8.454][linker]-[Debug]-[DjiCommand_SendSyncCallback:1014) PsdkCommand_SendSyncCallback success [0m
[37m[8.454][linker]-[Debug]-[DjiCommand_DealCmd:830) callback function (cmdset: 0x03 cmdid: 0x14) deal time: 0 ms [0m
[37m[8.454][linker]-[Debug]-[DjiCommand_SendSync:553) sendSync callback success [0m
[37m[8.456][linker]-[Debug]-[DjiCommand_RegRecvCmdHandler:674) Reg command handle list success, index:12 [0m
[32m[8.456][upgrade]-[Info]-[DjiUpgrade_Init:120) Upgrade transfer type is common [0m
[37m[8.456][linker]-[Debug]-[DjiCommand_RegRecvCmdHandler:674) Reg command handle list success, index:13 [0m
[32m[8.456][upgrade]-[Info]-[DjiUpgrade_EnableLocalUpgrade:138) Enable local upgrade [0m
[32m[8.456][core]-[Info]-[DjiCore_ApplicationStart:238) Start dji sdk application [0m
[37m[8.466][linker]-[Debug]-[DjiProtocol_v1Pack:123) <0x6163>V1-Send: 0x0A06->0x1D01 0x00F0 [0m
[37m[8.473][linker]-[Debug]-[DjiProtocol_v1Unpack:215) <0x5478>V1-Recv: 0x0300->0x0A06 0x221B [0m
[37m[8.474][linker]-[Debug]-[DjiCommand_RecvWork:1066)  <0x5478>Receive msg from linker, 0x0300->0x0A06 0x221B len:9 [0m
[37m[8.474][linker]-[Debug]-[DjiCommand_DealCmd:919) received unsupport request cmd that noneed ack, <0x5478> cmdset: 0x22 cmdid: 0x1B [0m
[37m[8.477][linker]-[Debug]-[DjiProtocol_v1Pack:123) <0x6164>V1-Send: 0x0A06->0x1D01 0x00F0 [0m
[37m[8.488][linker]-[Debug]-[DjiProtocol_v1Pack:123) <0x6165>V1-Send: 0x0A06->0x1D01 0x00F0 [0m
[37m[8.493][linker]-[Debug]-[DjiProtocol_v1Unpack:215) <0x549d>V1-Recv: 0x0300->0x0100 0x0405 [0m
[37m[8.494][linker]-[Debug]-[DjiCommand_RecvWork:1066)  <0x549d>Receive msg from linker, 0x0300->0x0100 0x0405 len:22 [0m
[37m[8.494][linker]-[Debug]-[DjiCommand_DealCmd:919) received unsupport request cmd that noneed ack, <0x549d> cmdset: 0x04 cmdid: 0x05 [0m
[37m[8.516][linker]-[Debug]-[DjiProtocol_v1Unpack:215) <0x54ba>V1-Recv: 0x0300->0x0A06 0x036C [0m
[37m[8.516][linker]-[Debug]-[DjiCommand_RecvWork:1066)  <0x54ba>Receive msg from linker, 0x0300->0x0A06 0x036C len:71 [0m
[37m[8.516][linker]-[Debug]-[DjiCommand_DealCmd:919) received unsupport request cmd that noneed ack, <0x54ba> cmdset: 0x03 cmdid: 0x6C [0m
[37m[8.520][user]-[Debug]-[DjiUser_MonitorTask:780) thread pcpu: [0m
[37m[8.520][user]-[Debug]-[DjiUser_MonitorTask:781) tid	name	pcpu [0m
[37m[8.534][linker]-[Debug]-[DjiProtocol_v1Unpack:215) <0x54de>V1-Recv: 0x0300->0x0A06 0x4900 [0m
[37m[8.534][linker]-[Debug]-[DjiCommand_RecvWork:1066)  <0x54de>Receive msg from linker, 0x0300->0x0A06 0x4900 len:14 [0m
[37m[8.534][linker]-[Debug]-[DjiProtocol_v1Pack:123) <0x54de>V1-Send: 0x0A06->0x0300 0x4900 [0m
[37m[8.539][user]-[Debug]-[DjiUser_MonitorTask:785) 35340	dji_sdk_demo_on	2.300000 %. [0m
[37m[8.553][linker]-[Debug]-[DjiProtocol_v1Unpack:215) <0x54fb>V1-Recv: 0x0306->0x0A06 0x03C1 [0m
[37m[8.553][linker]-[Debug]-[DjiProtocol_v1Unpack:215) <0x1d82>V1-Recv: 0x0701->0x0A06 0x0000 [0m
[37m[8.554][linker]-[Debug]-[DjiCommand_RecvWork:1066)  <0x54fb>Receive msg from linker, 0x0306->0x0A06 0x03C1 len:13 [0m
[37m[8.555][linker]-[Debug]-[DjiCommand_RecvWork:1066)  <0x1d82>Receive msg from linker, 0x0701->0x0A06 0x0000 len:16 [0m
[37m[8.555][linker]-[Debug]-[DjiProtocol_v1Pack:123) <0x1d82>V1-Send: 0x0A06->0x0701 0x0000 [0m
[37m[8.558][user]-[Debug]-[DjiUser_MonitorTask:785) 35341	 MQTTAsync_send	0.000000 %. [0m
[37m[8.573][linker]-[Debug]-[DjiProtocol_v1Unpack:215) <0x5524>V1-Recv: 0x0300->0x0A06 0x221B [0m
[37m[8.574][linker]-[Debug]-[DjiCommand_RecvWork:1066)  <0x5524>Receive msg from linker, 0x0300->0x0A06 0x221B len:9 [0m
[37m[8.574][linker]-[Debug]-[DjiCommand_DealCmd:919) received unsupport request cmd that noneed ack, <0x5524> cmdset: 0x22 cmdid: 0x1B [0m
[37m[8.576][user]-[Debug]-[DjiUser_MonitorTask:785) 35342	  MQTTAsync_rcv	0.000000 %. [0m
[37m[8.586][utils]-[Debug]-[DjiCore_RootTask:131) work execution time: [0m
[37m[8.586][utils]-[Debug]-[DjiCore_RootTask:132) name	                execution time (ms)	  max execution time (ms) [0m
[37m[8.586][utils]-[Debug]-[DjiCore_RootTask:134) recorderWork                    	1       	1        [0m
[37m[8.586][utils]-[Debug]-[DjiCore_RootTask:134) flowControllerTask              	0       	1        [0m
[37m[8.586][utils]-[Debug]-[DjiCore_RootTask:134) commandTask                     	1       	1        [0m
[37m[8.586][utils]-[Debug]-[DjiCore_RootTask:134) aircraftWorkNode                	0       	0        [0m
[37m[8.586][utils]-[Debug]-[DjiCore_RootTask:134) StatePushWork                   	1       	1        [0m
[37m[8.587][linker]-[Debug]-[DjiProtocol_v1Unpack:215) <0x5cf>V1-Recv: 0x0800->0x0A06 0x0866 [0m
[37m[8.588][linker]-[Debug]-[DjiCommand_RecvWork:1066)  <0x5cf>Receive msg from linker, 0x0800->0x0A06 0x0866 len:17 [0m
[37m[8.588][linker]-[Debug]-[DjiCommand_DealCmd:919) received unsupport request cmd that noneed ack, <0x5cf> cmdset: 0x08 cmdid: 0x66 [0m
[37m[8.593][user]-[Debug]-[DjiUser_MonitorTask:785) 35345	    logger_task	0.500000 %. [0m
[37m[8.598][linker]-[Debug]-[DjiProtocol_v1Pack:123) <0x6166>V1-Send: 0x0A06->0x0200 0x3C10 [0m
[37m[8.598][linker]-[Debug]-[DjiProtocol_v1Pack:123) <0x6167>V1-Send: 0x0A06->0x0A01 0x3C10 [0m
[37m[8.598][linker]-[Debug]-[DjiProtocol_v1Pack:123) <0x6168>V1-Send: 0x0A06->0x0300 0x3C10 [0m
[37m[8.613][user]-[Debug]-[DjiUser_MonitorTask:785) 35346	      root_task	0.800000 %. [0m
[37m[8.615][linker]-[Debug]-[DjiProtocol_v1Unpack:215) <0x5566>V1-Recv: 0x0300->0x0A06 0x036C [0m
[37m[8.616][linker]-[Debug]-[DjiCommand_RecvWork:1066)  <0x5566>Receive msg from linker, 0x0300->0x0A06 0x036C len:71 [0m
[37m[8.617][linker]-[Debug]-[DjiCommand_DealCmd:919) received unsupport request cmd that noneed ack, <0x5566> cmdset: 0x03 cmdid: 0x6C [0m
[37m[8.617][linker]-[Debug]-[DjiProtocol_v1Unpack:215) <0x3a09>V1-Recv: 0x0A01->0x0A06 0x3C45 [0m
[37m[8.618][linker]-[Debug]-[DjiCommand_RecvWork:1066)  <0x3a09>Receive msg from linker, 0x0A01->0x0A06 0x3C45 len:0 [0m
[37m[8.618][upgrade]-[Debug]-[DjiUpgrade_GetUpgradeServiceInfo:239) Get upgrade service info [0m
[37m[8.618][linker]-[Debug]-[DjiProtocol_v1Pack:123) <0x3a09>V1-Send: 0x0A06->0x0A01 0x3C45 [0m
[37m[8.632][user]-[Debug]-[DjiUser_MonitorTask:785) 35386	    linker_task	0.600000 %. [0m
[37m[8.634][linker]-[Debug]-[DjiProtocol_v1Unpack:215) <0x5592>V1-Recv: 0x0300->0x0A06 0x4900 [0m
[37m[8.634][linker]-[Debug]-[DjiCommand_RecvWork:1066)  <0x5592>Receive msg from linker, 0x0300->0x0A06 0x4900 len:14 [0m
[37m[8.634][linker]-[Debug]-[DjiProtocol_v1Pack:123) <0x5592>V1-Send: 0x0A06->0x0300 0x4900 [0m
[37m[8.652][linker]-[Debug]-[DjiProtocol_v1Unpack:215) <0x55b0>V1-Recv: 0x0306->0x0A06 0x03C1 [0m
[37m[8.652][linker]-[Debug]-[DjiCommand_RecvWork:1066)  <0x55b0>Receive msg from linker, 0x0306->0x0A06 0x03C1 len:13 [0m
[37m[8.652][user]-[Debug]-[DjiUser_MonitorTask:785) 35389	    linker_task	0.000000 %. [0m
[37m[8.670][user]-[Debug]-[DjiUser_MonitorTask:785) 35392	user_subscripti	0.000000 %. [0m
[37m[8.673][linker]-[Debug]-[DjiProtocol_v1Unpack:215) <0x55dd>V1-Recv: 0x0300->0x0A06 0x221B [0m
[37m[8.673][linker]-[Debug]-[DjiCommand_RecvWork:1066)  <0x55dd>Receive msg from linker, 0x0300->0x0A06 0x221B len:9 [0m
[37m[8.673][linker]-[Debug]-[DjiCommand_DealCmd:919) received unsupport request cmd that noneed ack, <0x55dd> cmdset: 0x22 cmdid: 0x1B [0m
[37m[8.689][user]-[Debug]-[DjiUser_MonitorTask:785) 35395	   upgrade_task	0.000000 %. [0m
[37m[8.706][user]-[Debug]-[DjiUser_MonitorTask:785) 35396	enter_upgrade_m	0.000000 %. [0m
[37m[8.715][linker]-[Debug]-[DjiProtocol_v1Unpack:215) <0x5620>V1-Recv: 0x0300->0x0A06 0x036C [0m
[37m[8.715][linker]-[Debug]-[DjiCommand_RecvWork:1066)  <0x5620>Receive msg from linker, 0x0300->0x0A06 0x036C len:71 [0m
[37m[8.715][linker]-[Debug]-[DjiCommand_DealCmd:919) received unsupport request cmd that noneed ack, <0x5620> cmdset: 0x03 cmdid: 0x6C [0m
[37m[8.725][user]-[Debug]-[DjiUser_MonitorTask:785) 35397	   monitor task	0.000000 %. [0m
[37m[8.728][user]-[Debug]-[DjiUser_MonitorTask:789) heap used: 180224 B. [0m
[37m[8.730][user]-[Debug]-[DjiUser_MonitorTask:790) stack used: 16384 B. [0m
[37m[8.733][linker]-[Debug]-[DjiProtocol_v1Unpack:215) <0x5645>V1-Recv: 0x0300->0x0A06 0x4900 [0m
[37m[8.733][linker]-[Debug]-[DjiCommand_RecvWork:1066)  <0x5645>Receive msg from linker, 0x0300->0x0A06 0x4900 len:14 [0m
[37m[8.733][linker]-[Debug]-[DjiProtocol_v1Pack:123) <0x5645>V1-Send: 0x0A06->0x0300 0x4900 [0m
[37m[8.752][linker]-[Debug]-[DjiProtocol_v1Unpack:215) <0x5666>V1-Recv: 0x0306->0x0A06 0x03C1 [0m
[37m[8.753][linker]-[Debug]-[DjiCommand_RecvWork:1066)  <0x5666>Receive msg from linker, 0x0306->0x0A06 0x03C1 len:13 [0m
[37m[8.773][linker]-[Debug]-[DjiProtocol_v1Unpack:215) <0x5693>V1-Recv: 0x0300->0x0A06 0x221B [0m
[37m[8.774][linker]-[Debug]-[DjiCommand_RecvWork:1066)  <0x5693>Receive msg from linker, 0x0300->0x0A06 0x221B len:9 [0m
[37m[8.774][linker]-[Debug]-[DjiCommand_DealCmd:919) received unsupport request cmd that noneed ack, <0x5693> cmdset: 0x22 cmdid: 0x1B [0m
[37m[8.811][linker]-[Debug]-[DjiProtocol_v1Pack:123) <0x6169>V1-Send: 0x0A06->0x0200 0x3C10 [0m
[37m[8.811][linker]-[Debug]-[DjiProtocol_v1Pack:123) <0x616a>V1-Send: 0x0A06->0x0A01 0x3C10 [0m
[37m[8.811][linker]-[Debug]-[DjiProtocol_v1Pack:123) <0x616b>V1-Send: 0x0A06->0x0300 0x3C10 [0m
[37m[8.815][linker]-[Debug]-[DjiProtocol_v1Unpack:215) <0x56d7>V1-Recv: 0x0300->0x0A06 0x036C [0m
[37m[8.815][linker]-[Debug]-[DjiCommand_RecvWork:1066)  <0x56d7>Receive msg from linker, 0x0300->0x0A06 0x036C len:71 [0m
[37m[8.815][linker]-[Debug]-[DjiCommand_DealCmd:919) received unsupport request cmd that noneed ack, <0x56d7> cmdset: 0x03 cmdid: 0x6C [0m
[37m[8.835][linker]-[Debug]-[DjiProtocol_v1Unpack:215) <0x3a0b>V1-Recv: 0x0A01->0x0A06 0x3C45 [0m
[37m[8.835][linker]-[Debug]-[DjiProtocol_v1Unpack:215) <0x570c>V1-Recv: 0x0300->0x0A06 0x4900 [0m
[37m[8.836][linker]-[Debug]-[DjiCommand_RecvWork:1066)  <0x3a0b>Receive msg from linker, 0x0A01->0x0A06 0x3C45 len:0 [0m
[37m[8.836][upgrade]-[Debug]-[DjiUpgrade_GetUpgradeServiceInfo:239) Get upgrade service info [0m
[37m[8.836][linker]-[Debug]-[DjiProtocol_v1Pack:123) <0x3a0b>V1-Send: 0x0A06->0x0A01 0x3C45 [0m
[37m[8.837][linker]-[Debug]-[DjiProtocol_v1Unpack:215) <0x5d0>V1-Recv: 0x0800->0x0A06 0x0866 [0m
[37m[8.837][linker]-[Debug]-[DjiCommand_RecvWork:1066)  <0x570c>Receive msg from linker, 0x0300->0x0A06 0x4900 len:14 [0m
[37m[8.837][linker]-[Debug]-[DjiProtocol_v1Pack:123) <0x570c>V1-Send: 0x0A06->0x0300 0x4900 [0m
[37m[8.838][linker]-[Debug]-[DjiCommand_RecvWork:1066)  <0x5d0>Receive msg from linker, 0x0800->0x0A06 0x0866 len:17 [0m
[37m[8.838][linker]-[Debug]-[DjiCommand_DealCmd:919) received unsupport request cmd that noneed ack, <0x5d0> cmdset: 0x08 cmdid: 0x66 [0m
[37m[8.852][linker]-[Debug]-[DjiProtocol_v1Unpack:215) <0x5726>V1-Recv: 0x0306->0x0A06 0x03C1 [0m
[37m[8.853][linker]-[Debug]-[DjiCommand_RecvWork:1066)  <0x5726>Receive msg from linker, 0x0306->0x0A06 0x03C1 len:13 [0m
[37m[8.873][linker]-[Debug]-[DjiProtocol_v1Unpack:215) <0x5757>V1-Recv: 0x0300->0x0A06 0x221B [0m
[37m[8.873][linker]-[Debug]-[DjiCommand_RecvWork:1066)  <0x5757>Receive msg from linker, 0x0300->0x0A06 0x221B len:9 [0m
[37m[8.873][linker]-[Debug]-[DjiCommand_DealCmd:919) received unsupport request cmd that noneed ack, <0x5757> cmdset: 0x22 cmdid: 0x1B [0m
[37m[8.916][linker]-[Debug]-[DjiProtocol_v1Unpack:215) <0x5799>V1-Recv: 0x0300->0x0A06 0x036C [0m
[37m[8.916][linker]-[Debug]-[DjiCommand_RecvWork:1066)  <0x5799>Receive msg from linker, 0x0300->0x0A06 0x036C len:71 [0m
[37m[8.916][linker]-[Debug]-[DjiCommand_DealCmd:919) received unsupport request cmd that noneed ack, <0x5799> cmdset: 0x03 cmdid: 0x6C [0m
[37m[8.934][linker]-[Debug]-[DjiProtocol_v1Unpack:215) <0x57c2>V1-Recv: 0x0300->0x0A06 0x4900 [0m
[37m[8.934][linker]-[Debug]-[DjiCommand_RecvWork:1066)  <0x57c2>Receive msg from linker, 0x0300->0x0A06 0x4900 len:14 [0m
[37m[8.934][linker]-[Debug]-[DjiProtocol_v1Pack:123) <0x57c2>V1-Send: 0x0A06->0x0300 0x4900 [0m
[37m[8.952][linker]-[Debug]-[DjiProtocol_v1Unpack:215) <0x57e0>V1-Recv: 0x0306->0x0A06 0x03C1 [0m
[37m[8.952][linker]-[Debug]-[DjiCommand_RecvWork:1066)  <0x57e0>Receive msg from linker, 0x0306->0x0A06 0x03C1 len:13 [0m
[37m[8.973][linker]-[Debug]-[DjiProtocol_v1Unpack:215) <0x580d>V1-Recv: 0x0300->0x0A06 0x221B [0m
[37m[8.973][linker]-[Debug]-[DjiCommand_RecvWork:1066)  <0x580d>Receive msg from linker, 0x0300->0x0A06 0x221B len:9 [0m
[37m[8.973][linker]-[Debug]-[DjiCommand_DealCmd:919) received unsupport request cmd that noneed ack, <0x580d> cmdset: 0x22 cmdid: 0x1B [0m
[37m[8.995][linker]-[Debug]-[DjiProtocol_v1Unpack:215) <0x5837>V1-Recv: 0x0300->0x0A06 0x0F74 [0m
[37m[8.995][linker]-[Debug]-[DjiProtocol_v1Unpack:215) <0x583a>V1-Recv: 0x0300->0x0100 0x0406 [0m
[37m[8.995][linker]-[Debug]-[DjiProtocol_v1Unpack:215) <0x583b>V1-Recv: 0x0300->0x0100 0x0407 [0m
[37m[8.996][linker]-[Debug]-[DjiCommand_RecvWork:1066)  <0x5837>Receive msg from linker, 0x0300->0x0A06 0x0F74 len:28 [0m
[37m[8.996][linker]-[Debug]-[DjiCommand_DealCmd:919) received unsupport request cmd that noneed ack, <0x5837> cmdset: 0x0F cmdid: 0x74 [0m
[37m[8.997][linker]-[Debug]-[DjiCommand_RecvWork:1066)  <0x583a>Receive msg from linker, 0x0300->0x0100 0x0406 len:12 [0m
[37m[8.997][linker]-[Debug]-[DjiCommand_DealCmd:919) received unsupport request cmd that noneed ack, <0x583a> cmdset: 0x04 cmdid: 0x06 [0m
[37m[8.998][linker]-[Debug]-[DjiCommand_RecvWork:1066)  <0x583b>Receive msg from linker, 0x0300->0x0100 0x0407 len:1 [0m
[37m[8.998][linker]-[Debug]-[DjiCommand_DealCmd:919) received unsupport request cmd that noneed ack, <0x583b> cmdset: 0x04 cmdid: 0x07 [0m
[37m[9.009][linker]-[Debug]-[DjiProtocol_v1Unpack:215) <0x1ec9>V1-Recv: 0x1D07->0x0A06 0x2105 [0m
[37m[9.010][linker]-[Debug]-[DjiCommand_RecvWork:1066)  <0x1ec9>Receive msg from linker, 0x1D07->0x0A06 0x2105 len:1 [0m
[37m[9.010][linker]-[Debug]-[DjiCommand_DealCmd:919) received unsupport request cmd that need ack, <0x1ec9> cmdset: 0x21 cmdid: 0x05 [0m
[37m[9.016][linker]-[Debug]-[DjiProtocol_v1Unpack:215) <0x5857>V1-Recv: 0x0300->0x0A06 0x036C [0m
[37m[9.016][linker]-[Debug]-[DjiCommand_RecvWork:1066)  <0x5857>Receive msg from linker, 0x0300->0x0A06 0x036C len:71 [0m
[37m[9.016][linker]-[Debug]-[DjiCommand_DealCmd:919) received unsupport request cmd that noneed ack, <0x5857> cmdset: 0x03 cmdid: 0x6C [0m
[37m[9.024][linker]-[Debug]-[DjiProtocol_v1Pack:123) <0x616c>V1-Send: 0x0A06->0x0300 0x0000 [0m
[37m[9.024][infor]-[Debug]-[DjiAircraftConnection_CheckExtensionPortConnectStatusByV1Protocol:170) check connect status:1 [0m
[37m[9.025][linker]-[Debug]-[DjiProtocol_v1Pack:123) <0x616d>V1-Send: 0x0A06->0x0200 0x3C10 [0m
[37m[9.025][linker]-[Debug]-[DjiProtocol_v1Pack:123) <0x616e>V1-Send: 0x0A06->0x0A01 0x3C10 [0m
[37m[9.025][linker]-[Debug]-[DjiProtocol_v1Pack:123) <0x616f>V1-Send: 0x0A06->0x0300 0x3C10 [0m
[37m[9.033][linker]-[Debug]-[DjiProtocol_v1Unpack:215) <0x616c>V1-Recv: 0x0300->0x0A06 0x0000 [0m
[37m[9.033][linker]-[Debug]-[DjiCommand_RecvWork:1066)  <0x616c>Receive msg from linker, 0x0300->0x0A06 0x0000 len:0 [0m
[37m[9.033][infor]-[Debug]-[DjiAircraftInfo_CheckPingStatusAsyncCallback:269) connect status async sucess [0m
[37m[9.033][linker]-[Debug]-[DjiCommand_DealCmd:830) callback function (cmdset: 0x00 cmdid: 0x00) deal time: 0 ms [0m
[37m[9.035][linker]-[Debug]-[DjiProtocol_v1Unpack:215) <0x588b>V1-Recv: 0x0300->0x0A06 0x4900 [0m
[37m[9.035][linker]-[Debug]-[DjiCommand_RecvWork:1066)  <0x588b>Receive msg from linker, 0x0300->0x0A06 0x4900 len:14 [0m
[37m[9.035][linker]-[Debug]-[DjiProtocol_v1Pack:123) <0x588b>V1-Send: 0x0A06->0x0300 0x4900 [0m
[37m[9.052][linker]-[Debug]-[DjiProtocol_v1Unpack:215) <0x58a4>V1-Recv: 0x0306->0x0A06 0x03C1 [0m
[37m[9.052][linker]-[Debug]-[DjiCommand_RecvWork:1066)  <0x58a4>Receive msg from linker, 0x0306->0x0A06 0x03C1 len:13 [0m
[37m[9.054][linker]-[Debug]-[DjiProtocol_v1Unpack:215) <0x3a0e>V1-Recv: 0x0A01->0x0A06 0x3C45 [0m
[37m[9.055][linker]-[Debug]-[DjiCommand_RecvWork:1066)  <0x3a0e>Receive msg from linker, 0x0A01->0x0A06 0x3C45 len:0 [0m
[37m[9.055][upgrade]-[Debug]-[DjiUpgrade_GetUpgradeServiceInfo:239) Get upgrade service info [0m
[37m[9.055][linker]-[Debug]-[DjiProtocol_v1Pack:123) <0x3a0e>V1-Send: 0x0A06->0x0A01 0x3C45 [0m
[37m[9.072][linker]-[Debug]-[DjiProtocol_v1Unpack:215) <0x58da>V1-Recv: 0x0300->0x0A06 0x221B [0m
[37m[9.073][linker]-[Debug]-[DjiCommand_RecvWork:1066)  <0x58da>Receive msg from linker, 0x0300->0x0A06 0x221B len:9 [0m
[37m[9.073][linker]-[Debug]-[DjiCommand_DealCmd:919) received unsupport request cmd that noneed ack, <0x58da> cmdset: 0x22 cmdid: 0x1B [0m
[37m[9.075][linker]-[Debug]-[DjiProtocol_v1Unpack:215) <0xc7c0>V1-Recv: 0x0202->0x0A06 0x3C3C [0m
[37m[9.075][linker]-[Debug]-[DjiProtocol_v1Unpack:215) <0xc7c1>V1-Recv: 0x0202->0x0A06 0x0051 [0m
[37m[9.075][linker]-[Debug]-[DjiCommand_RecvWork:1066)  <0xc7c0>Receive msg from linker, 0x0202->0x0A06 0x3C3C len:2 [0m
[32m[9.075][infor]-[Info]-[DjiAircraftInfo_NotifyMobileAppInfoHandle:715) Set mobile app info, language is Chinese, screen type is Big Screen [0m
[37m[9.075][linker]-[Debug]-[DjiProtocol_v1Pack:123) <0xc7c0>V1-Send: 0x0A06->0x0202 0x3C3C [0m
[37m[9.076][linker]-[Debug]-[DjiCommand_RecvWork:1066)  <0xc7c1>Receive msg from linker, 0x0202->0x0A06 0x0051 len:1 [0m
[37m[9.076][linker]-[Debug]-[DjiProtocol_v1Pack:123) <0xc7c1>V1-Send: 0x0A06->0x0202 0x0051 [0m
[37m[9.077][linker]-[Debug]-[DjiProtocol_v1Unpack:215) <0xc7c2>V1-Recv: 0x0202->0x0A06 0x3C50 [0m
[37m[9.077][linker]-[Debug]-[DjiCommand_RecvWork:1066)  <0xc7c2>Receive msg from linker, 0x0202->0x0A06 0x3C50 len:0 [0m
[37m[9.077][core]-[Debug]-[DjiApplicationReadyState_GetPayloadCapabilitySetHandle:303) Get payload capability set handle, ver: 1, support: 0 0 0 0 [0m
[37m[9.077][linker]-[Debug]-[DjiProtocol_v1Pack:123) <0xc7c2>V1-Send: 0x0A06->0x0202 0x3C50 [0m
[37m[9.085][linker]-[Debug]-[DjiProtocol_v1Pack:123) <0x6170>V1-Send: 0x0A06->0x1D01 0x00F0 [0m
[37m[9.087][linker]-[Debug]-[DjiProtocol_v1Unpack:215) <0x5d1>V1-Recv: 0x0800->0x0A06 0x0866 [0m
[37m[9.088][linker]-[Debug]-[DjiCommand_RecvWork:1066)  <0x5d1>Receive msg from linker, 0x0800->0x0A06 0x0866 len:17 [0m
[37m[9.088][linker]-[Debug]-[DjiCommand_DealCmd:919) received unsupport request cmd that noneed ack, <0x5d1> cmdset: 0x08 cmdid: 0x66 [0m
[37m[9.115][linker]-[Debug]-[DjiProtocol_v1Unpack:215) <0x5923>V1-Recv: 0x0300->0x0A06 0x036C [0m
[37m[9.116][linker]-[Debug]-[DjiCommand_RecvWork:1066)  <0x5923>Receive msg from linker, 0x0300->0x0A06 0x036C len:71 [0m
[37m[9.116][linker]-[Debug]-[DjiCommand_DealCmd:919) received unsupport request cmd that noneed ack, <0x5923> cmdset: 0x03 cmdid: 0x6C [0m
[37m[9.133][linker]-[Debug]-[DjiProtocol_v1Unpack:215) <0x594d>V1-Recv: 0x0300->0x0A06 0x4900 [0m
[37m[9.134][linker]-[Debug]-[DjiCommand_RecvWork:1066)  <0x594d>Receive msg from linker, 0x0300->0x0A06 0x4900 len:14 [0m
[37m[9.134][linker]-[Debug]-[DjiProtocol_v1Pack:123) <0x594d>V1-Send: 0x0A06->0x0300 0x4900 [0m
[37m[9.147][linker]-[Debug]-[DjiProtocol_v1Unpack:215) <0xc7c5>V1-Recv: 0x0202->0x0A06 0x0026 [0m
[37m[9.148][linker]-[Debug]-[DjiCommand_RecvWork:1066)  <0xc7c5>Receive msg from linker, 0x0202->0x0A06 0x0026 len:37 [0m
[37m[9.148][linker]-[Debug]-[DjiCommand_DealCmd:919) received unsupport request cmd that need ack, <0xc7c5> cmdset: 0x00 cmdid: 0x26 [0m
[37m[9.152][linker]-[Debug]-[DjiProtocol_v1Unpack:215) <0x596d>V1-Recv: 0x0306->0x0A06 0x03C1 [0m
[37m[9.152][linker]-[Debug]-[DjiCommand_RecvWork:1066)  <0x596d>Receive msg from linker, 0x0306->0x0A06 0x03C1 len:13 [0m
[37m[9.173][linker]-[Debug]-[DjiProtocol_v1Unpack:215) <0x599b>V1-Recv: 0x0300->0x0A06 0x221B [0m
[37m[9.174][linker]-[Debug]-[DjiCommand_RecvWork:1066)  <0x599b>Receive msg from linker, 0x0300->0x0A06 0x221B len:9 [0m
[37m[9.174][linker]-[Debug]-[DjiCommand_DealCmd:919) received unsupport request cmd that noneed ack, <0x599b> cmdset: 0x22 cmdid: 0x1B [0m
[37m[9.216][linker]-[Debug]-[DjiProtocol_v1Unpack:215) <0x59da>V1-Recv: 0x0300->0x0A06 0x036C [0m
[37m[9.216][linker]-[Debug]-[DjiCommand_RecvWork:1066)  <0x59da>Receive msg from linker, 0x0300->0x0A06 0x036C len:71 [0m
[37m[9.216][linker]-[Debug]-[DjiCommand_DealCmd:919) received unsupport request cmd that noneed ack, <0x59da> cmdset: 0x03 cmdid: 0x6C [0m
[37m[9.235][linker]-[Debug]-[DjiProtocol_v1Unpack:215) <0x5a05>V1-Recv: 0x0300->0x0A06 0x4900 [0m
[37m[9.236][linker]-[Debug]-[DjiCommand_RecvWork:1066)  <0x5a05>Receive msg from linker, 0x0300->0x0A06 0x4900 len:14 [0m
[37m[9.236][linker]-[Debug]-[DjiProtocol_v1Pack:123) <0x5a05>V1-Send: 0x0A06->0x0300 0x4900 [0m
[37m[9.239][linker]-[Debug]-[DjiProtocol_v1Pack:123) <0x6171>V1-Send: 0x0A06->0x0200 0x3C10 [0m
[37m[9.239][linker]-[Debug]-[DjiProtocol_v1Pack:123) <0x6172>V1-Send: 0x0A06->0x0A01 0x3C10 [0m
[37m[9.239][linker]-[Debug]-[DjiProtocol_v1Pack:123) <0x6173>V1-Send: 0x0A06->0x0300 0x3C10 [0m
[37m[9.252][linker]-[Debug]-[DjiProtocol_v1Unpack:215) <0x5a22>V1-Recv: 0x0306->0x0A06 0x03C1 [0m
[37m[9.252][linker]-[Debug]-[DjiCommand_RecvWork:1066)  <0x5a22>Receive msg from linker, 0x0306->0x0A06 0x03C1 len:13 [0m
[37m[9.254][linker]-[Debug]-[DjiProtocol_v1Unpack:215) <0x3a0f>V1-Recv: 0x0A01->0x0A06 0x3C45 [0m
[37m[9.254][linker]-[Debug]-[DjiCommand_RecvWork:1066)  <0x3a0f>Receive msg from linker, 0x0A01->0x0A06 0x3C45 len:0 [0m
[37m[9.254][upgrade]-[Debug]-[DjiUpgrade_GetUpgradeServiceInfo:239) Get upgrade service info [0m
[37m[9.254][linker]-[Debug]-[DjiProtocol_v1Pack:123) <0x3a0f>V1-Send: 0x0A06->0x0A01 0x3C45 [0m
[37m[9.273][linker]-[Debug]-[DjiProtocol_v1Unpack:215) <0x5a53>V1-Recv: 0x0300->0x0A06 0x221B [0m
[37m[9.273][linker]-[Debug]-[DjiCommand_RecvWork:1066)  <0x5a53>Receive msg from linker, 0x0300->0x0A06 0x221B len:9 [0m
[37m[9.273][linker]-[Debug]-[DjiCommand_DealCmd:919) received unsupport request cmd that noneed ack, <0x5a53> cmdset: 0x22 cmdid: 0x1B [0m
[37m[9.316][linker]-[Debug]-[DjiProtocol_v1Unpack:215) <0x5a9f>V1-Recv: 0x0300->0x0A06 0x036C [0m
[37m[9.316][linker]-[Debug]-[DjiCommand_RecvWork:1066)  <0x5a9f>Receive msg from linker, 0x0300->0x0A06 0x036C len:71 [0m
[37m[9.316][linker]-[Debug]-[DjiCommand_DealCmd:919) received unsupport request cmd that noneed ack, <0x5a9f> cmdset: 0x03 cmdid: 0x6C [0m
[37m[9.334][linker]-[Debug]-[DjiProtocol_v1Unpack:215) <0x5ac6>V1-Recv: 0x0300->0x0A06 0x4900 [0m
[37m[9.334][linker]-[Debug]-[DjiCommand_RecvWork:1066)  <0x5ac6>Receive msg from linker, 0x0300->0x0A06 0x4900 len:14 [0m
[37m[9.334][linker]-[Debug]-[DjiProtocol_v1Pack:123) <0x5ac6>V1-Send: 0x0A06->0x0300 0x4900 [0m
[37m[9.337][linker]-[Debug]-[DjiProtocol_v1Unpack:215) <0x5d2>V1-Recv: 0x0800->0x0A06 0x0866 [0m
[37m[9.338][linker]-[Debug]-[DjiCommand_RecvWork:1066)  <0x5d2>Receive msg from linker, 0x0800->0x0A06 0x0866 len:17 [0m
[37m[9.338][linker]-[Debug]-[DjiCommand_DealCmd:919) received unsupport request cmd that noneed ack, <0x5d2> cmdset: 0x08 cmdid: 0x66 [0m
[37m[9.352][linker]-[Debug]-[DjiProtocol_v1Unpack:215) <0x5ae3>V1-Recv: 0x0306->0x0A06 0x03C1 [0m
[37m[9.353][linker]-[Debug]-[DjiCommand_RecvWork:1066)  <0x5ae3>Receive msg from linker, 0x0306->0x0A06 0x03C1 len:13 [0m
[37m[9.373][linker]-[Debug]-[DjiProtocol_v1Unpack:215) <0x5b10>V1-Recv: 0x0300->0x0A06 0x221B [0m
[37m[9.374][linker]-[Debug]-[DjiCommand_RecvWork:1066)  <0x5b10>Receive msg from linker, 0x0300->0x0A06 0x221B len:9 [0m
[37m[9.374][linker]-[Debug]-[DjiCommand_DealCmd:919) received unsupport request cmd that noneed ack, <0x5b10> cmdset: 0x22 cmdid: 0x1B [0m
[37m[9.420][linker]-[Debug]-[DjiProtocol_v1Unpack:215) <0x5b54>V1-Recv: 0x0306->0x0A06 0x03C1 [0m
[37m[9.420][linker]-[Debug]-[DjiProtocol_v1Unpack:215) <0x5b56>V1-Recv: 0x0300->0x0A06 0x036C [0m
[37m[9.421][linker]-[Debug]-[DjiCommand_RecvWork:1066)  <0x5b54>Receive msg from linker, 0x0306->0x0A06 0x03C1 len:113 [0m
[37m[9.422][linker]-[Debug]-[DjiCommand_RecvWork:1066)  <0x5b56>Receive msg from linker, 0x0300->0x0A06 0x036C len:71 [0m
[37m[9.422][linker]-[Debug]-[DjiCommand_DealCmd:919) received unsupport request cmd that noneed ack, <0x5b56> cmdset: 0x03 cmdid: 0x6C [0m
[37m[9.435][linker]-[Debug]-[DjiProtocol_v1Unpack:215) <0x5b8e>V1-Recv: 0x0300->0x0A06 0x4900 [0m
[37m[9.436][linker]-[Debug]-[DjiCommand_RecvWork:1066)  <0x5b8e>Receive msg from linker, 0x0300->0x0A06 0x4900 len:14 [0m
[37m[9.436][linker]-[Debug]-[DjiProtocol_v1Pack:123) <0x5b8e>V1-Send: 0x0A06->0x0300 0x4900 [0m
[37m[9.452][linker]-[Debug]-[DjiProtocol_v1Unpack:215) <0x5bad>V1-Recv: 0x0306->0x0A06 0x03C1 [0m
[37m[9.453][linker]-[Debug]-[DjiCommand_RecvWork:1066)  <0x5bad>Receive msg from linker, 0x0306->0x0A06 0x03C1 len:13 [0m
[37m[9.453][linker]-[Debug]-[DjiProtocol_v1Pack:123) <0x6174>V1-Send: 0x0A06->0x0200 0x3C10 [0m
[37m[9.453][linker]-[Debug]-[DjiProtocol_v1Pack:123) <0x6175>V1-Send: 0x0A06->0x0A01 0x3C10 [0m
[37m[9.453][linker]-[Debug]-[DjiProtocol_v1Pack:123) <0x6176>V1-Send: 0x0A06->0x0300 0x3C10 [0m
[32m[9.454][user]-[Info]-[UserFcSubscription_Task:458) gps position: x 117.120600 y 39.126659 z 25.191000. [0m
[32m[9.454][user]-[Info]-[UserFcSubscription_Task:470) gps total satellite number used: 7 8 15.
GPS fixState: 3.000000. [0m
[32m[9.454][user]-[Info]-[UserFcSubscription_Task:487) Homepoint info: lat->39.126700, lon->117.120800. [0m
[32m[9.454][user]-[Info]-[UserFcSubscription_Task:512) RTK position solution state: 16. [0m
[32m[9.454][user]-[Info]-[UserFcSubscription_Task:528) RTK position: 117.120651 39.126933 -12.042695. [0m
[32m[9.454][user]-[Info]-[UserFcSubscription_Task:573) Altitude of homepoint: 100.219955. [0m
[32m[9.454][user]-[Info]-[UserFcSubscription_Task:586) Battery info: 52. [0m
[32m[9.454][user]-[Info]-[UserFcSubscription_Task:600) Flight status: 2. [0m
[32m[9.454][user]-[Info]-[UserFcSubscription_Task:620) Displaymode status: 15. [0m
[37m[9.454][user]-[Debug]-[UserFcSubscription_Task:633) Timestamp: millisecond 7902422 microsecond 3607455085. [0m
[37m[9.454][user]-[Debug]-[UserFcSubscription_Task:634) Relative height fusion is 25.243555 m [0m
[37m[9.472][linker]-[Debug]-[DjiProtocol_v1Unpack:215) <0x5be3>V1-Recv: 0x0300->0x0A06 0x221B [0m
[37m[9.473][linker]-[Debug]-[DjiCommand_RecvWork:1066)  <0x5be3>Receive msg from linker, 0x0300->0x0A06 0x221B len:9 [0m
[37m[9.473][linker]-[Debug]-[DjiCommand_DealCmd:919) received unsupport request cmd that noneed ack, <0x5be3> cmdset: 0x22 cmdid: 0x1B [0m
[37m[9.476][linker]-[Debug]-[DjiProtocol_v1Unpack:215) <0x3a10>V1-Recv: 0x0A01->0x0A06 0x3C45 [0m
[37m[9.477][linker]-[Debug]-[DjiCommand_RecvWork:1066)  <0x3a10>Receive msg from linker, 0x0A01->0x0A06 0x3C45 len:0 [0m
[37m[9.477][upgrade]-[Debug]-[DjiUpgrade_GetUpgradeServiceInfo:239) Get upgrade service info [0m
[37m[9.477][linker]-[Debug]-[DjiProtocol_v1Pack:123) <0x3a10>V1-Send: 0x0A06->0x0A01 0x3C45 [0m
[37m[9.494][linker]-[Debug]-[DjiProtocol_v1Unpack:215) <0x5c08>V1-Recv: 0x0300->0x0100 0x0405 [0m
[37m[9.495][linker]-[Debug]-[DjiCommand_RecvWork:1066)  <0x5c08>Receive msg from linker, 0x0300->0x0100 0x0405 len:22 [0m
[37m[9.495][linker]-[Debug]-[DjiCommand_DealCmd:919) received unsupport request cmd that noneed ack, <0x5c08> cmdset: 0x04 cmdid: 0x05 [0m
[37m[9.515][linker]-[Debug]-[DjiProtocol_v1Unpack:215) <0x5c28>V1-Recv: 0x0300->0x0A06 0x036C [0m
[37m[9.516][linker]-[Debug]-[DjiCommand_RecvWork:1066)  <0x5c28>Receive msg from linker, 0x0300->0x0A06 0x036C len:71 [0m
[37m[9.516][linker]-[Debug]-[DjiCommand_DealCmd:919) received unsupport request cmd that noneed ack, <0x5c28> cmdset: 0x03 cmdid: 0x6C [0m
[37m[9.533][linker]-[Debug]-[DjiProtocol_v1Unpack:215) <0x5c4e>V1-Recv: 0x0300->0x0A06 0x4900 [0m
[37m[9.534][linker]-[Debug]-[DjiCommand_RecvWork:1066)  <0x5c4e>Receive msg from linker, 0x0300->0x0A06 0x4900 len:14 [0m
[37m[9.534][linker]-[Debug]-[DjiProtocol_v1Pack:123) <0x5c4e>V1-Send: 0x0A06->0x0300 0x4900 [0m
[37m[9.553][linker]-[Debug]-[DjiProtocol_v1Unpack:215) <0x5c6e>V1-Recv: 0x0306->0x0A06 0x03C1 [0m
[37m[9.553][linker]-[Debug]-[DjiProtocol_v1Unpack:215) <0x1d83>V1-Recv: 0x0701->0x0A06 0x0000 [0m
[37m[9.554][linker]-[Debug]-[DjiCommand_RecvWork:1066)  <0x5c6e>Receive msg from linker, 0x0306->0x0A06 0x03C1 len:13 [0m
[37m[9.555][linker]-[Debug]-[DjiCommand_RecvWork:1066)  <0x1d83>Receive msg from linker, 0x0701->0x0A06 0x0000 len:16 [0m
[37m[9.555][linker]-[Debug]-[DjiProtocol_v1Pack:123) <0x1d83>V1-Send: 0x0A06->0x0701 0x0000 [0m
[37m[9.573][linker]-[Debug]-[DjiProtocol_v1Unpack:215) <0x5c98>V1-Recv: 0x0300->0x0A06 0x221B [0m
[37m[9.574][linker]-[Debug]-[DjiCommand_RecvWork:1066)  <0x5c98>Receive msg from linker, 0x0300->0x0A06 0x221B len:9 [0m
[37m[9.574][linker]-[Debug]-[DjiCommand_DealCmd:919) received unsupport request cmd that noneed ack, <0x5c98> cmdset: 0x22 cmdid: 0x1B [0m
[37m[9.587][linker]-[Debug]-[DjiProtocol_v1Unpack:215) <0x5d3>V1-Recv: 0x0800->0x0A06 0x0866 [0m
[37m[9.588][linker]-[Debug]-[DjiCommand_RecvWork:1066)  <0x5d3>Receive msg from linker, 0x0800->0x0A06 0x0866 len:17 [0m
[37m[9.588][linker]-[Debug]-[DjiCommand_DealCmd:919) received unsupport request cmd that noneed ack, <0x5d3> cmdset: 0x08 cmdid: 0x66 [0m
[37m[9.616][linker]-[Debug]-[DjiProtocol_v1Unpack:215) <0x5cdc>V1-Recv: 0x0300->0x0A06 0x036C [0m
[37m[9.617][linker]-[Debug]-[DjiCommand_RecvWork:1066)  <0x5cdc>Receive msg from linker, 0x0300->0x0A06 0x036C len:71 [0m
[37m[9.617][linker]-[Debug]-[DjiCommand_DealCmd:919) received unsupport request cmd that noneed ack, <0x5cdc> cmdset: 0x03 cmdid: 0x6C [0m
[37m[9.634][linker]-[Debug]-[DjiProtocol_v1Unpack:215) <0x5d07>V1-Recv: 0x0300->0x0A06 0x4900 [0m
[37m[9.635][linker]-[Debug]-[DjiCommand_RecvWork:1066)  <0x5d07>Receive msg from linker, 0x0300->0x0A06 0x4900 len:14 [0m
[37m[9.635][linker]-[Debug]-[DjiProtocol_v1Pack:123) <0x5d07>V1-Send: 0x0A06->0x0300 0x4900 [0m
[37m[9.652][linker]-[Debug]-[DjiProtocol_v1Unpack:215) <0x5d27>V1-Recv: 0x0306->0x0A06 0x03C1 [0m
[37m[9.653][linker]-[Debug]-[DjiCommand_RecvWork:1066)  <0x5d27>Receive msg from linker, 0x0306->0x0A06 0x03C1 len:13 [0m
[37m[9.654][utils]-[Debug]-[DjiCore_RootTask:131) work execution time: [0m
[37m[9.654][utils]-[Debug]-[DjiCore_RootTask:132) name	                execution time (ms)	  max execution time (ms) [0m
[37m[9.654][utils]-[Debug]-[DjiCore_RootTask:134) recorderWork                    	1       	1        [0m
[37m[9.654][utils]-[Debug]-[DjiCore_RootTask:134) flowControllerTask              	0       	1        [0m
[37m[9.654][utils]-[Debug]-[DjiCore_RootTask:134) commandTask                     	1       	1        [0m
[37m[9.654][utils]-[Debug]-[DjiCore_RootTask:134) aircraftWorkNode                	1       	1        [0m
[37m[9.654][utils]-[Debug]-[DjiCore_RootTask:134) StatePushWork                   	0       	1        [0m
[37m[9.667][linker]-[Debug]-[DjiProtocol_v1Pack:123) <0x6177>V1-Send: 0x0A06->0x0200 0x3C10 [0m
[37m[9.667][linker]-[Debug]-[DjiProtocol_v1Pack:123) <0x6178>V1-Send: 0x0A06->0x0A01 0x3C10 [0m
[37m[9.667][linker]-[Debug]-[DjiProtocol_v1Pack:123) <0x6179>V1-Send: 0x0A06->0x0300 0x3C10 [0m
[37m[9.672][linker]-[Debug]-[DjiProtocol_v1Unpack:215) <0x5d57>V1-Recv: 0x0300->0x0A06 0x221B [0m
[37m[9.672][linker]-[Debug]-[DjiCommand_RecvWork:1066)  <0x5d57>Receive msg from linker, 0x0300->0x0A06 0x221B len:9 [0m
[37m[9.672][linker]-[Debug]-[DjiCommand_DealCmd:919) received unsupport request cmd that noneed ack, <0x5d57> cmdset: 0x22 cmdid: 0x1B [0m
[37m[9.694][linker]-[Debug]-[DjiProtocol_v1Unpack:215) <0x3a12>V1-Recv: 0x0A01->0x0A06 0x3C45 [0m
[37m[9.694][linker]-[Debug]-[DjiCommand_RecvWork:1066)  <0x3a12>Receive msg from linker, 0x0A01->0x0A06 0x3C45 len:0 [0m
[37m[9.694][upgrade]-[Debug]-[DjiUpgrade_GetUpgradeServiceInfo:239) Get upgrade service info [0m
[37m[9.694][linker]-[Debug]-[DjiProtocol_v1Pack:123) <0x3a12>V1-Send: 0x0A06->0x0A01 0x3C45 [0m
[37m[9.715][linker]-[Debug]-[DjiProtocol_v1Unpack:215) <0x5d98>V1-Recv: 0x0300->0x0A06 0x036C [0m
[37m[9.715][linker]-[Debug]-[DjiCommand_RecvWork:1066)  <0x5d98>Receive msg from linker, 0x0300->0x0A06 0x036C len:71 [0m
[37m[9.715][linker]-[Debug]-[DjiCommand_DealCmd:919) received unsupport request cmd that noneed ack, <0x5d98> cmdset: 0x03 cmdid: 0x6C [0m
[37m[9.733][linker]-[Debug]-[DjiProtocol_v1Unpack:215) <0x5dbc>V1-Recv: 0x0300->0x0A06 0x4900 [0m
[37m[9.733][linker]-[Debug]-[DjiCommand_RecvWork:1066)  <0x5dbc>Receive msg from linker, 0x0300->0x0A06 0x4900 len:14 [0m
[37m[9.733][linker]-[Debug]-[DjiProtocol_v1Pack:123) <0x5dbc>V1-Send: 0x0A06->0x0300 0x4900 [0m
[37m[9.751][linker]-[Debug]-[DjiProtocol_v1Unpack:215) <0x5dd9>V1-Recv: 0x0306->0x0A06 0x03C1 [0m
[37m[9.751][linker]-[Debug]-[DjiCommand_RecvWork:1066)  <0x5dd9>Receive msg from linker, 0x0306->0x0A06 0x03C1 len:13 [0m
[37m[9.773][linker]-[Debug]-[DjiProtocol_v1Unpack:215) <0x5e02>V1-Recv: 0x0300->0x0A06 0x221B [0m
[37m[9.773][linker]-[Debug]-[DjiCommand_RecvWork:1066)  <0x5e02>Receive msg from linker, 0x0300->0x0A06 0x221B len:9 [0m
[37m[9.773][linker]-[Debug]-[DjiCommand_DealCmd:919) received unsupport request cmd that noneed ack, <0x5e02> cmdset: 0x22 cmdid: 0x1B [0m
[37m[9.815][linker]-[Debug]-[DjiProtocol_v1Unpack:215) <0x5e48>V1-Recv: 0x0300->0x0A06 0x036C [0m
[37m[9.816][linker]-[Debug]-[DjiCommand_RecvWork:1066)  <0x5e48>Receive msg from linker, 0x0300->0x0A06 0x036C len:71 [0m
[37m[9.816][linker]-[Debug]-[DjiCommand_DealCmd:919) received unsupport request cmd that noneed ack, <0x5e48> cmdset: 0x03 cmdid: 0x6C [0m
[37m[9.834][linker]-[Debug]-[DjiProtocol_v1Unpack:215) <0x5e7a>V1-Recv: 0x0300->0x0A06 0x4900 [0m
[37m[9.835][linker]-[Debug]-[DjiCommand_RecvWork:1066)  <0x5e7a>Receive msg from linker, 0x0300->0x0A06 0x4900 len:14 [0m
[37m[9.836][linker]-[Debug]-[DjiProtocol_v1Pack:123) <0x5e7a>V1-Send: 0x0A06->0x0300 0x4900 [0m
[37m[9.837][linker]-[Debug]-[DjiProtocol_v1Unpack:215) <0x5d4>V1-Recv: 0x0800->0x0A06 0x0866 [0m
[37m[9.838][linker]-[Debug]-[DjiCommand_RecvWork:1066)  <0x5d4>Receive msg from linker, 0x0800->0x0A06 0x0866 len:17 [0m
[37m[9.838][linker]-[Debug]-[DjiCommand_DealCmd:919) received unsupport request cmd that noneed ack, <0x5d4> cmdset: 0x08 cmdid: 0x66 [0m
[37m[9.852][linker]-[Debug]-[DjiProtocol_v1Unpack:215) <0x5e95>V1-Recv: 0x0306->0x0A06 0x03C1 [0m
[37m[9.852][linker]-[Debug]-[DjiCommand_RecvWork:1066)  <0x5e95>Receive msg from linker, 0x0306->0x0A06 0x03C1 len:13 [0m
[37m[9.873][linker]-[Debug]-[DjiProtocol_v1Unpack:215) <0x5ec2>V1-Recv: 0x0300->0x0A06 0x221B [0m
[37m[9.873][linker]-[Debug]-[DjiCommand_RecvWork:1066)  <0x5ec2>Receive msg from linker, 0x0300->0x0A06 0x221B len:9 [0m
[37m[9.873][linker]-[Debug]-[DjiCommand_DealCmd:919) received unsupport request cmd that noneed ack, <0x5ec2> cmdset: 0x22 cmdid: 0x1B [0m
[37m[9.880][linker]-[Debug]-[DjiProtocol_v1Pack:123) <0x617a>V1-Send: 0x0A06->0x0200 0x3C10 [0m
[37m[9.880][linker]-[Debug]-[DjiProtocol_v1Pack:123) <0x617b>V1-Send: 0x0A06->0x0A01 0x3C10 [0m
[37m[9.880][linker]-[Debug]-[DjiProtocol_v1Pack:123) <0x617c>V1-Send: 0x0A06->0x0300 0x3C10 [0m
[37m[9.896][linker]-[Debug]-[DjiProtocol_v1Unpack:215) <0x3a13>V1-Recv: 0x0A01->0x0A06 0x3C45 [0m
[37m[9.896][linker]-[Debug]-[DjiCommand_RecvWork:1066)  <0x3a13>Receive msg from linker, 0x0A01->0x0A06 0x3C45 len:0 [0m
[37m[9.896][upgrade]-[Debug]-[DjiUpgrade_GetUpgradeServiceInfo:239) Get upgrade service info [0m
[37m[9.896][linker]-[Debug]-[DjiProtocol_v1Pack:123) <0x3a13>V1-Send: 0x0A06->0x0A01 0x3C45 [0m
[37m[9.915][linker]-[Debug]-[DjiProtocol_v1Unpack:215) <0x5f05>V1-Recv: 0x0300->0x0A06 0x036C [0m
[37m[9.916][linker]-[Debug]-[DjiCommand_RecvWork:1066)  <0x5f05>Receive msg from linker, 0x0300->0x0A06 0x036C len:71 [0m
[37m[9.916][linker]-[Debug]-[DjiCommand_DealCmd:919) received unsupport request cmd that noneed ack, <0x5f05> cmdset: 0x03 cmdid: 0x6C [0m
[37m[9.934][linker]-[Debug]-[DjiProtocol_v1Unpack:215) <0x5f2c>V1-Recv: 0x0300->0x0A06 0x4900 [0m
[37m[9.934][linker]-[Debug]-[DjiCommand_RecvWork:1066)  <0x5f2c>Receive msg from linker, 0x0300->0x0A06 0x4900 len:14 [0m
[37m[9.934][linker]-[Debug]-[DjiProtocol_v1Pack:123) <0x5f2c>V1-Send: 0x0A06->0x0300 0x4900 [0m
[37m[9.952][linker]-[Debug]-[DjiProtocol_v1Unpack:215) <0x5f4d>V1-Recv: 0x0306->0x0A06 0x03C1 [0m
[37m[9.953][linker]-[Debug]-[DjiCommand_RecvWork:1066)  <0x5f4d>Receive msg from linker, 0x0306->0x0A06 0x03C1 len:13 [0m
[37m[9.972][linker]-[Debug]-[DjiProtocol_v1Unpack:215) <0x5f78>V1-Recv: 0x0300->0x0A06 0x221B [0m
[37m[9.973][linker]-[Debug]-[DjiCommand_RecvWork:1066)  <0x5f78>Receive msg from linker, 0x0300->0x0A06 0x221B len:9 [0m
[37m[9.973][linker]-[Debug]-[DjiCommand_DealCmd:919) received unsupport request cmd that noneed ack, <0x5f78> cmdset: 0x22 cmdid: 0x1B [0m
[37m[9.996][linker]-[Debug]-[DjiProtocol_v1Unpack:215) <0x5fa1>V1-Recv: 0x0300->0x0A06 0x0F74 [0m
[37m[9.996][linker]-[Debug]-[DjiProtocol_v1Unpack:215) <0x5fa4>V1-Recv: 0x0300->0x0100 0x0406 [0m
[37m[9.996][linker]-[Debug]-[DjiProtocol_v1Unpack:215) <0x5fa5>V1-Recv: 0x0300->0x0100 0x0407 [0m
[37m[9.996][linker]-[Debug]-[DjiCommand_RecvWork:1066)  <0x5fa1>Receive msg from linker, 0x0300->0x0A06 0x0F74 len:28 [0m
[37m[9.996][linker]-[Debug]-[DjiCommand_DealCmd:919) received unsupport request cmd that noneed ack, <0x5fa1> cmdset: 0x0F cmdid: 0x74 [0m
[37m[9.998][linker]-[Debug]-[DjiCommand_RecvWork:1066)  <0x5fa4>Receive msg from linker, 0x0300->0x0100 0x0406 len:12 [0m
[37m[9.998][linker]-[Debug]-[DjiCommand_DealCmd:919) received unsupport request cmd that noneed ack, <0x5fa4> cmdset: 0x04 cmdid: 0x06 [0m
[37m[9.999][linker]-[Debug]-[DjiCommand_RecvWork:1066)  <0x5fa5>Receive msg from linker, 0x0300->0x0100 0x0407 len:1 [0m
[37m[9.999][linker]-[Debug]-[DjiCommand_DealCmd:919) received unsupport request cmd that noneed ack, <0x5fa5> cmdset: 0x04 cmdid: 0x07 [0m
[37m[10.009][linker]-[Debug]-[DjiProtocol_v1Unpack:215) <0x1eca>V1-Recv: 0x1D07->0x0A06 0x2105 [0m
[37m[10.009][linker]-[Debug]-[DjiCommand_RecvWork:1066)  <0x1eca>Receive msg from linker, 0x1D07->0x0A06 0x2105 len:1 [0m
[37m[10.009][linker]-[Debug]-[DjiCommand_DealCmd:919) received unsupport request cmd that need ack, <0x1eca> cmdset: 0x21 cmdid: 0x05 [0m
[37m[10.015][linker]-[Debug]-[DjiProtocol_v1Unpack:215) <0x5fc1>V1-Recv: 0x0300->0x0A06 0x036C [0m
[37m[10.016][linker]-[Debug]-[DjiCommand_RecvWork:1066)  <0x5fc1>Receive msg from linker, 0x0300->0x0A06 0x036C len:71 [0m
[37m[10.016][linker]-[Debug]-[DjiCommand_DealCmd:919) received unsupport request cmd that noneed ack, <0x5fc1> cmdset: 0x03 cmdid: 0x6C [0m
[37m[10.034][linker]-[Debug]-[DjiProtocol_v1Unpack:215) <0x5ff1>V1-Recv: 0x0300->0x0A06 0x4900 [0m
[37m[10.035][linker]-[Debug]-[DjiCommand_RecvWork:1066)  <0x5ff1>Receive msg from linker, 0x0300->0x0A06 0x4900 len:14 [0m
[37m[10.035][linker]-[Debug]-[DjiProtocol_v1Pack:123) <0x5ff1>V1-Send: 0x0A06->0x0300 0x4900 [0m
[37m[10.052][linker]-[Debug]-[DjiProtocol_v1Unpack:215) <0x600b>V1-Recv: 0x0306->0x0A06 0x03C1 [0m
[37m[10.052][linker]-[Debug]-[DjiCommand_RecvWork:1066)  <0x600b>Receive msg from linker, 0x0306->0x0A06 0x03C1 len:13 [0m
[37m[10.073][linker]-[Debug]-[DjiProtocol_v1Unpack:215) <0x6040>V1-Recv: 0x0300->0x0A06 0x221B [0m
[37m[10.073][linker]-[Debug]-[DjiCommand_RecvWork:1066)  <0x6040>Receive msg from linker, 0x0300->0x0A06 0x221B len:9 [0m
[37m[10.073][linker]-[Debug]-[DjiCommand_DealCmd:919) received unsupport request cmd that noneed ack, <0x6040> cmdset: 0x22 cmdid: 0x1B [0m
[37m[10.087][linker]-[Debug]-[DjiProtocol_v1Unpack:215) <0x5d5>V1-Recv: 0x0800->0x0A06 0x0866 [0m
[37m[10.087][linker]-[Debug]-[DjiCommand_RecvWork:1066)  <0x5d5>Receive msg from linker, 0x0800->0x0A06 0x0866 len:17 [0m
[37m[10.087][linker]-[Debug]-[DjiCommand_DealCmd:919) received unsupport request cmd that noneed ack, <0x5d5> cmdset: 0x08 cmdid: 0x66 [0m
[37m[10.094][linker]-[Debug]-[DjiProtocol_v1Pack:123) <0x617d>V1-Send: 0x0A06->0x0300 0x0000 [0m
[37m[10.094][infor]-[Debug]-[DjiAircraftConnection_CheckExtensionPortConnectStatusByV1Protocol:170) check connect status:1 [0m
[37m[10.095][linker]-[Debug]-[DjiProtocol_v1Pack:123) <0x617e>V1-Send: 0x0A06->0x0200 0x3C10 [0m
[37m[10.095][linker]-[Debug]-[DjiProtocol_v1Pack:123) <0x617f>V1-Send: 0x0A06->0x0A01 0x3C10 [0m
[37m[10.095][linker]-[Debug]-[DjiProtocol_v1Pack:123) <0x6180>V1-Send: 0x0A06->0x0300 0x3C10 [0m
