[32m[0.005][core]-[Info]-[DjiCore_Init:106) Payload SDK Version : V3.9.2-beta.0-build.2125 [0m
[37m[0.006][utils]-[Debug]-[DjiCore_RootTask:131) work execution time: [0m
[37m[0.006][utils]-[Debug]-[DjiCore_RootTask:132) name	                execution time (ms)	  max execution time (ms) [0m
[37m[0.006][utils]-[Debug]-[DjiCore_RootTask:134) recorderWork                    	0       	0        [0m
[37m[0.006][utils]-[Debug]-[DjiCore_RootTask:134) flowControllerTask              	0       	0        [0m
[37m[0.032][linker]-[Debug]-[DjiLinker_Init:128) init linker success, protocol:2, channelId:0 [0m
[37m[0.032][linker]-[Debug]-[DjiProtocol_v1Pack:123) <0000>V1-Send: 0x0A06->0x0300 0x03FD [0m
[37m[0.052][linker]-[Debug]-[DjiProtocol_v1Pack:123) <0x01>V1-Send: 0x0A06->0x0300 0x03FD [0m
[37m[0.073][linker]-[Debug]-[DjiProtocol_v1Pack:123) <0x02>V1-Send: 0x0A06->0x0300 0x03FD [0m
[37m[0.093][linker]-[Debug]-[DjiProtocol_v1Pack:123) <0x03>V1-Send: 0x0A06->0x0300 0x03FD [0m
[37m[0.113][linker]-[Debug]-[DjiProtocol_v1Pack:123) <0x04>V1-Send: 0x0A06->0x0300 0x03FD [0m
[37m[0.154][linker]-[Debug]-[DjiLinker_DeInit:170) deinit linker success, protocol:2, channelId:0 [0m
[37m[0.159][linker]-[Debug]-[DjiLinker_Init:128) init linker success, protocol:2, channelId:0 [0m
[37m[0.159][linker]-[Debug]-[DjiProtocol_v1Pack:123) <0000>V1-Send: 0x0507->0x0503 0x03FD [0m
[37m[0.179][linker]-[Debug]-[DjiProtocol_v1Pack:123) <0x01>V1-Send: 0x0507->0x0503 0x03FD [0m
[37m[0.199][linker]-[Debug]-[DjiProtocol_v1Pack:123) <0x02>V1-Send: 0x0507->0x0503 0x03FD [0m
[37m[0.219][linker]-[Debug]-[DjiProtocol_v1Pack:123) <0x03>V1-Send: 0x0507->0x0503 0x03FD [0m
[37m[0.239][linker]-[Debug]-[DjiProtocol_v1Pack:123) <0x04>V1-Send: 0x0507->0x0503 0x03FD [0m
[37m[0.285][linker]-[Debug]-[DjiLinker_DeInit:170) deinit linker success, protocol:2, channelId:0 [0m
[37m[0.288][linker]-[Debug]-[DjiLinker_Init:128) init linker success, protocol:2, channelId:0 [0m
[37m[0.289][linker]-[Debug]-[DjiProtocol_v1Pack:123) <0000>V1-Send: 0x0507->0x0503 0x03FD [0m
[32m[0.295][user]-[Info]-[msgarrvd:410) Parsed value for 'airportId': 13
 [0m
[32m[0.295][user]-[Info]-[msgarrvd:419) --dronesCount--2
 [0m
[32m[0.295][user]-[Info]-[msgarrvd:429) Drone ID: 6, Latitude: 39.136887, Longitude: 117.141939
 [0m
[32m[0.295][user]-[Info]-[msgarrvd:429) Drone ID: 7, Latitude: 39.136887, Longitude: 117.141939
 [0m
[37m[0.298][linker]-[Debug]-[DjiProtocol_v1Unpack:215) <0x702e>V1-Recv: 0x0300->0x0A06 0x4900 [0m
[37m[0.309][linker]-[Debug]-[DjiProtocol_v1Pack:123) <0x01>V1-Send: 0x0507->0x0503 0x03FD [0m
[37m[0.329][linker]-[Debug]-[DjiProtocol_v1Pack:123) <0x02>V1-Send: 0x0507->0x0503 0x03FD [0m
[37m[0.336][linker]-[Debug]-[DjiProtocol_v1Unpack:215) <0x7072>V1-Recv: 0x0300->0x0A06 0x221B [0m
[37m[0.349][linker]-[Debug]-[DjiProtocol_v1Pack:123) <0x03>V1-Send: 0x0507->0x0503 0x03FD [0m
[37m[0.366][linker]-[Debug]-[DjiProtocol_v1Unpack:215) <0x70af>V1-Recv: 0x0306->0x0A06 0x03C1 [0m
[37m[0.369][linker]-[Debug]-[DjiProtocol_v1Pack:123) <0x04>V1-Send: 0x0507->0x0503 0x03FD [0m
[37m[0.378][linker]-[Debug]-[DjiProtocol_v1Unpack:215) <0x70bc>V1-Recv: 0x0300->0x0A06 0x036C [0m
[37m[0.410][linker]-[Debug]-[DjiLinker_DeInit:170) deinit linker success, protocol:2, channelId:0 [0m
[37m[0.414][linker]-[Debug]-[DjiLinker_Init:128) init linker success, protocol:2, channelId:0 [0m
[37m[0.414][linker]-[Debug]-[DjiProtocol_v1Pack:123) <0000>V1-Send: 0x0507->0x0503 0x03FD [0m
[37m[0.435][linker]-[Debug]-[DjiProtocol_v1Pack:123) <0x01>V1-Send: 0x0507->0x0503 0x03FD [0m
[37m[0.455][linker]-[Debug]-[DjiProtocol_v1Pack:123) <0x02>V1-Send: 0x0507->0x0503 0x03FD [0m
[37m[0.475][linker]-[Debug]-[DjiProtocol_v1Pack:123) <0x03>V1-Send: 0x0507->0x0503 0x03FD [0m
[37m[0.495][linker]-[Debug]-[DjiProtocol_v1Pack:123) <0x04>V1-Send: 0x0507->0x0503 0x03FD [0m
[37m[0.536][linker]-[Debug]-[DjiLinker_DeInit:170) deinit linker success, protocol:2, channelId:0 [0m
[37m[0.540][linker]-[Debug]-[DjiLinker_Init:128) init linker success, protocol:2, channelId:0 [0m
[37m[0.540][linker]-[Debug]-[DjiProtocol_v1Pack:123) <0000>V1-Send: 0x0507->0x0503 0x03FD [0m
[37m[0.560][linker]-[Debug]-[DjiProtocol_v1Pack:123) <0x01>V1-Send: 0x0507->0x0503 0x03FD [0m
[37m[0.580][linker]-[Debug]-[DjiProtocol_v1Pack:123) <0x02>V1-Send: 0x0507->0x0503 0x03FD [0m
[37m[0.600][linker]-[Debug]-[DjiProtocol_v1Pack:123) <0x03>V1-Send: 0x0507->0x0503 0x03FD [0m
[37m[0.620][linker]-[Debug]-[DjiProtocol_v1Pack:123) <0x04>V1-Send: 0x0507->0x0503 0x03FD [0m
[37m[0.662][linker]-[Debug]-[DjiLinker_DeInit:170) deinit linker success, protocol:2, channelId:0 [0m
[37m[0.666][linker]-[Debug]-[DjiLinker_Init:128) init linker success, protocol:2, channelId:0 [0m
[37m[0.666][linker]-[Debug]-[DjiProtocol_v1Pack:123) <0000>V1-Send: 0x0507->0x0503 0x03FD [0m
[37m[0.686][linker]-[Debug]-[DjiProtocol_v1Pack:123) <0x01>V1-Send: 0x0507->0x0503 0x03FD [0m
[37m[0.706][linker]-[Debug]-[DjiProtocol_v1Pack:123) <0x02>V1-Send: 0x0507->0x0503 0x03FD [0m
[37m[0.726][linker]-[Debug]-[DjiProtocol_v1Pack:123) <0x03>V1-Send: 0x0507->0x0503 0x03FD [0m
[37m[0.746][linker]-[Debug]-[DjiProtocol_v1Pack:123) <0x04>V1-Send: 0x0507->0x0503 0x03FD [0m
[37m[0.787][linker]-[Debug]-[DjiLinker_DeInit:170) deinit linker success, protocol:2, channelId:0 [0m
[37m[0.791][linker]-[Debug]-[DjiLinker_Init:128) init linker success, protocol:2, channelId:0 [0m
[37m[0.791][linker]-[Debug]-[DjiProtocol_v1Pack:123) <0000>V1-Send: 0x0A06->0x0300 0x03FD [0m
[37m[0.811][linker]-[Debug]-[DjiProtocol_v1Pack:123) <0x01>V1-Send: 0x0A06->0x0300 0x03FD [0m
[37m[0.831][linker]-[Debug]-[DjiProtocol_v1Pack:123) <0x02>V1-Send: 0x0A06->0x0300 0x03FD [0m
[37m[0.851][linker]-[Debug]-[DjiProtocol_v1Pack:123) <0x03>V1-Send: 0x0A06->0x0300 0x03FD [0m
[37m[0.871][linker]-[Debug]-[DjiProtocol_v1Pack:123) <0x04>V1-Send: 0x0A06->0x0300 0x03FD [0m
[37m[0.913][linker]-[Debug]-[DjiLinker_DeInit:170) deinit linker success, protocol:2, channelId:0 [0m
[37m[0.919][linker]-[Debug]-[DjiLinker_Init:128) init linker success, protocol:2, channelId:0 [0m
[37m[0.919][linker]-[Debug]-[DjiProtocol_v1Pack:123) <0000>V1-Send: 0x0A06->0x0300 0x03FD [0m
[37m[0.936][linker]-[Debug]-[DjiProtocol_v1Unpack:215) <0000>V1-Recv: 0x0300->0x0A06 0x03FD [0m
[37m[0.936][linker]-[Debug]-[DjiProtocol_v1Unpack:215) <0x74c6>V1-Recv: 0x0300->0x0A06 0x221B [0m
[37m[0.939][linker]-[Debug]-[DjiProtocol_v1Pack:123) <0x01>V1-Send: 0x0A06->0x0300 0x03FD [0m
[37m[0.979][linker]-[Debug]-[DjiLinker_DeInit:170) deinit linker success, protocol:2, channelId:0 [0m
[32m[0.979][adapter]-[Info]-[DjiAccessAdapter_Init:231) Identify aircraft series is Matrice 350 Series [0m
[32m[0.979][adapter]-[Info]-[DjiAccessAdapter_Init:264) Identify mount position type is Extension Port Type [0m
[37m[0.979][linker]-[Debug]-[DjiCommand_Init:158) config list channel id:2 [0m
[37m[0.982][linker]-[Debug]-[DjiLinker_Init:128) init linker success, protocol:2, channelId:0 [0m
[37m[0.982][linker]-[Debug]-[DjiCommand_Init:167) add linker node count:1 [0m
[32m[0.982][adapter]-[Info]-[DjiAccessAdapter_Init:365) Identity uart0 baudrate is 230400 bps [0m
[37m[0.982][linker]-[Debug]-[DjiProtocol_v1Pack:123) <0xfce7>V1-Send: 0x0A06->0x0701 0x0000 [0m
[37m[0.982][linker]-[Debug]-[DjiCommand_SendAsync:497) Max wait ack item count is 32. [0m
[37m[0.998][linker]-[Debug]-[DjiProtocol_v1Unpack:215) <0x8c8b>V1-Recv: 0x0800->0x0A06 0x0866 [0m
[37m[0.998][linker]-[Debug]-[DjiProtocol_v1Unpack:215) <0xfce7>V1-Recv: 0x0701->0x0A06 0x0000 [0m
[37m[0.998][linker]-[Debug]-[DjiProtocol_v1Unpack:215) <0x7544>V1-Recv: 0x0300->0x0A06 0x4900 [0m
[37m[0.999][linker]-[Debug]-[DjiCommand_RecvWork:1066)  <0x8c8b>Receive msg from linker, 0x0800->0x0A06 0x0866 len:16 [0m
[37m[0.999][linker]-[Debug]-[DjiCommand_DealCmd:919) received unsupport request cmd that noneed ack, <0x8c8b> cmdset: 0x08 cmdid: 0x66 [0m
[37m[1.000][linker]-[Debug]-[DjiCommand_RecvWork:1066)  <0xfce7>Receive msg from linker, 0x0701->0x0A06 0x0000 len:1 [0m
[37m[1.000][linker]-[Debug]-[DjiCommand_SendSyncCallback:1014) PsdkCommand_SendSyncCallback success [0m
[37m[1.000][linker]-[Debug]-[DjiCommand_DealCmd:830) callback function (cmdset: 0x00 cmdid: 0x00) deal time: 0 ms [0m
[37m[1.001][linker]-[Debug]-[DjiCommand_SendSync:553) sendSync callback success [0m
[37m[1.001][linker]-[Debug]-[DjiCommand_RegRecvCmdHandler:674) Reg command handle list success, index:0 [0m
[37m[1.001][linker]-[Debug]-[DjiCommand_RegRecvCmdHandler:674) Reg command handle list success, index:1 [0m
[37m[1.001][linker]-[Debug]-[DjiProtocol_v1Pack:123) <0xfce8>V1-Send: 0x0A06->0x0701 0x0087 [0m
[37m[1.002][linker]-[Debug]-[DjiCommand_RecvWork:1066)  <0x7544>Receive msg from linker, 0x0300->0x0A06 0x4900 len:14 [0m
[37m[1.002][linker]-[Debug]-[DjiCommand_DealCmd:919) received unsupport request cmd that need ack, <0x7544> cmdset: 0x49 cmdid: 0x00 [0m
[37m[1.035][linker]-[Debug]-[DjiProtocol_v1Unpack:215) <0x758c>V1-Recv: 0x0300->0x0A06 0x221B [0m
[37m[1.036][linker]-[Debug]-[DjiCommand_RecvWork:1066)  <0x758c>Receive msg from linker, 0x0300->0x0A06 0x221B len:9 [0m
[37m[1.036][linker]-[Debug]-[DjiCommand_DealCmd:919) received unsupport request cmd that noneed ack, <0x758c> cmdset: 0x22 cmdid: 0x1B [0m
[37m[1.066][linker]-[Debug]-[DjiProtocol_v1Unpack:215) <0x75bf>V1-Recv: 0x0306->0x0A06 0x03C1 [0m
[37m[1.067][linker]-[Debug]-[DjiCommand_RecvWork:1066)  <0x75bf>Receive msg from linker, 0x0306->0x0A06 0x03C1 len:13 [0m
[37m[1.067][linker]-[Debug]-[DjiCommand_DealCmd:919) received unsupport request cmd that noneed ack, <0x75bf> cmdset: 0x03 cmdid: 0xC1 [0m
[37m[1.078][linker]-[Debug]-[DjiProtocol_v1Unpack:215) <0x75cb>V1-Recv: 0x0300->0x0A06 0x036C [0m
[37m[1.079][linker]-[Debug]-[DjiCommand_RecvWork:1066)  <0x75cb>Receive msg from linker, 0x0300->0x0A06 0x036C len:71 [0m
[37m[1.079][linker]-[Debug]-[DjiCommand_DealCmd:919) received unsupport request cmd that noneed ack, <0x75cb> cmdset: 0x03 cmdid: 0x6C [0m
[37m[1.083][linker]-[Debug]-[DjiProtocol_v1Unpack:215) <0x7b2>V1-Recv: 0x0701->0x0A06 0x0087 [0m
[37m[1.084][linker]-[Debug]-[DjiCommand_RecvWork:1066)  <0x7b2>Receive msg from linker, 0x0701->0x0A06 0x0087 len:4 [0m
[37m[1.084][adapter]-[Debug]-[DjiPayloadNegotiate_PayloadNegotiateHandle:1073) receive payload negotiate notify, cmd = 1 [0m
[37m[1.084][adapter]-[Debug]-[DjiPayloadNegotiate_VersionHandle:503) Payload negotiate use dynamic ip config [0m
[37m[1.084][linker]-[Debug]-[DjiProtocol_v1Pack:123) <0x7b2>V1-Send: 0x0A06->0x0701 0x0087 [0m
[37m[1.095][utils]-[Debug]-[DjiCore_RootTask:131) work execution time: [0m
[37m[1.095][utils]-[Debug]-[DjiCore_RootTask:132) name	                execution time (ms)	  max execution time (ms) [0m
[37m[1.095][utils]-[Debug]-[DjiCore_RootTask:134) recorderWork                    	0       	0        [0m
[37m[1.095][utils]-[Debug]-[DjiCore_RootTask:134) flowControllerTask              	0       	0        [0m
[37m[1.095][utils]-[Debug]-[DjiCore_RootTask:134) commandTask                     	0       	0        [0m
[37m[1.103][linker]-[Debug]-[DjiProtocol_v1Unpack:215) <0x75f8>V1-Recv: 0x0300->0x0A06 0x4900 [0m
[37m[1.103][linker]-[Debug]-[DjiProtocol_v1Unpack:215) <0x7b3>V1-Recv: 0x0701->0x0A06 0x0087 [0m
[37m[1.103][linker]-[Debug]-[DjiCommand_RecvWork:1066)  <0x75f8>Receive msg from linker, 0x0300->0x0A06 0x4900 len:14 [0m
[37m[1.103][linker]-[Debug]-[DjiCommand_DealCmd:919) received unsupport request cmd that need ack, <0x75f8> cmdset: 0x49 cmdid: 0x00 [0m
[37m[1.104][linker]-[Debug]-[DjiCommand_RecvWork:1066)  <0x7b3>Receive msg from linker, 0x0701->0x0A06 0x0087 len:96 [0m
[37m[1.104][adapter]-[Debug]-[DjiPayloadNegotiate_PayloadNegotiateHandle:1073) receive payload negotiate notify, cmd = 3 [0m
[37m[1.104][adapter]-[Debug]-[DjiDeviceInfoParse_ParseCommand:396) command:3 [0m
[37m[1.104][adapter]-[Debug]-[DjiDeviceInfoParse_ParseAllInfo:65) command: 3 aciton: 0 [0m
[37m[1.104][adapter]-[Debug]-[DjiDeviceInfoParse_ParseAllInfo:75) info:DEV len:28 [0m
[37m[1.104][adapter]-[Debug]-[DjiDeviceInfoParse_ParseChannelInfo:276) parse 32 byte chnl_info [0m
[37m[1.104][adapter]-[Debug]-[DjiDeviceInfoParse_ParseAllInfo:85) info:CHN len:30 [0m
[37m[1.104][adapter]-[Debug]-[DjiDeviceInfoParse_ParseAllInfo:95) info:HST len:21 [0m
[37m[1.104][adapter]-[Debug]-[DjiDeviceInfoParse_ParseAllInfo:104) info:DAT len:5 [0m
[37m[1.104][adapter]-[Debug]-[DjiPayloadNegotiate_DeviceInfoHandle:944) generate device info:24 72 17 67, total size 208 [0m
[37m[1.104][linker]-[Debug]-[DjiProtocol_v1Pack:123) <0x7b3>V1-Send: 0x0A06->0x0701 0x0087 [0m
[37m[1.131][linker]-[Debug]-[DjiProtocol_v1Unpack:215) <0x7631>V1-Recv: 0x0306->0x0A06 0x03C1 [0m
[37m[1.132][linker]-[Debug]-[DjiCommand_RecvWork:1066)  <0x7631>Receive msg from linker, 0x0306->0x0A06 0x03C1 len:126 [0m
[37m[1.132][linker]-[Debug]-[DjiCommand_DealCmd:919) received unsupport request cmd that noneed ack, <0x7631> cmdset: 0x03 cmdid: 0xC1 [0m
[37m[1.136][linker]-[Debug]-[DjiProtocol_v1Unpack:215) <0x763f>V1-Recv: 0x0300->0x0A06 0x221B [0m
[37m[1.136][linker]-[Debug]-[DjiCommand_RecvWork:1066)  <0x763f>Receive msg from linker, 0x0300->0x0A06 0x221B len:9 [0m
[37m[1.136][linker]-[Debug]-[DjiCommand_DealCmd:919) received unsupport request cmd that noneed ack, <0x763f> cmdset: 0x22 cmdid: 0x1B [0m
[37m[1.167][linker]-[Debug]-[DjiProtocol_v1Unpack:215) <0x7677>V1-Recv: 0x0306->0x0A06 0x03C1 [0m
[37m[1.167][linker]-[Debug]-[DjiCommand_RecvWork:1066)  <0x7677>Receive msg from linker, 0x0306->0x0A06 0x03C1 len:13 [0m
[37m[1.167][linker]-[Debug]-[DjiCommand_DealCmd:919) received unsupport request cmd that noneed ack, <0x7677> cmdset: 0x03 cmdid: 0xC1 [0m
[37m[1.178][linker]-[Debug]-[DjiProtocol_v1Unpack:215) <0x7684>V1-Recv: 0x0300->0x0A06 0x036C [0m
[37m[1.179][linker]-[Debug]-[DjiCommand_RecvWork:1066)  <0x7684>Receive msg from linker, 0x0300->0x0A06 0x036C len:71 [0m
[37m[1.179][linker]-[Debug]-[DjiCommand_DealCmd:919) received unsupport request cmd that noneed ack, <0x7684> cmdset: 0x03 cmdid: 0x6C [0m
[37m[1.197][linker]-[Debug]-[DjiProtocol_v1Unpack:215) <0x76ae>V1-Recv: 0x0300->0x0A06 0x4900 [0m
[37m[1.197][linker]-[Debug]-[DjiCommand_RecvWork:1066)  <0x76ae>Receive msg from linker, 0x0300->0x0A06 0x4900 len:14 [0m
[37m[1.197][linker]-[Debug]-[DjiCommand_DealCmd:919) received unsupport request cmd that need ack, <0x76ae> cmdset: 0x49 cmdid: 0x00 [0m
[37m[1.236][linker]-[Debug]-[DjiProtocol_v1Unpack:215) <0x76ed>V1-Recv: 0x0300->0x0A06 0x221B [0m
[37m[1.236][linker]-[Debug]-[DjiCommand_RecvWork:1066)  <0x76ed>Receive msg from linker, 0x0300->0x0A06 0x221B len:9 [0m
[37m[1.236][linker]-[Debug]-[DjiCommand_DealCmd:919) received unsupport request cmd that noneed ack, <0x76ed> cmdset: 0x22 cmdid: 0x1B [0m
[37m[1.246][linker]-[Debug]-[DjiProtocol_v1Unpack:215) <0x8c8c>V1-Recv: 0x0800->0x0A06 0x0866 [0m
[37m[1.247][linker]-[Debug]-[DjiCommand_RecvWork:1066)  <0x8c8c>Receive msg from linker, 0x0800->0x0A06 0x0866 len:16 [0m
[37m[1.247][linker]-[Debug]-[DjiCommand_DealCmd:919) received unsupport request cmd that noneed ack, <0x8c8c> cmdset: 0x08 cmdid: 0x66 [0m
[37m[1.256][linker]-[Debug]-[DjiProtocol_v1Unpack:215) <0x7b4>V1-Recv: 0x0701->0x0A06 0x0087 [0m
[37m[1.257][linker]-[Debug]-[DjiCommand_RecvWork:1066)  <0x7b4>Receive msg from linker, 0x0701->0x0A06 0x0087 len:6 [0m
[37m[1.257][adapter]-[Debug]-[DjiPayloadNegotiate_PayloadNegotiateHandle:1073) receive payload negotiate notify, cmd = 7 [0m
[37m[1.257][linker]-[Debug]-[DjiProtocol_v1Pack:123) <0x7b4>V1-Send: 0x0A06->0x0701 0x0087 [0m
[37m[1.266][linker]-[Debug]-[DjiProtocol_v1Unpack:215) <0x7720>V1-Recv: 0x0306->0x0A06 0x03C1 [0m
[37m[1.267][linker]-[Debug]-[DjiCommand_RecvWork:1066)  <0x7720>Receive msg from linker, 0x0306->0x0A06 0x03C1 len:13 [0m
[37m[1.267][linker]-[Debug]-[DjiCommand_DealCmd:919) received unsupport request cmd that noneed ack, <0x7720> cmdset: 0x03 cmdid: 0xC1 [0m
[37m[1.278][linker]-[Debug]-[DjiProtocol_v1Unpack:215) <0x772c>V1-Recv: 0x0300->0x0A06 0x036C [0m
[37m[1.279][linker]-[Debug]-[DjiCommand_RecvWork:1066)  <0x772c>Receive msg from linker, 0x0300->0x0A06 0x036C len:71 [0m
[37m[1.279][linker]-[Debug]-[DjiCommand_DealCmd:919) received unsupport request cmd that noneed ack, <0x772c> cmdset: 0x03 cmdid: 0x6C [0m
[37m[1.298][linker]-[Debug]-[DjiProtocol_v1Unpack:215) <0x7756>V1-Recv: 0x0300->0x0A06 0x4900 [0m
[37m[1.299][linker]-[Debug]-[DjiCommand_RecvWork:1066)  <0x7756>Receive msg from linker, 0x0300->0x0A06 0x4900 len:14 [0m
[37m[1.299][linker]-[Debug]-[DjiCommand_DealCmd:919) received unsupport request cmd that need ack, <0x7756> cmdset: 0x49 cmdid: 0x00 [0m
[37m[1.309][linker]-[Debug]-[DjiProtocol_v1Unpack:215) <0x7b5>V1-Recv: 0x0701->0x0A06 0x004A [0m
[37m[1.310][linker]-[Debug]-[DjiCommand_RecvWork:1066)  <0x7b5>Receive msg from linker, 0x0701->0x0A06 0x004A len:15 [0m
[37m[1.310][linker]-[Debug]-[DjiCommand_DealCmd:919) received unsupport request cmd that need ack, <0x7b5> cmdset: 0x00 cmdid: 0x4A [0m
[37m[1.321][linker]-[Debug]-[DjiProtocol_v1Unpack:215) <0x7b6>V1-Recv: 0x0701->0x0A06 0x0087 [0m
[37m[1.321][linker]-[Debug]-[DjiProtocol_v1Unpack:215) <0xfce8>V1-Recv: 0x0701->0x0A06 0x0087 [0m
[37m[1.321][linker]-[Debug]-[DjiCommand_RecvWork:1066)  <0x7b6>Receive msg from linker, 0x0701->0x0A06 0x0087 len:208 [0m
[37m[1.321][adapter]-[Debug]-[DjiPayloadNegotiate_PayloadNegotiateHandle:1073) receive payload negotiate notify, cmd = 5 [0m
[37m[1.321][adapter]-[Debug]-[DjiPayloadNegotiate_NotifyHandle:1012) notify device cap info length:208 [0m
[37m[1.321][adapter]-[Debug]-[DjiDeviceInfoParse_ParseCommand:396) command:5 [0m
[37m[1.321][adapter]-[Debug]-[DjiDeviceInfoParse_ParseAllInfo:65) command: 5 aciton: 17 [0m
[37m[1.321][adapter]-[Debug]-[DjiDeviceInfoParse_ParseAllInfo:75) info:DEV len:24 [0m
[37m[1.321][adapter]-[Debug]-[DjiDeviceInfoParse_ParseChannelInfo:276) parse 78 byte chnl_info [0m
[37m[1.321][adapter]-[Debug]-[DjiDeviceInfoParse_ParseAllInfo:85) info:CHN len:72 [0m
[37m[1.321][adapter]-[Debug]-[DjiDeviceInfoParse_ParseAllInfo:95) info:HST len:17 [0m
[37m[1.321][adapter]-[Debug]-[DjiDeviceInfoParse_ParseDataInfo:376) parse 73 byte data_info [0m
[37m[1.321][adapter]-[Debug]-[DjiDeviceInfoParse_ParseAllInfo:104) info:DAT len:67 [0m
[37m[1.321][adapter]-[Debug]-[DjiPayloadNegotiate_NotifyHandle:1032) uav ip addr:192.168.108.1 [0m
[37m[1.321][linker]-[Debug]-[DjiProtocol_v1Pack:123) <0x7b6>V1-Send: 0x0A06->0x0701 0x0087 [0m
[37m[1.323][linker]-[Debug]-[DjiCommand_RecvWork:1066)  <0xfce8>Receive msg from linker, 0x0701->0x0A06 0x0087 len:4 [0m
[37m[1.323][linker]-[Debug]-[DjiCommand_SendSyncCallback:1014) PsdkCommand_SendSyncCallback success [0m
[37m[1.323][linker]-[Debug]-[DjiCommand_DealCmd:830) callback function (cmdset: 0x00 cmdid: 0x87) deal time: 0 ms [0m
[37m[1.323][linker]-[Debug]-[DjiCommand_SendSync:553) sendSync callback success [0m
[37m[1.335][linker]-[Debug]-[DjiProtocol_v1Unpack:215) <0x779a>V1-Recv: 0x0300->0x0A06 0x221B [0m
[37m[1.336][linker]-[Debug]-[DjiCommand_RecvWork:1066)  <0x779a>Receive msg from linker, 0x0300->0x0A06 0x221B len:9 [0m
[37m[1.336][linker]-[Debug]-[DjiCommand_DealCmd:919) received unsupport request cmd that noneed ack, <0x779a> cmdset: 0x22 cmdid: 0x1B [0m
[37m[1.366][linker]-[Debug]-[DjiProtocol_v1Unpack:215) <0x77d3>V1-Recv: 0x0306->0x0A06 0x03C1 [0m
[37m[1.367][linker]-[Debug]-[DjiCommand_RecvWork:1066)  <0x77d3>Receive msg from linker, 0x0306->0x0A06 0x03C1 len:13 [0m
[37m[1.367][linker]-[Debug]-[DjiCommand_DealCmd:919) received unsupport request cmd that noneed ack, <0x77d3> cmdset: 0x03 cmdid: 0xC1 [0m
[37m[1.378][linker]-[Debug]-[DjiProtocol_v1Unpack:215) <0x77df>V1-Recv: 0x0300->0x0A06 0x036C [0m
[37m[1.378][linker]-[Debug]-[DjiCommand_RecvWork:1066)  <0x77df>Receive msg from linker, 0x0300->0x0A06 0x036C len:71 [0m
[37m[1.378][linker]-[Debug]-[DjiCommand_DealCmd:919) received unsupport request cmd that noneed ack, <0x77df> cmdset: 0x03 cmdid: 0x6C [0m
[37m[1.397][linker]-[Debug]-[DjiProtocol_v1Unpack:215) <0x7805>V1-Recv: 0x0300->0x0100 0x0405 [0m
[37m[1.397][linker]-[Debug]-[DjiProtocol_v1Unpack:215) <0x7809>V1-Recv: 0x0300->0x0A06 0x4900 [0m
[37m[1.398][linker]-[Debug]-[DjiCommand_RecvWork:1066)  <0x7805>Receive msg from linker, 0x0300->0x0100 0x0405 len:22 [0m
[37m[1.398][linker]-[Debug]-[DjiCommand_DealCmd:919) received unsupport request cmd that noneed ack, <0x7805> cmdset: 0x04 cmdid: 0x05 [0m
[37m[1.399][linker]-[Debug]-[DjiCommand_RecvWork:1066)  <0x7809>Receive msg from linker, 0x0300->0x0A06 0x4900 len:14 [0m
[37m[1.399][linker]-[Debug]-[DjiCommand_DealCmd:919) received unsupport request cmd that need ack, <0x7809> cmdset: 0x49 cmdid: 0x00 [0m
[37m[1.435][linker]-[Debug]-[DjiProtocol_v1Unpack:215) <0x7849>V1-Recv: 0x0300->0x0A06 0x221B [0m
[37m[1.436][linker]-[Debug]-[DjiCommand_RecvWork:1066)  <0x7849>Receive msg from linker, 0x0300->0x0A06 0x221B len:9 [0m
[37m[1.436][linker]-[Debug]-[DjiCommand_DealCmd:919) received unsupport request cmd that noneed ack, <0x7849> cmdset: 0x22 cmdid: 0x1B [0m
[37m[1.466][linker]-[Debug]-[DjiProtocol_v1Unpack:215) <0x7885>V1-Recv: 0x0306->0x0A06 0x03C1 [0m
[37m[1.467][linker]-[Debug]-[DjiCommand_RecvWork:1066)  <0x7885>Receive msg from linker, 0x0306->0x0A06 0x03C1 len:13 [0m
[37m[1.467][linker]-[Debug]-[DjiCommand_DealCmd:919) received unsupport request cmd that noneed ack, <0x7885> cmdset: 0x03 cmdid: 0xC1 [0m
[37m[1.478][linker]-[Debug]-[DjiProtocol_v1Unpack:215) <0x7892>V1-Recv: 0x0300->0x0A06 0x036C [0m
[37m[1.479][linker]-[Debug]-[DjiCommand_RecvWork:1066)  <0x7892>Receive msg from linker, 0x0300->0x0A06 0x036C len:71 [0m
[37m[1.479][linker]-[Debug]-[DjiCommand_DealCmd:919) received unsupport request cmd that noneed ack, <0x7892> cmdset: 0x03 cmdid: 0x6C [0m
[37m[1.497][linker]-[Debug]-[DjiProtocol_v1Unpack:215) <0x8c8d>V1-Recv: 0x0800->0x0A06 0x0866 [0m
[37m[1.497][linker]-[Debug]-[DjiCommand_RecvWork:1066)  <0x8c8d>Receive msg from linker, 0x0800->0x0A06 0x0866 len:16 [0m
[37m[1.497][linker]-[Debug]-[DjiCommand_DealCmd:919) received unsupport request cmd that noneed ack, <0x8c8d> cmdset: 0x08 cmdid: 0x66 [0m
[37m[1.498][linker]-[Debug]-[DjiProtocol_v1Unpack:215) <0x78c3>V1-Recv: 0x0300->0x0A06 0x4900 [0m
[37m[1.498][linker]-[Debug]-[DjiCommand_RecvWork:1066)  <0x78c3>Receive msg from linker, 0x0300->0x0A06 0x4900 len:14 [0m
[37m[1.498][linker]-[Debug]-[DjiCommand_DealCmd:919) received unsupport request cmd that need ack, <0x78c3> cmdset: 0x49 cmdid: 0x00 [0m
[37m[1.536][linker]-[Debug]-[DjiProtocol_v1Unpack:215) <0x7912>V1-Recv: 0x0300->0x0A06 0x221B [0m
[37m[1.536][linker]-[Debug]-[DjiCommand_RecvWork:1066)  <0x7912>Receive msg from linker, 0x0300->0x0A06 0x221B len:9 [0m
[37m[1.536][linker]-[Debug]-[DjiCommand_DealCmd:919) received unsupport request cmd that noneed ack, <0x7912> cmdset: 0x22 cmdid: 0x1B [0m
[37m[1.566][linker]-[Debug]-[DjiProtocol_v1Unpack:215) <0x7951>V1-Recv: 0x0306->0x0A06 0x03C1 [0m
[37m[1.566][linker]-[Debug]-[DjiCommand_RecvWork:1066)  <0x7951>Receive msg from linker, 0x0306->0x0A06 0x03C1 len:13 [0m
[37m[1.566][linker]-[Debug]-[DjiCommand_DealCmd:919) received unsupport request cmd that noneed ack, <0x7951> cmdset: 0x03 cmdid: 0xC1 [0m
[37m[1.577][linker]-[Debug]-[DjiProtocol_v1Unpack:215) <0x795d>V1-Recv: 0x0300->0x0A06 0x036C [0m
[37m[1.579][linker]-[Debug]-[DjiCommand_RecvWork:1066)  <0x795d>Receive msg from linker, 0x0300->0x0A06 0x036C len:71 [0m
[37m[1.579][linker]-[Debug]-[DjiCommand_DealCmd:919) received unsupport request cmd that noneed ack, <0x795d> cmdset: 0x03 cmdid: 0x6C [0m
[37m[1.597][linker]-[Debug]-[DjiProtocol_v1Unpack:215) <0x798a>V1-Recv: 0x0300->0x0A06 0x4900 [0m
[37m[1.598][linker]-[Debug]-[DjiCommand_RecvWork:1066)  <0x798a>Receive msg from linker, 0x0300->0x0A06 0x4900 len:14 [0m
[37m[1.598][linker]-[Debug]-[DjiCommand_DealCmd:919) received unsupport request cmd that need ack, <0x798a> cmdset: 0x49 cmdid: 0x00 [0m
[37m[1.635][linker]-[Debug]-[DjiProtocol_v1Unpack:215) <0x79cc>V1-Recv: 0x0300->0x0A06 0x221B [0m
[37m[1.636][linker]-[Debug]-[DjiCommand_RecvWork:1066)  <0x79cc>Receive msg from linker, 0x0300->0x0A06 0x221B len:9 [0m
[37m[1.636][linker]-[Debug]-[DjiCommand_DealCmd:919) received unsupport request cmd that noneed ack, <0x79cc> cmdset: 0x22 cmdid: 0x1B [0m
[37m[1.666][linker]-[Debug]-[DjiProtocol_v1Unpack:215) <0x79ff>V1-Recv: 0x0306->0x0A06 0x03C1 [0m
[37m[1.667][linker]-[Debug]-[DjiCommand_RecvWork:1066)  <0x79ff>Receive msg from linker, 0x0306->0x0A06 0x03C1 len:13 [0m
[37m[1.667][linker]-[Debug]-[DjiCommand_DealCmd:919) received unsupport request cmd that noneed ack, <0x79ff> cmdset: 0x03 cmdid: 0xC1 [0m
[37m[1.673][linker]-[Debug]-[DjiProtocol_v1Unpack:215) <0x3a6d>V1-Recv: 0x1D07->0x0A06 0x2105 [0m
[37m[1.674][linker]-[Debug]-[DjiCommand_RecvWork:1066)  <0x3a6d>Receive msg from linker, 0x1D07->0x0A06 0x2105 len:1 [0m
[37m[1.674][linker]-[Debug]-[DjiCommand_DealCmd:919) received unsupport request cmd that need ack, <0x3a6d> cmdset: 0x21 cmdid: 0x05 [0m
[37m[1.677][linker]-[Debug]-[DjiProtocol_v1Unpack:215) <0x7a0b>V1-Recv: 0x0300->0x0A06 0x036C [0m
[37m[1.678][linker]-[Debug]-[DjiCommand_RecvWork:1066)  <0x7a0b>Receive msg from linker, 0x0300->0x0A06 0x036C len:71 [0m
[37m[1.679][linker]-[Debug]-[DjiCommand_DealCmd:919) received unsupport request cmd that noneed ack, <0x7a0b> cmdset: 0x03 cmdid: 0x6C [0m
[37m[1.698][linker]-[Debug]-[DjiProtocol_v1Unpack:215) <0x7a37>V1-Recv: 0x0300->0x0A06 0x4900 [0m
[37m[1.699][linker]-[Debug]-[DjiCommand_RecvWork:1066)  <0x7a37>Receive msg from linker, 0x0300->0x0A06 0x4900 len:14 [0m
[37m[1.699][linker]-[Debug]-[DjiCommand_DealCmd:919) received unsupport request cmd that need ack, <0x7a37> cmdset: 0x49 cmdid: 0x00 [0m
[37m[1.736][linker]-[Debug]-[DjiProtocol_v1Unpack:215) <0x7a81>V1-Recv: 0x0300->0x0A06 0x221B [0m
[37m[1.736][linker]-[Debug]-[DjiCommand_RecvWork:1066)  <0x7a81>Receive msg from linker, 0x0300->0x0A06 0x221B len:9 [0m
[37m[1.736][linker]-[Debug]-[DjiCommand_DealCmd:919) received unsupport request cmd that noneed ack, <0x7a81> cmdset: 0x22 cmdid: 0x1B [0m
[37m[1.746][linker]-[Debug]-[DjiProtocol_v1Unpack:215) <0x8c8e>V1-Recv: 0x0800->0x0A06 0x0866 [0m
[37m[1.747][linker]-[Debug]-[DjiCommand_RecvWork:1066)  <0x8c8e>Receive msg from linker, 0x0800->0x0A06 0x0866 len:16 [0m
[37m[1.747][linker]-[Debug]-[DjiCommand_DealCmd:919) received unsupport request cmd that noneed ack, <0x8c8e> cmdset: 0x08 cmdid: 0x66 [0m
[37m[1.766][linker]-[Debug]-[DjiProtocol_v1Unpack:215) <0x7abd>V1-Recv: 0x0306->0x0A06 0x03C1 [0m
[37m[1.766][linker]-[Debug]-[DjiCommand_RecvWork:1066)  <0x7abd>Receive msg from linker, 0x0306->0x0A06 0x03C1 len:13 [0m
[37m[1.766][linker]-[Debug]-[DjiCommand_DealCmd:919) received unsupport request cmd that noneed ack, <0x7abd> cmdset: 0x03 cmdid: 0xC1 [0m
[37m[1.778][linker]-[Debug]-[DjiProtocol_v1Unpack:215) <0x7ac9>V1-Recv: 0x0300->0x0A06 0x036C [0m
[37m[1.778][linker]-[Debug]-[DjiCommand_RecvWork:1066)  <0x7ac9>Receive msg from linker, 0x0300->0x0A06 0x036C len:71 [0m
[37m[1.778][linker]-[Debug]-[DjiCommand_DealCmd:919) received unsupport request cmd that noneed ack, <0x7ac9> cmdset: 0x03 cmdid: 0x6C [0m
[37m[1.797][linker]-[Debug]-[DjiProtocol_v1Unpack:215) <0x7af2>V1-Recv: 0x0300->0x0A06 0x4900 [0m
[37m[1.797][linker]-[Debug]-[DjiCommand_RecvWork:1066)  <0x7af2>Receive msg from linker, 0x0300->0x0A06 0x4900 len:14 [0m
[37m[1.797][linker]-[Debug]-[DjiCommand_DealCmd:919) received unsupport request cmd that need ack, <0x7af2> cmdset: 0x49 cmdid: 0x00 [0m
[37m[1.836][linker]-[Debug]-[DjiProtocol_v1Unpack:215) <0x7b39>V1-Recv: 0x0300->0x0A06 0x221B [0m
[37m[1.836][linker]-[Debug]-[DjiCommand_RecvWork:1066)  <0x7b39>Receive msg from linker, 0x0300->0x0A06 0x221B len:9 [0m
[37m[1.836][linker]-[Debug]-[DjiCommand_DealCmd:919) received unsupport request cmd that noneed ack, <0x7b39> cmdset: 0x22 cmdid: 0x1B [0m
[37m[1.866][linker]-[Debug]-[DjiProtocol_v1Unpack:215) <0x7b70>V1-Recv: 0x0306->0x0A06 0x03C1 [0m
[37m[1.866][linker]-[Debug]-[DjiCommand_RecvWork:1066)  <0x7b70>Receive msg from linker, 0x0306->0x0A06 0x03C1 len:13 [0m
[37m[1.866][linker]-[Debug]-[DjiCommand_DealCmd:919) received unsupport request cmd that noneed ack, <0x7b70> cmdset: 0x03 cmdid: 0xC1 [0m
[37m[1.877][linker]-[Debug]-[DjiProtocol_v1Unpack:215) <0x7b7c>V1-Recv: 0x0300->0x0A06 0x036C [0m
[37m[1.878][linker]-[Debug]-[DjiCommand_RecvWork:1066)  <0x7b7c>Receive msg from linker, 0x0300->0x0A06 0x036C len:71 [0m
[37m[1.878][linker]-[Debug]-[DjiCommand_DealCmd:919) received unsupport request cmd that noneed ack, <0x7b7c> cmdset: 0x03 cmdid: 0x6C [0m
[37m[1.899][linker]-[Debug]-[DjiProtocol_v1Unpack:215) <0x7ba5>V1-Recv: 0x0300->0x0A06 0x0F74 [0m
[37m[1.899][linker]-[Debug]-[DjiProtocol_v1Unpack:215) <0x7baa>V1-Recv: 0x0300->0x0100 0x0406 [0m
[37m[1.899][linker]-[Debug]-[DjiProtocol_v1Unpack:215) <0x7bab>V1-Recv: 0x0300->0x0100 0x0407 [0m
[37m[1.899][linker]-[Debug]-[DjiProtocol_v1Unpack:215) <0x7bac>V1-Recv: 0x0300->0x0A06 0x4900 [0m
[37m[1.899][linker]-[Debug]-[DjiCommand_RecvWork:1066)  <0x7ba5>Receive msg from linker, 0x0300->0x0A06 0x0F74 len:28 [0m
[37m[1.899][linker]-[Debug]-[DjiCommand_DealCmd:919) received unsupport request cmd that noneed ack, <0x7ba5> cmdset: 0x0F cmdid: 0x74 [0m
[37m[1.900][linker]-[Debug]-[DjiCommand_RecvWork:1066)  <0x7baa>Receive msg from linker, 0x0300->0x0100 0x0406 len:12 [0m
[37m[1.900][linker]-[Debug]-[DjiCommand_DealCmd:919) received unsupport request cmd that noneed ack, <0x7baa> cmdset: 0x04 cmdid: 0x06 [0m
[37m[1.902][linker]-[Debug]-[DjiCommand_RecvWork:1066)  <0x7bab>Receive msg from linker, 0x0300->0x0100 0x0407 len:1 [0m
[37m[1.902][linker]-[Debug]-[DjiCommand_DealCmd:919) received unsupport request cmd that noneed ack, <0x7bab> cmdset: 0x04 cmdid: 0x07 [0m
[37m[1.903][linker]-[Debug]-[DjiCommand_RecvWork:1066)  <0x7bac>Receive msg from linker, 0x0300->0x0A06 0x4900 len:14 [0m
[37m[1.903][linker]-[Debug]-[DjiCommand_DealCmd:919) received unsupport request cmd that need ack, <0x7bac> cmdset: 0x49 cmdid: 0x00 [0m
[37m[1.936][linker]-[Debug]-[DjiProtocol_v1Unpack:215) <0x7bf5>V1-Recv: 0x0300->0x0A06 0x221B [0m
[37m[1.936][linker]-[Debug]-[DjiCommand_RecvWork:1066)  <0x7bf5>Receive msg from linker, 0x0300->0x0A06 0x221B len:9 [0m
[37m[1.936][linker]-[Debug]-[DjiCommand_DealCmd:919) received unsupport request cmd that noneed ack, <0x7bf5> cmdset: 0x22 cmdid: 0x1B [0m
[37m[1.966][linker]-[Debug]-[DjiProtocol_v1Unpack:215) <0x7c2d>V1-Recv: 0x0306->0x0A06 0x03C1 [0m
[37m[1.966][linker]-[Debug]-[DjiCommand_RecvWork:1066)  <0x7c2d>Receive msg from linker, 0x0306->0x0A06 0x03C1 len:13 [0m
[37m[1.966][linker]-[Debug]-[DjiCommand_DealCmd:919) received unsupport request cmd that noneed ack, <0x7c2d> cmdset: 0x03 cmdid: 0xC1 [0m
[37m[1.978][linker]-[Debug]-[DjiProtocol_v1Unpack:215) <0x7c39>V1-Recv: 0x0300->0x0A06 0x036C [0m
[37m[1.979][linker]-[Debug]-[DjiCommand_RecvWork:1066)  <0x7c39>Receive msg from linker, 0x0300->0x0A06 0x036C len:71 [0m
[37m[1.979][linker]-[Debug]-[DjiCommand_DealCmd:919) received unsupport request cmd that noneed ack, <0x7c39> cmdset: 0x03 cmdid: 0x6C [0m
[37m[1.998][linker]-[Debug]-[DjiProtocol_v1Unpack:215) <0x8c8f>V1-Recv: 0x0800->0x0A06 0x0866 [0m
[37m[1.998][linker]-[Debug]-[DjiProtocol_v1Unpack:215) <0x7c75>V1-Recv: 0x0300->0x0A06 0x4900 [0m
[37m[1.998][linker]-[Debug]-[DjiCommand_RecvWork:1066)  <0x8c8f>Receive msg from linker, 0x0800->0x0A06 0x0866 len:16 [0m
[37m[1.998][linker]-[Debug]-[DjiCommand_DealCmd:919) received unsupport request cmd that noneed ack, <0x8c8f> cmdset: 0x08 cmdid: 0x66 [0m
[37m[1.999][linker]-[Debug]-[DjiCommand_RecvWork:1066)  <0x7c75>Receive msg from linker, 0x0300->0x0A06 0x4900 len:14 [0m
[37m[1.999][linker]-[Debug]-[DjiCommand_DealCmd:919) received unsupport request cmd that need ack, <0x7c75> cmdset: 0x49 cmdid: 0x00 [0m
[37m[2.035][linker]-[Debug]-[DjiProtocol_v1Unpack:215) <0x7cba>V1-Recv: 0x0300->0x0A06 0x221B [0m
[37m[2.035][linker]-[Debug]-[DjiCommand_RecvWork:1066)  <0x7cba>Receive msg from linker, 0x0300->0x0A06 0x221B len:9 [0m
[37m[2.035][linker]-[Debug]-[DjiCommand_DealCmd:919) received unsupport request cmd that noneed ack, <0x7cba> cmdset: 0x22 cmdid: 0x1B [0m
[37m[2.066][linker]-[Debug]-[DjiProtocol_v1Unpack:215) <0x7cee>V1-Recv: 0x0306->0x0A06 0x03C1 [0m
[37m[2.066][linker]-[Debug]-[DjiCommand_RecvWork:1066)  <0x7cee>Receive msg from linker, 0x0306->0x0A06 0x03C1 len:13 [0m
[37m[2.066][linker]-[Debug]-[DjiCommand_DealCmd:919) received unsupport request cmd that noneed ack, <0x7cee> cmdset: 0x03 cmdid: 0xC1 [0m
[37m[2.078][linker]-[Debug]-[DjiProtocol_v1Unpack:215) <0x7cfa>V1-Recv: 0x0300->0x0A06 0x036C [0m
[37m[2.079][linker]-[Debug]-[DjiCommand_RecvWork:1066)  <0x7cfa>Receive msg from linker, 0x0300->0x0A06 0x036C len:71 [0m
[37m[2.079][linker]-[Debug]-[DjiCommand_DealCmd:919) received unsupport request cmd that noneed ack, <0x7cfa> cmdset: 0x03 cmdid: 0x6C [0m
[37m[2.097][linker]-[Debug]-[DjiProtocol_v1Unpack:215) <0x7d26>V1-Recv: 0x0300->0x0A06 0x4900 [0m
[37m[2.098][linker]-[Debug]-[DjiCommand_RecvWork:1066)  <0x7d26>Receive msg from linker, 0x0300->0x0A06 0x4900 len:14 [0m
[37m[2.098][linker]-[Debug]-[DjiCommand_DealCmd:919) received unsupport request cmd that need ack, <0x7d26> cmdset: 0x49 cmdid: 0x00 [0m
[37m[2.131][linker]-[Debug]-[DjiProtocol_v1Unpack:215) <0x7d61>V1-Recv: 0x0306->0x0A06 0x03C1 [0m
[37m[2.132][linker]-[Debug]-[DjiCommand_RecvWork:1066)  <0x7d61>Receive msg from linker, 0x0306->0x0A06 0x03C1 len:126 [0m
[37m[2.132][linker]-[Debug]-[DjiCommand_DealCmd:919) received unsupport request cmd that noneed ack, <0x7d61> cmdset: 0x03 cmdid: 0xC1 [0m
[37m[2.135][linker]-[Debug]-[DjiProtocol_v1Unpack:215) <0x7d70>V1-Recv: 0x0300->0x0A06 0x221B [0m
[37m[2.136][linker]-[Debug]-[DjiCommand_RecvWork:1066)  <0x7d70>Receive msg from linker, 0x0300->0x0A06 0x221B len:9 [0m
[37m[2.136][linker]-[Debug]-[DjiCommand_DealCmd:919) received unsupport request cmd that noneed ack, <0x7d70> cmdset: 0x22 cmdid: 0x1B [0m
[37m[2.166][utils]-[Debug]-[DjiCore_RootTask:131) work execution time: [0m
[37m[2.166][utils]-[Debug]-[DjiCore_RootTask:132) name	                execution time (ms)	  max execution time (ms) [0m
[37m[2.166][utils]-[Debug]-[DjiCore_RootTask:134) recorderWork                    	0       	0        [0m
[37m[2.166][utils]-[Debug]-[DjiCore_RootTask:134) flowControllerTask              	0       	0        [0m
[37m[2.166][utils]-[Debug]-[DjiCore_RootTask:134) commandTask                     	1       	1        [0m
[37m[2.166][linker]-[Debug]-[DjiProtocol_v1Unpack:215) <0x7daa>V1-Recv: 0x0306->0x0A06 0x03C1 [0m
[37m[2.167][linker]-[Debug]-[DjiCommand_RecvWork:1066)  <0x7daa>Receive msg from linker, 0x0306->0x0A06 0x03C1 len:13 [0m
[37m[2.167][linker]-[Debug]-[DjiCommand_DealCmd:919) received unsupport request cmd that noneed ack, <0x7daa> cmdset: 0x03 cmdid: 0xC1 [0m
[37m[2.178][linker]-[Debug]-[DjiProtocol_v1Unpack:215) <0x7db7>V1-Recv: 0x0300->0x0A06 0x036C [0m
[37m[2.179][linker]-[Debug]-[DjiCommand_RecvWork:1066)  <0x7db7>Receive msg from linker, 0x0300->0x0A06 0x036C len:71 [0m
[37m[2.179][linker]-[Debug]-[DjiCommand_DealCmd:919) received unsupport request cmd that noneed ack, <0x7db7> cmdset: 0x03 cmdid: 0x6C [0m
[37m[2.198][linker]-[Debug]-[DjiProtocol_v1Unpack:215) <0x7de1>V1-Recv: 0x0300->0x0A06 0x4900 [0m
[37m[2.198][linker]-[Debug]-[DjiCommand_RecvWork:1066)  <0x7de1>Receive msg from linker, 0x0300->0x0A06 0x4900 len:14 [0m
[37m[2.198][linker]-[Debug]-[DjiCommand_DealCmd:919) received unsupport request cmd that need ack, <0x7de1> cmdset: 0x49 cmdid: 0x00 [0m
[37m[2.235][linker]-[Debug]-[DjiProtocol_v1Unpack:215) <0x7e21>V1-Recv: 0x0300->0x0A06 0x221B [0m
[37m[2.236][linker]-[Debug]-[DjiCommand_RecvWork:1066)  <0x7e21>Receive msg from linker, 0x0300->0x0A06 0x221B len:9 [0m
[37m[2.236][linker]-[Debug]-[DjiCommand_DealCmd:919) received unsupport request cmd that noneed ack, <0x7e21> cmdset: 0x22 cmdid: 0x1B [0m
[37m[2.246][linker]-[Debug]-[DjiProtocol_v1Unpack:215) <0x8c90>V1-Recv: 0x0800->0x0A06 0x0866 [0m
[37m[2.246][linker]-[Debug]-[DjiCommand_RecvWork:1066)  <0x8c90>Receive msg from linker, 0x0800->0x0A06 0x0866 len:16 [0m
[37m[2.246][linker]-[Debug]-[DjiCommand_DealCmd:919) received unsupport request cmd that noneed ack, <0x8c90> cmdset: 0x08 cmdid: 0x66 [0m
[37m[2.266][linker]-[Debug]-[DjiProtocol_v1Unpack:215) <0x7e54>V1-Recv: 0x0306->0x0A06 0x03C1 [0m
[37m[2.267][linker]-[Debug]-[DjiCommand_RecvWork:1066)  <0x7e54>Receive msg from linker, 0x0306->0x0A06 0x03C1 len:13 [0m
[37m[2.267][linker]-[Debug]-[DjiCommand_DealCmd:919) received unsupport request cmd that noneed ack, <0x7e54> cmdset: 0x03 cmdid: 0xC1 [0m
[37m[2.278][linker]-[Debug]-[DjiProtocol_v1Unpack:215) <0x7e60>V1-Recv: 0x0300->0x0A06 0x036C [0m
[37m[2.278][linker]-[Debug]-[DjiCommand_RecvWork:1066)  <0x7e60>Receive msg from linker, 0x0300->0x0A06 0x036C len:71 [0m
[37m[2.279][linker]-[Debug]-[DjiCommand_DealCmd:919) received unsupport request cmd that noneed ack, <0x7e60> cmdset: 0x03 cmdid: 0x6C [0m
[37m[2.297][linker]-[Debug]-[DjiProtocol_v1Unpack:215) <0x7e8a>V1-Recv: 0x0300->0x0A06 0x4900 [0m
[37m[2.298][linker]-[Debug]-[DjiCommand_RecvWork:1066)  <0x7e8a>Receive msg from linker, 0x0300->0x0A06 0x4900 len:14 [0m
[37m[2.298][linker]-[Debug]-[DjiCommand_DealCmd:919) received unsupport request cmd that need ack, <0x7e8a> cmdset: 0x49 cmdid: 0x00 [0m
[37m[2.335][linker]-[Debug]-[DjiProtocol_v1Unpack:215) <0x7ecf>V1-Recv: 0x0300->0x0A06 0x221B [0m
[37m[2.336][linker]-[Debug]-[DjiCommand_RecvWork:1066)  <0x7ecf>Receive msg from linker, 0x0300->0x0A06 0x221B len:9 [0m
[37m[2.336][linker]-[Debug]-[DjiCommand_DealCmd:919) received unsupport request cmd that noneed ack, <0x7ecf> cmdset: 0x22 cmdid: 0x1B [0m
[37m[2.366][linker]-[Debug]-[DjiProtocol_v1Unpack:215) <0x7f08>V1-Recv: 0x0306->0x0A06 0x03C1 [0m
[37m[2.367][linker]-[Debug]-[DjiCommand_RecvWork:1066)  <0x7f08>Receive msg from linker, 0x0306->0x0A06 0x03C1 len:13 [0m
[37m[2.367][linker]-[Debug]-[DjiCommand_DealCmd:919) received unsupport request cmd that noneed ack, <0x7f08> cmdset: 0x03 cmdid: 0xC1 [0m
[37m[2.378][linker]-[Debug]-[DjiProtocol_v1Unpack:215) <0x7f14>V1-Recv: 0x0300->0x0A06 0x036C [0m
[37m[2.379][linker]-[Debug]-[DjiCommand_RecvWork:1066)  <0x7f14>Receive msg from linker, 0x0300->0x0A06 0x036C len:71 [0m
[37m[2.379][linker]-[Debug]-[DjiCommand_DealCmd:919) received unsupport request cmd that noneed ack, <0x7f14> cmdset: 0x03 cmdid: 0x6C [0m
[37m[2.397][linker]-[Debug]-[DjiProtocol_v1Unpack:215) <0x7f3a>V1-Recv: 0x0300->0x0100 0x0405 [0m
[37m[2.397][linker]-[Debug]-[DjiProtocol_v1Unpack:215) <0x7f3e>V1-Recv: 0x0300->0x0A06 0x4900 [0m
[37m[2.398][linker]-[Debug]-[DjiCommand_RecvWork:1066)  <0x7f3a>Receive msg from linker, 0x0300->0x0100 0x0405 len:22 [0m
[37m[2.398][linker]-[Debug]-[DjiCommand_DealCmd:919) received unsupport request cmd that noneed ack, <0x7f3a> cmdset: 0x04 cmdid: 0x05 [0m
[37m[2.399][linker]-[Debug]-[DjiCommand_RecvWork:1066)  <0x7f3e>Receive msg from linker, 0x0300->0x0A06 0x4900 len:14 [0m
[37m[2.399][linker]-[Debug]-[DjiCommand_DealCmd:919) received unsupport request cmd that need ack, <0x7f3e> cmdset: 0x49 cmdid: 0x00 [0m
[37m[2.436][linker]-[Debug]-[DjiProtocol_v1Unpack:215) <0x7f7e>V1-Recv: 0x0300->0x0A06 0x221B [0m
[37m[2.436][linker]-[Debug]-[DjiCommand_RecvWork:1066)  <0x7f7e>Receive msg from linker, 0x0300->0x0A06 0x221B len:9 [0m
[37m[2.436][linker]-[Debug]-[DjiCommand_DealCmd:919) received unsupport request cmd that noneed ack, <0x7f7e> cmdset: 0x22 cmdid: 0x1B [0m
[37m[2.466][linker]-[Debug]-[DjiProtocol_v1Unpack:215) <0x7fb7>V1-Recv: 0x0306->0x0A06 0x03C1 [0m
[37m[2.467][linker]-[Debug]-[DjiCommand_RecvWork:1066)  <0x7fb7>Receive msg from linker, 0x0306->0x0A06 0x03C1 len:13 [0m
[37m[2.467][linker]-[Debug]-[DjiCommand_DealCmd:919) received unsupport request cmd that noneed ack, <0x7fb7> cmdset: 0x03 cmdid: 0xC1 [0m
[37m[2.478][linker]-[Debug]-[DjiProtocol_v1Unpack:215) <0x7fc4>V1-Recv: 0x0300->0x0A06 0x036C [0m
[37m[2.479][linker]-[Debug]-[DjiCommand_RecvWork:1066)  <0x7fc4>Receive msg from linker, 0x0300->0x0A06 0x036C len:71 [0m
[37m[2.479][linker]-[Debug]-[DjiCommand_DealCmd:919) received unsupport request cmd that noneed ack, <0x7fc4> cmdset: 0x03 cmdid: 0x6C [0m
[37m[2.496][linker]-[Debug]-[DjiProtocol_v1Unpack:215) <0x8c91>V1-Recv: 0x0800->0x0A06 0x0866 [0m
[37m[2.497][linker]-[Debug]-[DjiCommand_RecvWork:1066)  <0x8c91>Receive msg from linker, 0x0800->0x0A06 0x0866 len:16 [0m
[37m[2.497][linker]-[Debug]-[DjiCommand_DealCmd:919) received unsupport request cmd that noneed ack, <0x8c91> cmdset: 0x08 cmdid: 0x66 [0m
[37m[2.499][linker]-[Debug]-[DjiProtocol_v1Unpack:215) <0x7ff7>V1-Recv: 0x0300->0x0A06 0x4900 [0m
[37m[2.499][linker]-[Debug]-[DjiCommand_RecvWork:1066)  <0x7ff7>Receive msg from linker, 0x0300->0x0A06 0x4900 len:14 [0m
[37m[2.499][linker]-[Debug]-[DjiCommand_DealCmd:919) received unsupport request cmd that need ack, <0x7ff7> cmdset: 0x49 cmdid: 0x00 [0m
[37m[2.536][linker]-[Debug]-[DjiProtocol_v1Unpack:215) <0x804b>V1-Recv: 0x0300->0x0A06 0x221B [0m
[37m[2.536][linker]-[Debug]-[DjiCommand_RecvWork:1066)  <0x804b>Receive msg from linker, 0x0300->0x0A06 0x221B len:9 [0m
[37m[2.536][linker]-[Debug]-[DjiCommand_DealCmd:919) received unsupport request cmd that noneed ack, <0x804b> cmdset: 0x22 cmdid: 0x1B [0m
[37m[2.566][linker]-[Debug]-[DjiProtocol_v1Unpack:215) <0x8083>V1-Recv: 0x0306->0x0A06 0x03C1 [0m
[37m[2.566][linker]-[Debug]-[DjiCommand_RecvWork:1066)  <0x8083>Receive msg from linker, 0x0306->0x0A06 0x03C1 len:13 [0m
[37m[2.566][linker]-[Debug]-[DjiCommand_DealCmd:919) received unsupport request cmd that noneed ack, <0x8083> cmdset: 0x03 cmdid: 0xC1 [0m
[37m[2.578][linker]-[Debug]-[DjiProtocol_v1Unpack:215) <0x808f>V1-Recv: 0x0300->0x0A06 0x036C [0m
[37m[2.579][linker]-[Debug]-[DjiCommand_RecvWork:1066)  <0x808f>Receive msg from linker, 0x0300->0x0A06 0x036C len:71 [0m
[37m[2.579][linker]-[Debug]-[DjiCommand_DealCmd:919) received unsupport request cmd that noneed ack, <0x808f> cmdset: 0x03 cmdid: 0x6C [0m
[37m[2.597][linker]-[Debug]-[DjiProtocol_v1Unpack:215) <0x80b8>V1-Recv: 0x0300->0x0A06 0x4900 [0m
[37m[2.598][linker]-[Debug]-[DjiCommand_RecvWork:1066)  <0x80b8>Receive msg from linker, 0x0300->0x0A06 0x4900 len:14 [0m
[37m[2.598][linker]-[Debug]-[DjiCommand_DealCmd:919) received unsupport request cmd that need ack, <0x80b8> cmdset: 0x49 cmdid: 0x00 [0m
[37m[2.636][linker]-[Debug]-[DjiProtocol_v1Unpack:215) <0x80fc>V1-Recv: 0x0300->0x0A06 0x221B [0m
[37m[2.636][linker]-[Debug]-[DjiCommand_RecvWork:1066)  <0x80fc>Receive msg from linker, 0x0300->0x0A06 0x221B len:9 [0m
[37m[2.636][linker]-[Debug]-[DjiCommand_DealCmd:919) received unsupport request cmd that noneed ack, <0x80fc> cmdset: 0x22 cmdid: 0x1B [0m
[37m[2.666][linker]-[Debug]-[DjiProtocol_v1Unpack:215) <0x8133>V1-Recv: 0x0306->0x0A06 0x03C1 [0m
[37m[2.666][linker]-[Debug]-[DjiCommand_RecvWork:1066)  <0x8133>Receive msg from linker, 0x0306->0x0A06 0x03C1 len:13 [0m
[37m[2.666][linker]-[Debug]-[DjiCommand_DealCmd:919) received unsupport request cmd that noneed ack, <0x8133> cmdset: 0x03 cmdid: 0xC1 [0m
[37m[2.673][linker]-[Debug]-[DjiProtocol_v1Unpack:215) <0x3a6e>V1-Recv: 0x1D07->0x0A06 0x2105 [0m
[37m[2.674][linker]-[Debug]-[DjiCommand_RecvWork:1066)  <0x3a6e>Receive msg from linker, 0x1D07->0x0A06 0x2105 len:1 [0m
[37m[2.674][linker]-[Debug]-[DjiCommand_DealCmd:919) received unsupport request cmd that need ack, <0x3a6e> cmdset: 0x21 cmdid: 0x05 [0m
[37m[2.677][linker]-[Debug]-[DjiProtocol_v1Unpack:215) <0x8140>V1-Recv: 0x0300->0x0A06 0x036C [0m
[37m[2.678][linker]-[Debug]-[DjiCommand_RecvWork:1066)  <0x8140>Receive msg from linker, 0x0300->0x0A06 0x036C len:71 [0m
[37m[2.678][linker]-[Debug]-[DjiCommand_DealCmd:919) received unsupport request cmd that noneed ack, <0x8140> cmdset: 0x03 cmdid: 0x6C [0m
[37m[2.698][linker]-[Debug]-[DjiProtocol_v1Unpack:215) <0x8169>V1-Recv: 0x0300->0x0A06 0x4900 [0m
[37m[2.698][linker]-[Debug]-[DjiCommand_RecvWork:1066)  <0x8169>Receive msg from linker, 0x0300->0x0A06 0x4900 len:14 [0m
[37m[2.698][linker]-[Debug]-[DjiCommand_DealCmd:919) received unsupport request cmd that need ack, <0x8169> cmdset: 0x49 cmdid: 0x00 [0m
[37m[2.735][linker]-[Debug]-[DjiProtocol_v1Unpack:215) <0x81b0>V1-Recv: 0x0300->0x0A06 0x221B [0m
[37m[2.736][linker]-[Debug]-[DjiCommand_RecvWork:1066)  <0x81b0>Receive msg from linker, 0x0300->0x0A06 0x221B len:9 [0m
[37m[2.736][linker]-[Debug]-[DjiCommand_DealCmd:919) received unsupport request cmd that noneed ack, <0x81b0> cmdset: 0x22 cmdid: 0x1B [0m
[37m[2.747][linker]-[Debug]-[DjiProtocol_v1Unpack:215) <0x8c92>V1-Recv: 0x0800->0x0A06 0x0866 [0m
[37m[2.747][linker]-[Debug]-[DjiCommand_RecvWork:1066)  <0x8c92>Receive msg from linker, 0x0800->0x0A06 0x0866 len:16 [0m
[37m[2.747][linker]-[Debug]-[DjiCommand_DealCmd:919) received unsupport request cmd that noneed ack, <0x8c92> cmdset: 0x08 cmdid: 0x66 [0m
[37m[2.766][linker]-[Debug]-[DjiProtocol_v1Unpack:215) <0x81ec>V1-Recv: 0x0306->0x0A06 0x03C1 [0m
[37m[2.767][linker]-[Debug]-[DjiCommand_RecvWork:1066)  <0x81ec>Receive msg from linker, 0x0306->0x0A06 0x03C1 len:13 [0m
[37m[2.767][linker]-[Debug]-[DjiCommand_DealCmd:919) received unsupport request cmd that noneed ack, <0x81ec> cmdset: 0x03 cmdid: 0xC1 [0m
[37m[2.777][linker]-[Debug]-[DjiProtocol_v1Unpack:215) <0x81f9>V1-Recv: 0x0300->0x0A06 0x036C [0m
[37m[2.778][linker]-[Debug]-[DjiCommand_RecvWork:1066)  <0x81f9>Receive msg from linker, 0x0300->0x0A06 0x036C len:71 [0m
[37m[2.778][linker]-[Debug]-[DjiCommand_DealCmd:919) received unsupport request cmd that noneed ack, <0x81f9> cmdset: 0x03 cmdid: 0x6C [0m
[37m[2.797][linker]-[Debug]-[DjiProtocol_v1Unpack:215) <0x8225>V1-Recv: 0x0300->0x0A06 0x4900 [0m
[37m[2.797][linker]-[Debug]-[DjiCommand_RecvWork:1066)  <0x8225>Receive msg from linker, 0x0300->0x0A06 0x4900 len:14 [0m
[37m[2.797][linker]-[Debug]-[DjiCommand_DealCmd:919) received unsupport request cmd that need ack, <0x8225> cmdset: 0x49 cmdid: 0x00 [0m
[37m[2.835][linker]-[Debug]-[DjiProtocol_v1Unpack:215) <0x826a>V1-Recv: 0x0300->0x0A06 0x221B [0m
[37m[2.836][linker]-[Debug]-[DjiCommand_RecvWork:1066)  <0x826a>Receive msg from linker, 0x0300->0x0A06 0x221B len:9 [0m
[37m[2.836][linker]-[Debug]-[DjiCommand_DealCmd:919) received unsupport request cmd that noneed ack, <0x826a> cmdset: 0x22 cmdid: 0x1B [0m
[37m[2.866][linker]-[Debug]-[DjiProtocol_v1Unpack:215) <0x82a1>V1-Recv: 0x0306->0x0A06 0x03C1 [0m
[37m[2.866][linker]-[Debug]-[DjiCommand_RecvWork:1066)  <0x82a1>Receive msg from linker, 0x0306->0x0A06 0x03C1 len:13 [0m
[37m[2.866][linker]-[Debug]-[DjiCommand_DealCmd:919) received unsupport request cmd that noneed ack, <0x82a1> cmdset: 0x03 cmdid: 0xC1 [0m
[37m[2.878][linker]-[Debug]-[DjiProtocol_v1Unpack:215) <0x82ae>V1-Recv: 0x0300->0x0A06 0x036C [0m
[37m[2.879][linker]-[Debug]-[DjiCommand_RecvWork:1066)  <0x82ae>Receive msg from linker, 0x0300->0x0A06 0x036C len:71 [0m
[37m[2.879][linker]-[Debug]-[DjiCommand_DealCmd:919) received unsupport request cmd that noneed ack, <0x82ae> cmdset: 0x03 cmdid: 0x6C [0m
[37m[2.898][linker]-[Debug]-[DjiProtocol_v1Unpack:215) <0x82db>V1-Recv: 0x0300->0x0A06 0x0F74 [0m
[37m[2.898][linker]-[Debug]-[DjiProtocol_v1Unpack:215) <0x82e0>V1-Recv: 0x0300->0x0100 0x0406 [0m
[37m[2.898][linker]-[Debug]-[DjiProtocol_v1Unpack:215) <0x82e1>V1-Recv: 0x0300->0x0100 0x0407 [0m
[37m[2.898][linker]-[Debug]-[DjiProtocol_v1Unpack:215) <0x82e2>V1-Recv: 0x0300->0x0A06 0x4900 [0m
[37m[2.899][linker]-[Debug]-[DjiCommand_RecvWork:1066)  <0x82db>Receive msg from linker, 0x0300->0x0A06 0x0F74 len:28 [0m
[37m[2.899][linker]-[Debug]-[DjiCommand_DealCmd:919) received unsupport request cmd that noneed ack, <0x82db> cmdset: 0x0F cmdid: 0x74 [0m
[37m[2.901][linker]-[Debug]-[DjiCommand_RecvWork:1066)  <0x82e0>Receive msg from linker, 0x0300->0x0100 0x0406 len:12 [0m
[37m[2.901][linker]-[Debug]-[DjiCommand_DealCmd:919) received unsupport request cmd that noneed ack, <0x82e0> cmdset: 0x04 cmdid: 0x06 [0m
[37m[2.902][linker]-[Debug]-[DjiCommand_RecvWork:1066)  <0x82e1>Receive msg from linker, 0x0300->0x0100 0x0407 len:1 [0m
[37m[2.902][linker]-[Debug]-[DjiCommand_DealCmd:919) received unsupport request cmd that noneed ack, <0x82e1> cmdset: 0x04 cmdid: 0x07 [0m
[37m[2.903][linker]-[Debug]-[DjiCommand_RecvWork:1066)  <0x82e2>Receive msg from linker, 0x0300->0x0A06 0x4900 len:14 [0m
[37m[2.903][linker]-[Debug]-[DjiCommand_DealCmd:919) received unsupport request cmd that need ack, <0x82e2> cmdset: 0x49 cmdid: 0x00 [0m
[37m[2.935][linker]-[Debug]-[DjiProtocol_v1Unpack:215) <0x832d>V1-Recv: 0x0300->0x0A06 0x221B [0m
[37m[2.936][linker]-[Debug]-[DjiCommand_RecvWork:1066)  <0x832d>Receive msg from linker, 0x0300->0x0A06 0x221B len:9 [0m
[37m[2.936][linker]-[Debug]-[DjiCommand_DealCmd:919) received unsupport request cmd that noneed ack, <0x832d> cmdset: 0x22 cmdid: 0x1B [0m
[37m[2.966][linker]-[Debug]-[DjiProtocol_v1Unpack:215) <0x8366>V1-Recv: 0x0306->0x0A06 0x03C1 [0m
[37m[2.967][linker]-[Debug]-[DjiCommand_RecvWork:1066)  <0x8366>Receive msg from linker, 0x0306->0x0A06 0x03C1 len:13 [0m
[37m[2.967][linker]-[Debug]-[DjiCommand_DealCmd:919) received unsupport request cmd that noneed ack, <0x8366> cmdset: 0x03 cmdid: 0xC1 [0m
[37m[2.978][linker]-[Debug]-[DjiProtocol_v1Unpack:215) <0x8372>V1-Recv: 0x0300->0x0A06 0x036C [0m
[37m[2.978][linker]-[Debug]-[DjiCommand_RecvWork:1066)  <0x8372>Receive msg from linker, 0x0300->0x0A06 0x036C len:71 [0m
[37m[2.978][linker]-[Debug]-[DjiCommand_DealCmd:919) received unsupport request cmd that noneed ack, <0x8372> cmdset: 0x03 cmdid: 0x6C [0m
[37m[2.997][linker]-[Debug]-[DjiProtocol_v1Unpack:215) <0x83a9>V1-Recv: 0x0300->0x0A06 0x4900 [0m
[37m[2.998][linker]-[Debug]-[DjiCommand_RecvWork:1066)  <0x83a9>Receive msg from linker, 0x0300->0x0A06 0x4900 len:14 [0m
[37m[2.998][linker]-[Debug]-[DjiCommand_DealCmd:919) received unsupport request cmd that need ack, <0x83a9> cmdset: 0x49 cmdid: 0x00 [0m
[37m[2.999][linker]-[Debug]-[DjiProtocol_v1Unpack:215) <0x8c93>V1-Recv: 0x0800->0x0A06 0x0866 [0m
[37m[3.000][linker]-[Debug]-[DjiCommand_RecvWork:1066)  <0x8c93>Receive msg from linker, 0x0800->0x0A06 0x0866 len:16 [0m
[37m[3.000][linker]-[Debug]-[DjiCommand_DealCmd:919) received unsupport request cmd that noneed ack, <0x8c93> cmdset: 0x08 cmdid: 0x66 [0m
[37m[3.035][linker]-[Debug]-[DjiProtocol_v1Unpack:215) <0x83ea>V1-Recv: 0x0300->0x0A06 0x221B [0m
[37m[3.036][linker]-[Debug]-[DjiCommand_RecvWork:1066)  <0x83ea>Receive msg from linker, 0x0300->0x0A06 0x221B len:9 [0m
[37m[3.036][linker]-[Debug]-[DjiCommand_DealCmd:919) received unsupport request cmd that noneed ack, <0x83ea> cmdset: 0x22 cmdid: 0x1B [0m
[37m[3.066][linker]-[Debug]-[DjiProtocol_v1Unpack:215) <0x8422>V1-Recv: 0x0306->0x0A06 0x03C1 [0m
[37m[3.067][linker]-[Debug]-[DjiCommand_RecvWork:1066)  <0x8422>Receive msg from linker, 0x0306->0x0A06 0x03C1 len:13 [0m
[37m[3.067][linker]-[Debug]-[DjiCommand_DealCmd:919) received unsupport request cmd that noneed ack, <0x8422> cmdset: 0x03 cmdid: 0xC1 [0m
[37m[3.078][linker]-[Debug]-[DjiProtocol_v1Unpack:215) <0x842f>V1-Recv: 0x0300->0x0A06 0x036C [0m
[37m[3.079][linker]-[Debug]-[DjiCommand_RecvWork:1066)  <0x842f>Receive msg from linker, 0x0300->0x0A06 0x036C len:71 [0m
[37m[3.079][linker]-[Debug]-[DjiCommand_DealCmd:919) received unsupport request cmd that noneed ack, <0x842f> cmdset: 0x03 cmdid: 0x6C [0m
[37m[3.098][linker]-[Debug]-[DjiProtocol_v1Unpack:215) <0x8460>V1-Recv: 0x0300->0x0A06 0x4900 [0m
[37m[3.099][linker]-[Debug]-[DjiCommand_RecvWork:1066)  <0x8460>Receive msg from linker, 0x0300->0x0A06 0x4900 len:14 [0m
[37m[3.099][linker]-[Debug]-[DjiCommand_DealCmd:919) received unsupport request cmd that need ack, <0x8460> cmdset: 0x49 cmdid: 0x00 [0m
[37m[3.131][linker]-[Debug]-[DjiProtocol_v1Unpack:215) <0x849a>V1-Recv: 0x0306->0x0A06 0x03C1 [0m
[37m[3.132][linker]-[Debug]-[DjiCommand_RecvWork:1066)  <0x849a>Receive msg from linker, 0x0306->0x0A06 0x03C1 len:126 [0m
[37m[3.132][linker]-[Debug]-[DjiCommand_DealCmd:919) received unsupport request cmd that noneed ack, <0x849a> cmdset: 0x03 cmdid: 0xC1 [0m
[37m[3.135][linker]-[Debug]-[DjiProtocol_v1Unpack:215) <0x84a8>V1-Recv: 0x0300->0x0A06 0x221B [0m
[37m[3.136][linker]-[Debug]-[DjiCommand_RecvWork:1066)  <0x84a8>Receive msg from linker, 0x0300->0x0A06 0x221B len:9 [0m
[37m[3.136][linker]-[Debug]-[DjiCommand_DealCmd:919) received unsupport request cmd that noneed ack, <0x84a8> cmdset: 0x22 cmdid: 0x1B [0m
[37m[3.166][linker]-[Debug]-[DjiProtocol_v1Unpack:215) <0x84de>V1-Recv: 0x0306->0x0A06 0x03C1 [0m
[37m[3.167][linker]-[Debug]-[DjiCommand_RecvWork:1066)  <0x84de>Receive msg from linker, 0x0306->0x0A06 0x03C1 len:13 [0m
[37m[3.167][linker]-[Debug]-[DjiCommand_DealCmd:919) received unsupport request cmd that noneed ack, <0x84de> cmdset: 0x03 cmdid: 0xC1 [0m
[37m[3.178][linker]-[Debug]-[DjiProtocol_v1Unpack:215) <0x84eb>V1-Recv: 0x0300->0x0A06 0x036C [0m
[37m[3.179][linker]-[Debug]-[DjiCommand_RecvWork:1066)  <0x84eb>Receive msg from linker, 0x0300->0x0A06 0x036C len:71 [0m
[37m[3.179][linker]-[Debug]-[DjiCommand_DealCmd:919) received unsupport request cmd that noneed ack, <0x84eb> cmdset: 0x03 cmdid: 0x6C [0m
[37m[3.197][linker]-[Debug]-[DjiProtocol_v1Unpack:215) <0x851b>V1-Recv: 0x0300->0x0A06 0x4900 [0m
[37m[3.198][linker]-[Debug]-[DjiCommand_RecvWork:1066)  <0x851b>Receive msg from linker, 0x0300->0x0A06 0x4900 len:14 [0m
[37m[3.198][linker]-[Debug]-[DjiCommand_DealCmd:919) received unsupport request cmd that need ack, <0x851b> cmdset: 0x49 cmdid: 0x00 [0m
[37m[3.233][utils]-[Debug]-[DjiCore_RootTask:131) work execution time: [0m
[37m[3.233][utils]-[Debug]-[DjiCore_RootTask:132) name	                execution time (ms)	  max execution time (ms) [0m
[37m[3.233][utils]-[Debug]-[DjiCore_RootTask:134) recorderWork                    	0       	0        [0m
[37m[3.233][utils]-[Debug]-[DjiCore_RootTask:134) flowControllerTask              	0       	0        [0m
[37m[3.233][utils]-[Debug]-[DjiCore_RootTask:134) commandTask                     	1       	1        [0m
[37m[3.235][linker]-[Debug]-[DjiProtocol_v1Unpack:215) <0x855f>V1-Recv: 0x0300->0x0A06 0x221B [0m
[37m[3.235][linker]-[Debug]-[DjiCommand_RecvWork:1066)  <0x855f>Receive msg from linker, 0x0300->0x0A06 0x221B len:9 [0m
[37m[3.235][linker]-[Debug]-[DjiCommand_DealCmd:919) received unsupport request cmd that noneed ack, <0x855f> cmdset: 0x22 cmdid: 0x1B [0m
[37m[3.247][linker]-[Debug]-[DjiProtocol_v1Unpack:215) <0x8c94>V1-Recv: 0x0800->0x0A06 0x0866 [0m
[37m[3.247][linker]-[Debug]-[DjiCommand_RecvWork:1066)  <0x8c94>Receive msg from linker, 0x0800->0x0A06 0x0866 len:16 [0m
[37m[3.247][linker]-[Debug]-[DjiCommand_DealCmd:919) received unsupport request cmd that noneed ack, <0x8c94> cmdset: 0x08 cmdid: 0x66 [0m
[37m[3.266][linker]-[Debug]-[DjiProtocol_v1Unpack:215) <0x8593>V1-Recv: 0x0306->0x0A06 0x03C1 [0m
[37m[3.266][linker]-[Debug]-[DjiCommand_RecvWork:1066)  <0x8593>Receive msg from linker, 0x0306->0x0A06 0x03C1 len:13 [0m
[37m[3.266][linker]-[Debug]-[DjiCommand_DealCmd:919) received unsupport request cmd that noneed ack, <0x8593> cmdset: 0x03 cmdid: 0xC1 [0m
[37m[3.277][linker]-[Debug]-[DjiProtocol_v1Unpack:215) <0x859f>V1-Recv: 0x0300->0x0A06 0x036C [0m
[37m[3.278][linker]-[Debug]-[DjiCommand_RecvWork:1066)  <0x859f>Receive msg from linker, 0x0300->0x0A06 0x036C len:71 [0m
[37m[3.278][linker]-[Debug]-[DjiCommand_DealCmd:919) received unsupport request cmd that noneed ack, <0x859f> cmdset: 0x03 cmdid: 0x6C [0m
[37m[3.298][linker]-[Debug]-[DjiProtocol_v1Unpack:215) <0x85c9>V1-Recv: 0x0300->0x0A06 0x4900 [0m
[37m[3.298][linker]-[Debug]-[DjiCommand_RecvWork:1066)  <0x85c9>Receive msg from linker, 0x0300->0x0A06 0x4900 len:14 [0m
[37m[3.298][linker]-[Debug]-[DjiCommand_DealCmd:919) received unsupport request cmd that need ack, <0x85c9> cmdset: 0x49 cmdid: 0x00 [0m
[37m[3.323][linker]-[Debug]-[DjiProtocol_v1Pack:123) <0xfce9>V1-Send: 0x0A06->0x0701 0x0087 [0m
[37m[3.335][linker]-[Debug]-[DjiProtocol_v1Unpack:215) <0x8610>V1-Recv: 0x0300->0x0A06 0x221B [0m
[37m[3.335][linker]-[Debug]-[DjiCommand_RecvWork:1066)  <0x8610>Receive msg from linker, 0x0300->0x0A06 0x221B len:9 [0m
[37m[3.335][linker]-[Debug]-[DjiCommand_DealCmd:919) received unsupport request cmd that noneed ack, <0x8610> cmdset: 0x22 cmdid: 0x1B [0m
[37m[3.338][linker]-[Debug]-[DjiProtocol_v1Unpack:215) <0xfce9>V1-Recv: 0x0701->0x0A06 0x0087 [0m
[37m[3.339][linker]-[Debug]-[DjiCommand_RecvWork:1066)  <0xfce9>Receive msg from linker, 0x0701->0x0A06 0x0087 len:4 [0m
[37m[3.339][linker]-[Debug]-[DjiCommand_SendSyncCallback:1014) PsdkCommand_SendSyncCallback success [0m
[37m[3.339][linker]-[Debug]-[DjiCommand_DealCmd:830) callback function (cmdset: 0x00 cmdid: 0x87) deal time: 0 ms [0m
[37m[3.339][linker]-[Debug]-[DjiCommand_SendSync:553) sendSync callback success [0m
[32m[3.339][adapter]-[Info]-[DjiPayloadNegotiate_Init:228) Waiting payload negotiate finish. [0m
[37m[3.366][linker]-[Debug]-[DjiProtocol_v1Unpack:215) <0x864c>V1-Recv: 0x0306->0x0A06 0x03C1 [0m
[37m[3.366][linker]-[Debug]-[DjiCommand_RecvWork:1066)  <0x864c>Receive msg from linker, 0x0306->0x0A06 0x03C1 len:13 [0m
[37m[3.366][linker]-[Debug]-[DjiCommand_DealCmd:919) received unsupport request cmd that noneed ack, <0x864c> cmdset: 0x03 cmdid: 0xC1 [0m
[37m[3.379][linker]-[Debug]-[DjiProtocol_v1Unpack:215) <0x865a>V1-Recv: 0x0300->0x0A06 0x036C [0m
[37m[3.379][linker]-[Debug]-[DjiProtocol_v1Unpack:215) <0x7b7>V1-Recv: 0x0701->0x0A06 0x0087 [0m
[37m[3.379][linker]-[Debug]-[DjiCommand_RecvWork:1066)  <0x865a>Receive msg from linker, 0x0300->0x0A06 0x036C len:71 [0m
[37m[3.379][linker]-[Debug]-[DjiCommand_DealCmd:919) received unsupport request cmd that noneed ack, <0x865a> cmdset: 0x03 cmdid: 0x6C [0m
[37m[3.380][linker]-[Debug]-[DjiCommand_RecvWork:1066)  <0x7b7>Receive msg from linker, 0x0701->0x0A06 0x0087 len:4 [0m
[37m[3.380][adapter]-[Debug]-[DjiPayloadNegotiate_PayloadNegotiateHandle:1073) receive payload negotiate notify, cmd = 1 [0m
[37m[3.380][adapter]-[Debug]-[DjiPayloadNegotiate_VersionHandle:503) Payload negotiate use dynamic ip config [0m
[37m[3.380][linker]-[Debug]-[DjiProtocol_v1Pack:123) <0x7b7>V1-Send: 0x0A06->0x0701 0x0087 [0m
[37m[3.403][linker]-[Debug]-[DjiProtocol_v1Unpack:215) <0x8685>V1-Recv: 0x0300->0x0100 0x0405 [0m
[37m[3.403][linker]-[Debug]-[DjiProtocol_v1Unpack:215) <0x8686>V1-Recv: 0x0300->0x0A06 0x4900 [0m
[37m[3.403][linker]-[Debug]-[DjiProtocol_v1Unpack:215) <0x7b8>V1-Recv: 0x0701->0x0A06 0x0087 [0m
[37m[3.404][linker]-[Debug]-[DjiCommand_RecvWork:1066)  <0x8685>Receive msg from linker, 0x0300->0x0100 0x0405 len:22 [0m
[37m[3.404][linker]-[Debug]-[DjiCommand_DealCmd:919) received unsupport request cmd that noneed ack, <0x8685> cmdset: 0x04 cmdid: 0x05 [0m
[37m[3.405][linker]-[Debug]-[DjiCommand_RecvWork:1066)  <0x8686>Receive msg from linker, 0x0300->0x0A06 0x4900 len:14 [0m
[37m[3.405][linker]-[Debug]-[DjiCommand_DealCmd:919) received unsupport request cmd that need ack, <0x8686> cmdset: 0x49 cmdid: 0x00 [0m
[37m[3.406][linker]-[Debug]-[DjiCommand_RecvWork:1066)  <0x7b8>Receive msg from linker, 0x0701->0x0A06 0x0087 len:96 [0m
[37m[3.406][adapter]-[Debug]-[DjiPayloadNegotiate_PayloadNegotiateHandle:1073) receive payload negotiate notify, cmd = 3 [0m
[37m[3.406][adapter]-[Debug]-[DjiDeviceInfoParse_ParseCommand:396) command:3 [0m
[37m[3.406][adapter]-[Debug]-[DjiDeviceInfoParse_ParseAllInfo:65) command: 3 aciton: 0 [0m
[37m[3.406][adapter]-[Debug]-[DjiDeviceInfoParse_ParseAllInfo:75) info:DEV len:28 [0m
[37m[3.406][adapter]-[Debug]-[DjiDeviceInfoParse_ParseChannelInfo:276) parse 32 byte chnl_info [0m
[37m[3.406][adapter]-[Debug]-[DjiDeviceInfoParse_ParseAllInfo:85) info:CHN len:30 [0m
[37m[3.406][adapter]-[Debug]-[DjiDeviceInfoParse_ParseAllInfo:95) info:HST len:21 [0m
[37m[3.406][adapter]-[Debug]-[DjiDeviceInfoParse_ParseAllInfo:104) info:DAT len:5 [0m
[37m[3.406][adapter]-[Debug]-[DjiPayloadNegotiate_DeviceInfoHandle:944) generate device info:24 72 17 67, total size 208 [0m
[37m[3.406][linker]-[Debug]-[DjiProtocol_v1Pack:123) <0x7b8>V1-Send: 0x0A06->0x0701 0x0087 [0m
[37m[3.435][linker]-[Debug]-[DjiProtocol_v1Unpack:215) <0x86c7>V1-Recv: 0x0300->0x0A06 0x221B [0m
[37m[3.436][linker]-[Debug]-[DjiCommand_RecvWork:1066)  <0x86c7>Receive msg from linker, 0x0300->0x0A06 0x221B len:9 [0m
[37m[3.436][linker]-[Debug]-[DjiCommand_DealCmd:919) received unsupport request cmd that noneed ack, <0x86c7> cmdset: 0x22 cmdid: 0x1B [0m
[37m[3.466][linker]-[Debug]-[DjiProtocol_v1Unpack:215) <0x8702>V1-Recv: 0x0306->0x0A06 0x03C1 [0m
[37m[3.467][linker]-[Debug]-[DjiCommand_RecvWork:1066)  <0x8702>Receive msg from linker, 0x0306->0x0A06 0x03C1 len:13 [0m
[37m[3.467][linker]-[Debug]-[DjiCommand_DealCmd:919) received unsupport request cmd that noneed ack, <0x8702> cmdset: 0x03 cmdid: 0xC1 [0m
[37m[3.478][linker]-[Debug]-[DjiProtocol_v1Unpack:215) <0x8710>V1-Recv: 0x0300->0x0A06 0x036C [0m
[37m[3.479][linker]-[Debug]-[DjiCommand_RecvWork:1066)  <0x8710>Receive msg from linker, 0x0300->0x0A06 0x036C len:71 [0m
[37m[3.479][linker]-[Debug]-[DjiCommand_DealCmd:919) received unsupport request cmd that noneed ack, <0x8710> cmdset: 0x03 cmdid: 0x6C [0m
[37m[3.496][linker]-[Debug]-[DjiProtocol_v1Unpack:215) <0x8c95>V1-Recv: 0x0800->0x0A06 0x0866 [0m
[37m[3.497][linker]-[Debug]-[DjiCommand_RecvWork:1066)  <0x8c95>Receive msg from linker, 0x0800->0x0A06 0x0866 len:16 [0m
[37m[3.497][linker]-[Debug]-[DjiCommand_DealCmd:919) received unsupport request cmd that noneed ack, <0x8c95> cmdset: 0x08 cmdid: 0x66 [0m
[37m[3.498][linker]-[Debug]-[DjiProtocol_v1Unpack:215) <0x8744>V1-Recv: 0x0300->0x0A06 0x4900 [0m
[37m[3.498][linker]-[Debug]-[DjiCommand_RecvWork:1066)  <0x8744>Receive msg from linker, 0x0300->0x0A06 0x4900 len:14 [0m
[37m[3.498][linker]-[Debug]-[DjiCommand_DealCmd:919) received unsupport request cmd that need ack, <0x8744> cmdset: 0x49 cmdid: 0x00 [0m
[37m[3.535][linker]-[Debug]-[DjiProtocol_v1Unpack:215) <0x8796>V1-Recv: 0x0300->0x0A06 0x221B [0m
[37m[3.535][linker]-[Debug]-[DjiCommand_RecvWork:1066)  <0x8796>Receive msg from linker, 0x0300->0x0A06 0x221B len:9 [0m
[37m[3.535][linker]-[Debug]-[DjiCommand_DealCmd:919) received unsupport request cmd that noneed ack, <0x8796> cmdset: 0x22 cmdid: 0x1B [0m
[37m[3.567][linker]-[Debug]-[DjiProtocol_v1Unpack:215) <0x87d3>V1-Recv: 0x0306->0x0A06 0x03C1 [0m
[37m[3.567][linker]-[Debug]-[DjiCommand_RecvWork:1066)  <0x87d3>Receive msg from linker, 0x0306->0x0A06 0x03C1 len:13 [0m
[37m[3.567][linker]-[Debug]-[DjiCommand_DealCmd:919) received unsupport request cmd that noneed ack, <0x87d3> cmdset: 0x03 cmdid: 0xC1 [0m
[37m[3.569][linker]-[Debug]-[DjiProtocol_v1Unpack:215) <0x7b9>V1-Recv: 0x0701->0x0A06 0x0087 [0m
[37m[3.569][linker]-[Debug]-[DjiCommand_RecvWork:1066)  <0x7b9>Receive msg from linker, 0x0701->0x0A06 0x0087 len:6 [0m
[37m[3.569][adapter]-[Debug]-[DjiPayloadNegotiate_PayloadNegotiateHandle:1073) receive payload negotiate notify, cmd = 7 [0m
[37m[3.569][linker]-[Debug]-[DjiProtocol_v1Pack:123) <0x7b9>V1-Send: 0x0A06->0x0701 0x0087 [0m
[37m[3.578][linker]-[Debug]-[DjiProtocol_v1Unpack:215) <0x87df>V1-Recv: 0x0300->0x0A06 0x036C [0m
[37m[3.579][linker]-[Debug]-[DjiCommand_RecvWork:1066)  <0x87df>Receive msg from linker, 0x0300->0x0A06 0x036C len:71 [0m
[37m[3.579][linker]-[Debug]-[DjiCommand_DealCmd:919) received unsupport request cmd that noneed ack, <0x87df> cmdset: 0x03 cmdid: 0x6C [0m
[37m[3.597][linker]-[Debug]-[DjiProtocol_v1Unpack:215) <0x880d>V1-Recv: 0x0300->0x0A06 0x4900 [0m
[37m[3.598][linker]-[Debug]-[DjiCommand_RecvWork:1066)  <0x880d>Receive msg from linker, 0x0300->0x0A06 0x4900 len:14 [0m
[37m[3.598][linker]-[Debug]-[DjiCommand_DealCmd:919) received unsupport request cmd that need ack, <0x880d> cmdset: 0x49 cmdid: 0x00 [0m
[37m[3.609][linker]-[Debug]-[DjiProtocol_v1Unpack:215) <0x7ba>V1-Recv: 0x0701->0x0A06 0x004A [0m
[37m[3.610][linker]-[Debug]-[DjiCommand_RecvWork:1066)  <0x7ba>Receive msg from linker, 0x0701->0x0A06 0x004A len:15 [0m
[37m[3.610][linker]-[Debug]-[DjiCommand_DealCmd:919) received unsupport request cmd that need ack, <0x7ba> cmdset: 0x00 cmdid: 0x4A [0m
[37m[3.622][linker]-[Debug]-[DjiProtocol_v1Unpack:215) <0x7bb>V1-Recv: 0x0701->0x0A06 0x0087 [0m
[37m[3.623][linker]-[Debug]-[DjiCommand_RecvWork:1066)  <0x7bb>Receive msg from linker, 0x0701->0x0A06 0x0087 len:208 [0m
[37m[3.623][adapter]-[Debug]-[DjiPayloadNegotiate_PayloadNegotiateHandle:1073) receive payload negotiate notify, cmd = 5 [0m
[37m[3.623][adapter]-[Debug]-[DjiPayloadNegotiate_NotifyHandle:1012) notify device cap info length:208 [0m
[37m[3.623][adapter]-[Debug]-[DjiDeviceInfoParse_ParseCommand:396) command:5 [0m
[37m[3.623][adapter]-[Debug]-[DjiDeviceInfoParse_ParseAllInfo:65) command: 5 aciton: 17 [0m
[37m[3.623][adapter]-[Debug]-[DjiDeviceInfoParse_ParseAllInfo:75) info:DEV len:24 [0m
[37m[3.623][adapter]-[Debug]-[DjiDeviceInfoParse_ParseChannelInfo:276) parse 78 byte chnl_info [0m
[37m[3.623][adapter]-[Debug]-[DjiDeviceInfoParse_ParseAllInfo:85) info:CHN len:72 [0m
[37m[3.623][adapter]-[Debug]-[DjiDeviceInfoParse_ParseAllInfo:95) info:HST len:17 [0m
[37m[3.623][adapter]-[Debug]-[DjiDeviceInfoParse_ParseDataInfo:376) parse 73 byte data_info [0m
[37m[3.623][adapter]-[Debug]-[DjiDeviceInfoParse_ParseAllInfo:104) info:DAT len:67 [0m
[37m[3.623][adapter]-[Debug]-[DjiPayloadNegotiate_NotifyHandle:1032) uav ip addr:192.168.108.1 [0m
[37m[3.623][linker]-[Debug]-[DjiProtocol_v1Pack:123) <0x7bb>V1-Send: 0x0A06->0x0701 0x0087 [0m
[37m[3.635][linker]-[Debug]-[DjiProtocol_v1Unpack:215) <0x8850>V1-Recv: 0x0300->0x0A06 0x221B [0m
[37m[3.635][linker]-[Debug]-[DjiCommand_RecvWork:1066)  <0x8850>Receive msg from linker, 0x0300->0x0A06 0x221B len:9 [0m
[37m[3.635][linker]-[Debug]-[DjiCommand_DealCmd:919) received unsupport request cmd that noneed ack, <0x8850> cmdset: 0x22 cmdid: 0x1B [0m
[37m[3.666][linker]-[Debug]-[DjiProtocol_v1Unpack:215) <0x8884>V1-Recv: 0x0306->0x0A06 0x03C1 [0m
[37m[3.666][linker]-[Debug]-[DjiCommand_RecvWork:1066)  <0x8884>Receive msg from linker, 0x0306->0x0A06 0x03C1 len:13 [0m
[37m[3.666][linker]-[Debug]-[DjiCommand_DealCmd:919) received unsupport request cmd that noneed ack, <0x8884> cmdset: 0x03 cmdid: 0xC1 [0m
[37m[3.674][linker]-[Debug]-[DjiProtocol_v1Unpack:215) <0x3a6f>V1-Recv: 0x1D07->0x0A06 0x2105 [0m
[37m[3.674][linker]-[Debug]-[DjiCommand_RecvWork:1066)  <0x3a6f>Receive msg from linker, 0x1D07->0x0A06 0x2105 len:1 [0m
[37m[3.674][linker]-[Debug]-[DjiCommand_DealCmd:919) received unsupport request cmd that need ack, <0x3a6f> cmdset: 0x21 cmdid: 0x05 [0m
[37m[3.678][linker]-[Debug]-[DjiProtocol_v1Unpack:215) <0x8890>V1-Recv: 0x0300->0x0A06 0x036C [0m
[37m[3.678][linker]-[Debug]-[DjiCommand_RecvWork:1066)  <0x8890>Receive msg from linker, 0x0300->0x0A06 0x036C len:71 [0m
[37m[3.678][linker]-[Debug]-[DjiCommand_DealCmd:919) received unsupport request cmd that noneed ack, <0x8890> cmdset: 0x03 cmdid: 0x6C [0m
[37m[3.698][linker]-[Debug]-[DjiProtocol_v1Unpack:215) <0x88b9>V1-Recv: 0x0300->0x0A06 0x4900 [0m
[37m[3.698][linker]-[Debug]-[DjiCommand_RecvWork:1066)  <0x88b9>Receive msg from linker, 0x0300->0x0A06 0x4900 len:14 [0m
[37m[3.698][linker]-[Debug]-[DjiCommand_DealCmd:919) received unsupport request cmd that need ack, <0x88b9> cmdset: 0x49 cmdid: 0x00 [0m
[37m[3.735][linker]-[Debug]-[DjiProtocol_v1Unpack:215) <0x88fd>V1-Recv: 0x0300->0x0A06 0x221B [0m
[37m[3.735][linker]-[Debug]-[DjiCommand_RecvWork:1066)  <0x88fd>Receive msg from linker, 0x0300->0x0A06 0x221B len:9 [0m
[37m[3.735][linker]-[Debug]-[DjiCommand_DealCmd:919) received unsupport request cmd that noneed ack, <0x88fd> cmdset: 0x22 cmdid: 0x1B [0m
[37m[3.746][linker]-[Debug]-[DjiProtocol_v1Unpack:215) <0x8c96>V1-Recv: 0x0800->0x0A06 0x0866 [0m
[37m[3.746][linker]-[Debug]-[DjiCommand_RecvWork:1066)  <0x8c96>Receive msg from linker, 0x0800->0x0A06 0x0866 len:16 [0m
[37m[3.746][linker]-[Debug]-[DjiCommand_DealCmd:919) received unsupport request cmd that noneed ack, <0x8c96> cmdset: 0x08 cmdid: 0x66 [0m
[37m[3.766][linker]-[Debug]-[DjiProtocol_v1Unpack:215) <0x8939>V1-Recv: 0x0306->0x0A06 0x03C1 [0m
[37m[3.766][linker]-[Debug]-[DjiCommand_RecvWork:1066)  <0x8939>Receive msg from linker, 0x0306->0x0A06 0x03C1 len:13 [0m
[37m[3.766][linker]-[Debug]-[DjiCommand_DealCmd:919) received unsupport request cmd that noneed ack, <0x8939> cmdset: 0x03 cmdid: 0xC1 [0m
[37m[3.778][linker]-[Debug]-[DjiProtocol_v1Unpack:215) <0x8946>V1-Recv: 0x0300->0x0A06 0x036C [0m
[37m[3.779][linker]-[Debug]-[DjiCommand_RecvWork:1066)  <0x8946>Receive msg from linker, 0x0300->0x0A06 0x036C len:71 [0m
[37m[3.779][linker]-[Debug]-[DjiCommand_DealCmd:919) received unsupport request cmd that noneed ack, <0x8946> cmdset: 0x03 cmdid: 0x6C [0m
[37m[3.797][linker]-[Debug]-[DjiProtocol_v1Unpack:215) <0x8972>V1-Recv: 0x0300->0x0A06 0x4900 [0m
[37m[3.798][linker]-[Debug]-[DjiCommand_RecvWork:1066)  <0x8972>Receive msg from linker, 0x0300->0x0A06 0x4900 len:14 [0m
[37m[3.798][linker]-[Debug]-[DjiCommand_DealCmd:919) received unsupport request cmd that need ack, <0x8972> cmdset: 0x49 cmdid: 0x00 [0m
[37m[3.835][linker]-[Debug]-[DjiProtocol_v1Unpack:215) <0x89b6>V1-Recv: 0x0300->0x0A06 0x221B [0m
[37m[3.836][linker]-[Debug]-[DjiCommand_RecvWork:1066)  <0x89b6>Receive msg from linker, 0x0300->0x0A06 0x221B len:9 [0m
[37m[3.836][linker]-[Debug]-[DjiCommand_DealCmd:919) received unsupport request cmd that noneed ack, <0x89b6> cmdset: 0x22 cmdid: 0x1B [0m
[37m[3.866][linker]-[Debug]-[DjiProtocol_v1Unpack:215) <0x89ea>V1-Recv: 0x0306->0x0A06 0x03C1 [0m
[37m[3.867][linker]-[Debug]-[DjiCommand_RecvWork:1066)  <0x89ea>Receive msg from linker, 0x0306->0x0A06 0x03C1 len:13 [0m
[37m[3.867][linker]-[Debug]-[DjiCommand_DealCmd:919) received unsupport request cmd that noneed ack, <0x89ea> cmdset: 0x03 cmdid: 0xC1 [0m
[37m[3.878][linker]-[Debug]-[DjiProtocol_v1Unpack:215) <0x89f6>V1-Recv: 0x0300->0x0A06 0x036C [0m
[37m[3.879][linker]-[Debug]-[DjiCommand_RecvWork:1066)  <0x89f6>Receive msg from linker, 0x0300->0x0A06 0x036C len:71 [0m
[37m[3.879][linker]-[Debug]-[DjiCommand_DealCmd:919) received unsupport request cmd that noneed ack, <0x89f6> cmdset: 0x03 cmdid: 0x6C [0m
[37m[3.899][linker]-[Debug]-[DjiProtocol_v1Unpack:215) <0x8a1f>V1-Recv: 0x0300->0x0A06 0x0F74 [0m
[37m[3.899][linker]-[Debug]-[DjiProtocol_v1Unpack:215) <0x8a24>V1-Recv: 0x0300->0x0100 0x0406 [0m
[37m[3.899][linker]-[Debug]-[DjiProtocol_v1Unpack:215) <0x8a25>V1-Recv: 0x0300->0x0100 0x0407 [0m
[37m[3.899][linker]-[Debug]-[DjiProtocol_v1Unpack:215) <0x8a26>V1-Recv: 0x0300->0x0A06 0x4900 [0m
[37m[3.900][linker]-[Debug]-[DjiCommand_RecvWork:1066)  <0x8a1f>Receive msg from linker, 0x0300->0x0A06 0x0F74 len:28 [0m
[37m[3.900][linker]-[Debug]-[DjiCommand_DealCmd:919) received unsupport request cmd that noneed ack, <0x8a1f> cmdset: 0x0F cmdid: 0x74 [0m
[37m[3.901][linker]-[Debug]-[DjiCommand_RecvWork:1066)  <0x8a24>Receive msg from linker, 0x0300->0x0100 0x0406 len:12 [0m
[37m[3.901][linker]-[Debug]-[DjiCommand_DealCmd:919) received unsupport request cmd that noneed ack, <0x8a24> cmdset: 0x04 cmdid: 0x06 [0m
[37m[3.902][linker]-[Debug]-[DjiCommand_RecvWork:1066)  <0x8a25>Receive msg from linker, 0x0300->0x0100 0x0407 len:1 [0m
[37m[3.902][linker]-[Debug]-[DjiCommand_DealCmd:919) received unsupport request cmd that noneed ack, <0x8a25> cmdset: 0x04 cmdid: 0x07 [0m
[37m[3.903][linker]-[Debug]-[DjiCommand_RecvWork:1066)  <0x8a26>Receive msg from linker, 0x0300->0x0A06 0x4900 len:14 [0m
[37m[3.903][linker]-[Debug]-[DjiCommand_DealCmd:919) received unsupport request cmd that need ack, <0x8a26> cmdset: 0x49 cmdid: 0x00 [0m
[37m[3.935][linker]-[Debug]-[DjiProtocol_v1Unpack:215) <0x8a74>V1-Recv: 0x0300->0x0A06 0x221B [0m
[37m[3.936][linker]-[Debug]-[DjiCommand_RecvWork:1066)  <0x8a74>Receive msg from linker, 0x0300->0x0A06 0x221B len:9 [0m
[37m[3.936][linker]-[Debug]-[DjiCommand_DealCmd:919) received unsupport request cmd that noneed ack, <0x8a74> cmdset: 0x22 cmdid: 0x1B [0m
[37m[3.966][linker]-[Debug]-[DjiProtocol_v1Unpack:215) <0x8aad>V1-Recv: 0x0306->0x0A06 0x03C1 [0m
[37m[3.967][linker]-[Debug]-[DjiCommand_RecvWork:1066)  <0x8aad>Receive msg from linker, 0x0306->0x0A06 0x03C1 len:13 [0m
[37m[3.967][linker]-[Debug]-[DjiCommand_DealCmd:919) received unsupport request cmd that noneed ack, <0x8aad> cmdset: 0x03 cmdid: 0xC1 [0m
[37m[3.978][linker]-[Debug]-[DjiProtocol_v1Unpack:215) <0x8ab9>V1-Recv: 0x0300->0x0A06 0x036C [0m
[37m[3.979][linker]-[Debug]-[DjiCommand_RecvWork:1066)  <0x8ab9>Receive msg from linker, 0x0300->0x0A06 0x036C len:71 [0m
[37m[3.979][linker]-[Debug]-[DjiCommand_DealCmd:919) received unsupport request cmd that noneed ack, <0x8ab9> cmdset: 0x03 cmdid: 0x6C [0m
[37m[3.997][linker]-[Debug]-[DjiProtocol_v1Unpack:215) <0x8c97>V1-Recv: 0x0800->0x0A06 0x0866 [0m
[37m[3.997][linker]-[Debug]-[DjiProtocol_v1Unpack:215) <0x8af0>V1-Recv: 0x0300->0x0A06 0x4900 [0m
[37m[3.998][linker]-[Debug]-[DjiCommand_RecvWork:1066)  <0x8c97>Receive msg from linker, 0x0800->0x0A06 0x0866 len:16 [0m
[37m[3.998][linker]-[Debug]-[DjiCommand_DealCmd:919) received unsupport request cmd that noneed ack, <0x8c97> cmdset: 0x08 cmdid: 0x66 [0m
[37m[3.999][linker]-[Debug]-[DjiCommand_RecvWork:1066)  <0x8af0>Receive msg from linker, 0x0300->0x0A06 0x4900 len:14 [0m
[37m[3.999][linker]-[Debug]-[DjiCommand_DealCmd:919) received unsupport request cmd that need ack, <0x8af0> cmdset: 0x49 cmdid: 0x00 [0m
[37m[4.035][linker]-[Debug]-[DjiProtocol_v1Unpack:215) <0x8b31>V1-Recv: 0x0300->0x0A06 0x221B [0m
[37m[4.036][linker]-[Debug]-[DjiCommand_RecvWork:1066)  <0x8b31>Receive msg from linker, 0x0300->0x0A06 0x221B len:9 [0m
[37m[4.036][linker]-[Debug]-[DjiCommand_DealCmd:919) received unsupport request cmd that noneed ack, <0x8b31> cmdset: 0x22 cmdid: 0x1B [0m
[37m[4.066][linker]-[Debug]-[DjiProtocol_v1Unpack:215) <0x8b64>V1-Recv: 0x0306->0x0A06 0x03C1 [0m
[37m[4.067][linker]-[Debug]-[DjiCommand_RecvWork:1066)  <0x8b64>Receive msg from linker, 0x0306->0x0A06 0x03C1 len:13 [0m
[37m[4.067][linker]-[Debug]-[DjiCommand_DealCmd:919) received unsupport request cmd that noneed ack, <0x8b64> cmdset: 0x03 cmdid: 0xC1 [0m
[37m[4.078][linker]-[Debug]-[DjiProtocol_v1Unpack:215) <0x8b70>V1-Recv: 0x0300->0x0A06 0x036C [0m
[37m[4.079][linker]-[Debug]-[DjiCommand_RecvWork:1066)  <0x8b70>Receive msg from linker, 0x0300->0x0A06 0x036C len:71 [0m
[37m[4.079][linker]-[Debug]-[DjiCommand_DealCmd:919) received unsupport request cmd that noneed ack, <0x8b70> cmdset: 0x03 cmdid: 0x6C [0m
[37m[4.098][linker]-[Debug]-[DjiProtocol_v1Unpack:215) <0x8b9c>V1-Recv: 0x0300->0x0A06 0x4900 [0m
[37m[4.099][linker]-[Debug]-[DjiCommand_RecvWork:1066)  <0x8b9c>Receive msg from linker, 0x0300->0x0A06 0x4900 len:14 [0m
[37m[4.099][linker]-[Debug]-[DjiCommand_DealCmd:919) received unsupport request cmd that need ack, <0x8b9c> cmdset: 0x49 cmdid: 0x00 [0m
[37m[4.131][linker]-[Debug]-[DjiProtocol_v1Unpack:215) <0x8bd4>V1-Recv: 0x0306->0x0A06 0x03C1 [0m
[37m[4.132][linker]-[Debug]-[DjiCommand_RecvWork:1066)  <0x8bd4>Receive msg from linker, 0x0306->0x0A06 0x03C1 len:126 [0m
[37m[4.132][linker]-[Debug]-[DjiCommand_DealCmd:919) received unsupport request cmd that noneed ack, <0x8bd4> cmdset: 0x03 cmdid: 0xC1 [0m
[37m[4.135][linker]-[Debug]-[DjiProtocol_v1Unpack:215) <0x8be2>V1-Recv: 0x0300->0x0A06 0x221B [0m
[37m[4.136][linker]-[Debug]-[DjiCommand_RecvWork:1066)  <0x8be2>Receive msg from linker, 0x0300->0x0A06 0x221B len:9 [0m
[37m[4.136][linker]-[Debug]-[DjiCommand_DealCmd:919) received unsupport request cmd that noneed ack, <0x8be2> cmdset: 0x22 cmdid: 0x1B [0m
[37m[4.166][linker]-[Debug]-[DjiProtocol_v1Unpack:215) <0x8c18>V1-Recv: 0x0306->0x0A06 0x03C1 [0m
[37m[4.167][linker]-[Debug]-[DjiCommand_RecvWork:1066)  <0x8c18>Receive msg from linker, 0x0306->0x0A06 0x03C1 len:13 [0m
[37m[4.167][linker]-[Debug]-[DjiCommand_DealCmd:919) received unsupport request cmd that noneed ack, <0x8c18> cmdset: 0x03 cmdid: 0xC1 [0m
[37m[4.178][linker]-[Debug]-[DjiProtocol_v1Unpack:215) <0x8c25>V1-Recv: 0x0300->0x0A06 0x036C [0m
[37m[4.178][linker]-[Debug]-[DjiCommand_RecvWork:1066)  <0x8c25>Receive msg from linker, 0x0300->0x0A06 0x036C len:71 [0m
[37m[4.179][linker]-[Debug]-[DjiCommand_DealCmd:919) received unsupport request cmd that noneed ack, <0x8c25> cmdset: 0x03 cmdid: 0x6C [0m
[37m[4.197][linker]-[Debug]-[DjiProtocol_v1Unpack:215) <0x8c54>V1-Recv: 0x0300->0x0A06 0x4900 [0m
[37m[4.198][linker]-[Debug]-[DjiCommand_RecvWork:1066)  <0x8c54>Receive msg from linker, 0x0300->0x0A06 0x4900 len:14 [0m
[37m[4.198][linker]-[Debug]-[DjiCommand_DealCmd:919) received unsupport request cmd that need ack, <0x8c54> cmdset: 0x49 cmdid: 0x00 [0m
[37m[4.235][linker]-[Debug]-[DjiProtocol_v1Unpack:215) <0x8c93>V1-Recv: 0x0300->0x0A06 0x221B [0m
[37m[4.236][linker]-[Debug]-[DjiCommand_RecvWork:1066)  <0x8c93>Receive msg from linker, 0x0300->0x0A06 0x221B len:9 [0m
[37m[4.236][linker]-[Debug]-[DjiCommand_DealCmd:919) received unsupport request cmd that noneed ack, <0x8c93> cmdset: 0x22 cmdid: 0x1B [0m
[37m[4.246][linker]-[Debug]-[DjiProtocol_v1Unpack:215) <0x8c98>V1-Recv: 0x0800->0x0A06 0x0866 [0m
[37m[4.247][linker]-[Debug]-[DjiCommand_RecvWork:1066)  <0x8c98>Receive msg from linker, 0x0800->0x0A06 0x0866 len:16 [0m
[37m[4.247][linker]-[Debug]-[DjiCommand_DealCmd:919) received unsupport request cmd that noneed ack, <0x8c98> cmdset: 0x08 cmdid: 0x66 [0m
[37m[4.266][linker]-[Debug]-[DjiProtocol_v1Unpack:215) <0x8cc6>V1-Recv: 0x0306->0x0A06 0x03C1 [0m
[37m[4.267][linker]-[Debug]-[DjiCommand_RecvWork:1066)  <0x8cc6>Receive msg from linker, 0x0306->0x0A06 0x03C1 len:13 [0m
[37m[4.267][linker]-[Debug]-[DjiCommand_DealCmd:919) received unsupport request cmd that noneed ack, <0x8cc6> cmdset: 0x03 cmdid: 0xC1 [0m
[37m[4.278][linker]-[Debug]-[DjiProtocol_v1Unpack:215) <0x8cd2>V1-Recv: 0x0300->0x0A06 0x036C [0m
[37m[4.279][linker]-[Debug]-[DjiCommand_RecvWork:1066)  <0x8cd2>Receive msg from linker, 0x0300->0x0A06 0x036C len:71 [0m
[37m[4.279][linker]-[Debug]-[DjiCommand_DealCmd:919) received unsupport request cmd that noneed ack, <0x8cd2> cmdset: 0x03 cmdid: 0x6C [0m
[37m[4.297][utils]-[Debug]-[DjiCore_RootTask:131) work execution time: [0m
[37m[4.297][utils]-[Debug]-[DjiCore_RootTask:132) name	                execution time (ms)	  max execution time (ms) [0m
[37m[4.297][utils]-[Debug]-[DjiCore_RootTask:134) recorderWork                    	0       	0        [0m
[37m[4.297][utils]-[Debug]-[DjiCore_RootTask:134) flowControllerTask              	0       	0        [0m
[37m[4.297][utils]-[Debug]-[DjiCore_RootTask:134) commandTask                     	1       	1        [0m
[37m[4.298][linker]-[Debug]-[DjiProtocol_v1Unpack:215) <0x8cfc>V1-Recv: 0x0300->0x0A06 0x4900 [0m
[37m[4.299][linker]-[Debug]-[DjiCommand_RecvWork:1066)  <0x8cfc>Receive msg from linker, 0x0300->0x0A06 0x4900 len:14 [0m
[37m[4.299][linker]-[Debug]-[DjiCommand_DealCmd:919) received unsupport request cmd that need ack, <0x8cfc> cmdset: 0x49 cmdid: 0x00 [0m
[37m[4.335][linker]-[Debug]-[DjiProtocol_v1Unpack:215) <0x8d40>V1-Recv: 0x0300->0x0A06 0x221B [0m
[37m[4.336][linker]-[Debug]-[DjiCommand_RecvWork:1066)  <0x8d40>Receive msg from linker, 0x0300->0x0A06 0x221B len:9 [0m
[37m[4.336][linker]-[Debug]-[DjiCommand_DealCmd:919) received unsupport request cmd that noneed ack, <0x8d40> cmdset: 0x22 cmdid: 0x1B [0m
[37m[4.339][adapter]-[Debug]-[DjiPayloadNegotiate_Init:240) Payload negotiate has finished. [0m
[37m[4.344][linker]-[Debug]-[DjiCommand_AntiRegRecvCmdHandler:722) Anti reg command handle list success, index:0 [0m
[37m[4.365][linker]-[Debug]-[DjiLinker_DeInit:170) deinit linker success, protocol:2, channelId:0 [0m
[37m[4.365][linker]-[Debug]-[DjiCommand_UpdateConfig:289) config list channel id:2 [0m
[37m[4.368][linker]-[Debug]-[DjiLinker_Init:128) init linker success, protocol:2, channelId:0 [0m
[37m[4.368][linker]-[Debug]-[DjiCommand_UpdateConfig:298) add linker node count:1 [0m
[37m[4.368][linker]-[Debug]-[DjiCommand_UpdateConfig:289) config list channel id:2 [0m
[37m[4.370][linker]-[Debug]-[DjiLinker_Init:128) init linker success, protocol:2, channelId:2 [0m
[37m[4.370][linker]-[Debug]-[DjiCommand_UpdateConfig:298) add linker node count:2 [0m
[37m[4.370][linker]-[Debug]-[DjiCommand_RegRecvCmdHandler:674) Reg command handle list success, index:0 [0m
[37m[4.370][auth]-[Debug]-[DjiSdkActivate_ExtensionPortActivateSyncByV1:125) This is a OSDK port. Now need to do activation. [0m
[37m[4.370][linker]-[Debug]-[DjiProtocol_v1Pack:123) <0xfcea>V1-Send: 0x0A06->0x0306 0x0001 [0m
[37m[4.372][linker]-[Debug]-[DjiProtocol_v1Pack:123) <0xfceb>V1-Send: 0x0A06->0x1D01 0x00F0 [0m
[37m[4.380][linker]-[Debug]-[DjiProtocol_v1Unpack:215) <0xfcea>V1-Recv: 0x0306->0x0A06 0x0001 [0m
[37m[4.380][linker]-[Debug]-[DjiProtocol_v1Unpack:215) <0x8d85>V1-Recv: 0x0300->0x0A06 0x036C [0m
[37m[4.381][linker]-[Debug]-[DjiCommand_RecvWork:1066)  <0xfcea>Receive msg from linker, 0x0306->0x0A06 0x0001 len:31 [0m
[37m[4.381][linker]-[Debug]-[DjiCommand_SendSyncCallback:1014) PsdkCommand_SendSyncCallback success [0m
[37m[4.381][linker]-[Debug]-[DjiCommand_DealCmd:830) callback function (cmdset: 0x00 cmdid: 0x01) deal time: 0 ms [0m
[37m[4.381][linker]-[Debug]-[DjiCommand_SendSync:553) sendSync callback success [0m
[37m[4.381][linker]-[Debug]-[DjiCommand_SendSync:561) The ack data length is not equal with expect length, actual:31 exp:30. Probably because ack struct definition has changed. Please check command ack struct definition if changed. [0m
[37m[4.381][linker]-[Debug]-[DjiProtocol_v1Pack:123) <0xfcec>V1-Send: 0x0A06->0x0306 0x0325 [0m
[37m[4.382][linker]-[Debug]-[DjiProtocol_v1Pack:123) <0xfced>V1-Send: 0x0A06->0x1D01 0x00F0 [0m
[37m[4.382][linker]-[Debug]-[DjiCommand_RecvWork:1066)  <0x8d85>Receive msg from linker, 0x0300->0x0A06 0x036C len:71 [0m
[37m[4.382][linker]-[Debug]-[DjiCommand_DealCmd:919) received unsupport request cmd that noneed ack, <0x8d85> cmdset: 0x03 cmdid: 0x6C [0m
[37m[4.393][linker]-[Debug]-[DjiProtocol_v1Pack:123) <0xfcee>V1-Send: 0x0A06->0x1D01 0x00F0 [0m
[37m[4.399][linker]-[Debug]-[DjiProtocol_v1Unpack:215) <0xfcec>V1-Recv: 0x0306->0x0A06 0x0325 [0m
[37m[4.399][linker]-[Debug]-[DjiProtocol_v1Unpack:215) <0x8dc2>V1-Recv: 0x0300->0x0100 0x0405 [0m
[37m[4.399][linker]-[Debug]-[DjiProtocol_v1Unpack:215) <0x8dc3>V1-Recv: 0x0300->0x0A06 0x4900 [0m
[37m[4.400][linker]-[Debug]-[DjiCommand_RecvWork:1066)  <0xfcec>Receive msg from linker, 0x0306->0x0A06 0x0325 len:2 [0m
[37m[4.400][linker]-[Debug]-[DjiCommand_SendSyncCallback:1014) PsdkCommand_SendSyncCallback success [0m
[37m[4.400][linker]-[Debug]-[DjiCommand_DealCmd:830) callback function (cmdset: 0x03 cmdid: 0x25) deal time: 0 ms [0m
[37m[4.400][linker]-[Debug]-[DjiCommand_SendSync:553) sendSync callback success [0m
[37m[4.400][linker]-[Debug]-[DjiCommand_SendSync:561) The ack data length is not equal with expect length, actual:2 exp:1. Probably because ack struct definition has changed. Please check command ack struct definition if changed. [0m
[37m[4.400][auth]-[Debug]-[DjiSdkActivate_OSDKActivateSyncByV1:307) Activate sdk successfully. [0m
[37m[4.400][auth]-[Debug]-[DjiSdkActivate_ExtensionPortActivateSyncByV1:140) Activate OSDK functions successfully. [0m
[37m[4.400][linker]-[Debug]-[DjiProtocol_v1Pack:123) <0xfcef>V1-Send: 0x0A06->0x1104 0x4910 [0m
[37m[4.401][linker]-[Debug]-[DjiCommand_RecvWork:1066)  <0x8dc2>Receive msg from linker, 0x0300->0x0100 0x0405 len:22 [0m
[37m[4.401][linker]-[Debug]-[DjiCommand_DealCmd:919) received unsupport request cmd that noneed ack, <0x8dc2> cmdset: 0x04 cmdid: 0x05 [0m
[37m[4.402][linker]-[Debug]-[DjiCommand_RecvWork:1066)  <0x8dc3>Receive msg from linker, 0x0300->0x0A06 0x4900 len:14 [0m
[37m[4.402][linker]-[Debug]-[DjiCommand_DealCmd:919) received unsupport request cmd that need ack, <0x8dc3> cmdset: 0x49 cmdid: 0x00 [0m
[37m[4.404][linker]-[Debug]-[DjiProtocol_v1Pack:123) <0xfcf0>V1-Send: 0x0A06->0x1D01 0x00F0 [0m
[37m[4.414][linker]-[Debug]-[DjiProtocol_v1Pack:123) <0xfcf1>V1-Send: 0x0A06->0x1D01 0x00F0 [0m
[37m[4.418][linker]-[Debug]-[DjiProtocol_v1Unpack:215) <0xfcef>V1-Recv: 0x1104->0x0A06 0x4910 [0m
[37m[4.418][linker]-[Debug]-[DjiCommand_RecvWork:1066)  <0xfcef>Receive msg from linker, 0x1104->0x0A06 0x4910 len:1 [0m
[37m[4.418][linker]-[Debug]-[DjiCommand_SendSyncCallback:1014) PsdkCommand_SendSyncCallback success [0m
[37m[4.418][linker]-[Debug]-[DjiCommand_DealCmd:830) callback function (cmdset: 0x49 cmdid: 0x10) deal time: 0 ms [0m
[37m[4.418][linker]-[Debug]-[DjiCommand_SendSync:553) sendSync callback success [0m
[37m[4.418][linker]-[Debug]-[DjiProtocol_v1Pack:123) <0xfcf2>V1-Send: 0x0A06->0x1104 0x4910 [0m
[37m[4.425][linker]-[Debug]-[DjiProtocol_v1Pack:123) <0xfcf3>V1-Send: 0x0A06->0x1D01 0x00F0 [0m
[37m[4.435][linker]-[Debug]-[DjiProtocol_v1Unpack:215) <0x8e06>V1-Recv: 0x0300->0x0A06 0x221B [0m
[37m[4.435][linker]-[Debug]-[DjiProtocol_v1Pack:123) <0xfcf4>V1-Send: 0x0A06->0x1D01 0x00F0 [0m
[37m[4.435][linker]-[Debug]-[DjiCommand_RecvWork:1066)  <0x8e06>Receive msg from linker, 0x0300->0x0A06 0x221B len:9 [0m
[37m[4.435][linker]-[Debug]-[DjiCommand_DealCmd:919) received unsupport request cmd that noneed ack, <0x8e06> cmdset: 0x22 cmdid: 0x1B [0m
[37m[4.439][linker]-[Debug]-[DjiProtocol_v1Unpack:215) <0xfcf2>V1-Recv: 0x1104->0x0A06 0x4910 [0m
[37m[4.440][linker]-[Debug]-[DjiCommand_RecvWork:1066)  <0xfcf2>Receive msg from linker, 0x1104->0x0A06 0x4910 len:1 [0m
[37m[4.440][linker]-[Debug]-[DjiCommand_SendSyncCallback:1014) PsdkCommand_SendSyncCallback success [0m
[37m[4.440][linker]-[Debug]-[DjiCommand_DealCmd:830) callback function (cmdset: 0x49 cmdid: 0x10) deal time: 0 ms [0m
[37m[4.440][linker]-[Debug]-[DjiCommand_SendSync:553) sendSync callback success [0m
[37m[4.440][linker]-[Debug]-[DjiProtocol_v1Pack:123) <0xfcf5>V1-Send: 0x0A06->0x1104 0x4910 [0m
[37m[4.446][linker]-[Debug]-[DjiProtocol_v1Pack:123) <0xfcf6>V1-Send: 0x0A06->0x1D01 0x00F0 [0m
[37m[4.457][linker]-[Debug]-[DjiProtocol_v1Pack:123) <0xfcf7>V1-Send: 0x0A06->0x1D01 0x00F0 [0m
[37m[4.458][linker]-[Debug]-[DjiProtocol_v1Unpack:215) <0xfcf5>V1-Recv: 0x1104->0x0A06 0x4910 [0m
[37m[4.458][linker]-[Debug]-[DjiCommand_RecvWork:1066)  <0xfcf5>Receive msg from linker, 0x1104->0x0A06 0x4910 len:1 [0m
[37m[4.458][linker]-[Debug]-[DjiCommand_SendSyncCallback:1014) PsdkCommand_SendSyncCallback success [0m
[37m[4.458][linker]-[Debug]-[DjiCommand_DealCmd:830) callback function (cmdset: 0x49 cmdid: 0x10) deal time: 0 ms [0m
[37m[4.458][linker]-[Debug]-[DjiCommand_SendSync:553) sendSync callback success [0m
[37m[4.458][linker]-[Debug]-[DjiProtocol_v1Pack:123) <0xfcf8>V1-Send: 0x0A06->0x1104 0x4910 [0m
[37m[4.466][linker]-[Debug]-[DjiProtocol_v1Unpack:215) <0x8e3e>V1-Recv: 0x0306->0x0A06 0x03C1 [0m
[37m[4.466][linker]-[Debug]-[DjiCommand_RecvWork:1066)  <0x8e3e>Receive msg from linker, 0x0306->0x0A06 0x03C1 len:13 [0m
[37m[4.466][linker]-[Debug]-[DjiCommand_DealCmd:919) received unsupport request cmd that noneed ack, <0x8e3e> cmdset: 0x03 cmdid: 0xC1 [0m
[37m[4.467][linker]-[Debug]-[DjiProtocol_v1Pack:123) <0xfcf9>V1-Send: 0x0A06->0x1D01 0x00F0 [0m
[37m[4.478][linker]-[Debug]-[DjiProtocol_v1Pack:123) <0xfcfa>V1-Send: 0x0A06->0x1D01 0x00F0 [0m
[37m[4.479][linker]-[Debug]-[DjiProtocol_v1Unpack:215) <0x8e4b>V1-Recv: 0x0300->0x0A06 0x036C [0m
[37m[4.479][linker]-[Debug]-[DjiProtocol_v1Unpack:215) <0xfcf8>V1-Recv: 0x1104->0x0A06 0x4910 [0m
[37m[4.479][linker]-[Debug]-[DjiCommand_RecvWork:1066)  <0x8e4b>Receive msg from linker, 0x0300->0x0A06 0x036C len:71 [0m
[37m[4.479][linker]-[Debug]-[DjiCommand_DealCmd:919) received unsupport request cmd that noneed ack, <0x8e4b> cmdset: 0x03 cmdid: 0x6C [0m
[37m[4.480][linker]-[Debug]-[DjiCommand_RecvWork:1066)  <0xfcf8>Receive msg from linker, 0x1104->0x0A06 0x4910 len:1 [0m
[37m[4.480][linker]-[Debug]-[DjiCommand_SendSyncCallback:1014) PsdkCommand_SendSyncCallback success [0m
[37m[4.480][linker]-[Debug]-[DjiCommand_DealCmd:830) callback function (cmdset: 0x49 cmdid: 0x10) deal time: 0 ms [0m
[37m[4.480][linker]-[Debug]-[DjiCommand_SendSync:553) sendSync callback success [0m
[37m[4.480][linker]-[Debug]-[DjiProtocol_v1Pack:123) <0xfcfb>V1-Send: 0x0A06->0x1104 0x4910 [0m
[37m[4.500][linker]-[Debug]-[DjiProtocol_v1Unpack:215) <0x8e7b>V1-Recv: 0x0300->0x0A06 0x4900 [0m
[37m[4.500][linker]-[Debug]-[DjiProtocol_v1Unpack:215) <0x8c99>V1-Recv: 0x0800->0x0A06 0x0866 [0m
[37m[4.500][linker]-[Debug]-[DjiProtocol_v1Unpack:215) <0xfcfb>V1-Recv: 0x1104->0x0A06 0x4910 [0m
[37m[4.500][linker]-[Debug]-[DjiCommand_RecvWork:1066)  <0x8e7b>Receive msg from linker, 0x0300->0x0A06 0x4900 len:14 [0m
[37m[4.500][linker]-[Debug]-[DjiCommand_DealCmd:919) received unsupport request cmd that need ack, <0x8e7b> cmdset: 0x49 cmdid: 0x00 [0m
[37m[4.501][linker]-[Debug]-[DjiCommand_RecvWork:1066)  <0x8c99>Receive msg from linker, 0x0800->0x0A06 0x0866 len:16 [0m
[37m[4.501][linker]-[Debug]-[DjiCommand_DealCmd:919) received unsupport request cmd that noneed ack, <0x8c99> cmdset: 0x08 cmdid: 0x66 [0m
[37m[4.502][linker]-[Debug]-[DjiCommand_RecvWork:1066)  <0xfcfb>Receive msg from linker, 0x1104->0x0A06 0x4910 len:1 [0m
[37m[4.502][linker]-[Debug]-[DjiCommand_SendSyncCallback:1014) PsdkCommand_SendSyncCallback success [0m
[37m[4.502][linker]-[Debug]-[DjiCommand_DealCmd:830) callback function (cmdset: 0x49 cmdid: 0x10) deal time: 0 ms [0m
[37m[4.502][linker]-[Debug]-[DjiCommand_SendSync:553) sendSync callback success [0m
[37m[4.503][linker]-[Debug]-[DjiProtocol_v1Pack:123) <0xfcfc>V1-Send: 0x0A06->0x1104 0x4910 [0m
[37m[4.518][linker]-[Debug]-[DjiProtocol_v1Unpack:215) <0xfcfc>V1-Recv: 0x1104->0x0A06 0x4910 [0m
[37m[4.518][linker]-[Debug]-[DjiCommand_RecvWork:1066)  <0xfcfc>Receive msg from linker, 0x1104->0x0A06 0x4910 len:1 [0m
[37m[4.518][linker]-[Debug]-[DjiCommand_SendSyncCallback:1014) PsdkCommand_SendSyncCallback success [0m
[37m[4.518][linker]-[Debug]-[DjiCommand_DealCmd:830) callback function (cmdset: 0x49 cmdid: 0x10) deal time: 0 ms [0m
[37m[4.518][linker]-[Debug]-[DjiCommand_SendSync:553) sendSync callback success [0m
[37m[4.535][linker]-[Debug]-[DjiProtocol_v1Unpack:215) <0x8ed0>V1-Recv: 0x0300->0x0A06 0x221B [0m
[37m[4.535][linker]-[Debug]-[DjiCommand_RecvWork:1066)  <0x8ed0>Receive msg from linker, 0x0300->0x0A06 0x221B len:9 [0m
[37m[4.535][linker]-[Debug]-[DjiCommand_DealCmd:919) received unsupport request cmd that noneed ack, <0x8ed0> cmdset: 0x22 cmdid: 0x1B [0m
[37m[4.566][linker]-[Debug]-[DjiProtocol_v1Unpack:215) <0x8f0c>V1-Recv: 0x0306->0x0A06 0x03C1 [0m
[37m[4.566][linker]-[Debug]-[DjiCommand_RecvWork:1066)  <0x8f0c>Receive msg from linker, 0x0306->0x0A06 0x03C1 len:13 [0m
[37m[4.566][linker]-[Debug]-[DjiCommand_DealCmd:919) received unsupport request cmd that noneed ack, <0x8f0c> cmdset: 0x03 cmdid: 0xC1 [0m
[37m[4.578][linker]-[Debug]-[DjiProtocol_v1Unpack:215) <0x8f18>V1-Recv: 0x0300->0x0A06 0x036C [0m
[37m[4.578][linker]-[Debug]-[DjiCommand_RecvWork:1066)  <0x8f18>Receive msg from linker, 0x0300->0x0A06 0x036C len:71 [0m
[37m[4.578][linker]-[Debug]-[DjiCommand_DealCmd:919) received unsupport request cmd that noneed ack, <0x8f18> cmdset: 0x03 cmdid: 0x6C [0m
[37m[4.597][linker]-[Debug]-[DjiProtocol_v1Unpack:215) <0x8f45>V1-Recv: 0x0300->0x0A06 0x4900 [0m
[37m[4.597][linker]-[Debug]-[DjiCommand_RecvWork:1066)  <0x8f45>Receive msg from linker, 0x0300->0x0A06 0x4900 len:14 [0m
[37m[4.597][linker]-[Debug]-[DjiCommand_DealCmd:919) received unsupport request cmd that need ack, <0x8f45> cmdset: 0x49 cmdid: 0x00 [0m
[37m[4.609][linker]-[Debug]-[DjiProtocol_v1Unpack:215) <0x7bc>V1-Recv: 0x0701->0x0A06 0x0000 [0m
[37m[4.609][linker]-[Debug]-[DjiCommand_RecvWork:1066)  <0x7bc>Receive msg from linker, 0x0701->0x0A06 0x0000 len:16 [0m
[37m[4.609][linker]-[Debug]-[DjiProtocol_v1Pack:123) <0x7bc>V1-Send: 0x0A06->0x0701 0x0000 [0m
[37m[4.635][linker]-[Debug]-[DjiProtocol_v1Unpack:215) <0x8f84>V1-Recv: 0x0300->0x0A06 0x221B [0m
[37m[4.635][linker]-[Debug]-[DjiCommand_RecvWork:1066)  <0x8f84>Receive msg from linker, 0x0300->0x0A06 0x221B len:9 [0m
[37m[4.635][linker]-[Debug]-[DjiCommand_DealCmd:919) received unsupport request cmd that noneed ack, <0x8f84> cmdset: 0x22 cmdid: 0x1B [0m
[37m[4.666][linker]-[Debug]-[DjiProtocol_v1Unpack:215) <0x8fbb>V1-Recv: 0x0306->0x0A06 0x03C1 [0m
[37m[4.666][linker]-[Debug]-[DjiCommand_RecvWork:1066)  <0x8fbb>Receive msg from linker, 0x0306->0x0A06 0x03C1 len:13 [0m
[37m[4.666][linker]-[Debug]-[DjiCommand_DealCmd:919) received unsupport request cmd that noneed ack, <0x8fbb> cmdset: 0x03 cmdid: 0xC1 [0m
[37m[4.674][linker]-[Debug]-[DjiProtocol_v1Unpack:215) <0x3a70>V1-Recv: 0x1D07->0x0A06 0x2105 [0m
[37m[4.674][linker]-[Debug]-[DjiCommand_RecvWork:1066)  <0x3a70>Receive msg from linker, 0x1D07->0x0A06 0x2105 len:1 [0m
[37m[4.674][linker]-[Debug]-[DjiCommand_DealCmd:919) received unsupport request cmd that need ack, <0x3a70> cmdset: 0x21 cmdid: 0x05 [0m
[37m[4.678][linker]-[Debug]-[DjiProtocol_v1Unpack:215) <0x8fc8>V1-Recv: 0x0300->0x0A06 0x036C [0m
[37m[4.678][linker]-[Debug]-[DjiCommand_RecvWork:1066)  <0x8fc8>Receive msg from linker, 0x0300->0x0A06 0x036C len:71 [0m
[37m[4.678][linker]-[Debug]-[DjiCommand_DealCmd:919) received unsupport request cmd that noneed ack, <0x8fc8> cmdset: 0x03 cmdid: 0x6C [0m
[37m[4.698][linker]-[Debug]-[DjiProtocol_v1Unpack:215) <0x8ff4>V1-Recv: 0x0300->0x0A06 0x4900 [0m
[37m[4.698][linker]-[Debug]-[DjiCommand_RecvWork:1066)  <0x8ff4>Receive msg from linker, 0x0300->0x0A06 0x4900 len:14 [0m
[37m[4.698][linker]-[Debug]-[DjiCommand_DealCmd:919) received unsupport request cmd that need ack, <0x8ff4> cmdset: 0x49 cmdid: 0x00 [0m
[37m[4.719][linker]-[Debug]-[DjiProtocol_v1Pack:123) <0xfcfd>V1-Send: 0x0A06->0x1104 0x4910 [0m
[37m[4.736][linker]-[Debug]-[DjiProtocol_v1Unpack:215) <0x903b>V1-Recv: 0x0300->0x0A06 0x221B [0m
[37m[4.736][linker]-[Debug]-[DjiCommand_RecvWork:1066)  <0x903b>Receive msg from linker, 0x0300->0x0A06 0x221B len:9 [0m
[37m[4.736][linker]-[Debug]-[DjiCommand_DealCmd:919) received unsupport request cmd that noneed ack, <0x903b> cmdset: 0x22 cmdid: 0x1B [0m
[37m[4.738][linker]-[Debug]-[DjiProtocol_v1Unpack:215) <0xfcfd>V1-Recv: 0x1104->0x0A06 0x4910 [0m
[37m[4.738][linker]-[Debug]-[DjiCommand_RecvWork:1066)  <0xfcfd>Receive msg from linker, 0x1104->0x0A06 0x4910 len:1 [0m
[37m[4.738][linker]-[Debug]-[DjiCommand_SendSyncCallback:1014) PsdkCommand_SendSyncCallback success [0m
[37m[4.738][linker]-[Debug]-[DjiCommand_DealCmd:830) callback function (cmdset: 0x49 cmdid: 0x10) deal time: 0 ms [0m
[37m[4.738][linker]-[Debug]-[DjiCommand_SendSync:553) sendSync callback success [0m
[37m[4.738][linker]-[Debug]-[DjiProtocol_v1Pack:123) <0xfcfe>V1-Send: 0x0A06->0x1104 0x4910 [0m
[37m[4.746][linker]-[Debug]-[DjiProtocol_v1Unpack:215) <0x8c9a>V1-Recv: 0x0800->0x0A06 0x0866 [0m
[37m[4.746][linker]-[Debug]-[DjiCommand_RecvWork:1066)  <0x8c9a>Receive msg from linker, 0x0800->0x0A06 0x0866 len:16 [0m
[37m[4.746][linker]-[Debug]-[DjiCommand_DealCmd:919) received unsupport request cmd that noneed ack, <0x8c9a> cmdset: 0x08 cmdid: 0x66 [0m
[37m[4.758][linker]-[Debug]-[DjiProtocol_v1Unpack:215) <0xfcfe>V1-Recv: 0x1104->0x0A06 0x4910 [0m
[37m[4.759][linker]-[Debug]-[DjiCommand_RecvWork:1066)  <0xfcfe>Receive msg from linker, 0x1104->0x0A06 0x4910 len:1 [0m
[37m[4.759][linker]-[Debug]-[DjiCommand_SendSyncCallback:1014) PsdkCommand_SendSyncCallback success [0m
[37m[4.759][linker]-[Debug]-[DjiCommand_DealCmd:830) callback function (cmdset: 0x49 cmdid: 0x10) deal time: 0 ms [0m
[37m[4.759][linker]-[Debug]-[DjiCommand_SendSync:553) sendSync callback success [0m
[37m[4.759][linker]-[Debug]-[DjiProtocol_v1Pack:123) <0xfcff>V1-Send: 0x0A06->0x1104 0x4910 [0m
[37m[4.766][linker]-[Debug]-[DjiProtocol_v1Unpack:215) <0x9077>V1-Recv: 0x0306->0x0A06 0x03C1 [0m
[37m[4.767][linker]-[Debug]-[DjiCommand_RecvWork:1066)  <0x9077>Receive msg from linker, 0x0306->0x0A06 0x03C1 len:13 [0m
[37m[4.767][linker]-[Debug]-[DjiCommand_DealCmd:919) received unsupport request cmd that noneed ack, <0x9077> cmdset: 0x03 cmdid: 0xC1 [0m
[37m[4.778][linker]-[Debug]-[DjiProtocol_v1Unpack:215) <0x9084>V1-Recv: 0x0300->0x0A06 0x036C [0m
[37m[4.778][linker]-[Debug]-[DjiProtocol_v1Unpack:215) <0xfcff>V1-Recv: 0x1104->0x0A06 0x4910 [0m
[37m[4.779][linker]-[Debug]-[DjiCommand_RecvWork:1066)  <0x9084>Receive msg from linker, 0x0300->0x0A06 0x036C len:71 [0m
[37m[4.779][linker]-[Debug]-[DjiCommand_DealCmd:919) received unsupport request cmd that noneed ack, <0x9084> cmdset: 0x03 cmdid: 0x6C [0m
[37m[4.781][linker]-[Debug]-[DjiCommand_RecvWork:1066)  <0xfcff>Receive msg from linker, 0x1104->0x0A06 0x4910 len:1 [0m
[37m[4.781][linker]-[Debug]-[DjiCommand_SendSyncCallback:1014) PsdkCommand_SendSyncCallback success [0m
[37m[4.781][linker]-[Debug]-[DjiCommand_DealCmd:830) callback function (cmdset: 0x49 cmdid: 0x10) deal time: 0 ms [0m
[37m[4.781][linker]-[Debug]-[DjiCommand_SendSync:553) sendSync callback success [0m
[37m[4.781][linker]-[Debug]-[DjiProtocol_v1Pack:123) <0xfd00>V1-Send: 0x0A06->0x1104 0x4910 [0m
[37m[4.797][linker]-[Debug]-[DjiProtocol_v1Unpack:215) <0x90b0>V1-Recv: 0x0300->0x0A06 0x4900 [0m
[37m[4.798][linker]-[Debug]-[DjiCommand_RecvWork:1066)  <0x90b0>Receive msg from linker, 0x0300->0x0A06 0x4900 len:14 [0m
[37m[4.798][linker]-[Debug]-[DjiCommand_DealCmd:919) received unsupport request cmd that need ack, <0x90b0> cmdset: 0x49 cmdid: 0x00 [0m
[37m[4.798][linker]-[Debug]-[DjiProtocol_v1Unpack:215) <0xfd00>V1-Recv: 0x1104->0x0A06 0x4910 [0m
[37m[4.799][linker]-[Debug]-[DjiCommand_RecvWork:1066)  <0xfd00>Receive msg from linker, 0x1104->0x0A06 0x4910 len:1 [0m
[37m[4.799][linker]-[Debug]-[DjiCommand_SendSyncCallback:1014) PsdkCommand_SendSyncCallback success [0m
[37m[4.799][linker]-[Debug]-[DjiCommand_DealCmd:830) callback function (cmdset: 0x49 cmdid: 0x10) deal time: 0 ms [0m
[37m[4.799][linker]-[Debug]-[DjiCommand_SendSync:553) sendSync callback success [0m
[37m[4.799][linker]-[Debug]-[DjiProtocol_v1Pack:123) <0xfd01>V1-Send: 0x0A06->0x1104 0x4910 [0m
[37m[4.816][linker]-[Debug]-[DjiProtocol_v1Unpack:215) <0xfd01>V1-Recv: 0x1104->0x0A06 0x4910 [0m
[37m[4.817][linker]-[Debug]-[DjiCommand_RecvWork:1066)  <0xfd01>Receive msg from linker, 0x1104->0x0A06 0x4910 len:1 [0m
[37m[4.817][linker]-[Debug]-[DjiCommand_SendSyncCallback:1014) PsdkCommand_SendSyncCallback success [0m
[37m[4.817][linker]-[Debug]-[DjiCommand_DealCmd:830) callback function (cmdset: 0x49 cmdid: 0x10) deal time: 0 ms [0m
[37m[4.817][linker]-[Debug]-[DjiCommand_SendSync:553) sendSync callback success [0m
[37m[4.817][linker]-[Debug]-[DjiProtocol_v1Pack:123) <0xfd02>V1-Send: 0x0A06->0x1104 0x4910 [0m
[37m[4.835][linker]-[Debug]-[DjiProtocol_v1Unpack:215) <0x90f4>V1-Recv: 0x0300->0x0A06 0x221B [0m
[37m[4.835][linker]-[Debug]-[DjiCommand_RecvWork:1066)  <0x90f4>Receive msg from linker, 0x0300->0x0A06 0x221B len:9 [0m
[37m[4.835][linker]-[Debug]-[DjiCommand_DealCmd:919) received unsupport request cmd that noneed ack, <0x90f4> cmdset: 0x22 cmdid: 0x1B [0m
[37m[4.838][linker]-[Debug]-[DjiProtocol_v1Unpack:215) <0xfd02>V1-Recv: 0x1104->0x0A06 0x4910 [0m
[37m[4.838][linker]-[Debug]-[DjiCommand_RecvWork:1066)  <0xfd02>Receive msg from linker, 0x1104->0x0A06 0x4910 len:1 [0m
[37m[4.838][linker]-[Debug]-[DjiCommand_SendSyncCallback:1014) PsdkCommand_SendSyncCallback success [0m
[37m[4.838][linker]-[Debug]-[DjiCommand_DealCmd:830) callback function (cmdset: 0x49 cmdid: 0x10) deal time: 0 ms [0m
[37m[4.838][linker]-[Debug]-[DjiCommand_SendSync:553) sendSync callback success [0m
[37m[4.866][linker]-[Debug]-[DjiProtocol_v1Unpack:215) <0x9127>V1-Recv: 0x0306->0x0A06 0x03C1 [0m
[37m[4.866][linker]-[Debug]-[DjiCommand_RecvWork:1066)  <0x9127>Receive msg from linker, 0x0306->0x0A06 0x03C1 len:13 [0m
[37m[4.866][linker]-[Debug]-[DjiCommand_DealCmd:919) received unsupport request cmd that noneed ack, <0x9127> cmdset: 0x03 cmdid: 0xC1 [0m
[37m[4.878][linker]-[Debug]-[DjiProtocol_v1Unpack:215) <0x9133>V1-Recv: 0x0300->0x0A06 0x036C [0m
[37m[4.878][linker]-[Debug]-[DjiCommand_RecvWork:1066)  <0x9133>Receive msg from linker, 0x0300->0x0A06 0x036C len:71 [0m
[37m[4.878][linker]-[Debug]-[DjiCommand_DealCmd:919) received unsupport request cmd that noneed ack, <0x9133> cmdset: 0x03 cmdid: 0x6C [0m
[37m[4.899][linker]-[Debug]-[DjiProtocol_v1Unpack:215) <0x915c>V1-Recv: 0x0300->0x0A06 0x0F74 [0m
[37m[4.899][linker]-[Debug]-[DjiProtocol_v1Unpack:215) <0x9161>V1-Recv: 0x0300->0x0100 0x0406 [0m
[37m[4.899][linker]-[Debug]-[DjiProtocol_v1Unpack:215) <0x9162>V1-Recv: 0x0300->0x0100 0x0407 [0m
[37m[4.899][linker]-[Debug]-[DjiProtocol_v1Unpack:215) <0x9163>V1-Recv: 0x0300->0x0A06 0x4900 [0m
[37m[4.899][linker]-[Debug]-[DjiCommand_RecvWork:1066)  <0x915c>Receive msg from linker, 0x0300->0x0A06 0x0F74 len:28 [0m
[37m[4.899][linker]-[Debug]-[DjiCommand_DealCmd:919) received unsupport request cmd that noneed ack, <0x915c> cmdset: 0x0F cmdid: 0x74 [0m
[37m[4.900][linker]-[Debug]-[DjiCommand_RecvWork:1066)  <0x9161>Receive msg from linker, 0x0300->0x0100 0x0406 len:12 [0m
[37m[4.900][linker]-[Debug]-[DjiCommand_DealCmd:919) received unsupport request cmd that noneed ack, <0x9161> cmdset: 0x04 cmdid: 0x06 [0m
[37m[4.901][linker]-[Debug]-[DjiCommand_RecvWork:1066)  <0x9162>Receive msg from linker, 0x0300->0x0100 0x0407 len:1 [0m
[37m[4.901][linker]-[Debug]-[DjiCommand_DealCmd:919) received unsupport request cmd that noneed ack, <0x9162> cmdset: 0x04 cmdid: 0x07 [0m
[37m[4.902][linker]-[Debug]-[DjiCommand_RecvWork:1066)  <0x9163>Receive msg from linker, 0x0300->0x0A06 0x4900 len:14 [0m
[37m[4.902][linker]-[Debug]-[DjiCommand_DealCmd:919) received unsupport request cmd that need ack, <0x9163> cmdset: 0x49 cmdid: 0x00 [0m
[37m[4.935][linker]-[Debug]-[DjiProtocol_v1Unpack:215) <0x91ac>V1-Recv: 0x0300->0x0A06 0x221B [0m
[37m[4.936][linker]-[Debug]-[DjiCommand_RecvWork:1066)  <0x91ac>Receive msg from linker, 0x0300->0x0A06 0x221B len:9 [0m
[37m[4.936][linker]-[Debug]-[DjiCommand_DealCmd:919) received unsupport request cmd that noneed ack, <0x91ac> cmdset: 0x22 cmdid: 0x1B [0m
[37m[4.966][linker]-[Debug]-[DjiProtocol_v1Unpack:215) <0x91e9>V1-Recv: 0x0306->0x0A06 0x03C1 [0m
[37m[4.966][linker]-[Debug]-[DjiCommand_RecvWork:1066)  <0x91e9>Receive msg from linker, 0x0306->0x0A06 0x03C1 len:13 [0m
[37m[4.966][linker]-[Debug]-[DjiCommand_DealCmd:919) received unsupport request cmd that noneed ack, <0x91e9> cmdset: 0x03 cmdid: 0xC1 [0m
[37m[4.978][linker]-[Debug]-[DjiProtocol_v1Unpack:215) <0x91f6>V1-Recv: 0x0300->0x0A06 0x036C [0m
[37m[4.978][linker]-[Debug]-[DjiCommand_RecvWork:1066)  <0x91f6>Receive msg from linker, 0x0300->0x0A06 0x036C len:71 [0m
[37m[4.978][linker]-[Debug]-[DjiCommand_DealCmd:919) received unsupport request cmd that noneed ack, <0x91f6> cmdset: 0x03 cmdid: 0x6C [0m
[37m[4.998][linker]-[Debug]-[DjiProtocol_v1Unpack:215) <0x8c9b>V1-Recv: 0x0800->0x0A06 0x0866 [0m
[37m[4.998][linker]-[Debug]-[DjiProtocol_v1Unpack:215) <0x9230>V1-Recv: 0x0300->0x0A06 0x4900 [0m
[37m[4.998][linker]-[Debug]-[DjiCommand_RecvWork:1066)  <0x8c9b>Receive msg from linker, 0x0800->0x0A06 0x0866 len:16 [0m
[37m[4.998][linker]-[Debug]-[DjiCommand_DealCmd:919) received unsupport request cmd that noneed ack, <0x8c9b> cmdset: 0x08 cmdid: 0x66 [0m
[37m[5.000][linker]-[Debug]-[DjiCommand_RecvWork:1066)  <0x9230>Receive msg from linker, 0x0300->0x0A06 0x4900 len:14 [0m
[37m[5.000][linker]-[Debug]-[DjiCommand_DealCmd:919) received unsupport request cmd that need ack, <0x9230> cmdset: 0x49 cmdid: 0x00 [0m
[37m[5.035][linker]-[Debug]-[DjiProtocol_v1Unpack:215) <0x9271>V1-Recv: 0x0300->0x0A06 0x221B [0m
[37m[5.036][linker]-[Debug]-[DjiCommand_RecvWork:1066)  <0x9271>Receive msg from linker, 0x0300->0x0A06 0x221B len:9 [0m
[37m[5.036][linker]-[Debug]-[DjiCommand_DealCmd:919) received unsupport request cmd that noneed ack, <0x9271> cmdset: 0x22 cmdid: 0x1B [0m
[37m[5.038][linker]-[Debug]-[DjiProtocol_v1Pack:123) <0xfd03>V1-Send: 0x0A06->0x1104 0x4910 [0m
[37m[5.055][linker]-[Debug]-[DjiProtocol_v1Unpack:215) <0xfd03>V1-Recv: 0x1104->0x0A06 0x4910 [0m
[37m[5.056][linker]-[Debug]-[DjiCommand_RecvWork:1066)  <0xfd03>Receive msg from linker, 0x1104->0x0A06 0x4910 len:1 [0m
[37m[5.056][linker]-[Debug]-[DjiCommand_SendSyncCallback:1014) PsdkCommand_SendSyncCallback success [0m
[37m[5.056][linker]-[Debug]-[DjiCommand_DealCmd:830) callback function (cmdset: 0x49 cmdid: 0x10) deal time: 0 ms [0m
[37m[5.056][linker]-[Debug]-[DjiCommand_SendSync:553) sendSync callback success [0m
[37m[5.056][linker]-[Debug]-[DjiProtocol_v1Pack:123) <0xfd04>V1-Send: 0x0A06->0x1104 0x4910 [0m
[37m[5.066][linker]-[Debug]-[DjiProtocol_v1Unpack:215) <0x92a5>V1-Recv: 0x0306->0x0A06 0x03C1 [0m
[37m[5.067][linker]-[Debug]-[DjiCommand_RecvWork:1066)  <0x92a5>Receive msg from linker, 0x0306->0x0A06 0x03C1 len:13 [0m
[37m[5.067][linker]-[Debug]-[DjiCommand_DealCmd:919) received unsupport request cmd that noneed ack, <0x92a5> cmdset: 0x03 cmdid: 0xC1 [0m
[37m[5.079][linker]-[Debug]-[DjiProtocol_v1Unpack:215) <0x92b1>V1-Recv: 0x0300->0x0A06 0x036C [0m
[37m[5.079][linker]-[Debug]-[DjiProtocol_v1Unpack:215) <0xfd04>V1-Recv: 0x1104->0x0A06 0x4910 [0m
[37m[5.079][linker]-[Debug]-[DjiCommand_RecvWork:1066)  <0x92b1>Receive msg from linker, 0x0300->0x0A06 0x036C len:71 [0m
[37m[5.079][linker]-[Debug]-[DjiCommand_DealCmd:919) received unsupport request cmd that noneed ack, <0x92b1> cmdset: 0x03 cmdid: 0x6C [0m
[37m[5.080][linker]-[Debug]-[DjiCommand_RecvWork:1066)  <0xfd04>Receive msg from linker, 0x1104->0x0A06 0x4910 len:1 [0m
[37m[5.080][linker]-[Debug]-[DjiCommand_SendSyncCallback:1014) PsdkCommand_SendSyncCallback success [0m
[37m[5.080][linker]-[Debug]-[DjiCommand_DealCmd:830) callback function (cmdset: 0x49 cmdid: 0x10) deal time: 0 ms [0m
[37m[5.080][linker]-[Debug]-[DjiCommand_SendSync:553) sendSync callback success [0m
[37m[5.080][linker]-[Debug]-[DjiProtocol_v1Pack:123) <0xfd05>V1-Send: 0x0A06->0x1104 0x4910 [0m
[37m[5.098][linker]-[Debug]-[DjiProtocol_v1Unpack:215) <0x92e1>V1-Recv: 0x0300->0x0A06 0x4900 [0m
[37m[5.098][linker]-[Debug]-[DjiProtocol_v1Unpack:215) <0xfd05>V1-Recv: 0x1104->0x0A06 0x4910 [0m
[37m[5.099][linker]-[Debug]-[DjiCommand_RecvWork:1066)  <0x92e1>Receive msg from linker, 0x0300->0x0A06 0x4900 len:14 [0m
[37m[5.099][linker]-[Debug]-[DjiCommand_DealCmd:919) received unsupport request cmd that need ack, <0x92e1> cmdset: 0x49 cmdid: 0x00 [0m
[37m[5.100][linker]-[Debug]-[DjiCommand_RecvWork:1066)  <0xfd05>Receive msg from linker, 0x1104->0x0A06 0x4910 len:1 [0m
[37m[5.100][linker]-[Debug]-[DjiCommand_SendSyncCallback:1014) PsdkCommand_SendSyncCallback success [0m
[37m[5.100][linker]-[Debug]-[DjiCommand_DealCmd:830) callback function (cmdset: 0x49 cmdid: 0x10) deal time: 0 ms [0m
[37m[5.100][linker]-[Debug]-[DjiCommand_SendSync:553) sendSync callback success [0m
[37m[5.100][linker]-[Debug]-[DjiProtocol_v1Pack:123) <0xfd06>V1-Send: 0x0A06->0x1104 0x4910 [0m
[37m[5.118][linker]-[Debug]-[DjiProtocol_v1Unpack:215) <0xfd06>V1-Recv: 0x1104->0x0A06 0x4910 [0m
[37m[5.119][linker]-[Debug]-[DjiCommand_RecvWork:1066)  <0xfd06>Receive msg from linker, 0x1104->0x0A06 0x4910 len:1 [0m
[37m[5.119][linker]-[Debug]-[DjiCommand_SendSyncCallback:1014) PsdkCommand_SendSyncCallback success [0m
[37m[5.119][linker]-[Debug]-[DjiCommand_DealCmd:830) callback function (cmdset: 0x49 cmdid: 0x10) deal time: 0 ms [0m
[37m[5.119][linker]-[Debug]-[DjiCommand_SendSync:553) sendSync callback success [0m
[37m[5.119][linker]-[Debug]-[DjiProtocol_v1Pack:123) <0xfd07>V1-Send: 0x0A06->0x1104 0x4910 [0m
[37m[5.131][linker]-[Debug]-[DjiProtocol_v1Unpack:215) <0x931c>V1-Recv: 0x0306->0x0A06 0x03C1 [0m
[37m[5.132][linker]-[Debug]-[DjiCommand_RecvWork:1066)  <0x931c>Receive msg from linker, 0x0306->0x0A06 0x03C1 len:126 [0m
[37m[5.132][linker]-[Debug]-[DjiCommand_DealCmd:919) received unsupport request cmd that noneed ack, <0x931c> cmdset: 0x03 cmdid: 0xC1 [0m
[37m[5.136][linker]-[Debug]-[DjiProtocol_v1Unpack:215) <0x932a>V1-Recv: 0x0300->0x0A06 0x221B [0m
[37m[5.136][linker]-[Debug]-[DjiCommand_RecvWork:1066)  <0x932a>Receive msg from linker, 0x0300->0x0A06 0x221B len:9 [0m
[37m[5.136][linker]-[Debug]-[DjiCommand_DealCmd:919) received unsupport request cmd that noneed ack, <0x932a> cmdset: 0x22 cmdid: 0x1B [0m
[37m[5.139][linker]-[Debug]-[DjiProtocol_v1Unpack:215) <0xfd07>V1-Recv: 0x1104->0x0A06 0x4910 [0m
[37m[5.139][linker]-[Debug]-[DjiCommand_RecvWork:1066)  <0xfd07>Receive msg from linker, 0x1104->0x0A06 0x4910 len:1 [0m
[37m[5.139][linker]-[Debug]-[DjiCommand_SendSyncCallback:1014) PsdkCommand_SendSyncCallback success [0m
[37m[5.139][linker]-[Debug]-[DjiCommand_DealCmd:830) callback function (cmdset: 0x49 cmdid: 0x10) deal time: 0 ms [0m
[37m[5.139][linker]-[Debug]-[DjiCommand_SendSync:553) sendSync callback success [0m
[37m[5.139][linker]-[Debug]-[DjiProtocol_v1Pack:123) <0xfd08>V1-Send: 0x0A06->0x1104 0x4910 [0m
[37m[5.156][linker]-[Debug]-[DjiProtocol_v1Unpack:215) <0xfd08>V1-Recv: 0x1104->0x0A06 0x4910 [0m
[37m[5.156][linker]-[Debug]-[DjiCommand_RecvWork:1066)  <0xfd08>Receive msg from linker, 0x1104->0x0A06 0x4910 len:1 [0m
[37m[5.156][linker]-[Debug]-[DjiCommand_SendSyncCallback:1014) PsdkCommand_SendSyncCallback success [0m
[37m[5.156][linker]-[Debug]-[DjiCommand_DealCmd:830) callback function (cmdset: 0x49 cmdid: 0x10) deal time: 0 ms [0m
[37m[5.156][linker]-[Debug]-[DjiCommand_SendSync:553) sendSync callback success [0m
[37m[5.166][linker]-[Debug]-[DjiProtocol_v1Unpack:215) <0x9362>V1-Recv: 0x0306->0x0A06 0x03C1 [0m
[37m[5.166][linker]-[Debug]-[DjiCommand_RecvWork:1066)  <0x9362>Receive msg from linker, 0x0306->0x0A06 0x03C1 len:13 [0m
[37m[5.166][linker]-[Debug]-[DjiCommand_DealCmd:919) received unsupport request cmd that noneed ack, <0x9362> cmdset: 0x03 cmdid: 0xC1 [0m
[37m[5.178][linker]-[Debug]-[DjiProtocol_v1Unpack:215) <0x936f>V1-Recv: 0x0300->0x0A06 0x036C [0m
[37m[5.179][linker]-[Debug]-[DjiCommand_RecvWork:1066)  <0x936f>Receive msg from linker, 0x0300->0x0A06 0x036C len:71 [0m
[37m[5.179][linker]-[Debug]-[DjiCommand_DealCmd:919) received unsupport request cmd that noneed ack, <0x936f> cmdset: 0x03 cmdid: 0x6C [0m
[37m[5.198][linker]-[Debug]-[DjiProtocol_v1Unpack:215) <0x939a>V1-Recv: 0x0300->0x0A06 0x4900 [0m
[37m[5.198][linker]-[Debug]-[DjiCommand_RecvWork:1066)  <0x939a>Receive msg from linker, 0x0300->0x0A06 0x4900 len:14 [0m
[37m[5.198][linker]-[Debug]-[DjiCommand_DealCmd:919) received unsupport request cmd that need ack, <0x939a> cmdset: 0x49 cmdid: 0x00 [0m
[37m[5.235][linker]-[Debug]-[DjiProtocol_v1Unpack:215) <0x93da>V1-Recv: 0x0300->0x0A06 0x221B [0m
[37m[5.235][linker]-[Debug]-[DjiCommand_RecvWork:1066)  <0x93da>Receive msg from linker, 0x0300->0x0A06 0x221B len:9 [0m
[37m[5.235][linker]-[Debug]-[DjiCommand_DealCmd:919) received unsupport request cmd that noneed ack, <0x93da> cmdset: 0x22 cmdid: 0x1B [0m
[37m[5.246][linker]-[Debug]-[DjiProtocol_v1Unpack:215) <0x8c9c>V1-Recv: 0x0800->0x0A06 0x0866 [0m
[37m[5.247][linker]-[Debug]-[DjiCommand_RecvWork:1066)  <0x8c9c>Receive msg from linker, 0x0800->0x0A06 0x0866 len:16 [0m
[37m[5.247][linker]-[Debug]-[DjiCommand_DealCmd:919) received unsupport request cmd that noneed ack, <0x8c9c> cmdset: 0x08 cmdid: 0x66 [0m
[37m[5.266][linker]-[Debug]-[DjiProtocol_v1Unpack:215) <0x940d>V1-Recv: 0x0306->0x0A06 0x03C1 [0m
[37m[5.266][linker]-[Debug]-[DjiCommand_RecvWork:1066)  <0x940d>Receive msg from linker, 0x0306->0x0A06 0x03C1 len:13 [0m
[37m[5.266][linker]-[Debug]-[DjiCommand_DealCmd:919) received unsupport request cmd that noneed ack, <0x940d> cmdset: 0x03 cmdid: 0xC1 [0m
[37m[5.277][linker]-[Debug]-[DjiProtocol_v1Unpack:215) <0x9419>V1-Recv: 0x0300->0x0A06 0x036C [0m
[37m[5.278][linker]-[Debug]-[DjiCommand_RecvWork:1066)  <0x9419>Receive msg from linker, 0x0300->0x0A06 0x036C len:71 [0m
[37m[5.278][linker]-[Debug]-[DjiCommand_DealCmd:919) received unsupport request cmd that noneed ack, <0x9419> cmdset: 0x03 cmdid: 0x6C [0m
[37m[5.298][linker]-[Debug]-[DjiProtocol_v1Unpack:215) <0x9443>V1-Recv: 0x0300->0x0A06 0x4900 [0m
[37m[5.298][linker]-[Debug]-[DjiCommand_RecvWork:1066)  <0x9443>Receive msg from linker, 0x0300->0x0A06 0x4900 len:14 [0m
[37m[5.298][linker]-[Debug]-[DjiCommand_DealCmd:919) received unsupport request cmd that need ack, <0x9443> cmdset: 0x49 cmdid: 0x00 [0m
[37m[5.335][linker]-[Debug]-[DjiProtocol_v1Unpack:215) <0x9488>V1-Recv: 0x0300->0x0A06 0x221B [0m
[37m[5.335][linker]-[Debug]-[DjiCommand_RecvWork:1066)  <0x9488>Receive msg from linker, 0x0300->0x0A06 0x221B len:9 [0m
[37m[5.335][linker]-[Debug]-[DjiCommand_DealCmd:919) received unsupport request cmd that noneed ack, <0x9488> cmdset: 0x22 cmdid: 0x1B [0m
[37m[5.356][linker]-[Debug]-[DjiProtocol_v1Pack:123) <0xfd09>V1-Send: 0x0A06->0x1104 0x4910 [0m
[37m[5.364][utils]-[Debug]-[DjiCore_RootTask:131) work execution time: [0m
[37m[5.364][utils]-[Debug]-[DjiCore_RootTask:132) name	                execution time (ms)	  max execution time (ms) [0m
[37m[5.364][utils]-[Debug]-[DjiCore_RootTask:134) recorderWork                    	0       	0        [0m
[37m[5.364][utils]-[Debug]-[DjiCore_RootTask:134) flowControllerTask              	0       	0        [0m
[37m[5.364][utils]-[Debug]-[DjiCore_RootTask:134) commandTask                     	1       	1        [0m
[37m[5.366][linker]-[Debug]-[DjiProtocol_v1Unpack:215) <0x94c2>V1-Recv: 0x0306->0x0A06 0x03C1 [0m
[37m[5.366][linker]-[Debug]-[DjiCommand_RecvWork:1066)  <0x94c2>Receive msg from linker, 0x0306->0x0A06 0x03C1 len:13 [0m
[37m[5.366][linker]-[Debug]-[DjiCommand_DealCmd:919) received unsupport request cmd that noneed ack, <0x94c2> cmdset: 0x03 cmdid: 0xC1 [0m
[37m[5.378][linker]-[Debug]-[DjiProtocol_v1Unpack:215) <0x94ce>V1-Recv: 0x0300->0x0A06 0x036C [0m
[37m[5.378][linker]-[Debug]-[DjiProtocol_v1Unpack:215) <0xfd09>V1-Recv: 0x1104->0x0A06 0x4910 [0m
[37m[5.379][linker]-[Debug]-[DjiCommand_RecvWork:1066)  <0x94ce>Receive msg from linker, 0x0300->0x0A06 0x036C len:71 [0m
[37m[5.379][linker]-[Debug]-[DjiCommand_DealCmd:919) received unsupport request cmd that noneed ack, <0x94ce> cmdset: 0x03 cmdid: 0x6C [0m
[37m[5.380][linker]-[Debug]-[DjiCommand_RecvWork:1066)  <0xfd09>Receive msg from linker, 0x1104->0x0A06 0x4910 len:1 [0m
[37m[5.380][linker]-[Debug]-[DjiCommand_SendSyncCallback:1014) PsdkCommand_SendSyncCallback success [0m
[37m[5.380][linker]-[Debug]-[DjiCommand_DealCmd:830) callback function (cmdset: 0x49 cmdid: 0x10) deal time: 0 ms [0m
[37m[5.380][linker]-[Debug]-[DjiCommand_SendSync:553) sendSync callback success [0m
[37m[5.380][linker]-[Debug]-[DjiProtocol_v1Pack:123) <0xfd0a>V1-Send: 0x0A06->0x1104 0x4910 [0m
[37m[5.398][linker]-[Debug]-[DjiProtocol_v1Unpack:215) <0x94f4>V1-Recv: 0x0300->0x0100 0x0405 [0m
[37m[5.398][linker]-[Debug]-[DjiProtocol_v1Unpack:215) <0x94f8>V1-Recv: 0x0300->0x0A06 0x4900 [0m
[37m[5.398][linker]-[Debug]-[DjiProtocol_v1Unpack:215) <0xfd0a>V1-Recv: 0x1104->0x0A06 0x4910 [0m
[37m[5.398][linker]-[Debug]-[DjiCommand_RecvWork:1066)  <0x94f4>Receive msg from linker, 0x0300->0x0100 0x0405 len:22 [0m
[37m[5.398][linker]-[Debug]-[DjiCommand_DealCmd:919) received unsupport request cmd that noneed ack, <0x94f4> cmdset: 0x04 cmdid: 0x05 [0m
[37m[5.399][linker]-[Debug]-[DjiCommand_RecvWork:1066)  <0x94f8>Receive msg from linker, 0x0300->0x0A06 0x4900 len:14 [0m
[37m[5.399][linker]-[Debug]-[DjiCommand_DealCmd:919) received unsupport request cmd that need ack, <0x94f8> cmdset: 0x49 cmdid: 0x00 [0m
[37m[5.400][linker]-[Debug]-[DjiCommand_RecvWork:1066)  <0xfd0a>Receive msg from linker, 0x1104->0x0A06 0x4910 len:1 [0m
[37m[5.400][linker]-[Debug]-[DjiCommand_SendSyncCallback:1014) PsdkCommand_SendSyncCallback success [0m
[37m[5.400][linker]-[Debug]-[DjiCommand_DealCmd:830) callback function (cmdset: 0x49 cmdid: 0x10) deal time: 0 ms [0m
[37m[5.400][linker]-[Debug]-[DjiCommand_SendSync:553) sendSync callback success [0m
[37m[5.400][linker]-[Debug]-[DjiProtocol_v1Pack:123) <0xfd0b>V1-Send: 0x0A06->0x1104 0x4910 [0m
[37m[5.418][linker]-[Debug]-[DjiProtocol_v1Unpack:215) <0xfd0b>V1-Recv: 0x1104->0x0A06 0x4910 [0m
[37m[5.418][linker]-[Debug]-[DjiCommand_RecvWork:1066)  <0xfd0b>Receive msg from linker, 0x1104->0x0A06 0x4910 len:1 [0m
[37m[5.418][linker]-[Debug]-[DjiCommand_SendSyncCallback:1014) PsdkCommand_SendSyncCallback success [0m
[37m[5.418][linker]-[Debug]-[DjiCommand_DealCmd:830) callback function (cmdset: 0x49 cmdid: 0x10) deal time: 0 ms [0m
[37m[5.419][linker]-[Debug]-[DjiCommand_SendSync:553) sendSync callback success [0m
[37m[5.419][linker]-[Debug]-[DjiProtocol_v1Pack:123) <0xfd0c>V1-Send: 0x0A06->0x1104 0x4910 [0m
[37m[5.436][linker]-[Debug]-[DjiProtocol_v1Unpack:215) <0x9538>V1-Recv: 0x0300->0x0A06 0x221B [0m
[37m[5.436][linker]-[Debug]-[DjiProtocol_v1Unpack:215) <0xfd0c>V1-Recv: 0x1104->0x0A06 0x4910 [0m
[37m[5.437][linker]-[Debug]-[DjiCommand_RecvWork:1066)  <0x9538>Receive msg from linker, 0x0300->0x0A06 0x221B len:9 [0m
[37m[5.437][linker]-[Debug]-[DjiCommand_DealCmd:919) received unsupport request cmd that noneed ack, <0x9538> cmdset: 0x22 cmdid: 0x1B [0m
[37m[5.438][linker]-[Debug]-[DjiCommand_RecvWork:1066)  <0xfd0c>Receive msg from linker, 0x1104->0x0A06 0x4910 len:1 [0m
[37m[5.438][linker]-[Debug]-[DjiCommand_SendSyncCallback:1014) PsdkCommand_SendSyncCallback success [0m
[37m[5.438][linker]-[Debug]-[DjiCommand_DealCmd:830) callback function (cmdset: 0x49 cmdid: 0x10) deal time: 0 ms [0m
[37m[5.438][linker]-[Debug]-[DjiCommand_SendSync:553) sendSync callback success [0m
[37m[5.438][linker]-[Debug]-[DjiProtocol_v1Pack:123) <0xfd0d>V1-Send: 0x0A06->0x1104 0x4910 [0m
[37m[5.456][linker]-[Debug]-[DjiProtocol_v1Unpack:215) <0xfd0d>V1-Recv: 0x1104->0x0A06 0x4910 [0m
[37m[5.457][linker]-[Debug]-[DjiCommand_RecvWork:1066)  <0xfd0d>Receive msg from linker, 0x1104->0x0A06 0x4910 len:1 [0m
[37m[5.457][linker]-[Debug]-[DjiCommand_SendSyncCallback:1014) PsdkCommand_SendSyncCallback success [0m
[37m[5.457][linker]-[Debug]-[DjiCommand_DealCmd:830) callback function (cmdset: 0x49 cmdid: 0x10) deal time: 0 ms [0m
[37m[5.457][linker]-[Debug]-[DjiCommand_SendSync:553) sendSync callback success [0m
[37m[5.457][linker]-[Debug]-[DjiProtocol_v1Pack:123) <0xfd0e>V1-Send: 0x0A06->0x1104 0x4910 [0m
[37m[5.467][linker]-[Debug]-[DjiProtocol_v1Unpack:215) <0x9572>V1-Recv: 0x0306->0x0A06 0x03C1 [0m
[37m[5.467][linker]-[Debug]-[DjiCommand_RecvWork:1066)  <0x9572>Receive msg from linker, 0x0306->0x0A06 0x03C1 len:13 [0m
[37m[5.467][linker]-[Debug]-[DjiCommand_DealCmd:919) received unsupport request cmd that noneed ack, <0x9572> cmdset: 0x03 cmdid: 0xC1 [0m
[37m[5.478][linker]-[Debug]-[DjiProtocol_v1Unpack:215) <0x957f>V1-Recv: 0x0300->0x0A06 0x036C [0m
[37m[5.478][linker]-[Debug]-[DjiProtocol_v1Unpack:215) <0xfd0e>V1-Recv: 0x1104->0x0A06 0x4910 [0m
[37m[5.479][linker]-[Debug]-[DjiCommand_RecvWork:1066)  <0x957f>Receive msg from linker, 0x0300->0x0A06 0x036C len:71 [0m
[37m[5.479][linker]-[Debug]-[DjiCommand_DealCmd:919) received unsupport request cmd that noneed ack, <0x957f> cmdset: 0x03 cmdid: 0x6C [0m
[37m[5.480][linker]-[Debug]-[DjiCommand_RecvWork:1066)  <0xfd0e>Receive msg from linker, 0x1104->0x0A06 0x4910 len:1 [0m
[37m[5.480][linker]-[Debug]-[DjiCommand_SendSyncCallback:1014) PsdkCommand_SendSyncCallback success [0m
[37m[5.480][linker]-[Debug]-[DjiCommand_DealCmd:830) callback function (cmdset: 0x49 cmdid: 0x10) deal time: 0 ms [0m
[37m[5.480][linker]-[Debug]-[DjiCommand_SendSync:553) sendSync callback success [0m
[37m[5.496][linker]-[Debug]-[DjiProtocol_v1Unpack:215) <0x8c9d>V1-Recv: 0x0800->0x0A06 0x0866 [0m
[37m[5.497][linker]-[Debug]-[DjiCommand_RecvWork:1066)  <0x8c9d>Receive msg from linker, 0x0800->0x0A06 0x0866 len:16 [0m
[37m[5.497][linker]-[Debug]-[DjiCommand_DealCmd:919) received unsupport request cmd that noneed ack, <0x8c9d> cmdset: 0x08 cmdid: 0x66 [0m
[37m[5.497][linker]-[Debug]-[DjiProtocol_v1Unpack:215) <0x95b0>V1-Recv: 0x0300->0x0A06 0x4900 [0m
[37m[5.498][linker]-[Debug]-[DjiCommand_RecvWork:1066)  <0x95b0>Receive msg from linker, 0x0300->0x0A06 0x4900 len:14 [0m
[37m[5.498][linker]-[Debug]-[DjiCommand_DealCmd:919) received unsupport request cmd that need ack, <0x95b0> cmdset: 0x49 cmdid: 0x00 [0m
[37m[5.536][linker]-[Debug]-[DjiProtocol_v1Unpack:215) <0x9600>V1-Recv: 0x0300->0x0A06 0x221B [0m
[37m[5.536][linker]-[Debug]-[DjiCommand_RecvWork:1066)  <0x9600>Receive msg from linker, 0x0300->0x0A06 0x221B len:9 [0m
[37m[5.536][linker]-[Debug]-[DjiCommand_DealCmd:919) received unsupport request cmd that noneed ack, <0x9600> cmdset: 0x22 cmdid: 0x1B [0m
[37m[5.565][linker]-[Debug]-[DjiProtocol_v1Unpack:215) <0x963e>V1-Recv: 0x0306->0x0A06 0x03C1 [0m
[37m[5.566][linker]-[Debug]-[DjiCommand_RecvWork:1066)  <0x963e>Receive msg from linker, 0x0306->0x0A06 0x03C1 len:13 [0m
[37m[5.566][linker]-[Debug]-[DjiCommand_DealCmd:919) received unsupport request cmd that noneed ack, <0x963e> cmdset: 0x03 cmdid: 0xC1 [0m
[37m[5.578][linker]-[Debug]-[DjiProtocol_v1Unpack:215) <0x964b>V1-Recv: 0x0300->0x0A06 0x036C [0m
[37m[5.579][linker]-[Debug]-[DjiCommand_RecvWork:1066)  <0x964b>Receive msg from linker, 0x0300->0x0A06 0x036C len:71 [0m
[37m[5.579][linker]-[Debug]-[DjiCommand_DealCmd:919) received unsupport request cmd that noneed ack, <0x964b> cmdset: 0x03 cmdid: 0x6C [0m
[37m[5.597][linker]-[Debug]-[DjiProtocol_v1Unpack:215) <0x9677>V1-Recv: 0x0300->0x0A06 0x4900 [0m
[37m[5.598][linker]-[Debug]-[DjiCommand_RecvWork:1066)  <0x9677>Receive msg from linker, 0x0300->0x0A06 0x4900 len:14 [0m
[37m[5.598][linker]-[Debug]-[DjiCommand_DealCmd:919) received unsupport request cmd that need ack, <0x9677> cmdset: 0x49 cmdid: 0x00 [0m
[37m[5.609][linker]-[Debug]-[DjiProtocol_v1Unpack:215) <0x7bd>V1-Recv: 0x0701->0x0A06 0x0000 [0m
[37m[5.610][linker]-[Debug]-[DjiCommand_RecvWork:1066)  <0x7bd>Receive msg from linker, 0x0701->0x0A06 0x0000 len:16 [0m
[37m[5.610][linker]-[Debug]-[DjiProtocol_v1Pack:123) <0x7bd>V1-Send: 0x0A06->0x0701 0x0000 [0m
[37m[5.635][linker]-[Debug]-[DjiProtocol_v1Unpack:215) <0x96b9>V1-Recv: 0x0300->0x0A06 0x221B [0m
[37m[5.636][linker]-[Debug]-[DjiCommand_RecvWork:1066)  <0x96b9>Receive msg from linker, 0x0300->0x0A06 0x221B len:9 [0m
[37m[5.636][linker]-[Debug]-[DjiCommand_DealCmd:919) received unsupport request cmd that noneed ack, <0x96b9> cmdset: 0x22 cmdid: 0x1B [0m
[37m[5.666][linker]-[Debug]-[DjiProtocol_v1Unpack:215) <0x96ec>V1-Recv: 0x0306->0x0A06 0x03C1 [0m
[37m[5.667][linker]-[Debug]-[DjiCommand_RecvWork:1066)  <0x96ec>Receive msg from linker, 0x0306->0x0A06 0x03C1 len:13 [0m
[37m[5.667][linker]-[Debug]-[DjiCommand_DealCmd:919) received unsupport request cmd that noneed ack, <0x96ec> cmdset: 0x03 cmdid: 0xC1 [0m
[37m[5.673][linker]-[Debug]-[DjiProtocol_v1Unpack:215) <0x3a71>V1-Recv: 0x1D07->0x0A06 0x2105 [0m
[37m[5.674][linker]-[Debug]-[DjiCommand_RecvWork:1066)  <0x3a71>Receive msg from linker, 0x1D07->0x0A06 0x2105 len:1 [0m
[37m[5.674][linker]-[Debug]-[DjiCommand_DealCmd:919) received unsupport request cmd that need ack, <0x3a71> cmdset: 0x21 cmdid: 0x05 [0m
[37m[5.678][linker]-[Debug]-[DjiProtocol_v1Unpack:215) <0x96f8>V1-Recv: 0x0300->0x0A06 0x036C [0m
[37m[5.678][linker]-[Debug]-[DjiCommand_RecvWork:1066)  <0x96f8>Receive msg from linker, 0x0300->0x0A06 0x036C len:71 [0m
[37m[5.678][linker]-[Debug]-[DjiCommand_DealCmd:919) received unsupport request cmd that noneed ack, <0x96f8> cmdset: 0x03 cmdid: 0x6C [0m
[37m[5.680][linker]-[Debug]-[DjiProtocol_v1Pack:123) <0xfd0f>V1-Send: 0x0A06->0x1104 0x4910 [0m
[37m[5.698][linker]-[Debug]-[DjiProtocol_v1Unpack:215) <0x9725>V1-Recv: 0x0300->0x0A06 0x4900 [0m
[37m[5.698][linker]-[Debug]-[DjiProtocol_v1Unpack:215) <0xfd0f>V1-Recv: 0x1104->0x0A06 0x4910 [0m
[37m[5.699][linker]-[Debug]-[DjiCommand_RecvWork:1066)  <0x9725>Receive msg from linker, 0x0300->0x0A06 0x4900 len:14 [0m
[37m[5.699][linker]-[Debug]-[DjiCommand_DealCmd:919) received unsupport request cmd that need ack, <0x9725> cmdset: 0x49 cmdid: 0x00 [0m
[37m[5.700][linker]-[Debug]-[DjiCommand_RecvWork:1066)  <0xfd0f>Receive msg from linker, 0x1104->0x0A06 0x4910 len:1 [0m
[37m[5.700][linker]-[Debug]-[DjiCommand_SendSyncCallback:1014) PsdkCommand_SendSyncCallback success [0m
[37m[5.700][linker]-[Debug]-[DjiCommand_DealCmd:830) callback function (cmdset: 0x49 cmdid: 0x10) deal time: 0 ms [0m
[37m[5.700][linker]-[Debug]-[DjiCommand_SendSync:553) sendSync callback success [0m
[37m[5.700][linker]-[Debug]-[DjiProtocol_v1Pack:123) <0xfd10>V1-Send: 0x0A06->0x1104 0x4910 [0m
[37m[5.718][linker]-[Debug]-[DjiProtocol_v1Unpack:215) <0xfd10>V1-Recv: 0x1104->0x0A06 0x4910 [0m
[37m[5.719][linker]-[Debug]-[DjiCommand_RecvWork:1066)  <0xfd10>Receive msg from linker, 0x1104->0x0A06 0x4910 len:1 [0m
[37m[5.719][linker]-[Debug]-[DjiCommand_SendSyncCallback:1014) PsdkCommand_SendSyncCallback success [0m
[37m[5.719][linker]-[Debug]-[DjiCommand_DealCmd:830) callback function (cmdset: 0x49 cmdid: 0x10) deal time: 0 ms [0m
[37m[5.719][linker]-[Debug]-[DjiCommand_SendSync:553) sendSync callback success [0m
[37m[5.719][linker]-[Debug]-[DjiProtocol_v1Pack:123) <0xfd11>V1-Send: 0x0A06->0x1104 0x4910 [0m
[37m[5.735][linker]-[Debug]-[DjiProtocol_v1Unpack:215) <0x976f>V1-Recv: 0x0300->0x0A06 0x221B [0m
[37m[5.736][linker]-[Debug]-[DjiCommand_RecvWork:1066)  <0x976f>Receive msg from linker, 0x0300->0x0A06 0x221B len:9 [0m
[37m[5.736][linker]-[Debug]-[DjiCommand_DealCmd:919) received unsupport request cmd that noneed ack, <0x976f> cmdset: 0x22 cmdid: 0x1B [0m
[37m[5.738][linker]-[Debug]-[DjiProtocol_v1Unpack:215) <0xfd11>V1-Recv: 0x1104->0x0A06 0x4910 [0m
[37m[5.739][linker]-[Debug]-[DjiCommand_RecvWork:1066)  <0xfd11>Receive msg from linker, 0x1104->0x0A06 0x4910 len:1 [0m
[37m[5.739][linker]-[Debug]-[DjiCommand_SendSyncCallback:1014) PsdkCommand_SendSyncCallback success [0m
[37m[5.739][linker]-[Debug]-[DjiCommand_DealCmd:830) callback function (cmdset: 0x49 cmdid: 0x10) deal time: 0 ms [0m
[37m[5.739][linker]-[Debug]-[DjiCommand_SendSync:553) sendSync callback success [0m
[37m[5.739][linker]-[Debug]-[DjiProtocol_v1Pack:123) <0xfd12>V1-Send: 0x0A06->0x1104 0x4910 [0m
[37m[5.746][linker]-[Debug]-[DjiProtocol_v1Unpack:215) <0x8c9e>V1-Recv: 0x0800->0x0A06 0x0866 [0m
[37m[5.747][linker]-[Debug]-[DjiCommand_RecvWork:1066)  <0x8c9e>Receive msg from linker, 0x0800->0x0A06 0x0866 len:16 [0m
[37m[5.747][linker]-[Debug]-[DjiCommand_DealCmd:919) received unsupport request cmd that noneed ack, <0x8c9e> cmdset: 0x08 cmdid: 0x66 [0m
[37m[5.758][linker]-[Debug]-[DjiProtocol_v1Unpack:215) <0xfd12>V1-Recv: 0x1104->0x0A06 0x4910 [0m
[37m[5.758][linker]-[Debug]-[DjiCommand_RecvWork:1066)  <0xfd12>Receive msg from linker, 0x1104->0x0A06 0x4910 len:1 [0m
[37m[5.758][linker]-[Debug]-[DjiCommand_SendSyncCallback:1014) PsdkCommand_SendSyncCallback success [0m
[37m[5.758][linker]-[Debug]-[DjiCommand_DealCmd:830) callback function (cmdset: 0x49 cmdid: 0x10) deal time: 0 ms [0m
[37m[5.758][linker]-[Debug]-[DjiCommand_SendSync:553) sendSync callback success [0m
[37m[5.758][linker]-[Debug]-[DjiProtocol_v1Pack:123) <0xfd13>V1-Send: 0x0A06->0x1104 0x4910 [0m
[37m[5.766][linker]-[Debug]-[DjiProtocol_v1Unpack:215) <0x97a9>V1-Recv: 0x0306->0x0A06 0x03C1 [0m
[37m[5.766][linker]-[Debug]-[DjiCommand_RecvWork:1066)  <0x97a9>Receive msg from linker, 0x0306->0x0A06 0x03C1 len:13 [0m
[37m[5.766][linker]-[Debug]-[DjiCommand_DealCmd:919) received unsupport request cmd that noneed ack, <0x97a9> cmdset: 0x03 cmdid: 0xC1 [0m
[37m[5.779][linker]-[Debug]-[DjiProtocol_v1Unpack:215) <0x97b5>V1-Recv: 0x0300->0x0A06 0x036C [0m
[37m[5.779][linker]-[Debug]-[DjiProtocol_v1Unpack:215) <0xfd13>V1-Recv: 0x1104->0x0A06 0x4910 [0m
[37m[5.779][linker]-[Debug]-[DjiCommand_RecvWork:1066)  <0x97b5>Receive msg from linker, 0x0300->0x0A06 0x036C len:71 [0m
[37m[5.779][linker]-[Debug]-[DjiCommand_DealCmd:919) received unsupport request cmd that noneed ack, <0x97b5> cmdset: 0x03 cmdid: 0x6C [0m
[37m[5.780][linker]-[Debug]-[DjiCommand_RecvWork:1066)  <0xfd13>Receive msg from linker, 0x1104->0x0A06 0x4910 len:1 [0m
[37m[5.780][linker]-[Debug]-[DjiCommand_SendSyncCallback:1014) PsdkCommand_SendSyncCallback success [0m
[37m[5.780][linker]-[Debug]-[DjiCommand_DealCmd:830) callback function (cmdset: 0x49 cmdid: 0x10) deal time: 0 ms [0m
[37m[5.780][linker]-[Debug]-[DjiCommand_SendSync:553) sendSync callback success [0m
[37m[5.780][linker]-[Debug]-[DjiProtocol_v1Pack:123) <0xfd14>V1-Send: 0x0A06->0x1104 0x4910 [0m
[37m[5.797][linker]-[Debug]-[DjiProtocol_v1Unpack:215) <0x97e1>V1-Recv: 0x0300->0x0A06 0x4900 [0m
[37m[5.797][linker]-[Debug]-[DjiCommand_RecvWork:1066)  <0x97e1>Receive msg from linker, 0x0300->0x0A06 0x4900 len:14 [0m
[37m[5.797][linker]-[Debug]-[DjiCommand_DealCmd:919) received unsupport request cmd that need ack, <0x97e1> cmdset: 0x49 cmdid: 0x00 [0m
[37m[5.798][linker]-[Debug]-[DjiProtocol_v1Unpack:215) <0xfd14>V1-Recv: 0x1104->0x0A06 0x4910 [0m
[37m[5.798][linker]-[Debug]-[DjiCommand_RecvWork:1066)  <0xfd14>Receive msg from linker, 0x1104->0x0A06 0x4910 len:1 [0m
[37m[5.798][linker]-[Debug]-[DjiCommand_SendSyncCallback:1014) PsdkCommand_SendSyncCallback success [0m
[37m[5.798][linker]-[Debug]-[DjiCommand_DealCmd:830) callback function (cmdset: 0x49 cmdid: 0x10) deal time: 0 ms [0m
[37m[5.798][linker]-[Debug]-[DjiCommand_SendSync:553) sendSync callback success [0m
[37m[5.835][linker]-[Debug]-[DjiProtocol_v1Unpack:215) <0x9827>V1-Recv: 0x0300->0x0A06 0x221B [0m
[37m[5.835][linker]-[Debug]-[DjiCommand_RecvWork:1066)  <0x9827>Receive msg from linker, 0x0300->0x0A06 0x221B len:9 [0m
[37m[5.835][linker]-[Debug]-[DjiCommand_DealCmd:919) received unsupport request cmd that noneed ack, <0x9827> cmdset: 0x22 cmdid: 0x1B [0m
[37m[5.866][linker]-[Debug]-[DjiProtocol_v1Unpack:215) <0x985c>V1-Recv: 0x0306->0x0A06 0x03C1 [0m
[37m[5.866][linker]-[Debug]-[DjiCommand_RecvWork:1066)  <0x985c>Receive msg from linker, 0x0306->0x0A06 0x03C1 len:13 [0m
[37m[5.866][linker]-[Debug]-[DjiCommand_DealCmd:919) received unsupport request cmd that noneed ack, <0x985c> cmdset: 0x03 cmdid: 0xC1 [0m
[37m[5.878][linker]-[Debug]-[DjiProtocol_v1Unpack:215) <0x9869>V1-Recv: 0x0300->0x0A06 0x036C [0m
[37m[5.878][linker]-[Debug]-[DjiCommand_RecvWork:1066)  <0x9869>Receive msg from linker, 0x0300->0x0A06 0x036C len:71 [0m
[37m[5.878][linker]-[Debug]-[DjiCommand_DealCmd:919) received unsupport request cmd that noneed ack, <0x9869> cmdset: 0x03 cmdid: 0x6C [0m
[37m[5.899][linker]-[Debug]-[DjiProtocol_v1Unpack:215) <0x9893>V1-Recv: 0x0300->0x0A06 0x0F74 [0m
[37m[5.899][linker]-[Debug]-[DjiProtocol_v1Unpack:215) <0x9898>V1-Recv: 0x0300->0x0100 0x0406 [0m
[37m[5.899][linker]-[Debug]-[DjiProtocol_v1Unpack:215) <0x9899>V1-Recv: 0x0300->0x0100 0x0407 [0m
[37m[5.899][linker]-[Debug]-[DjiProtocol_v1Unpack:215) <0x989a>V1-Recv: 0x0300->0x0A06 0x4900 [0m
[37m[5.899][linker]-[Debug]-[DjiCommand_RecvWork:1066)  <0x9893>Receive msg from linker, 0x0300->0x0A06 0x0F74 len:28 [0m
[37m[5.899][linker]-[Debug]-[DjiCommand_DealCmd:919) received unsupport request cmd that noneed ack, <0x9893> cmdset: 0x0F cmdid: 0x74 [0m
[37m[5.900][linker]-[Debug]-[DjiCommand_RecvWork:1066)  <0x9898>Receive msg from linker, 0x0300->0x0100 0x0406 len:12 [0m
[37m[5.900][linker]-[Debug]-[DjiCommand_DealCmd:919) received unsupport request cmd that noneed ack, <0x9898> cmdset: 0x04 cmdid: 0x06 [0m
[37m[5.901][linker]-[Debug]-[DjiCommand_RecvWork:1066)  <0x9899>Receive msg from linker, 0x0300->0x0100 0x0407 len:1 [0m
[37m[5.901][linker]-[Debug]-[DjiCommand_DealCmd:919) received unsupport request cmd that noneed ack, <0x9899> cmdset: 0x04 cmdid: 0x07 [0m
[37m[5.902][linker]-[Debug]-[DjiCommand_RecvWork:1066)  <0x989a>Receive msg from linker, 0x0300->0x0A06 0x4900 len:14 [0m
[37m[5.902][linker]-[Debug]-[DjiCommand_DealCmd:919) received unsupport request cmd that need ack, <0x989a> cmdset: 0x49 cmdid: 0x00 [0m
[37m[5.935][linker]-[Debug]-[DjiProtocol_v1Unpack:215) <0x98df>V1-Recv: 0x0300->0x0A06 0x221B [0m
[37m[5.935][linker]-[Debug]-[DjiCommand_RecvWork:1066)  <0x98df>Receive msg from linker, 0x0300->0x0A06 0x221B len:9 [0m
[37m[5.935][linker]-[Debug]-[DjiCommand_DealCmd:919) received unsupport request cmd that noneed ack, <0x98df> cmdset: 0x22 cmdid: 0x1B [0m
[37m[5.966][linker]-[Debug]-[DjiProtocol_v1Unpack:215) <0x9916>V1-Recv: 0x0306->0x0A06 0x03C1 [0m
[37m[5.967][linker]-[Debug]-[DjiCommand_RecvWork:1066)  <0x9916>Receive msg from linker, 0x0306->0x0A06 0x03C1 len:13 [0m
[37m[5.967][linker]-[Debug]-[DjiCommand_DealCmd:919) received unsupport request cmd that noneed ack, <0x9916> cmdset: 0x03 cmdid: 0xC1 [0m
[37m[5.978][linker]-[Debug]-[DjiProtocol_v1Unpack:215) <0x9922>V1-Recv: 0x0300->0x0A06 0x036C [0m
[37m[5.978][linker]-[Debug]-[DjiCommand_RecvWork:1066)  <0x9922>Receive msg from linker, 0x0300->0x0A06 0x036C len:71 [0m
[37m[5.978][linker]-[Debug]-[DjiCommand_DealCmd:919) received unsupport request cmd that noneed ack, <0x9922> cmdset: 0x03 cmdid: 0x6C [0m
[37m[5.998][linker]-[Debug]-[DjiProtocol_v1Unpack:215) <0x8c9f>V1-Recv: 0x0800->0x0A06 0x0866 [0m
[37m[5.998][linker]-[Debug]-[DjiProtocol_v1Unpack:215) <0x9965>V1-Recv: 0x0300->0x0A06 0x4900 [0m
[37m[5.998][linker]-[Debug]-[DjiCommand_RecvWork:1066)  <0x8c9f>Receive msg from linker, 0x0800->0x0A06 0x0866 len:16 [0m
[37m[5.998][linker]-[Debug]-[DjiCommand_DealCmd:919) received unsupport request cmd that noneed ack, <0x8c9f> cmdset: 0x08 cmdid: 0x66 [0m
[37m[5.998][linker]-[Debug]-[DjiCommand_RegRecvCmdHandler:674) Reg command handle list success, index:2 [0m
[37m[5.998][linker]-[Debug]-[DjiCommand_RegRecvCmdHandler:674) Reg command handle list success, index:3 [0m
[37m[5.998][linker]-[Debug]-[DjiProtocol_v1Pack:123) <0xfd15>V1-Send: 0x0A06->0x0306 0x3C40 [0m
[32m[5.998][core]-[Info]-[DjiIdentityVerify_UpdatePolicy:474) Updating dji sdk policy file... [0m
[37m[5.999][linker]-[Debug]-[DjiCommand_RecvWork:1066)  <0x9965>Receive msg from linker, 0x0300->0x0A06 0x4900 len:14 [0m
[37m[5.999][linker]-[Debug]-[DjiCommand_DealCmd:919) received unsupport request cmd that need ack, <0x9965> cmdset: 0x49 cmdid: 0x00 [0m
[37m[6.002][linker]-[Debug]-[DjiProtocol_v1Pack:123) <0xfd16>V1-Send: 0x0A06->0x1D01 0x00F0 [0m
[37m[6.015][linker]-[Debug]-[DjiProtocol_v1Unpack:215) <0xfd15>V1-Recv: 0x0306->0x0A06 0x3C40 [0m
[37m[6.015][linker]-[Debug]-[DjiCommand_RecvWork:1066)  <0xfd15>Receive msg from linker, 0x0306->0x0A06 0x3C40 len:4 [0m
[37m[6.015][auth]-[Debug]-[DjiIdentityVerify_RequestUpdatePolicyAsyncCallback:429) request update policy file success [0m
[37m[6.015][linker]-[Debug]-[DjiCommand_DealCmd:830) callback function (cmdset: 0x3C cmdid: 0x40) deal time: 0 ms [0m
[37m[6.018][linker]-[Debug]-[DjiProtocol_v1Unpack:215) <0x14>V1-Recv: 0x0801->0x0A06 0x3C40 [0m
[37m[6.018][linker]-[Debug]-[DjiCommand_RecvWork:1066)  <0x14>Receive msg from linker, 0x0801->0x0A06 0x3C40 len:12 [0m
[37m[6.019][auth]-[Debug]-[DjiIdentityVerify_RequestUploadPolicyFileHandle:300) request upload policy file type:0 [0m
[37m[6.019][auth]-[Debug]-[DjiIdentityVerify_RequestUploadPolicyFileHandle:313) upload policy file info md5 checksum and version [0m
[37m[6.019][linker]-[Debug]-[DjiProtocol_v1Pack:123) <0x14>V1-Send: 0x0A06->0x0801 0x3C40 [0m
[37m[6.036][linker]-[Debug]-[DjiProtocol_v1Unpack:215) <0x99b0>V1-Recv: 0x0300->0x0A06 0x221B [0m
[37m[6.036][linker]-[Debug]-[DjiProtocol_v1Unpack:215) <0x15>V1-Recv: 0x0801->0x0A06 0x3C40 [0m
[37m[6.037][linker]-[Debug]-[DjiCommand_RecvWork:1066)  <0x99b0>Receive msg from linker, 0x0300->0x0A06 0x221B len:9 [0m
[37m[6.037][linker]-[Debug]-[DjiCommand_DealCmd:919) received unsupport request cmd that noneed ack, <0x99b0> cmdset: 0x22 cmdid: 0x1B [0m
[37m[6.038][linker]-[Debug]-[DjiCommand_RecvWork:1066)  <0x15>Receive msg from linker, 0x0801->0x0A06 0x3C40 len:12 [0m
[37m[6.038][auth]-[Debug]-[DjiIdentityVerify_RequestUploadPolicyFileHandle:300) request upload policy file type:1 [0m
[37m[6.038][auth]-[Debug]-[DjiIdentityVerify_RequestUploadPolicyFileHandle:332) request upload policy file data: 0 0 200 [0m
[37m[6.038][linker]-[Debug]-[DjiProtocol_v1Pack:123) <0x15>V1-Send: 0x0A06->0x0801 0x3C40 [0m
[37m[6.057][linker]-[Debug]-[DjiProtocol_v1Unpack:215) <0x16>V1-Recv: 0x0801->0x0A06 0x3C40 [0m
[37m[6.057][linker]-[Debug]-[DjiCommand_RecvWork:1066)  <0x16>Receive msg from linker, 0x0801->0x0A06 0x3C40 len:12 [0m
[37m[6.057][auth]-[Debug]-[DjiIdentityVerify_RequestUploadPolicyFileHandle:300) request upload policy file type:1 [0m
[37m[6.057][auth]-[Debug]-[DjiIdentityVerify_RequestUploadPolicyFileHandle:332) request upload policy file data: 1 200 200 [0m
[37m[6.057][linker]-[Debug]-[DjiProtocol_v1Pack:123) <0x16>V1-Send: 0x0A06->0x0801 0x3C40 [0m
[37m[6.066][linker]-[Debug]-[DjiProtocol_v1Unpack:215) <0x99e6>V1-Recv: 0x0306->0x0A06 0x03C1 [0m
[37m[6.067][linker]-[Debug]-[DjiCommand_RecvWork:1066)  <0x99e6>Receive msg from linker, 0x0306->0x0A06 0x03C1 len:13 [0m
[37m[6.067][linker]-[Debug]-[DjiCommand_DealCmd:919) received unsupport request cmd that noneed ack, <0x99e6> cmdset: 0x03 cmdid: 0xC1 [0m
[37m[6.079][linker]-[Debug]-[DjiProtocol_v1Unpack:215) <0x99f2>V1-Recv: 0x0300->0x0A06 0x036C [0m
[37m[6.079][linker]-[Debug]-[DjiProtocol_v1Unpack:215) <0x17>V1-Recv: 0x0801->0x0A06 0x3C40 [0m
[37m[6.079][linker]-[Debug]-[DjiCommand_RecvWork:1066)  <0x99f2>Receive msg from linker, 0x0300->0x0A06 0x036C len:71 [0m
[37m[6.079][linker]-[Debug]-[DjiCommand_DealCmd:919) received unsupport request cmd that noneed ack, <0x99f2> cmdset: 0x03 cmdid: 0x6C [0m
[37m[6.080][linker]-[Debug]-[DjiCommand_RecvWork:1066)  <0x17>Receive msg from linker, 0x0801->0x0A06 0x3C40 len:12 [0m
[37m[6.080][auth]-[Debug]-[DjiIdentityVerify_RequestUploadPolicyFileHandle:300) request upload policy file type:1 [0m
[37m[6.080][auth]-[Debug]-[DjiIdentityVerify_RequestUploadPolicyFileHandle:332) request upload policy file data: 2 400 111 [0m
[37m[6.080][linker]-[Debug]-[DjiProtocol_v1Pack:123) <0x17>V1-Send: 0x0A06->0x0801 0x3C40 [0m
[37m[6.096][linker]-[Debug]-[DjiProtocol_v1Unpack:215) <0x18>V1-Recv: 0x0801->0x0A06 0x3C40 [0m
[37m[6.096][linker]-[Debug]-[DjiCommand_RecvWork:1066)  <0x18>Receive msg from linker, 0x0801->0x0A06 0x3C40 len:12 [0m
[37m[6.096][auth]-[Debug]-[DjiIdentityVerify_RequestUploadPolicyFileHandle:300) request upload policy file type:2 [0m
[37m[6.096][auth]-[Debug]-[DjiIdentityVerify_RequestUploadPolicyFileHandle:354) request upload policy file success [0m
[37m[6.096][linker]-[Debug]-[DjiProtocol_v1Pack:123) <0x18>V1-Send: 0x0A06->0x0801 0x3C40 [0m
[37m[6.097][linker]-[Debug]-[DjiProtocol_v1Unpack:215) <0x9a1e>V1-Recv: 0x0300->0x0A06 0x4900 [0m
[37m[6.098][linker]-[Debug]-[DjiCommand_RecvWork:1066)  <0x9a1e>Receive msg from linker, 0x0300->0x0A06 0x4900 len:14 [0m
[37m[6.098][linker]-[Debug]-[DjiCommand_DealCmd:919) received unsupport request cmd that need ack, <0x9a1e> cmdset: 0x49 cmdid: 0x00 [0m
[37m[6.131][linker]-[Debug]-[DjiProtocol_v1Unpack:215) <0x9a5c>V1-Recv: 0x0306->0x0A06 0x03C1 [0m
[37m[6.132][linker]-[Debug]-[DjiCommand_RecvWork:1066)  <0x9a5c>Receive msg from linker, 0x0306->0x0A06 0x03C1 len:126 [0m
[37m[6.132][linker]-[Debug]-[DjiCommand_DealCmd:919) received unsupport request cmd that noneed ack, <0x9a5c> cmdset: 0x03 cmdid: 0xC1 [0m
[37m[6.136][linker]-[Debug]-[DjiProtocol_v1Unpack:215) <0x9a6b>V1-Recv: 0x0300->0x0A06 0x221B [0m
[37m[6.136][linker]-[Debug]-[DjiCommand_RecvWork:1066)  <0x9a6b>Receive msg from linker, 0x0300->0x0A06 0x221B len:9 [0m
[37m[6.136][linker]-[Debug]-[DjiCommand_DealCmd:919) received unsupport request cmd that noneed ack, <0x9a6b> cmdset: 0x22 cmdid: 0x1B [0m
[37m[6.166][linker]-[Debug]-[DjiProtocol_v1Unpack:215) <0x9aa5>V1-Recv: 0x0306->0x0A06 0x03C1 [0m
[37m[6.167][linker]-[Debug]-[DjiCommand_RecvWork:1066)  <0x9aa5>Receive msg from linker, 0x0306->0x0A06 0x03C1 len:13 [0m
[37m[6.167][linker]-[Debug]-[DjiCommand_DealCmd:919) received unsupport request cmd that noneed ack, <0x9aa5> cmdset: 0x03 cmdid: 0xC1 [0m
[37m[6.178][linker]-[Debug]-[DjiProtocol_v1Unpack:215) <0x9ab3>V1-Recv: 0x0300->0x0A06 0x036C [0m
[37m[6.178][linker]-[Debug]-[DjiCommand_RecvWork:1066)  <0x9ab3>Receive msg from linker, 0x0300->0x0A06 0x036C len:71 [0m
[37m[6.178][linker]-[Debug]-[DjiCommand_DealCmd:919) received unsupport request cmd that noneed ack, <0x9ab3> cmdset: 0x03 cmdid: 0x6C [0m
[37m[6.197][linker]-[Debug]-[DjiProtocol_v1Unpack:215) <0x9adf>V1-Recv: 0x0300->0x0A06 0x4900 [0m
[37m[6.198][linker]-[Debug]-[DjiCommand_RecvWork:1066)  <0x9adf>Receive msg from linker, 0x0300->0x0A06 0x4900 len:14 [0m
[37m[6.198][linker]-[Debug]-[DjiCommand_DealCmd:919) received unsupport request cmd that need ack, <0x9adf> cmdset: 0x49 cmdid: 0x00 [0m
[37m[6.236][linker]-[Debug]-[DjiProtocol_v1Unpack:215) <0x9b1f>V1-Recv: 0x0300->0x0A06 0x221B [0m
[37m[6.236][linker]-[Debug]-[DjiCommand_RecvWork:1066)  <0x9b1f>Receive msg from linker, 0x0300->0x0A06 0x221B len:9 [0m
[37m[6.236][linker]-[Debug]-[DjiCommand_DealCmd:919) received unsupport request cmd that noneed ack, <0x9b1f> cmdset: 0x22 cmdid: 0x1B [0m
[37m[6.246][linker]-[Debug]-[DjiProtocol_v1Unpack:215) <0x8ca0>V1-Recv: 0x0800->0x0A06 0x0866 [0m
[37m[6.247][linker]-[Debug]-[DjiCommand_RecvWork:1066)  <0x8ca0>Receive msg from linker, 0x0800->0x0A06 0x0866 len:16 [0m
[37m[6.247][linker]-[Debug]-[DjiCommand_DealCmd:919) received unsupport request cmd that noneed ack, <0x8ca0> cmdset: 0x08 cmdid: 0x66 [0m
[37m[6.266][linker]-[Debug]-[DjiProtocol_v1Unpack:215) <0x9b52>V1-Recv: 0x0306->0x0A06 0x03C1 [0m
[37m[6.266][linker]-[Debug]-[DjiCommand_RecvWork:1066)  <0x9b52>Receive msg from linker, 0x0306->0x0A06 0x03C1 len:13 [0m
[37m[6.266][linker]-[Debug]-[DjiCommand_DealCmd:919) received unsupport request cmd that noneed ack, <0x9b52> cmdset: 0x03 cmdid: 0xC1 [0m
[37m[6.277][linker]-[Debug]-[DjiProtocol_v1Unpack:215) <0x9b5e>V1-Recv: 0x0300->0x0A06 0x036C [0m
[37m[6.278][linker]-[Debug]-[DjiCommand_RecvWork:1066)  <0x9b5e>Receive msg from linker, 0x0300->0x0A06 0x036C len:71 [0m
[37m[6.278][linker]-[Debug]-[DjiCommand_DealCmd:919) received unsupport request cmd that noneed ack, <0x9b5e> cmdset: 0x03 cmdid: 0x6C [0m
[37m[6.298][linker]-[Debug]-[DjiProtocol_v1Unpack:215) <0x9b8c>V1-Recv: 0x0300->0x0A06 0x4900 [0m
[37m[6.298][linker]-[Debug]-[DjiCommand_RecvWork:1066)  <0x9b8c>Receive msg from linker, 0x0300->0x0A06 0x4900 len:14 [0m
[37m[6.298][linker]-[Debug]-[DjiCommand_DealCmd:919) received unsupport request cmd that need ack, <0x9b8c> cmdset: 0x49 cmdid: 0x00 [0m
[37m[6.335][linker]-[Debug]-[DjiProtocol_v1Unpack:215) <0x9bd4>V1-Recv: 0x0300->0x0A06 0x221B [0m
[37m[6.335][linker]-[Debug]-[DjiCommand_RecvWork:1066)  <0x9bd4>Receive msg from linker, 0x0300->0x0A06 0x221B len:9 [0m
[37m[6.335][linker]-[Debug]-[DjiCommand_DealCmd:919) received unsupport request cmd that noneed ack, <0x9bd4> cmdset: 0x22 cmdid: 0x1B [0m
[37m[6.366][linker]-[Debug]-[DjiProtocol_v1Unpack:215) <0x9c0f>V1-Recv: 0x0306->0x0A06 0x03C1 [0m
[37m[6.366][linker]-[Debug]-[DjiCommand_RecvWork:1066)  <0x9c0f>Receive msg from linker, 0x0306->0x0A06 0x03C1 len:13 [0m
[37m[6.366][linker]-[Debug]-[DjiCommand_DealCmd:919) received unsupport request cmd that noneed ack, <0x9c0f> cmdset: 0x03 cmdid: 0xC1 [0m
[37m[6.378][linker]-[Debug]-[DjiProtocol_v1Unpack:215) <0x9c1c>V1-Recv: 0x0300->0x0A06 0x036C [0m
[37m[6.378][linker]-[Debug]-[DjiCommand_RecvWork:1066)  <0x9c1c>Receive msg from linker, 0x0300->0x0A06 0x036C len:71 [0m
[37m[6.378][linker]-[Debug]-[DjiCommand_DealCmd:919) received unsupport request cmd that noneed ack, <0x9c1c> cmdset: 0x03 cmdid: 0x6C [0m
[37m[6.398][linker]-[Debug]-[DjiProtocol_v1Unpack:215) <0x9c42>V1-Recv: 0x0300->0x0100 0x0405 [0m
[37m[6.398][linker]-[Debug]-[DjiProtocol_v1Unpack:215) <0x9c46>V1-Recv: 0x0300->0x0A06 0x4900 [0m
[37m[6.398][linker]-[Debug]-[DjiCommand_RecvWork:1066)  <0x9c42>Receive msg from linker, 0x0300->0x0100 0x0405 len:22 [0m
[37m[6.398][linker]-[Debug]-[DjiCommand_DealCmd:919) received unsupport request cmd that noneed ack, <0x9c42> cmdset: 0x04 cmdid: 0x05 [0m
[37m[6.399][linker]-[Debug]-[DjiCommand_RecvWork:1066)  <0x9c46>Receive msg from linker, 0x0300->0x0A06 0x4900 len:14 [0m
[37m[6.399][linker]-[Debug]-[DjiCommand_DealCmd:919) received unsupport request cmd that need ack, <0x9c46> cmdset: 0x49 cmdid: 0x00 [0m
[37m[6.430][utils]-[Debug]-[DjiCore_RootTask:131) work execution time: [0m
[37m[6.430][utils]-[Debug]-[DjiCore_RootTask:132) name	                execution time (ms)	  max execution time (ms) [0m
[37m[6.430][utils]-[Debug]-[DjiCore_RootTask:134) recorderWork                    	1       	1        [0m
[37m[6.430][utils]-[Debug]-[DjiCore_RootTask:134) flowControllerTask              	0       	0        [0m
[37m[6.430][utils]-[Debug]-[DjiCore_RootTask:134) commandTask                     	1       	1        [0m
[37m[6.435][linker]-[Debug]-[DjiProtocol_v1Unpack:215) <0x9c8b>V1-Recv: 0x0300->0x0A06 0x221B [0m
[37m[6.435][linker]-[Debug]-[DjiCommand_RecvWork:1066)  <0x9c8b>Receive msg from linker, 0x0300->0x0A06 0x221B len:9 [0m
[37m[6.435][linker]-[Debug]-[DjiCommand_DealCmd:919) received unsupport request cmd that noneed ack, <0x9c8b> cmdset: 0x22 cmdid: 0x1B [0m
[37m[6.465][linker]-[Debug]-[DjiProtocol_v1Unpack:215) <0x9cc5>V1-Recv: 0x0306->0x0A06 0x03C1 [0m
[37m[6.466][linker]-[Debug]-[DjiCommand_RecvWork:1066)  <0x9cc5>Receive msg from linker, 0x0306->0x0A06 0x03C1 len:13 [0m
[37m[6.466][linker]-[Debug]-[DjiCommand_DealCmd:919) received unsupport request cmd that noneed ack, <0x9cc5> cmdset: 0x03 cmdid: 0xC1 [0m
[37m[6.478][linker]-[Debug]-[DjiProtocol_v1Unpack:215) <0x9cd3>V1-Recv: 0x0300->0x0A06 0x036C [0m
[37m[6.478][linker]-[Debug]-[DjiCommand_RecvWork:1066)  <0x9cd3>Receive msg from linker, 0x0300->0x0A06 0x036C len:71 [0m
[37m[6.478][linker]-[Debug]-[DjiCommand_DealCmd:919) received unsupport request cmd that noneed ack, <0x9cd3> cmdset: 0x03 cmdid: 0x6C [0m
[37m[6.496][linker]-[Debug]-[DjiProtocol_v1Unpack:215) <0x8ca1>V1-Recv: 0x0800->0x0A06 0x0866 [0m
[37m[6.497][linker]-[Debug]-[DjiCommand_RecvWork:1066)  <0x8ca1>Receive msg from linker, 0x0800->0x0A06 0x0866 len:16 [0m
[37m[6.497][linker]-[Debug]-[DjiCommand_DealCmd:919) received unsupport request cmd that noneed ack, <0x8ca1> cmdset: 0x08 cmdid: 0x66 [0m
[37m[6.497][linker]-[Debug]-[DjiProtocol_v1Unpack:215) <0x9d03>V1-Recv: 0x0300->0x0A06 0x4900 [0m
[37m[6.498][linker]-[Debug]-[DjiCommand_RecvWork:1066)  <0x9d03>Receive msg from linker, 0x0300->0x0A06 0x4900 len:14 [0m
[37m[6.498][linker]-[Debug]-[DjiCommand_DealCmd:919) received unsupport request cmd that need ack, <0x9d03> cmdset: 0x49 cmdid: 0x00 [0m
[37m[6.535][linker]-[Debug]-[DjiProtocol_v1Unpack:215) <0x9d54>V1-Recv: 0x0300->0x0A06 0x221B [0m
[37m[6.535][linker]-[Debug]-[DjiCommand_RecvWork:1066)  <0x9d54>Receive msg from linker, 0x0300->0x0A06 0x221B len:9 [0m
[37m[6.535][linker]-[Debug]-[DjiCommand_DealCmd:919) received unsupport request cmd that noneed ack, <0x9d54> cmdset: 0x22 cmdid: 0x1B [0m
[37m[6.566][linker]-[Debug]-[DjiProtocol_v1Unpack:215) <0x9d91>V1-Recv: 0x0306->0x0A06 0x03C1 [0m
[37m[6.566][linker]-[Debug]-[DjiCommand_RecvWork:1066)  <0x9d91>Receive msg from linker, 0x0306->0x0A06 0x03C1 len:13 [0m
[37m[6.566][linker]-[Debug]-[DjiCommand_DealCmd:919) received unsupport request cmd that noneed ack, <0x9d91> cmdset: 0x03 cmdid: 0xC1 [0m
[37m[6.577][linker]-[Debug]-[DjiProtocol_v1Unpack:215) <0x9d9d>V1-Recv: 0x0300->0x0A06 0x036C [0m
[37m[6.578][linker]-[Debug]-[DjiCommand_RecvWork:1066)  <0x9d9d>Receive msg from linker, 0x0300->0x0A06 0x036C len:71 [0m
[37m[6.578][linker]-[Debug]-[DjiCommand_DealCmd:919) received unsupport request cmd that noneed ack, <0x9d9d> cmdset: 0x03 cmdid: 0x6C [0m
[37m[6.597][linker]-[Debug]-[DjiProtocol_v1Unpack:215) <0x9dca>V1-Recv: 0x0300->0x0A06 0x4900 [0m
[37m[6.597][linker]-[Debug]-[DjiCommand_RecvWork:1066)  <0x9dca>Receive msg from linker, 0x0300->0x0A06 0x4900 len:14 [0m
[37m[6.597][linker]-[Debug]-[DjiCommand_DealCmd:919) received unsupport request cmd that need ack, <0x9dca> cmdset: 0x49 cmdid: 0x00 [0m
[37m[6.608][linker]-[Debug]-[DjiProtocol_v1Unpack:215) <0x7be>V1-Recv: 0x0701->0x0A06 0x0000 [0m
[37m[6.608][linker]-[Debug]-[DjiCommand_RecvWork:1066)  <0x7be>Receive msg from linker, 0x0701->0x0A06 0x0000 len:16 [0m
[37m[6.609][linker]-[Debug]-[DjiProtocol_v1Pack:123) <0x7be>V1-Send: 0x0A06->0x0701 0x0000 [0m
[37m[6.635][linker]-[Debug]-[DjiProtocol_v1Unpack:215) <0x9e0a>V1-Recv: 0x0300->0x0A06 0x221B [0m
[37m[6.635][linker]-[Debug]-[DjiCommand_RecvWork:1066)  <0x9e0a>Receive msg from linker, 0x0300->0x0A06 0x221B len:9 [0m
[37m[6.635][linker]-[Debug]-[DjiCommand_DealCmd:919) received unsupport request cmd that noneed ack, <0x9e0a> cmdset: 0x22 cmdid: 0x1B [0m
[37m[6.666][linker]-[Debug]-[DjiProtocol_v1Unpack:215) <0x9e3d>V1-Recv: 0x0306->0x0A06 0x03C1 [0m
[37m[6.666][linker]-[Debug]-[DjiCommand_RecvWork:1066)  <0x9e3d>Receive msg from linker, 0x0306->0x0A06 0x03C1 len:13 [0m
[37m[6.666][linker]-[Debug]-[DjiCommand_DealCmd:919) received unsupport request cmd that noneed ack, <0x9e3d> cmdset: 0x03 cmdid: 0xC1 [0m
[37m[6.673][linker]-[Debug]-[DjiProtocol_v1Unpack:215) <0x3a72>V1-Recv: 0x1D07->0x0A06 0x2105 [0m
[37m[6.674][linker]-[Debug]-[DjiCommand_RecvWork:1066)  <0x3a72>Receive msg from linker, 0x1D07->0x0A06 0x2105 len:1 [0m
[37m[6.674][linker]-[Debug]-[DjiCommand_DealCmd:919) received unsupport request cmd that need ack, <0x3a72> cmdset: 0x21 cmdid: 0x05 [0m
[37m[6.678][linker]-[Debug]-[DjiProtocol_v1Unpack:215) <0x9e49>V1-Recv: 0x0300->0x0A06 0x036C [0m
[37m[6.679][linker]-[Debug]-[DjiCommand_RecvWork:1066)  <0x9e49>Receive msg from linker, 0x0300->0x0A06 0x036C len:71 [0m
[37m[6.679][linker]-[Debug]-[DjiCommand_DealCmd:919) received unsupport request cmd that noneed ack, <0x9e49> cmdset: 0x03 cmdid: 0x6C [0m
[37m[6.698][linker]-[Debug]-[DjiProtocol_v1Unpack:215) <0x9e72>V1-Recv: 0x0300->0x0A06 0x4900 [0m
[37m[6.699][linker]-[Debug]-[DjiCommand_RecvWork:1066)  <0x9e72>Receive msg from linker, 0x0300->0x0A06 0x4900 len:14 [0m
[37m[6.699][linker]-[Debug]-[DjiCommand_DealCmd:919) received unsupport request cmd that need ack, <0x9e72> cmdset: 0x49 cmdid: 0x00 [0m
[37m[6.735][linker]-[Debug]-[DjiProtocol_v1Unpack:215) <0x9eba>V1-Recv: 0x0300->0x0A06 0x221B [0m
[37m[6.736][linker]-[Debug]-[DjiCommand_RecvWork:1066)  <0x9eba>Receive msg from linker, 0x0300->0x0A06 0x221B len:9 [0m
[37m[6.736][linker]-[Debug]-[DjiCommand_DealCmd:919) received unsupport request cmd that noneed ack, <0x9eba> cmdset: 0x22 cmdid: 0x1B [0m
[37m[6.746][linker]-[Debug]-[DjiProtocol_v1Unpack:215) <0x8ca2>V1-Recv: 0x0800->0x0A06 0x0866 [0m
[37m[6.747][linker]-[Debug]-[DjiCommand_RecvWork:1066)  <0x8ca2>Receive msg from linker, 0x0800->0x0A06 0x0866 len:16 [0m
[37m[6.747][linker]-[Debug]-[DjiCommand_DealCmd:919) received unsupport request cmd that noneed ack, <0x8ca2> cmdset: 0x08 cmdid: 0x66 [0m
[37m[6.766][linker]-[Debug]-[DjiProtocol_v1Unpack:215) <0x9ef8>V1-Recv: 0x0306->0x0A06 0x03C1 [0m
[37m[6.767][linker]-[Debug]-[DjiCommand_RecvWork:1066)  <0x9ef8>Receive msg from linker, 0x0306->0x0A06 0x03C1 len:13 [0m
[37m[6.767][linker]-[Debug]-[DjiCommand_DealCmd:919) received unsupport request cmd that noneed ack, <0x9ef8> cmdset: 0x03 cmdid: 0xC1 [0m
[37m[6.778][linker]-[Debug]-[DjiProtocol_v1Unpack:215) <0x9f05>V1-Recv: 0x0300->0x0A06 0x036C [0m
[37m[6.778][linker]-[Debug]-[DjiCommand_RecvWork:1066)  <0x9f05>Receive msg from linker, 0x0300->0x0A06 0x036C len:71 [0m
[37m[6.778][linker]-[Debug]-[DjiCommand_DealCmd:919) received unsupport request cmd that noneed ack, <0x9f05> cmdset: 0x03 cmdid: 0x6C [0m
[37m[6.797][linker]-[Debug]-[DjiProtocol_v1Unpack:215) <0x9f2f>V1-Recv: 0x0300->0x0A06 0x4900 [0m
[37m[6.797][linker]-[Debug]-[DjiCommand_RecvWork:1066)  <0x9f2f>Receive msg from linker, 0x0300->0x0A06 0x4900 len:14 [0m
[37m[6.797][linker]-[Debug]-[DjiCommand_DealCmd:919) received unsupport request cmd that need ack, <0x9f2f> cmdset: 0x49 cmdid: 0x00 [0m
[37m[6.835][linker]-[Debug]-[DjiProtocol_v1Unpack:215) <0x9f71>V1-Recv: 0x0300->0x0A06 0x221B [0m
[37m[6.835][linker]-[Debug]-[DjiCommand_RecvWork:1066)  <0x9f71>Receive msg from linker, 0x0300->0x0A06 0x221B len:9 [0m
[37m[6.835][linker]-[Debug]-[DjiCommand_DealCmd:919) received unsupport request cmd that noneed ack, <0x9f71> cmdset: 0x22 cmdid: 0x1B [0m
[37m[6.866][linker]-[Debug]-[DjiProtocol_v1Unpack:215) <0x9fa4>V1-Recv: 0x0306->0x0A06 0x03C1 [0m
[37m[6.866][linker]-[Debug]-[DjiCommand_RecvWork:1066)  <0x9fa4>Receive msg from linker, 0x0306->0x0A06 0x03C1 len:13 [0m
[37m[6.866][linker]-[Debug]-[DjiCommand_DealCmd:919) received unsupport request cmd that noneed ack, <0x9fa4> cmdset: 0x03 cmdid: 0xC1 [0m
[37m[6.878][linker]-[Debug]-[DjiProtocol_v1Unpack:215) <0x9fb4>V1-Recv: 0x0300->0x0A06 0x036C [0m
[37m[6.878][linker]-[Debug]-[DjiCommand_RecvWork:1066)  <0x9fb4>Receive msg from linker, 0x0300->0x0A06 0x036C len:71 [0m
[37m[6.878][linker]-[Debug]-[DjiCommand_DealCmd:919) received unsupport request cmd that noneed ack, <0x9fb4> cmdset: 0x03 cmdid: 0x6C [0m
[37m[6.899][linker]-[Debug]-[DjiProtocol_v1Unpack:215) <0x9fdf>V1-Recv: 0x0300->0x0A06 0x0F74 [0m
[37m[6.899][linker]-[Debug]-[DjiProtocol_v1Unpack:215) <0x9fe4>V1-Recv: 0x0300->0x0100 0x0406 [0m
[37m[6.899][linker]-[Debug]-[DjiProtocol_v1Unpack:215) <0x9fe5>V1-Recv: 0x0300->0x0100 0x0407 [0m
[37m[6.899][linker]-[Debug]-[DjiProtocol_v1Unpack:215) <0x9fe6>V1-Recv: 0x0300->0x0A06 0x4900 [0m
[37m[6.899][linker]-[Debug]-[DjiCommand_RecvWork:1066)  <0x9fdf>Receive msg from linker, 0x0300->0x0A06 0x0F74 len:28 [0m
[37m[6.899][linker]-[Debug]-[DjiCommand_DealCmd:919) received unsupport request cmd that noneed ack, <0x9fdf> cmdset: 0x0F cmdid: 0x74 [0m
[37m[6.900][linker]-[Debug]-[DjiCommand_RecvWork:1066)  <0x9fe4>Receive msg from linker, 0x0300->0x0100 0x0406 len:12 [0m
[37m[6.900][linker]-[Debug]-[DjiCommand_DealCmd:919) received unsupport request cmd that noneed ack, <0x9fe4> cmdset: 0x04 cmdid: 0x06 [0m
[37m[6.902][linker]-[Debug]-[DjiCommand_RecvWork:1066)  <0x9fe5>Receive msg from linker, 0x0300->0x0100 0x0407 len:1 [0m
[37m[6.902][linker]-[Debug]-[DjiCommand_DealCmd:919) received unsupport request cmd that noneed ack, <0x9fe5> cmdset: 0x04 cmdid: 0x07 [0m
[37m[6.903][linker]-[Debug]-[DjiCommand_RecvWork:1066)  <0x9fe6>Receive msg from linker, 0x0300->0x0A06 0x4900 len:14 [0m
[37m[6.903][linker]-[Debug]-[DjiCommand_DealCmd:919) received unsupport request cmd that need ack, <0x9fe6> cmdset: 0x49 cmdid: 0x00 [0m
[37m[6.935][linker]-[Debug]-[DjiProtocol_v1Unpack:215) <0xa030>V1-Recv: 0x0300->0x0A06 0x221B [0m
[37m[6.936][linker]-[Debug]-[DjiCommand_RecvWork:1066)  <0xa030>Receive msg from linker, 0x0300->0x0A06 0x221B len:9 [0m
[37m[6.936][linker]-[Debug]-[DjiCommand_DealCmd:919) received unsupport request cmd that noneed ack, <0xa030> cmdset: 0x22 cmdid: 0x1B [0m
[37m[6.966][linker]-[Debug]-[DjiProtocol_v1Unpack:215) <0xa068>V1-Recv: 0x0306->0x0A06 0x03C1 [0m
[37m[6.966][linker]-[Debug]-[DjiCommand_RecvWork:1066)  <0xa068>Receive msg from linker, 0x0306->0x0A06 0x03C1 len:13 [0m
[37m[6.966][linker]-[Debug]-[DjiCommand_DealCmd:919) received unsupport request cmd that noneed ack, <0xa068> cmdset: 0x03 cmdid: 0xC1 [0m
[37m[6.978][linker]-[Debug]-[DjiProtocol_v1Unpack:215) <0xa074>V1-Recv: 0x0300->0x0A06 0x036C [0m
[37m[6.978][linker]-[Debug]-[DjiCommand_RecvWork:1066)  <0xa074>Receive msg from linker, 0x0300->0x0A06 0x036C len:71 [0m
[37m[6.978][linker]-[Debug]-[DjiCommand_DealCmd:919) received unsupport request cmd that noneed ack, <0xa074> cmdset: 0x03 cmdid: 0x6C [0m
[37m[6.997][linker]-[Debug]-[DjiProtocol_v1Unpack:215) <0x8ca3>V1-Recv: 0x0800->0x0A06 0x0866 [0m
[37m[6.997][linker]-[Debug]-[DjiProtocol_v1Unpack:215) <0xa0ab>V1-Recv: 0x0300->0x0A06 0x4900 [0m
[37m[6.997][linker]-[Debug]-[DjiCommand_RecvWork:1066)  <0x8ca3>Receive msg from linker, 0x0800->0x0A06 0x0866 len:16 [0m
[37m[6.997][linker]-[Debug]-[DjiCommand_DealCmd:919) received unsupport request cmd that noneed ack, <0x8ca3> cmdset: 0x08 cmdid: 0x66 [0m
[37m[6.999][linker]-[Debug]-[DjiCommand_RecvWork:1066)  <0xa0ab>Receive msg from linker, 0x0300->0x0A06 0x4900 len:14 [0m
[32m[6.999][core]-[Info]-[DjiIdentityVerify_UpdatePolicy:482) Update dji sdk policy file successfully [0m
[37m[6.999][linker]-[Debug]-[DjiCommand_DealCmd:919) received unsupport request cmd that need ack, <0xa0ab> cmdset: 0x49 cmdid: 0x00 [0m
[37m[6.999][linker]-[Debug]-[DjiCommand_RegRecvCmdHandler:674) Reg command handle list success, index:4 [0m
[37m[6.999][linker]-[Debug]-[DjiCommand_RegRecvCmdHandler:674) Reg command handle list success, index:5 [0m
[37m[6.999][linker]-[Debug]-[DjiProtocol_v1Pack:123) <0xfd17>V1-Send: 0x0A06->0x0300 0x03FD [0m
[37m[7.004][linker]-[Debug]-[DjiProtocol_v1Pack:123) <0xfd18>V1-Send: 0x0A06->0x1D01 0x00F0 [0m
[37m[7.015][linker]-[Debug]-[DjiProtocol_v1Unpack:215) <0xfd17>V1-Recv: 0x0300->0x0A06 0x03FD [0m
[37m[7.016][linker]-[Debug]-[DjiCommand_RecvWork:1066)  <0xfd17>Receive msg from linker, 0x0300->0x0A06 0x03FD len:1 [0m
[37m[7.016][linker]-[Debug]-[DjiCommand_SendSyncCallback:1014) PsdkCommand_SendSyncCallback success [0m
[37m[7.016][linker]-[Debug]-[DjiCommand_SendSync:553) sendSync callback success [0m
[37m[7.016][linker]-[Debug]-[DjiCommand_RegRecvCmdHandler:674) Reg command handle list success, index:6 [0m
[37m[7.016][linker]-[Debug]-[DjiCommand_DealCmd:830) callback function (cmdset: 0x03 cmdid: 0xFD) deal time: 0 ms [0m
[37m[7.017][auth]-[Debug]-[DjiAuth_Sha256RsaVerify:84) Application info verify successfully, ID: 155832, Key: 809dc34f1c695a7e7d13eca29a70ba6 [0m
[32m[7.017][core]-[Info]-[DjiCore_Init:174) Identify AircraftType = Matrice 350 RTK, MountPosition = Extension Port, SdkAdapterType = None [0m
[37m[7.017][linker]-[Debug]-[DjiCommand_RegRecvCmdHandler:674) Reg command handle list success, index:7 [0m
[37m[7.017][linker]-[Debug]-[DjiCommand_RegRecvCmdHandler:674) Reg command handle list success, index:8 [0m
[37m[7.017][sub]-[Debug]-[DjiDataSubscription_Init:60) Init data subscription. [0m
[37m[7.017][sub]-[Debug]-[DjiDataSubscriptionPublisher_InitPublisher:195) verify publisher successfully : name=0x00, version=0x00000100 [0m
[37m[7.017][linker]-[Debug]-[DjiProtocol_v1Pack:123) <0xfd19>V1-Send: 0x0A06->0x0306 0x0315 [0m
[37m[7.018][linker]-[Debug]-[DjiProtocol_v1Pack:123) <0xfd1a>V1-Send: 0x0A06->0x0300 0x0000 [0m
[37m[7.018][infor]-[Debug]-[DjiAircraftConnection_CheckExtensionPortConnectStatusByV1Protocol:170) check connect status:1 [0m
[37m[7.018][linker]-[Debug]-[DjiProtocol_v1Pack:123) <0xfd1b>V1-Send: 0x0A06->0x0200 0x3C10 [0m
[37m[7.018][linker]-[Debug]-[DjiProtocol_v1Pack:123) <0xfd1c>V1-Send: 0x0A06->0x0A01 0x3C10 [0m
[37m[7.018][linker]-[Debug]-[DjiProtocol_v1Pack:123) <0xfd1d>V1-Send: 0x0A06->0x0300 0x3C10 [0m
[37m[7.026][linker]-[Debug]-[DjiProtocol_v1Pack:123) <0xfd1e>V1-Send: 0x0A06->0x1D01 0x00F0 [0m
[37m[7.037][linker]-[Debug]-[DjiProtocol_v1Unpack:215) <0xfd19>V1-Recv: 0x0306->0x0A06 0x0315 [0m
[37m[7.037][linker]-[Debug]-[DjiProtocol_v1Unpack:215) <0xfd1a>V1-Recv: 0x0300->0x0A06 0x0000 [0m
[37m[7.037][linker]-[Debug]-[DjiProtocol_v1Unpack:215) <0xa0ed>V1-Recv: 0x0300->0x0A06 0x221B [0m
[37m[7.037][linker]-[Debug]-[DjiCommand_RecvWork:1066)  <0xfd19>Receive msg from linker, 0x0306->0x0A06 0x0315 len:1 [0m
[37m[7.037][linker]-[Debug]-[DjiCommand_SendSyncCallback:1014) PsdkCommand_SendSyncCallback success [0m
[37m[7.037][linker]-[Debug]-[DjiCommand_DealCmd:830) callback function (cmdset: 0x03 cmdid: 0x15) deal time: 0 ms [0m
[37m[7.037][linker]-[Debug]-[DjiCommand_SendSync:553) sendSync callback success [0m
[37m[7.037][sub]-[Debug]-[DjiDataSubscriptionPublisher_InitPublisher:204) reset publisher successfully : name=0x00, version=0x00000100 [0m
[37m[7.037][linker]-[Debug]-[DjiCommand_RegRecvCmdHandler:674) Reg command handle list success, index:9 [0m
[37m[7.037][sub]-[Debug]-[DjiDataSubscription_Init:68) Init second type data subscription. [0m
[37m[7.037][sub]-[Debug]-[DjiDataSubscriptionDds_v3_XrceVersionCheck:55) Checking version is not yet supported on the DDS Agent 3.0. [0m
[37m[7.037][linker]-[Debug]-[DjiCommand_RegRecvCmdHandler:674) Reg command handle list success, index:10 [0m
[37m[7.037][linker]-[Debug]-[DjiCommand_RegRecvCmdHandler:674) Reg command handle list success, index:11 [0m
[37m[7.037][linker]-[Debug]-[DjiProtocol_v1Pack:123) <0xfd1f>V1-Send: 0x0A06->0x0801 0x0088 [0m
[37m[7.038][linker]-[Debug]-[DjiCommand_RecvWork:1066)  <0xfd1a>Receive msg from linker, 0x0300->0x0A06 0x0000 len:0 [0m
[37m[7.038][infor]-[Debug]-[DjiAircraftInfo_CheckPingStatusAsyncCallback:269) connect status async sucess [0m
[37m[7.038][linker]-[Debug]-[DjiCommand_DealCmd:830) callback function (cmdset: 0x00 cmdid: 0x00) deal time: 0 ms [0m
[37m[7.039][linker]-[Debug]-[DjiCommand_RecvWork:1066)  <0xa0ed>Receive msg from linker, 0x0300->0x0A06 0x221B len:9 [0m
[37m[7.039][linker]-[Debug]-[DjiCommand_DealCmd:919) received unsupport request cmd that noneed ack, <0xa0ed> cmdset: 0x22 cmdid: 0x1B [0m
[37m[7.056][linker]-[Debug]-[DjiProtocol_v1Unpack:215) <0xfd1f>V1-Recv: 0x0801->0x0A06 0x0088 [0m
[37m[7.056][linker]-[Debug]-[DjiCommand_RecvWork:1066)  <0xfd1f>Receive msg from linker, 0x0801->0x0A06 0x0088 len:4 [0m
[37m[7.056][linker]-[Debug]-[DjiCommand_SendSyncCallback:1014) PsdkCommand_SendSyncCallback success [0m
[37m[7.056][linker]-[Debug]-[DjiCommand_DealCmd:830) callback function (cmdset: 0x00 cmdid: 0x88) deal time: 0 ms [0m
[37m[7.056][linker]-[Debug]-[DjiCommand_SendSync:553) sendSync callback success [0m
[37m[7.056][adapter]-[Debug]-[DjiPayloadOnlinePerception_SubscribePayloadOnlineInfo:320) Successfully to subscribe payload online information. [0m
[37m[7.056][linker]-[Debug]-[DjiProtocol_v1Pack:123) <0xfd20>V1-Send: 0x0A06->0x0802 0x004F [0m
[37m[7.078][linker]-[Debug]-[DjiProtocol_v1Unpack:215) <0xa12b>V1-Recv: 0x0300->0x0A06 0x036C [0m
[37m[7.078][linker]-[Debug]-[DjiCommand_RecvWork:1066)  <0xa12b>Receive msg from linker, 0x0300->0x0A06 0x036C len:71 [0m
[37m[7.078][linker]-[Debug]-[DjiCommand_DealCmd:919) received unsupport request cmd that noneed ack, <0xa12b> cmdset: 0x03 cmdid: 0x6C [0m
[37m[7.098][linker]-[Debug]-[DjiProtocol_v1Unpack:215) <0xa157>V1-Recv: 0x0300->0x0A06 0x4900 [0m
[37m[7.098][linker]-[Debug]-[DjiCommand_RecvWork:1066)  <0xa157>Receive msg from linker, 0x0300->0x0A06 0x4900 len:14 [0m
[37m[7.098][linker]-[Debug]-[DjiProtocol_v1Pack:123) <0xa157>V1-Send: 0x0A06->0x0300 0x4900 [0m
[37m[7.131][linker]-[Debug]-[DjiProtocol_v1Unpack:215) <0xfd20>V1-Recv: 0x0802->0x0A06 0x004F [0m
[37m[7.131][linker]-[Debug]-[DjiCommand_RecvWork:1066)  <0xfd20>Receive msg from linker, 0x0802->0x0A06 0x004F len:13 [0m
[37m[7.131][linker]-[Debug]-[DjiCommand_SendSyncCallback:1014) PsdkCommand_SendSyncCallback success [0m
[37m[7.131][linker]-[Debug]-[DjiCommand_DealCmd:830) callback function (cmdset: 0x00 cmdid: 0x4F) deal time: 0 ms [0m
[37m[7.131][linker]-[Debug]-[DjiCommand_SendSync:553) sendSync callback success [0m
[32m[7.131][user]-[Info]-[main:216) Aircraft version is V10.01.08.05 [0m
[37m[7.131][linker]-[Debug]-[DjiProtocol_v1Pack:123) <0xfd21>V1-Send: 0x0A06->0x0306 0x0316 [0m
[37m[7.136][linker]-[Debug]-[DjiProtocol_v1Unpack:215) <0xfd21>V1-Recv: 0x0306->0x0A06 0x0316 [0m
[37m[7.136][linker]-[Debug]-[DjiProtocol_v1Unpack:215) <0xa19d>V1-Recv: 0x0300->0x0A06 0x221B [0m
[37m[7.137][linker]-[Debug]-[DjiCommand_RecvWork:1066)  <0xfd21>Receive msg from linker, 0x0306->0x0A06 0x0316 len:1 [0m
[37m[7.137][linker]-[Debug]-[DjiCommand_SendSyncCallback:1014) PsdkCommand_SendSyncCallback success [0m
[37m[7.137][linker]-[Debug]-[DjiCommand_DealCmd:830) callback function (cmdset: 0x03 cmdid: 0x16) deal time: 0 ms [0m
[37m[7.137][linker]-[Debug]-[DjiCommand_SendSync:553) sendSync callback success [0m
[37m[7.137][linker]-[Debug]-[DjiProtocol_v1Pack:123) <0xfd22>V1-Send: 0x0A06->0x0306 0x0314 [0m
[37m[7.138][linker]-[Debug]-[DjiCommand_RecvWork:1066)  <0xa19d>Receive msg from linker, 0x0300->0x0A06 0x221B len:9 [0m
[37m[7.138][linker]-[Debug]-[DjiCommand_DealCmd:919) received unsupport request cmd that noneed ack, <0xa19d> cmdset: 0x22 cmdid: 0x1B [0m
[37m[7.155][linker]-[Debug]-[DjiProtocol_v1Unpack:215) <0xfd22>V1-Recv: 0x0306->0x0A06 0x0314 [0m
[37m[7.156][linker]-[Debug]-[DjiCommand_RecvWork:1066)  <0xfd22>Receive msg from linker, 0x0306->0x0A06 0x0314 len:5 [0m
[37m[7.156][linker]-[Debug]-[DjiCommand_SendSyncCallback:1014) PsdkCommand_SendSyncCallback success [0m
[37m[7.156][linker]-[Debug]-[DjiCommand_DealCmd:830) callback function (cmdset: 0x03 cmdid: 0x14) deal time: 0 ms [0m
[37m[7.156][linker]-[Debug]-[DjiCommand_SendSync:553) sendSync callback success [0m
[37m[7.156][user]-[Debug]-[DjiTest_FcSubscriptionStartService:156) Subscribe topic velocity success. [0m
[37m[7.156][linker]-[Debug]-[DjiProtocol_v1Pack:123) <0xfd23>V1-Send: 0x0A06->0x0306 0x0316 [0m
[37m[7.179][linker]-[Debug]-[DjiProtocol_v1Unpack:215) <0xfd23>V1-Recv: 0x0306->0x0A06 0x0316 [0m
[37m[7.179][linker]-[Debug]-[DjiProtocol_v1Unpack:215) <0xa1e1>V1-Recv: 0x0300->0x0A06 0x036C [0m
[37m[7.180][linker]-[Debug]-[DjiCommand_RecvWork:1066)  <0xfd23>Receive msg from linker, 0x0306->0x0A06 0x0316 len:1 [0m
[37m[7.180][linker]-[Debug]-[DjiCommand_SendSyncCallback:1014) PsdkCommand_SendSyncCallback success [0m
[37m[7.180][linker]-[Debug]-[DjiCommand_DealCmd:830) callback function (cmdset: 0x03 cmdid: 0x16) deal time: 0 ms [0m
[37m[7.180][linker]-[Debug]-[DjiCommand_SendSync:553) sendSync callback success [0m
[37m[7.180][linker]-[Debug]-[DjiProtocol_v1Pack:123) <0xfd24>V1-Send: 0x0A06->0x0306 0x0314 [0m
[37m[7.181][linker]-[Debug]-[DjiCommand_RecvWork:1066)  <0xa1e1>Receive msg from linker, 0x0300->0x0A06 0x036C len:71 [0m
[37m[7.181][linker]-[Debug]-[DjiCommand_DealCmd:919) received unsupport request cmd that noneed ack, <0xa1e1> cmdset: 0x03 cmdid: 0x6C [0m
[37m[7.195][linker]-[Debug]-[DjiProtocol_v1Unpack:215) <0xfd24>V1-Recv: 0x0306->0x0A06 0x0314 [0m
[37m[7.196][linker]-[Debug]-[DjiCommand_RecvWork:1066)  <0xfd24>Receive msg from linker, 0x0306->0x0A06 0x0314 len:5 [0m
[37m[7.196][linker]-[Debug]-[DjiCommand_SendSyncCallback:1014) PsdkCommand_SendSyncCallback success [0m
[37m[7.196][linker]-[Debug]-[DjiCommand_DealCmd:830) callback function (cmdset: 0x03 cmdid: 0x14) deal time: 0 ms [0m
[37m[7.196][linker]-[Debug]-[DjiCommand_SendSync:553) sendSync callback success [0m
[37m[7.196][user]-[Debug]-[DjiTest_FcSubscriptionStartService:165) Subscribe topic gps position success. [0m
[37m[7.196][linker]-[Debug]-[DjiProtocol_v1Pack:123) <0xfd25>V1-Send: 0x0A06->0x0306 0x0316 [0m
[37m[7.197][linker]-[Debug]-[DjiProtocol_v1Unpack:215) <0xa20d>V1-Recv: 0x0300->0x0A06 0x4900 [0m
[37m[7.198][linker]-[Debug]-[DjiCommand_RecvWork:1066)  <0xa20d>Receive msg from linker, 0x0300->0x0A06 0x4900 len:14 [0m
[37m[7.198][linker]-[Debug]-[DjiProtocol_v1Pack:123) <0xa20d>V1-Send: 0x0A06->0x0300 0x4900 [0m
[37m[7.215][linker]-[Debug]-[DjiProtocol_v1Unpack:215) <0xfd25>V1-Recv: 0x0306->0x0A06 0x0316 [0m
[37m[7.216][linker]-[Debug]-[DjiCommand_RecvWork:1066)  <0xfd25>Receive msg from linker, 0x0306->0x0A06 0x0316 len:1 [0m
[37m[7.216][linker]-[Debug]-[DjiCommand_SendSyncCallback:1014) PsdkCommand_SendSyncCallback success [0m
[37m[7.216][linker]-[Debug]-[DjiCommand_DealCmd:830) callback function (cmdset: 0x03 cmdid: 0x16) deal time: 0 ms [0m
[37m[7.216][linker]-[Debug]-[DjiCommand_SendSync:553) sendSync callback success [0m
[37m[7.216][linker]-[Debug]-[DjiProtocol_v1Pack:123) <0xfd26>V1-Send: 0x0A06->0x0306 0x0314 [0m
[37m[7.232][linker]-[Debug]-[DjiProtocol_v1Pack:123) <0xfd27>V1-Send: 0x0A06->0x0200 0x3C10 [0m
[37m[7.232][linker]-[Debug]-[DjiProtocol_v1Pack:123) <0xfd28>V1-Send: 0x0A06->0x0A01 0x3C10 [0m
[37m[7.232][linker]-[Debug]-[DjiProtocol_v1Pack:123) <0xfd29>V1-Send: 0x0A06->0x0300 0x3C10 [0m
[37m[7.235][linker]-[Debug]-[DjiProtocol_v1Unpack:215) <0xfd26>V1-Recv: 0x0306->0x0A06 0x0314 [0m
[37m[7.235][linker]-[Debug]-[DjiProtocol_v1Unpack:215) <0xa24e>V1-Recv: 0x0300->0x0A06 0x221B [0m
[37m[7.236][linker]-[Debug]-[DjiCommand_RecvWork:1066)  <0xfd26>Receive msg from linker, 0x0306->0x0A06 0x0314 len:5 [0m
[37m[7.236][linker]-[Debug]-[DjiCommand_SendSyncCallback:1014) PsdkCommand_SendSyncCallback success [0m
[37m[7.236][linker]-[Debug]-[DjiCommand_DealCmd:830) callback function (cmdset: 0x03 cmdid: 0x14) deal time: 0 ms [0m
[37m[7.236][linker]-[Debug]-[DjiCommand_SendSync:553) sendSync callback success [0m
[37m[7.236][user]-[Debug]-[DjiTest_FcSubscriptionStartService:174) Subscribe topic gps details success. [0m
[37m[7.236][linker]-[Debug]-[DjiProtocol_v1Pack:123) <0xfd2a>V1-Send: 0x0A06->0x0306 0x0316 [0m
[37m[7.237][linker]-[Debug]-[DjiCommand_RecvWork:1066)  <0xa24e>Receive msg from linker, 0x0300->0x0A06 0x221B len:9 [0m
[37m[7.237][linker]-[Debug]-[DjiCommand_DealCmd:919) received unsupport request cmd that noneed ack, <0xa24e> cmdset: 0x22 cmdid: 0x1B [0m
[37m[7.246][linker]-[Debug]-[DjiProtocol_v1Unpack:215) <0x8ca4>V1-Recv: 0x0800->0x0A06 0x0866 [0m
[37m[7.247][linker]-[Debug]-[DjiCommand_RecvWork:1066)  <0x8ca4>Receive msg from linker, 0x0800->0x0A06 0x0866 len:16 [0m
[37m[7.247][linker]-[Debug]-[DjiCommand_DealCmd:919) received unsupport request cmd that noneed ack, <0x8ca4> cmdset: 0x08 cmdid: 0x66 [0m
[37m[7.255][linker]-[Debug]-[DjiProtocol_v1Unpack:215) <0xfd2a>V1-Recv: 0x0306->0x0A06 0x0316 [0m
[37m[7.256][linker]-[Debug]-[DjiCommand_RecvWork:1066)  <0xfd2a>Receive msg from linker, 0x0306->0x0A06 0x0316 len:1 [0m
[37m[7.256][linker]-[Debug]-[DjiCommand_SendSyncCallback:1014) PsdkCommand_SendSyncCallback success [0m
[37m[7.256][linker]-[Debug]-[DjiCommand_DealCmd:830) callback function (cmdset: 0x03 cmdid: 0x16) deal time: 0 ms [0m
[37m[7.256][linker]-[Debug]-[DjiCommand_SendSync:553) sendSync callback success [0m
[37m[7.256][linker]-[Debug]-[DjiProtocol_v1Pack:123) <0xfd2b>V1-Send: 0x0A06->0x0306 0x0314 [0m
[37m[7.278][linker]-[Debug]-[DjiProtocol_v1Unpack:215) <0xfd2b>V1-Recv: 0x0306->0x0A06 0x0314 [0m
[37m[7.278][linker]-[Debug]-[DjiProtocol_v1Unpack:215) <0xa28c>V1-Recv: 0x0300->0x0A06 0x036C [0m
[37m[7.279][linker]-[Debug]-[DjiCommand_RecvWork:1066)  <0xfd2b>Receive msg from linker, 0x0306->0x0A06 0x0314 len:5 [0m
[37m[7.279][linker]-[Debug]-[DjiCommand_SendSyncCallback:1014) PsdkCommand_SendSyncCallback success [0m
[37m[7.279][linker]-[Debug]-[DjiCommand_DealCmd:830) callback function (cmdset: 0x03 cmdid: 0x14) deal time: 0 ms [0m
[37m[7.279][linker]-[Debug]-[DjiCommand_SendSync:553) sendSync callback success [0m
[37m[7.279][user]-[Debug]-[DjiTest_FcSubscriptionStartService:183) Subscribe topic rtk position info success. [0m
[37m[7.279][linker]-[Debug]-[DjiProtocol_v1Pack:123) <0xfd2c>V1-Send: 0x0A06->0x0306 0x0316 [0m
[37m[7.280][linker]-[Debug]-[DjiCommand_RecvWork:1066)  <0xa28c>Receive msg from linker, 0x0300->0x0A06 0x036C len:71 [0m
[37m[7.280][linker]-[Debug]-[DjiCommand_DealCmd:919) received unsupport request cmd that noneed ack, <0xa28c> cmdset: 0x03 cmdid: 0x6C [0m
[37m[7.295][linker]-[Debug]-[DjiProtocol_v1Unpack:215) <0xfd2c>V1-Recv: 0x0306->0x0A06 0x0316 [0m
[37m[7.295][linker]-[Debug]-[DjiCommand_RecvWork:1066)  <0xfd2c>Receive msg from linker, 0x0306->0x0A06 0x0316 len:1 [0m
[37m[7.295][linker]-[Debug]-[DjiCommand_SendSyncCallback:1014) PsdkCommand_SendSyncCallback success [0m
[37m[7.295][linker]-[Debug]-[DjiCommand_DealCmd:830) callback function (cmdset: 0x03 cmdid: 0x16) deal time: 0 ms [0m
[37m[7.295][linker]-[Debug]-[DjiCommand_SendSync:553) sendSync callback success [0m
[37m[7.295][linker]-[Debug]-[DjiProtocol_v1Pack:123) <0xfd2d>V1-Send: 0x0A06->0x0306 0x0314 [0m
[37m[7.298][linker]-[Debug]-[DjiProtocol_v1Unpack:215) <0xa2b9>V1-Recv: 0x0300->0x0A06 0x4900 [0m
[37m[7.299][linker]-[Debug]-[DjiCommand_RecvWork:1066)  <0xa2b9>Receive msg from linker, 0x0300->0x0A06 0x4900 len:14 [0m
[37m[7.299][linker]-[Debug]-[DjiProtocol_v1Pack:123) <0xa2b9>V1-Send: 0x0A06->0x0300 0x4900 [0m
[37m[7.315][linker]-[Debug]-[DjiProtocol_v1Unpack:215) <0xfd2d>V1-Recv: 0x0306->0x0A06 0x0314 [0m
[37m[7.316][linker]-[Debug]-[DjiCommand_RecvWork:1066)  <0xfd2d>Receive msg from linker, 0x0306->0x0A06 0x0314 len:5 [0m
[37m[7.316][linker]-[Debug]-[DjiCommand_SendSyncCallback:1014) PsdkCommand_SendSyncCallback success [0m
[37m[7.316][linker]-[Debug]-[DjiCommand_DealCmd:830) callback function (cmdset: 0x03 cmdid: 0x14) deal time: 0 ms [0m
[37m[7.316][linker]-[Debug]-[DjiCommand_SendSync:553) sendSync callback success [0m
[37m[7.316][user]-[Debug]-[DjiTest_FcSubscriptionStartService:192) Subscribe topic rtk position success. [0m
[37m[7.316][linker]-[Debug]-[DjiProtocol_v1Pack:123) <0xfd2e>V1-Send: 0x0A06->0x0306 0x0316 [0m
[37m[7.336][linker]-[Debug]-[DjiProtocol_v1Unpack:215) <0xfd2e>V1-Recv: 0x0306->0x0A06 0x0316 [0m
[37m[7.336][linker]-[Debug]-[DjiProtocol_v1Unpack:215) <0xa302>V1-Recv: 0x0300->0x0A06 0x221B [0m
[37m[7.336][linker]-[Debug]-[DjiCommand_RecvWork:1066)  <0xfd2e>Receive msg from linker, 0x0306->0x0A06 0x0316 len:1 [0m
[37m[7.336][linker]-[Debug]-[DjiCommand_SendSyncCallback:1014) PsdkCommand_SendSyncCallback success [0m
[37m[7.336][linker]-[Debug]-[DjiCommand_DealCmd:830) callback function (cmdset: 0x03 cmdid: 0x16) deal time: 0 ms [0m
[37m[7.336][linker]-[Debug]-[DjiCommand_SendSync:553) sendSync callback success [0m
[37m[7.336][linker]-[Debug]-[DjiProtocol_v1Pack:123) <0xfd2f>V1-Send: 0x0A06->0x0306 0x0314 [0m
[37m[7.337][linker]-[Debug]-[DjiCommand_RecvWork:1066)  <0xa302>Receive msg from linker, 0x0300->0x0A06 0x221B len:9 [0m
[37m[7.337][linker]-[Debug]-[DjiCommand_DealCmd:919) received unsupport request cmd that noneed ack, <0xa302> cmdset: 0x22 cmdid: 0x1B [0m
[37m[7.355][linker]-[Debug]-[DjiProtocol_v1Unpack:215) <0xfd2f>V1-Recv: 0x0306->0x0A06 0x0314 [0m
[37m[7.355][linker]-[Debug]-[DjiCommand_RecvWork:1066)  <0xfd2f>Receive msg from linker, 0x0306->0x0A06 0x0314 len:5 [0m
[37m[7.355][linker]-[Debug]-[DjiCommand_SendSyncCallback:1014) PsdkCommand_SendSyncCallback success [0m
[37m[7.355][linker]-[Debug]-[DjiCommand_DealCmd:830) callback function (cmdset: 0x03 cmdid: 0x14) deal time: 0 ms [0m
[37m[7.355][linker]-[Debug]-[DjiCommand_SendSync:553) sendSync callback success [0m
[37m[7.355][user]-[Debug]-[DjiTest_FcSubscriptionStartService:201) Subscribe topic altitude of homepoint success. [0m
[37m[7.355][linker]-[Debug]-[DjiProtocol_v1Pack:123) <0xfd30>V1-Send: 0x0A06->0x0306 0x0316 [0m
[37m[7.378][linker]-[Debug]-[DjiProtocol_v1Unpack:215) <0xfd30>V1-Recv: 0x0306->0x0A06 0x0316 [0m
[37m[7.378][linker]-[Debug]-[DjiProtocol_v1Unpack:215) <0xa348>V1-Recv: 0x0300->0x0A06 0x036C [0m
[37m[7.379][linker]-[Debug]-[DjiCommand_RecvWork:1066)  <0xfd30>Receive msg from linker, 0x0306->0x0A06 0x0316 len:1 [0m
[37m[7.379][linker]-[Debug]-[DjiCommand_SendSyncCallback:1014) PsdkCommand_SendSyncCallback success [0m
[37m[7.379][linker]-[Debug]-[DjiCommand_DealCmd:830) callback function (cmdset: 0x03 cmdid: 0x16) deal time: 0 ms [0m
[37m[7.379][linker]-[Debug]-[DjiCommand_SendSync:553) sendSync callback success [0m
[37m[7.379][linker]-[Debug]-[DjiProtocol_v1Pack:123) <0xfd31>V1-Send: 0x0A06->0x0306 0x0314 [0m
[37m[7.380][linker]-[Debug]-[DjiCommand_RecvWork:1066)  <0xa348>Receive msg from linker, 0x0300->0x0A06 0x036C len:71 [0m
[37m[7.380][linker]-[Debug]-[DjiCommand_DealCmd:919) received unsupport request cmd that noneed ack, <0xa348> cmdset: 0x03 cmdid: 0x6C [0m
[37m[7.395][linker]-[Debug]-[DjiProtocol_v1Unpack:215) <0xfd31>V1-Recv: 0x0306->0x0A06 0x0314 [0m
[37m[7.396][linker]-[Debug]-[DjiCommand_RecvWork:1066)  <0xfd31>Receive msg from linker, 0x0306->0x0A06 0x0314 len:5 [0m
[37m[7.396][linker]-[Debug]-[DjiCommand_SendSyncCallback:1014) PsdkCommand_SendSyncCallback success [0m
[37m[7.396][linker]-[Debug]-[DjiCommand_DealCmd:830) callback function (cmdset: 0x03 cmdid: 0x14) deal time: 0 ms [0m
[37m[7.396][linker]-[Debug]-[DjiCommand_SendSync:553) sendSync callback success [0m
[37m[7.396][user]-[Debug]-[DjiTest_FcSubscriptionStartService:210) Subscribe topic battery info success. [0m
[37m[7.396][linker]-[Debug]-[DjiProtocol_v1Pack:123) <0xfd32>V1-Send: 0x0A06->0x0306 0x0316 [0m
[37m[7.398][linker]-[Debug]-[DjiProtocol_v1Unpack:215) <0xa371>V1-Recv: 0x0300->0x0100 0x0405 [0m
[37m[7.398][linker]-[Debug]-[DjiProtocol_v1Unpack:215) <0xa372>V1-Recv: 0x0300->0x0A06 0x4900 [0m
[37m[7.398][linker]-[Debug]-[DjiCommand_RecvWork:1066)  <0xa371>Receive msg from linker, 0x0300->0x0100 0x0405 len:22 [0m
[37m[7.398][linker]-[Debug]-[DjiCommand_DealCmd:919) received unsupport request cmd that noneed ack, <0xa371> cmdset: 0x04 cmdid: 0x05 [0m
[37m[7.399][linker]-[Debug]-[DjiCommand_RecvWork:1066)  <0xa372>Receive msg from linker, 0x0300->0x0A06 0x4900 len:14 [0m
[37m[7.399][linker]-[Debug]-[DjiProtocol_v1Pack:123) <0xa372>V1-Send: 0x0A06->0x0300 0x4900 [0m
[37m[7.415][linker]-[Debug]-[DjiProtocol_v1Unpack:215) <0xfd32>V1-Recv: 0x0306->0x0A06 0x0316 [0m
[37m[7.415][linker]-[Debug]-[DjiCommand_RecvWork:1066)  <0xfd32>Receive msg from linker, 0x0306->0x0A06 0x0316 len:1 [0m
[37m[7.415][linker]-[Debug]-[DjiCommand_SendSyncCallback:1014) PsdkCommand_SendSyncCallback success [0m
[37m[7.415][linker]-[Debug]-[DjiCommand_DealCmd:830) callback function (cmdset: 0x03 cmdid: 0x16) deal time: 0 ms [0m
[37m[7.415][linker]-[Debug]-[DjiCommand_SendSync:553) sendSync callback success [0m
[37m[7.415][linker]-[Debug]-[DjiProtocol_v1Pack:123) <0xfd33>V1-Send: 0x0A06->0x0306 0x0314 [0m
[37m[7.436][linker]-[Debug]-[DjiProtocol_v1Unpack:215) <0xfd33>V1-Recv: 0x0306->0x0A06 0x0314 [0m
[37m[7.436][linker]-[Debug]-[DjiProtocol_v1Unpack:215) <0xa3b6>V1-Recv: 0x0300->0x0A06 0x221B [0m
[37m[7.436][linker]-[Debug]-[DjiCommand_RecvWork:1066)  <0xfd33>Receive msg from linker, 0x0306->0x0A06 0x0314 len:5 [0m
[37m[7.436][linker]-[Debug]-[DjiCommand_SendSyncCallback:1014) PsdkCommand_SendSyncCallback success [0m
[37m[7.436][linker]-[Debug]-[DjiCommand_DealCmd:830) callback function (cmdset: 0x03 cmdid: 0x14) deal time: 0 ms [0m
[37m[7.436][linker]-[Debug]-[DjiCommand_SendSync:553) sendSync callback success [0m
[37m[7.436][user]-[Debug]-[DjiTest_FcSubscriptionStartService:219) Subscribe topic home point info success. [0m
[37m[7.436][linker]-[Debug]-[DjiProtocol_v1Pack:123) <0xfd34>V1-Send: 0x0A06->0x0306 0x0316 [0m
[37m[7.437][linker]-[Debug]-[DjiCommand_RecvWork:1066)  <0xa3b6>Receive msg from linker, 0x0300->0x0A06 0x221B len:9 [0m
[37m[7.437][linker]-[Debug]-[DjiCommand_DealCmd:919) received unsupport request cmd that noneed ack, <0xa3b6> cmdset: 0x22 cmdid: 0x1B [0m
[37m[7.446][linker]-[Debug]-[DjiProtocol_v1Pack:123) <0xfd35>V1-Send: 0x0A06->0x0200 0x3C10 [0m
[37m[7.446][linker]-[Debug]-[DjiProtocol_v1Pack:123) <0xfd36>V1-Send: 0x0A06->0x0A01 0x3C10 [0m
[37m[7.446][linker]-[Debug]-[DjiProtocol_v1Pack:123) <0xfd37>V1-Send: 0x0A06->0x0300 0x3C10 [0m
[37m[7.455][linker]-[Debug]-[DjiProtocol_v1Unpack:215) <0xfd34>V1-Recv: 0x0306->0x0A06 0x0316 [0m
[37m[7.456][linker]-[Debug]-[DjiCommand_RecvWork:1066)  <0xfd34>Receive msg from linker, 0x0306->0x0A06 0x0316 len:1 [0m
[37m[7.456][linker]-[Debug]-[DjiCommand_SendSyncCallback:1014) PsdkCommand_SendSyncCallback success [0m
[37m[7.456][linker]-[Debug]-[DjiCommand_DealCmd:830) callback function (cmdset: 0x03 cmdid: 0x16) deal time: 0 ms [0m
[37m[7.456][linker]-[Debug]-[DjiCommand_SendSync:553) sendSync callback success [0m
[37m[7.456][linker]-[Debug]-[DjiProtocol_v1Pack:123) <0xfd38>V1-Send: 0x0A06->0x0306 0x0314 [0m
[37m[7.478][linker]-[Debug]-[DjiProtocol_v1Unpack:215) <0xfd38>V1-Recv: 0x0306->0x0A06 0x0314 [0m
[37m[7.478][linker]-[Debug]-[DjiProtocol_v1Unpack:215) <0xa3ff>V1-Recv: 0x0300->0x0A06 0x036C [0m
[37m[7.479][linker]-[Debug]-[DjiCommand_RecvWork:1066)  <0xfd38>Receive msg from linker, 0x0306->0x0A06 0x0314 len:5 [0m
[37m[7.479][linker]-[Debug]-[DjiCommand_SendSyncCallback:1014) PsdkCommand_SendSyncCallback success [0m
[37m[7.479][linker]-[Debug]-[DjiCommand_DealCmd:830) callback function (cmdset: 0x03 cmdid: 0x14) deal time: 0 ms [0m
[37m[7.479][linker]-[Debug]-[DjiCommand_SendSync:553) sendSync callback success [0m
[37m[7.479][user]-[Debug]-[DjiTest_FcSubscriptionStartService:228) Subscribe topic status flight success. [0m
[37m[7.479][linker]-[Debug]-[DjiProtocol_v1Pack:123) <0xfd39>V1-Send: 0x0A06->0x0306 0x0316 [0m
[37m[7.480][linker]-[Debug]-[DjiCommand_RecvWork:1066)  <0xa3ff>Receive msg from linker, 0x0300->0x0A06 0x036C len:71 [0m
[37m[7.480][linker]-[Debug]-[DjiCommand_DealCmd:919) received unsupport request cmd that noneed ack, <0xa3ff> cmdset: 0x03 cmdid: 0x6C [0m
[37m[7.495][linker]-[Debug]-[DjiProtocol_v1Unpack:215) <0xfd39>V1-Recv: 0x0306->0x0A06 0x0316 [0m
[37m[7.495][linker]-[Debug]-[DjiCommand_RecvWork:1066)  <0xfd39>Receive msg from linker, 0x0306->0x0A06 0x0316 len:1 [0m
[37m[7.495][linker]-[Debug]-[DjiCommand_SendSyncCallback:1014) PsdkCommand_SendSyncCallback success [0m
[37m[7.495][linker]-[Debug]-[DjiCommand_DealCmd:830) callback function (cmdset: 0x03 cmdid: 0x16) deal time: 0 ms [0m
[37m[7.495][linker]-[Debug]-[DjiCommand_SendSync:553) sendSync callback success [0m
[37m[7.495][linker]-[Debug]-[DjiProtocol_v1Pack:123) <0xfd3a>V1-Send: 0x0A06->0x0306 0x0314 [0m
[37m[7.497][linker]-[Debug]-[DjiProtocol_v1Unpack:215) <0x8ca5>V1-Recv: 0x0800->0x0A06 0x0866 [0m
[37m[7.497][linker]-[Debug]-[DjiCommand_RecvWork:1066)  <0x8ca5>Receive msg from linker, 0x0800->0x0A06 0x0866 len:16 [0m
[37m[7.497][linker]-[Debug]-[DjiCommand_DealCmd:919) received unsupport request cmd that noneed ack, <0x8ca5> cmdset: 0x08 cmdid: 0x66 [0m
[37m[7.498][linker]-[Debug]-[DjiProtocol_v1Unpack:215) <0xa430>V1-Recv: 0x0300->0x0A06 0x4900 [0m
[37m[7.498][linker]-[Debug]-[DjiCommand_RecvWork:1066)  <0xa430>Receive msg from linker, 0x0300->0x0A06 0x4900 len:14 [0m
[37m[7.498][linker]-[Debug]-[DjiProtocol_v1Pack:123) <0xa430>V1-Send: 0x0A06->0x0300 0x4900 [0m
[37m[7.498][utils]-[Debug]-[DjiCore_RootTask:131) work execution time: [0m
[37m[7.498][utils]-[Debug]-[DjiCore_RootTask:132) name	                execution time (ms)	  max execution time (ms) [0m
[37m[7.498][utils]-[Debug]-[DjiCore_RootTask:134) recorderWork                    	1       	1        [0m
[37m[7.498][utils]-[Debug]-[DjiCore_RootTask:134) flowControllerTask              	0       	0        [0m
[37m[7.498][utils]-[Debug]-[DjiCore_RootTask:134) commandTask                     	1       	1        [0m
[37m[7.498][utils]-[Debug]-[DjiCore_RootTask:134) aircraftWorkNode                	0       	0        [0m
[37m[7.498][utils]-[Debug]-[DjiCore_RootTask:134) StatePushWork                   	0       	0        [0m
[37m[7.515][linker]-[Debug]-[DjiProtocol_v1Unpack:215) <0xfd3a>V1-Recv: 0x0306->0x0A06 0x0314 [0m
[37m[7.515][linker]-[Debug]-[DjiCommand_RecvWork:1066)  <0xfd3a>Receive msg from linker, 0x0306->0x0A06 0x0314 len:5 [0m
[37m[7.515][linker]-[Debug]-[DjiCommand_SendSyncCallback:1014) PsdkCommand_SendSyncCallback success [0m
[37m[7.515][linker]-[Debug]-[DjiCommand_DealCmd:830) callback function (cmdset: 0x03 cmdid: 0x14) deal time: 0 ms [0m
[37m[7.515][linker]-[Debug]-[DjiCommand_SendSync:553) sendSync callback success [0m
[37m[7.515][user]-[Debug]-[DjiTest_FcSubscriptionStartService:237) Subscribe topic status displaymode success. [0m
[37m[7.515][linker]-[Debug]-[DjiProtocol_v1Pack:123) <0xfd3b>V1-Send: 0x0A06->0x0306 0x0316 [0m
[37m[7.536][linker]-[Debug]-[DjiProtocol_v1Unpack:215) <0xfd3b>V1-Recv: 0x0306->0x0A06 0x0316 [0m
[37m[7.536][linker]-[Debug]-[DjiProtocol_v1Unpack:215) <0xa480>V1-Recv: 0x0300->0x0A06 0x221B [0m
[37m[7.537][linker]-[Debug]-[DjiCommand_RecvWork:1066)  <0xfd3b>Receive msg from linker, 0x0306->0x0A06 0x0316 len:1 [0m
[37m[7.537][linker]-[Debug]-[DjiCommand_SendSyncCallback:1014) PsdkCommand_SendSyncCallback success [0m
[37m[7.537][linker]-[Debug]-[DjiCommand_DealCmd:830) callback function (cmdset: 0x03 cmdid: 0x16) deal time: 0 ms [0m
[37m[7.537][linker]-[Debug]-[DjiCommand_SendSync:553) sendSync callback success [0m
[37m[7.537][linker]-[Debug]-[DjiProtocol_v1Pack:123) <0xfd3c>V1-Send: 0x0A06->0x0306 0x0314 [0m
[37m[7.538][linker]-[Debug]-[DjiCommand_RecvWork:1066)  <0xa480>Receive msg from linker, 0x0300->0x0A06 0x221B len:9 [0m
[37m[7.538][linker]-[Debug]-[DjiCommand_DealCmd:919) received unsupport request cmd that noneed ack, <0xa480> cmdset: 0x22 cmdid: 0x1B [0m
[37m[7.555][linker]-[Debug]-[DjiProtocol_v1Unpack:215) <0xfd3c>V1-Recv: 0x0306->0x0A06 0x0314 [0m
[37m[7.556][linker]-[Debug]-[DjiCommand_RecvWork:1066)  <0xfd3c>Receive msg from linker, 0x0306->0x0A06 0x0314 len:5 [0m
[37m[7.556][linker]-[Debug]-[DjiCommand_SendSyncCallback:1014) PsdkCommand_SendSyncCallback success [0m
[37m[7.556][linker]-[Debug]-[DjiCommand_DealCmd:830) callback function (cmdset: 0x03 cmdid: 0x14) deal time: 0 ms [0m
[37m[7.556][linker]-[Debug]-[DjiCommand_SendSync:553) sendSync callback success [0m
[37m[7.558][linker]-[Debug]-[DjiCommand_RegRecvCmdHandler:674) Reg command handle list success, index:12 [0m
[32m[7.558][upgrade]-[Info]-[DjiUpgrade_Init:120) Upgrade transfer type is common [0m
[37m[7.558][linker]-[Debug]-[DjiCommand_RegRecvCmdHandler:674) Reg command handle list success, index:13 [0m
[32m[7.558][upgrade]-[Info]-[DjiUpgrade_EnableLocalUpgrade:138) Enable local upgrade [0m
[32m[7.559][core]-[Info]-[DjiCore_ApplicationStart:238) Start dji sdk application [0m
[37m[7.561][linker]-[Debug]-[DjiProtocol_v1Pack:123) <0xfd3d>V1-Send: 0x0A06->0x1D01 0x00F0 [0m
[37m[7.572][linker]-[Debug]-[DjiProtocol_v1Pack:123) <0xfd3e>V1-Send: 0x0A06->0x1D01 0x00F0 [0m
[37m[7.577][linker]-[Debug]-[DjiProtocol_v1Unpack:215) <0xa4ca>V1-Recv: 0x0300->0x0A06 0x036C [0m
[37m[7.578][linker]-[Debug]-[DjiCommand_RecvWork:1066)  <0xa4ca>Receive msg from linker, 0x0300->0x0A06 0x036C len:71 [0m
[37m[7.578][linker]-[Debug]-[DjiCommand_DealCmd:919) received unsupport request cmd that noneed ack, <0xa4ca> cmdset: 0x03 cmdid: 0x6C [0m
[37m[7.583][linker]-[Debug]-[DjiProtocol_v1Pack:123) <0xfd3f>V1-Send: 0x0A06->0x1D01 0x00F0 [0m
[37m[7.598][linker]-[Debug]-[DjiProtocol_v1Unpack:215) <0xa4f6>V1-Recv: 0x0300->0x0A06 0x4900 [0m
[37m[7.599][linker]-[Debug]-[DjiCommand_RecvWork:1066)  <0xa4f6>Receive msg from linker, 0x0300->0x0A06 0x4900 len:14 [0m
[37m[7.599][linker]-[Debug]-[DjiProtocol_v1Pack:123) <0xa4f6>V1-Send: 0x0A06->0x0300 0x4900 [0m
[37m[7.609][linker]-[Debug]-[DjiProtocol_v1Unpack:215) <0x7bf>V1-Recv: 0x0701->0x0A06 0x0000 [0m
[37m[7.609][linker]-[Debug]-[DjiCommand_RecvWork:1066)  <0x7bf>Receive msg from linker, 0x0701->0x0A06 0x0000 len:16 [0m
[37m[7.609][linker]-[Debug]-[DjiProtocol_v1Pack:123) <0x7bf>V1-Send: 0x0A06->0x0701 0x0000 [0m
[37m[7.621][user]-[Debug]-[DjiUser_MonitorTask:803) thread pcpu: [0m
[37m[7.621][user]-[Debug]-[DjiUser_MonitorTask:804) tid	name	pcpu [0m
[37m[7.635][linker]-[Debug]-[DjiProtocol_v1Unpack:215) <0xa536>V1-Recv: 0x0300->0x0A06 0x221B [0m
[37m[7.635][linker]-[Debug]-[DjiCommand_RecvWork:1066)  <0xa536>Receive msg from linker, 0x0300->0x0A06 0x221B len:9 [0m
[37m[7.635][linker]-[Debug]-[DjiCommand_DealCmd:919) received unsupport request cmd that noneed ack, <0xa536> cmdset: 0x22 cmdid: 0x1B [0m
[37m[7.640][user]-[Debug]-[DjiUser_MonitorTask:808) 16649	dji_sdk_demo_on	2.700000 %. [0m
[37m[7.654][linker]-[Debug]-[DjiProtocol_v1Unpack:215) <0xa557>V1-Recv: 0x0306->0x0A06 0x03C1 [0m
[37m[7.654][linker]-[Debug]-[DjiCommand_RecvWork:1066)  <0xa557>Receive msg from linker, 0x0306->0x0A06 0x03C1 len:13 [0m
[37m[7.658][user]-[Debug]-[DjiUser_MonitorTask:808) 16650	 MQTTAsync_send	0.000000 %. [0m
[37m[7.659][linker]-[Debug]-[DjiProtocol_v1Pack:123) <0xfd40>V1-Send: 0x0A06->0x0200 0x3C10 [0m
[37m[7.659][linker]-[Debug]-[DjiProtocol_v1Pack:123) <0xfd41>V1-Send: 0x0A06->0x0A01 0x3C10 [0m
[37m[7.659][linker]-[Debug]-[DjiProtocol_v1Pack:123) <0xfd42>V1-Send: 0x0A06->0x0300 0x3C10 [0m
[37m[7.673][linker]-[Debug]-[DjiProtocol_v1Unpack:215) <0x3a73>V1-Recv: 0x1D07->0x0A06 0x2105 [0m
[37m[7.673][linker]-[Debug]-[DjiCommand_RecvWork:1066)  <0x3a73>Receive msg from linker, 0x1D07->0x0A06 0x2105 len:1 [0m
[37m[7.673][linker]-[Debug]-[DjiCommand_DealCmd:919) received unsupport request cmd that need ack, <0x3a73> cmdset: 0x21 cmdid: 0x05 [0m
[37m[7.678][linker]-[Debug]-[DjiProtocol_v1Unpack:215) <0xa575>V1-Recv: 0x0300->0x0A06 0x036C [0m
[37m[7.678][linker]-[Debug]-[DjiProtocol_v1Unpack:215) <0x9f34>V1-Recv: 0x0A01->0x0A06 0x3C45 [0m
[37m[7.678][user]-[Debug]-[DjiUser_MonitorTask:808) 16651	  MQTTAsync_rcv	0.000000 %. [0m
[37m[7.678][linker]-[Debug]-[DjiCommand_RecvWork:1066)  <0xa575>Receive msg from linker, 0x0300->0x0A06 0x036C len:71 [0m
[37m[7.678][linker]-[Debug]-[DjiCommand_DealCmd:919) received unsupport request cmd that noneed ack, <0xa575> cmdset: 0x03 cmdid: 0x6C [0m
[37m[7.680][linker]-[Debug]-[DjiCommand_RecvWork:1066)  <0x9f34>Receive msg from linker, 0x0A01->0x0A06 0x3C45 len:0 [0m
[37m[7.680][upgrade]-[Debug]-[DjiUpgrade_GetUpgradeServiceInfo:239) Get upgrade service info [0m
[37m[7.680][linker]-[Debug]-[DjiProtocol_v1Pack:123) <0x9f34>V1-Send: 0x0A06->0x0A01 0x3C45 [0m
[37m[7.697][linker]-[Debug]-[DjiProtocol_v1Unpack:215) <0xa59e>V1-Recv: 0x0300->0x0A06 0x4900 [0m
[37m[7.698][linker]-[Debug]-[DjiCommand_RecvWork:1066)  <0xa59e>Receive msg from linker, 0x0300->0x0A06 0x4900 len:14 [0m
[37m[7.698][linker]-[Debug]-[DjiProtocol_v1Pack:123) <0xa59e>V1-Send: 0x0A06->0x0300 0x4900 [0m
[37m[7.698][user]-[Debug]-[DjiUser_MonitorTask:808) 16654	    logger_task	0.700000 %. [0m
[37m[7.717][user]-[Debug]-[DjiUser_MonitorTask:808) 16655	      root_task	0.700000 %. [0m
[37m[7.736][linker]-[Debug]-[DjiProtocol_v1Unpack:215) <0xa5e6>V1-Recv: 0x0300->0x0A06 0x221B [0m
[37m[7.736][user]-[Debug]-[DjiUser_MonitorTask:808) 16691	    linker_task	0.600000 %. [0m
[37m[7.736][linker]-[Debug]-[DjiCommand_RecvWork:1066)  <0xa5e6>Receive msg from linker, 0x0300->0x0A06 0x221B len:9 [0m
[37m[7.736][linker]-[Debug]-[DjiCommand_DealCmd:919) received unsupport request cmd that noneed ack, <0xa5e6> cmdset: 0x22 cmdid: 0x1B [0m
[37m[7.746][linker]-[Debug]-[DjiProtocol_v1Unpack:215) <0x8ca6>V1-Recv: 0x0800->0x0A06 0x0866 [0m
[37m[7.747][linker]-[Debug]-[DjiCommand_RecvWork:1066)  <0x8ca6>Receive msg from linker, 0x0800->0x0A06 0x0866 len:16 [0m
[37m[7.747][linker]-[Debug]-[DjiCommand_DealCmd:919) received unsupport request cmd that noneed ack, <0x8ca6> cmdset: 0x08 cmdid: 0x66 [0m
[37m[7.754][linker]-[Debug]-[DjiProtocol_v1Unpack:215) <0xa60d>V1-Recv: 0x0306->0x0A06 0x03C1 [0m
[37m[7.754][user]-[Debug]-[DjiUser_MonitorTask:808) 16694	    linker_task	0.000000 %. [0m
[37m[7.754][linker]-[Debug]-[DjiCommand_RecvWork:1066)  <0xa60d>Receive msg from linker, 0x0306->0x0A06 0x03C1 len:13 [0m
[37m[7.773][user]-[Debug]-[DjiUser_MonitorTask:808) 16696	user_subscripti	0.000000 %. [0m
[37m[7.778][linker]-[Debug]-[DjiProtocol_v1Unpack:215) <0xa630>V1-Recv: 0x0300->0x0A06 0x036C [0m
[37m[7.778][linker]-[Debug]-[DjiCommand_RecvWork:1066)  <0xa630>Receive msg from linker, 0x0300->0x0A06 0x036C len:71 [0m
[37m[7.779][linker]-[Debug]-[DjiCommand_DealCmd:919) received unsupport request cmd that noneed ack, <0xa630> cmdset: 0x03 cmdid: 0x6C [0m
[37m[7.792][user]-[Debug]-[DjiUser_MonitorTask:808) 16699	   upgrade_task	0.000000 %. [0m
[37m[7.797][linker]-[Debug]-[DjiProtocol_v1Unpack:215) <0xa65b>V1-Recv: 0x0300->0x0A06 0x4900 [0m
[37m[7.798][linker]-[Debug]-[DjiCommand_RecvWork:1066)  <0xa65b>Receive msg from linker, 0x0300->0x0A06 0x4900 len:14 [0m
[37m[7.798][linker]-[Debug]-[DjiProtocol_v1Pack:123) <0xa65b>V1-Send: 0x0A06->0x0300 0x4900 [0m
[37m[7.812][user]-[Debug]-[DjiUser_MonitorTask:808) 16700	enter_upgrade_m	0.000000 %. [0m
[37m[7.831][user]-[Debug]-[DjiUser_MonitorTask:808) 16701	   monitor task	0.000000 %. [0m
[37m[7.835][user]-[Debug]-[DjiUser_MonitorTask:812) heap used: 180224 B. [0m
[37m[7.835][linker]-[Debug]-[DjiProtocol_v1Unpack:215) <0xa69d>V1-Recv: 0x0300->0x0A06 0x221B [0m
[37m[7.836][linker]-[Debug]-[DjiCommand_RecvWork:1066)  <0xa69d>Receive msg from linker, 0x0300->0x0A06 0x221B len:9 [0m
[37m[7.836][linker]-[Debug]-[DjiCommand_DealCmd:919) received unsupport request cmd that noneed ack, <0xa69d> cmdset: 0x22 cmdid: 0x1B [0m
[37m[7.838][user]-[Debug]-[DjiUser_MonitorTask:813) stack used: 20480 B. [0m
[37m[7.854][linker]-[Debug]-[DjiProtocol_v1Unpack:215) <0xa6be>V1-Recv: 0x0306->0x0A06 0x03C1 [0m
[37m[7.854][linker]-[Debug]-[DjiCommand_RecvWork:1066)  <0xa6be>Receive msg from linker, 0x0306->0x0A06 0x03C1 len:13 [0m
[37m[7.872][linker]-[Debug]-[DjiProtocol_v1Pack:123) <0xfd43>V1-Send: 0x0A06->0x0200 0x3C10 [0m
[37m[7.872][linker]-[Debug]-[DjiProtocol_v1Pack:123) <0xfd44>V1-Send: 0x0A06->0x0A01 0x3C10 [0m
[37m[7.872][linker]-[Debug]-[DjiProtocol_v1Pack:123) <0xfd45>V1-Send: 0x0A06->0x0300 0x3C10 [0m
[37m[7.878][linker]-[Debug]-[DjiProtocol_v1Unpack:215) <0xa6df>V1-Recv: 0x0300->0x0A06 0x036C [0m
[37m[7.879][linker]-[Debug]-[DjiCommand_RecvWork:1066)  <0xa6df>Receive msg from linker, 0x0300->0x0A06 0x036C len:71 [0m
[37m[7.879][linker]-[Debug]-[DjiCommand_DealCmd:919) received unsupport request cmd that noneed ack, <0xa6df> cmdset: 0x03 cmdid: 0x6C [0m
[37m[7.899][linker]-[Debug]-[DjiProtocol_v1Unpack:215) <0xa70a>V1-Recv: 0x0300->0x0A06 0x0F74 [0m
[37m[7.899][linker]-[Debug]-[DjiProtocol_v1Unpack:215) <0x9f36>V1-Recv: 0x0A01->0x0A06 0x3C45 [0m
[37m[7.899][linker]-[Debug]-[DjiProtocol_v1Unpack:215) <0xa70f>V1-Recv: 0x0300->0x0100 0x0406 [0m
[37m[7.899][linker]-[Debug]-[DjiProtocol_v1Unpack:215) <0xa710>V1-Recv: 0x0300->0x0100 0x0407 [0m
[37m[7.899][linker]-[Debug]-[DjiProtocol_v1Unpack:215) <0xa711>V1-Recv: 0x0300->0x0A06 0x4900 [0m
[37m[7.900][linker]-[Debug]-[DjiCommand_RecvWork:1066)  <0xa70a>Receive msg from linker, 0x0300->0x0A06 0x0F74 len:28 [0m
[37m[7.900][linker]-[Debug]-[DjiCommand_DealCmd:919) received unsupport request cmd that noneed ack, <0xa70a> cmdset: 0x0F cmdid: 0x74 [0m
[37m[7.901][linker]-[Debug]-[DjiCommand_RecvWork:1066)  <0x9f36>Receive msg from linker, 0x0A01->0x0A06 0x3C45 len:0 [0m
[37m[7.901][upgrade]-[Debug]-[DjiUpgrade_GetUpgradeServiceInfo:239) Get upgrade service info [0m
[37m[7.901][linker]-[Debug]-[DjiProtocol_v1Pack:123) <0x9f36>V1-Send: 0x0A06->0x0A01 0x3C45 [0m
[37m[7.902][linker]-[Debug]-[DjiCommand_RecvWork:1066)  <0xa70f>Receive msg from linker, 0x0300->0x0100 0x0406 len:12 [0m
[37m[7.902][linker]-[Debug]-[DjiCommand_DealCmd:919) received unsupport request cmd that noneed ack, <0xa70f> cmdset: 0x04 cmdid: 0x06 [0m
[37m[7.903][linker]-[Debug]-[DjiCommand_RecvWork:1066)  <0xa710>Receive msg from linker, 0x0300->0x0100 0x0407 len:1 [0m
[37m[7.903][linker]-[Debug]-[DjiCommand_DealCmd:919) received unsupport request cmd that noneed ack, <0xa710> cmdset: 0x04 cmdid: 0x07 [0m
[37m[7.904][linker]-[Debug]-[DjiCommand_RecvWork:1066)  <0xa711>Receive msg from linker, 0x0300->0x0A06 0x4900 len:14 [0m
[37m[7.905][linker]-[Debug]-[DjiProtocol_v1Pack:123) <0xa711>V1-Send: 0x0A06->0x0300 0x4900 [0m
[37m[7.935][linker]-[Debug]-[DjiProtocol_v1Unpack:215) <0xa75b>V1-Recv: 0x0300->0x0A06 0x221B [0m
[37m[7.936][linker]-[Debug]-[DjiCommand_RecvWork:1066)  <0xa75b>Receive msg from linker, 0x0300->0x0A06 0x221B len:9 [0m
[37m[7.936][linker]-[Debug]-[DjiCommand_DealCmd:919) received unsupport request cmd that noneed ack, <0xa75b> cmdset: 0x22 cmdid: 0x1B [0m
[37m[7.953][linker]-[Debug]-[DjiProtocol_v1Unpack:215) <0xa77c>V1-Recv: 0x0306->0x0A06 0x03C1 [0m
[37m[7.954][linker]-[Debug]-[DjiCommand_RecvWork:1066)  <0xa77c>Receive msg from linker, 0x0306->0x0A06 0x03C1 len:13 [0m
[37m[7.978][linker]-[Debug]-[DjiProtocol_v1Unpack:215) <0xa79f>V1-Recv: 0x0300->0x0A06 0x036C [0m
[37m[7.978][linker]-[Debug]-[DjiCommand_RecvWork:1066)  <0xa79f>Receive msg from linker, 0x0300->0x0A06 0x036C len:71 [0m
[37m[7.978][linker]-[Debug]-[DjiCommand_DealCmd:919) received unsupport request cmd that noneed ack, <0xa79f> cmdset: 0x03 cmdid: 0x6C [0m
[37m[7.997][linker]-[Debug]-[DjiProtocol_v1Unpack:215) <0x8ca7>V1-Recv: 0x0800->0x0A06 0x0866 [0m
[37m[7.997][linker]-[Debug]-[DjiProtocol_v1Unpack:215) <0xa7d6>V1-Recv: 0x0300->0x0A06 0x4900 [0m
[37m[7.997][linker]-[Debug]-[DjiCommand_RecvWork:1066)  <0x8ca7>Receive msg from linker, 0x0800->0x0A06 0x0866 len:16 [0m
[37m[7.997][linker]-[Debug]-[DjiCommand_DealCmd:919) received unsupport request cmd that noneed ack, <0x8ca7> cmdset: 0x08 cmdid: 0x66 [0m
[37m[7.999][linker]-[Debug]-[DjiCommand_RecvWork:1066)  <0xa7d6>Receive msg from linker, 0x0300->0x0A06 0x4900 len:14 [0m
[37m[7.999][linker]-[Debug]-[DjiProtocol_v1Pack:123) <0xa7d6>V1-Send: 0x0A06->0x0300 0x4900 [0m
[37m[8.035][linker]-[Debug]-[DjiProtocol_v1Unpack:215) <0xa817>V1-Recv: 0x0300->0x0A06 0x221B [0m
[37m[8.036][linker]-[Debug]-[DjiCommand_RecvWork:1066)  <0xa817>Receive msg from linker, 0x0300->0x0A06 0x221B len:9 [0m
[37m[8.036][linker]-[Debug]-[DjiCommand_DealCmd:919) received unsupport request cmd that noneed ack, <0xa817> cmdset: 0x22 cmdid: 0x1B [0m
[37m[8.054][linker]-[Debug]-[DjiProtocol_v1Unpack:215) <0xa838>V1-Recv: 0x0306->0x0A06 0x03C1 [0m
[37m[8.054][linker]-[Debug]-[DjiCommand_RecvWork:1066)  <0xa838>Receive msg from linker, 0x0306->0x0A06 0x03C1 len:13 [0m
[37m[8.078][linker]-[Debug]-[DjiProtocol_v1Unpack:215) <0xa856>V1-Recv: 0x0300->0x0A06 0x036C [0m
[37m[8.078][linker]-[Debug]-[DjiCommand_RecvWork:1066)  <0xa856>Receive msg from linker, 0x0300->0x0A06 0x036C len:71 [0m
[37m[8.078][linker]-[Debug]-[DjiCommand_DealCmd:919) received unsupport request cmd that noneed ack, <0xa856> cmdset: 0x03 cmdid: 0x6C [0m
[37m[8.086][linker]-[Debug]-[DjiProtocol_v1Pack:123) <0xfd46>V1-Send: 0x0A06->0x0300 0x0000 [0m
[37m[8.086][infor]-[Debug]-[DjiAircraftConnection_CheckExtensionPortConnectStatusByV1Protocol:170) check connect status:1 [0m
[37m[8.086][linker]-[Debug]-[DjiProtocol_v1Pack:123) <0xfd47>V1-Send: 0x0A06->0x0200 0x3C10 [0m
[37m[8.086][linker]-[Debug]-[DjiProtocol_v1Pack:123) <0xfd48>V1-Send: 0x0A06->0x0A01 0x3C10 [0m
[37m[8.086][linker]-[Debug]-[DjiProtocol_v1Pack:123) <0xfd49>V1-Send: 0x0A06->0x0300 0x3C10 [0m
[37m[8.095][linker]-[Debug]-[DjiProtocol_v1Unpack:215) <0xfd46>V1-Recv: 0x0300->0x0A06 0x0000 [0m
[37m[8.095][linker]-[Debug]-[DjiCommand_RecvWork:1066)  <0xfd46>Receive msg from linker, 0x0300->0x0A06 0x0000 len:0 [0m
[37m[8.095][infor]-[Debug]-[DjiAircraftInfo_CheckPingStatusAsyncCallback:269) connect status async sucess [0m
[37m[8.095][linker]-[Debug]-[DjiCommand_DealCmd:830) callback function (cmdset: 0x00 cmdid: 0x00) deal time: 0 ms [0m
[37m[8.098][linker]-[Debug]-[DjiProtocol_v1Unpack:215) <0xa883>V1-Recv: 0x0300->0x0A06 0x4900 [0m
[37m[8.099][linker]-[Debug]-[DjiCommand_RecvWork:1066)  <0xa883>Receive msg from linker, 0x0300->0x0A06 0x4900 len:14 [0m
[37m[8.099][linker]-[Debug]-[DjiProtocol_v1Pack:123) <0xa883>V1-Send: 0x0A06->0x0300 0x4900 [0m
[37m[8.120][linker]-[Debug]-[DjiProtocol_v1Unpack:215) <0x9f38>V1-Recv: 0x0A01->0x0A06 0x3C45 [0m
[37m[8.120][linker]-[Debug]-[DjiProtocol_v1Unpack:215) <0x9365>V1-Recv: 0x0202->0x0A06 0x3C3C [0m
[37m[8.120][linker]-[Debug]-[DjiProtocol_v1Unpack:215) <0x9366>V1-Recv: 0x0202->0x0A06 0x0051 [0m
[37m[8.120][linker]-[Debug]-[DjiCommand_RecvWork:1066)  <0x9f38>Receive msg from linker, 0x0A01->0x0A06 0x3C45 len:0 [0m
[37m[8.120][upgrade]-[Debug]-[DjiUpgrade_GetUpgradeServiceInfo:239) Get upgrade service info [0m
[37m[8.120][linker]-[Debug]-[DjiProtocol_v1Pack:123) <0x9f38>V1-Send: 0x0A06->0x0A01 0x3C45 [0m
[37m[8.121][linker]-[Debug]-[DjiCommand_RecvWork:1066)  <0x9365>Receive msg from linker, 0x0202->0x0A06 0x3C3C len:2 [0m
[32m[8.121][infor]-[Info]-[DjiAircraftInfo_NotifyMobileAppInfoHandle:715) Set mobile app info, language is Chinese, screen type is Big Screen [0m
[37m[8.121][linker]-[Debug]-[DjiProtocol_v1Pack:123) <0x9365>V1-Send: 0x0A06->0x0202 0x3C3C [0m
[37m[8.122][linker]-[Debug]-[DjiCommand_RecvWork:1066)  <0x9366>Receive msg from linker, 0x0202->0x0A06 0x0051 len:1 [0m
[37m[8.122][linker]-[Debug]-[DjiProtocol_v1Pack:123) <0x9366>V1-Send: 0x0A06->0x0202 0x0051 [0m
[37m[8.126][linker]-[Debug]-[DjiProtocol_v1Unpack:215) <0x9367>V1-Recv: 0x0202->0x0A06 0x3C50 [0m
[37m[8.127][linker]-[Debug]-[DjiProtocol_v1Pack:123) <0xfd4a>V1-Send: 0x0A06->0x1D01 0x00F0 [0m
[37m[8.127][linker]-[Debug]-[DjiCommand_RecvWork:1066)  <0x9367>Receive msg from linker, 0x0202->0x0A06 0x3C50 len:0 [0m
[37m[8.127][core]-[Debug]-[DjiApplicationReadyState_GetPayloadCapabilitySetHandle:303) Get payload capability set handle, ver: 1, support: 0 0 0 0 [0m
[37m[8.127][linker]-[Debug]-[DjiProtocol_v1Pack:123) <0x9367>V1-Send: 0x0A06->0x0202 0x3C50 [0m
[37m[8.136][linker]-[Debug]-[DjiProtocol_v1Unpack:215) <0xa8c8>V1-Recv: 0x0300->0x0A06 0x221B [0m
[37m[8.136][linker]-[Debug]-[DjiCommand_RecvWork:1066)  <0xa8c8>Receive msg from linker, 0x0300->0x0A06 0x221B len:9 [0m
[37m[8.136][linker]-[Debug]-[DjiCommand_DealCmd:919) received unsupport request cmd that noneed ack, <0xa8c8> cmdset: 0x22 cmdid: 0x1B [0m
[37m[8.154][linker]-[Debug]-[DjiProtocol_v1Unpack:215) <0xa8e9>V1-Recv: 0x0306->0x0A06 0x03C1 [0m
[37m[8.155][linker]-[Debug]-[DjiCommand_RecvWork:1066)  <0xa8e9>Receive msg from linker, 0x0306->0x0A06 0x03C1 len:13 [0m
[37m[8.180][linker]-[Debug]-[DjiProtocol_v1Unpack:215) <0xa90d>V1-Recv: 0x0300->0x0A06 0x036C [0m
[37m[8.180][linker]-[Debug]-[DjiProtocol_v1Unpack:215) <0x9369>V1-Recv: 0x0202->0x0A06 0x0026 [0m
[37m[8.180][linker]-[Debug]-[DjiCommand_RecvWork:1066)  <0xa90d>Receive msg from linker, 0x0300->0x0A06 0x036C len:71 [0m
[37m[8.180][linker]-[Debug]-[DjiCommand_DealCmd:919) received unsupport request cmd that noneed ack, <0xa90d> cmdset: 0x03 cmdid: 0x6C [0m
[37m[8.182][linker]-[Debug]-[DjiCommand_RecvWork:1066)  <0x9369>Receive msg from linker, 0x0202->0x0A06 0x0026 len:37 [0m
[37m[8.182][linker]-[Debug]-[DjiCommand_DealCmd:919) received unsupport request cmd that need ack, <0x9369> cmdset: 0x00 cmdid: 0x26 [0m
[37m[8.197][linker]-[Debug]-[DjiProtocol_v1Unpack:215) <0xa939>V1-Recv: 0x0300->0x0A06 0x4900 [0m
[37m[8.198][linker]-[Debug]-[DjiCommand_RecvWork:1066)  <0xa939>Receive msg from linker, 0x0300->0x0A06 0x4900 len:14 [0m
[37m[8.198][linker]-[Debug]-[DjiProtocol_v1Pack:123) <0xa939>V1-Send: 0x0A06->0x0300 0x4900 [0m
[37m[8.235][linker]-[Debug]-[DjiProtocol_v1Unpack:215) <0xa97b>V1-Recv: 0x0300->0x0A06 0x221B [0m
[37m[8.236][linker]-[Debug]-[DjiCommand_RecvWork:1066)  <0xa97b>Receive msg from linker, 0x0300->0x0A06 0x221B len:9 [0m
[37m[8.236][linker]-[Debug]-[DjiCommand_DealCmd:919) received unsupport request cmd that noneed ack, <0xa97b> cmdset: 0x22 cmdid: 0x1B [0m
[37m[8.246][linker]-[Debug]-[DjiProtocol_v1Unpack:215) <0x8ca8>V1-Recv: 0x0800->0x0A06 0x0866 [0m
[37m[8.247][linker]-[Debug]-[DjiCommand_RecvWork:1066)  <0x8ca8>Receive msg from linker, 0x0800->0x0A06 0x0866 len:16 [0m
[37m[8.247][linker]-[Debug]-[DjiCommand_DealCmd:919) received unsupport request cmd that noneed ack, <0x8ca8> cmdset: 0x08 cmdid: 0x66 [0m
[37m[8.253][linker]-[Debug]-[DjiProtocol_v1Unpack:215) <0xa99c>V1-Recv: 0x0306->0x0A06 0x03C1 [0m
[37m[8.254][linker]-[Debug]-[DjiCommand_RecvWork:1066)  <0xa99c>Receive msg from linker, 0x0306->0x0A06 0x03C1 len:13 [0m
[37m[8.278][linker]-[Debug]-[DjiProtocol_v1Unpack:215) <0xa9ba>V1-Recv: 0x0300->0x0A06 0x036C [0m
[37m[8.278][linker]-[Debug]-[DjiCommand_RecvWork:1066)  <0xa9ba>Receive msg from linker, 0x0300->0x0A06 0x036C len:71 [0m
[37m[8.278][linker]-[Debug]-[DjiCommand_DealCmd:919) received unsupport request cmd that noneed ack, <0xa9ba> cmdset: 0x03 cmdid: 0x6C [0m
[37m[8.298][linker]-[Debug]-[DjiProtocol_v1Unpack:215) <0xa9e5>V1-Recv: 0x0300->0x0A06 0x4900 [0m
[37m[8.298][linker]-[Debug]-[DjiCommand_RecvWork:1066)  <0xa9e5>Receive msg from linker, 0x0300->0x0A06 0x4900 len:14 [0m
[37m[8.298][linker]-[Debug]-[DjiProtocol_v1Pack:123) <0xa9e5>V1-Send: 0x0A06->0x0300 0x4900 [0m
[37m[8.300][linker]-[Debug]-[DjiProtocol_v1Pack:123) <0xfd4b>V1-Send: 0x0A06->0x0200 0x3C10 [0m
[37m[8.300][linker]-[Debug]-[DjiProtocol_v1Pack:123) <0xfd4c>V1-Send: 0x0A06->0x0A01 0x3C10 [0m
[37m[8.300][linker]-[Debug]-[DjiProtocol_v1Pack:123) <0xfd4d>V1-Send: 0x0A06->0x0300 0x3C10 [0m
[37m[8.318][linker]-[Debug]-[DjiProtocol_v1Unpack:215) <0x9f39>V1-Recv: 0x0A01->0x0A06 0x3C45 [0m
[37m[8.318][linker]-[Debug]-[DjiCommand_RecvWork:1066)  <0x9f39>Receive msg from linker, 0x0A01->0x0A06 0x3C45 len:0 [0m
[37m[8.318][upgrade]-[Debug]-[DjiUpgrade_GetUpgradeServiceInfo:239) Get upgrade service info [0m
[37m[8.318][linker]-[Debug]-[DjiProtocol_v1Pack:123) <0x9f39>V1-Send: 0x0A06->0x0A01 0x3C45 [0m
[37m[8.335][linker]-[Debug]-[DjiProtocol_v1Unpack:215) <0xaa2e>V1-Recv: 0x0300->0x0A06 0x221B [0m
[37m[8.335][linker]-[Debug]-[DjiCommand_RecvWork:1066)  <0xaa2e>Receive msg from linker, 0x0300->0x0A06 0x221B len:9 [0m
[37m[8.335][linker]-[Debug]-[DjiCommand_DealCmd:919) received unsupport request cmd that noneed ack, <0xaa2e> cmdset: 0x22 cmdid: 0x1B [0m
[37m[8.354][linker]-[Debug]-[DjiProtocol_v1Unpack:215) <0xaa54>V1-Recv: 0x0306->0x0A06 0x03C1 [0m
[37m[8.355][linker]-[Debug]-[DjiCommand_RecvWork:1066)  <0xaa54>Receive msg from linker, 0x0306->0x0A06 0x03C1 len:13 [0m
[37m[8.377][linker]-[Debug]-[DjiProtocol_v1Unpack:215) <0xaa77>V1-Recv: 0x0300->0x0A06 0x036C [0m
[37m[8.378][linker]-[Debug]-[DjiCommand_RecvWork:1066)  <0xaa77>Receive msg from linker, 0x0300->0x0A06 0x036C len:71 [0m
[37m[8.378][linker]-[Debug]-[DjiCommand_DealCmd:919) received unsupport request cmd that noneed ack, <0xaa77> cmdset: 0x03 cmdid: 0x6C [0m
[37m[8.398][linker]-[Debug]-[DjiProtocol_v1Unpack:215) <0xaaa0>V1-Recv: 0x0300->0x0100 0x0405 [0m
[37m[8.398][linker]-[Debug]-[DjiProtocol_v1Unpack:215) <0xaaa1>V1-Recv: 0x0300->0x0A06 0x4900 [0m
[37m[8.398][linker]-[Debug]-[DjiCommand_RecvWork:1066)  <0xaaa0>Receive msg from linker, 0x0300->0x0100 0x0405 len:22 [0m
[37m[8.398][linker]-[Debug]-[DjiCommand_DealCmd:919) received unsupport request cmd that noneed ack, <0xaaa0> cmdset: 0x04 cmdid: 0x05 [0m
[37m[8.399][linker]-[Debug]-[DjiCommand_RecvWork:1066)  <0xaaa1>Receive msg from linker, 0x0300->0x0A06 0x4900 len:14 [0m
[37m[8.399][linker]-[Debug]-[DjiProtocol_v1Pack:123) <0xaaa1>V1-Send: 0x0A06->0x0300 0x4900 [0m
[37m[8.435][linker]-[Debug]-[DjiProtocol_v1Unpack:215) <0xaae6>V1-Recv: 0x0300->0x0A06 0x221B [0m
[37m[8.436][linker]-[Debug]-[DjiCommand_RecvWork:1066)  <0xaae6>Receive msg from linker, 0x0300->0x0A06 0x221B len:9 [0m
[37m[8.436][linker]-[Debug]-[DjiCommand_DealCmd:919) received unsupport request cmd that noneed ack, <0xaae6> cmdset: 0x22 cmdid: 0x1B [0m
[37m[8.453][linker]-[Debug]-[DjiProtocol_v1Unpack:215) <0xab0a>V1-Recv: 0x0306->0x0A06 0x03C1 [0m
[37m[8.454][linker]-[Debug]-[DjiCommand_RecvWork:1066)  <0xab0a>Receive msg from linker, 0x0306->0x0A06 0x03C1 len:13 [0m
[37m[8.478][linker]-[Debug]-[DjiProtocol_v1Unpack:215) <0xab2e>V1-Recv: 0x0300->0x0A06 0x036C [0m
[37m[8.478][linker]-[Debug]-[DjiCommand_RecvWork:1066)  <0xab2e>Receive msg from linker, 0x0300->0x0A06 0x036C len:71 [0m
[37m[8.478][linker]-[Debug]-[DjiCommand_DealCmd:919) received unsupport request cmd that noneed ack, <0xab2e> cmdset: 0x03 cmdid: 0x6C [0m
[37m[8.497][linker]-[Debug]-[DjiProtocol_v1Unpack:215) <0x8ca9>V1-Recv: 0x0800->0x0A06 0x0866 [0m
[37m[8.497][linker]-[Debug]-[DjiCommand_RecvWork:1066)  <0x8ca9>Receive msg from linker, 0x0800->0x0A06 0x0866 len:16 [0m
[37m[8.497][linker]-[Debug]-[DjiCommand_DealCmd:919) received unsupport request cmd that noneed ack, <0x8ca9> cmdset: 0x08 cmdid: 0x66 [0m
[37m[8.498][linker]-[Debug]-[DjiProtocol_v1Unpack:215) <0xab61>V1-Recv: 0x0300->0x0A06 0x4900 [0m
[37m[8.498][linker]-[Debug]-[DjiCommand_RecvWork:1066)  <0xab61>Receive msg from linker, 0x0300->0x0A06 0x4900 len:14 [0m
[37m[8.498][linker]-[Debug]-[DjiProtocol_v1Pack:123) <0xab61>V1-Send: 0x0A06->0x0300 0x4900 [0m
[37m[8.513][linker]-[Debug]-[DjiProtocol_v1Pack:123) <0xfd4e>V1-Send: 0x0A06->0x0200 0x3C10 [0m
[37m[8.513][linker]-[Debug]-[DjiProtocol_v1Pack:123) <0xfd4f>V1-Send: 0x0A06->0x0A01 0x3C10 [0m
[37m[8.513][linker]-[Debug]-[DjiProtocol_v1Pack:123) <0xfd50>V1-Send: 0x0A06->0x0300 0x3C10 [0m
[37m[8.519][linker]-[Debug]-[DjiProtocol_v1Unpack:215) <0xab7f>V1-Recv: 0x0306->0x0A06 0x03C1 [0m
[37m[8.520][linker]-[Debug]-[DjiCommand_RecvWork:1066)  <0xab7f>Receive msg from linker, 0x0306->0x0A06 0x03C1 len:126 [0m
[37m[8.536][linker]-[Debug]-[DjiProtocol_v1Unpack:215) <0xabb5>V1-Recv: 0x0300->0x0A06 0x221B [0m
[37m[8.536][linker]-[Debug]-[DjiProtocol_v1Unpack:215) <0x9f3a>V1-Recv: 0x0A01->0x0A06 0x3C45 [0m
[37m[8.537][linker]-[Debug]-[DjiCommand_RecvWork:1066)  <0xabb5>Receive msg from linker, 0x0300->0x0A06 0x221B len:9 [0m
[37m[8.537][linker]-[Debug]-[DjiCommand_DealCmd:919) received unsupport request cmd that noneed ack, <0xabb5> cmdset: 0x22 cmdid: 0x1B [0m
[37m[8.538][linker]-[Debug]-[DjiCommand_RecvWork:1066)  <0x9f3a>Receive msg from linker, 0x0A01->0x0A06 0x3C45 len:0 [0m
[37m[8.538][upgrade]-[Debug]-[DjiUpgrade_GetUpgradeServiceInfo:239) Get upgrade service info [0m
[37m[8.538][linker]-[Debug]-[DjiProtocol_v1Pack:123) <0x9f3a>V1-Send: 0x0A06->0x0A01 0x3C45 [0m
[37m[8.554][linker]-[Debug]-[DjiProtocol_v1Unpack:215) <0xabda>V1-Recv: 0x0306->0x0A06 0x03C1 [0m
[37m[8.555][linker]-[Debug]-[DjiCommand_RecvWork:1066)  <0xabda>Receive msg from linker, 0x0306->0x0A06 0x03C1 len:13 [0m
[32m[8.556][user]-[Info]-[UserFcSubscription_Task:456) Current speed: 0.000000.
 [0m
[32m[8.556][user]-[Info]-[UserFcSubscription_Task:656) Displaymode status: 6. [0m
[37m[8.566][utils]-[Debug]-[DjiCore_RootTask:131) work execution time: [0m
[37m[8.566][utils]-[Debug]-[DjiCore_RootTask:132) name	                execution time (ms)	  max execution time (ms) [0m
[37m[8.566][utils]-[Debug]-[DjiCore_RootTask:134) recorderWork                    	0       	1        [0m
[37m[8.566][utils]-[Debug]-[DjiCore_RootTask:134) flowControllerTask              	0       	0        [0m
[37m[8.566][utils]-[Debug]-[DjiCore_RootTask:134) commandTask                     	1       	1        [0m
[37m[8.566][utils]-[Debug]-[DjiCore_RootTask:134) aircraftWorkNode                	0       	0        [0m
[37m[8.566][utils]-[Debug]-[DjiCore_RootTask:134) StatePushWork                   	1       	1        [0m
[37m[8.578][linker]-[Debug]-[DjiProtocol_v1Unpack:215) <0xabff>V1-Recv: 0x0300->0x0A06 0x036C [0m
[37m[8.579][linker]-[Debug]-[DjiCommand_RecvWork:1066)  <0xabff>Receive msg from linker, 0x0300->0x0A06 0x036C len:71 [0m
[37m[8.579][linker]-[Debug]-[DjiCommand_DealCmd:919) received unsupport request cmd that noneed ack, <0xabff> cmdset: 0x03 cmdid: 0x6C [0m
[37m[8.597][linker]-[Debug]-[DjiProtocol_v1Unpack:215) <0xac2c>V1-Recv: 0x0300->0x0A06 0x4900 [0m
[37m[8.598][linker]-[Debug]-[DjiCommand_RecvWork:1066)  <0xac2c>Receive msg from linker, 0x0300->0x0A06 0x4900 len:14 [0m
[37m[8.598][linker]-[Debug]-[DjiProtocol_v1Pack:123) <0xac2c>V1-Send: 0x0A06->0x0300 0x4900 [0m
[37m[8.611][linker]-[Debug]-[DjiProtocol_v1Unpack:215) <0x7c0>V1-Recv: 0x0701->0x0A06 0x0000 [0m
[37m[8.612][linker]-[Debug]-[DjiCommand_RecvWork:1066)  <0x7c0>Receive msg from linker, 0x0701->0x0A06 0x0000 len:16 [0m
[37m[8.612][linker]-[Debug]-[DjiProtocol_v1Pack:123) <0x7c0>V1-Send: 0x0A06->0x0701 0x0000 [0m
[37m[8.635][linker]-[Debug]-[DjiProtocol_v1Unpack:215) <0xac6e>V1-Recv: 0x0300->0x0A06 0x221B [0m
[37m[8.636][linker]-[Debug]-[DjiCommand_RecvWork:1066)  <0xac6e>Receive msg from linker, 0x0300->0x0A06 0x221B len:9 [0m
[37m[8.636][linker]-[Debug]-[DjiCommand_DealCmd:919) received unsupport request cmd that noneed ack, <0xac6e> cmdset: 0x22 cmdid: 0x1B [0m
[37m[8.654][linker]-[Debug]-[DjiProtocol_v1Unpack:215) <0xac8f>V1-Recv: 0x0306->0x0A06 0x03C1 [0m
[37m[8.654][linker]-[Debug]-[DjiCommand_RecvWork:1066)  <0xac8f>Receive msg from linker, 0x0306->0x0A06 0x03C1 len:13 [0m
[37m[8.673][linker]-[Debug]-[DjiProtocol_v1Unpack:215) <0x3a74>V1-Recv: 0x1D07->0x0A06 0x2105 [0m
[37m[8.673][linker]-[Debug]-[DjiCommand_RecvWork:1066)  <0x3a74>Receive msg from linker, 0x1D07->0x0A06 0x2105 len:1 [0m
[37m[8.673][linker]-[Debug]-[DjiCommand_DealCmd:919) received unsupport request cmd that need ack, <0x3a74> cmdset: 0x21 cmdid: 0x05 [0m
[37m[8.678][linker]-[Debug]-[DjiProtocol_v1Unpack:215) <0xacae>V1-Recv: 0x0300->0x0A06 0x036C [0m
[37m[8.679][linker]-[Debug]-[DjiCommand_RecvWork:1066)  <0xacae>Receive msg from linker, 0x0300->0x0A06 0x036C len:71 [0m
[37m[8.679][linker]-[Debug]-[DjiCommand_DealCmd:919) received unsupport request cmd that noneed ack, <0xacae> cmdset: 0x03 cmdid: 0x6C [0m
[37m[8.697][linker]-[Debug]-[DjiProtocol_v1Unpack:215) <0xacd7>V1-Recv: 0x0300->0x0A06 0x4900 [0m
[37m[8.698][linker]-[Debug]-[DjiCommand_RecvWork:1066)  <0xacd7>Receive msg from linker, 0x0300->0x0A06 0x4900 len:14 [0m
[37m[8.698][linker]-[Debug]-[DjiProtocol_v1Pack:123) <0xacd7>V1-Send: 0x0A06->0x0300 0x4900 [0m
[37m[8.727][linker]-[Debug]-[DjiProtocol_v1Pack:123) <0xfd51>V1-Send: 0x0A06->0x0200 0x3C10 [0m
[37m[8.727][linker]-[Debug]-[DjiProtocol_v1Pack:123) <0xfd52>V1-Send: 0x0A06->0x0A01 0x3C10 [0m
[37m[8.727][linker]-[Debug]-[DjiProtocol_v1Pack:123) <0xfd53>V1-Send: 0x0A06->0x0300 0x3C10 [0m
[37m[8.736][linker]-[Debug]-[DjiProtocol_v1Unpack:215) <0xad1c>V1-Recv: 0x0300->0x0A06 0x221B [0m
[37m[8.736][linker]-[Debug]-[DjiCommand_RecvWork:1066)  <0xad1c>Receive msg from linker, 0x0300->0x0A06 0x221B len:9 [0m
[37m[8.736][linker]-[Debug]-[DjiCommand_DealCmd:919) received unsupport request cmd that noneed ack, <0xad1c> cmdset: 0x22 cmdid: 0x1B [0m
[37m[8.746][linker]-[Debug]-[DjiProtocol_v1Unpack:215) <0x8caa>V1-Recv: 0x0800->0x0A06 0x0866 [0m
[37m[8.747][linker]-[Debug]-[DjiCommand_RecvWork:1066)  <0x8caa>Receive msg from linker, 0x0800->0x0A06 0x0866 len:16 [0m
[37m[8.747][linker]-[Debug]-[DjiCommand_DealCmd:919) received unsupport request cmd that noneed ack, <0x8caa> cmdset: 0x08 cmdid: 0x66 [0m
[37m[8.754][linker]-[Debug]-[DjiProtocol_v1Unpack:215) <0xad44>V1-Recv: 0x0306->0x0A06 0x03C1 [0m
[37m[8.755][linker]-[Debug]-[DjiCommand_RecvWork:1066)  <0xad44>Receive msg from linker, 0x0306->0x0A06 0x03C1 len:13 [0m
[37m[8.758][linker]-[Debug]-[DjiProtocol_v1Unpack:215) <0x9f3b>V1-Recv: 0x0A01->0x0A06 0x3C45 [0m
[37m[8.759][linker]-[Debug]-[DjiCommand_RecvWork:1066)  <0x9f3b>Receive msg from linker, 0x0A01->0x0A06 0x3C45 len:0 [0m
[37m[8.759][upgrade]-[Debug]-[DjiUpgrade_GetUpgradeServiceInfo:239) Get upgrade service info [0m
[37m[8.759][linker]-[Debug]-[DjiProtocol_v1Pack:123) <0x9f3b>V1-Send: 0x0A06->0x0A01 0x3C45 [0m
[37m[8.778][linker]-[Debug]-[DjiProtocol_v1Unpack:215) <0xad69>V1-Recv: 0x0300->0x0A06 0x036C [0m
[37m[8.779][linker]-[Debug]-[DjiCommand_RecvWork:1066)  <0xad69>Receive msg from linker, 0x0300->0x0A06 0x036C len:71 [0m
[37m[8.779][linker]-[Debug]-[DjiCommand_DealCmd:919) received unsupport request cmd that noneed ack, <0xad69> cmdset: 0x03 cmdid: 0x6C [0m
[37m[8.797][linker]-[Debug]-[DjiProtocol_v1Unpack:215) <0xad94>V1-Recv: 0x0300->0x0A06 0x4900 [0m
[37m[8.797][linker]-[Debug]-[DjiCommand_RecvWork:1066)  <0xad94>Receive msg from linker, 0x0300->0x0A06 0x4900 len:14 [0m
[37m[8.797][linker]-[Debug]-[DjiProtocol_v1Pack:123) <0xad94>V1-Send: 0x0A06->0x0300 0x4900 [0m
[37m[8.835][linker]-[Debug]-[DjiProtocol_v1Unpack:215) <0xadd6>V1-Recv: 0x0300->0x0A06 0x221B [0m
[37m[8.836][linker]-[Debug]-[DjiCommand_RecvWork:1066)  <0xadd6>Receive msg from linker, 0x0300->0x0A06 0x221B len:9 [0m
[37m[8.836][linker]-[Debug]-[DjiCommand_DealCmd:919) received unsupport request cmd that noneed ack, <0xadd6> cmdset: 0x22 cmdid: 0x1B [0m
[37m[8.854][linker]-[Debug]-[DjiProtocol_v1Unpack:215) <0xadf7>V1-Recv: 0x0306->0x0A06 0x03C1 [0m
[37m[8.855][linker]-[Debug]-[DjiCommand_RecvWork:1066)  <0xadf7>Receive msg from linker, 0x0306->0x0A06 0x03C1 len:13 [0m
[37m[8.878][linker]-[Debug]-[DjiProtocol_v1Unpack:215) <0xae16>V1-Recv: 0x0300->0x0A06 0x036C [0m
[37m[8.879][linker]-[Debug]-[DjiCommand_RecvWork:1066)  <0xae16>Receive msg from linker, 0x0300->0x0A06 0x036C len:71 [0m
[37m[8.879][linker]-[Debug]-[DjiCommand_DealCmd:919) received unsupport request cmd that noneed ack, <0xae16> cmdset: 0x03 cmdid: 0x6C [0m
[37m[8.899][linker]-[Debug]-[DjiProtocol_v1Unpack:215) <0xae43>V1-Recv: 0x0300->0x0A06 0x0F74 [0m
[37m[8.899][linker]-[Debug]-[DjiProtocol_v1Unpack:215) <0xae49>V1-Recv: 0x0300->0x0100 0x0406 [0m
[37m[8.899][linker]-[Debug]-[DjiProtocol_v1Unpack:215) <0xae4a>V1-Recv: 0x0300->0x0100 0x0407 [0m
[37m[8.899][linker]-[Debug]-[DjiProtocol_v1Unpack:215) <0xae4b>V1-Recv: 0x0300->0x0A06 0x4900 [0m
[37m[8.900][linker]-[Debug]-[DjiCommand_RecvWork:1066)  <0xae43>Receive msg from linker, 0x0300->0x0A06 0x0F74 len:28 [0m
[37m[8.900][linker]-[Debug]-[DjiCommand_DealCmd:919) received unsupport request cmd that noneed ack, <0xae43> cmdset: 0x0F cmdid: 0x74 [0m
[37m[8.901][linker]-[Debug]-[DjiCommand_RecvWork:1066)  <0xae49>Receive msg from linker, 0x0300->0x0100 0x0406 len:12 [0m
[37m[8.901][linker]-[Debug]-[DjiCommand_DealCmd:919) received unsupport request cmd that noneed ack, <0xae49> cmdset: 0x04 cmdid: 0x06 [0m
[37m[8.902][linker]-[Debug]-[DjiCommand_RecvWork:1066)  <0xae4a>Receive msg from linker, 0x0300->0x0100 0x0407 len:1 [0m
[37m[8.902][linker]-[Debug]-[DjiCommand_DealCmd:919) received unsupport request cmd that noneed ack, <0xae4a> cmdset: 0x04 cmdid: 0x07 [0m
[37m[8.903][linker]-[Debug]-[DjiCommand_RecvWork:1066)  <0xae4b>Receive msg from linker, 0x0300->0x0A06 0x4900 len:14 [0m
[37m[8.903][linker]-[Debug]-[DjiProtocol_v1Pack:123) <0xae4b>V1-Send: 0x0A06->0x0300 0x4900 [0m
[37m[8.935][linker]-[Debug]-[DjiProtocol_v1Unpack:215) <0xae97>V1-Recv: 0x0300->0x0A06 0x221B [0m
[37m[8.935][linker]-[Debug]-[DjiCommand_RecvWork:1066)  <0xae97>Receive msg from linker, 0x0300->0x0A06 0x221B len:9 [0m
[37m[8.935][linker]-[Debug]-[DjiCommand_DealCmd:919) received unsupport request cmd that noneed ack, <0xae97> cmdset: 0x22 cmdid: 0x1B [0m
[37m[8.940][linker]-[Debug]-[DjiProtocol_v1Pack:123) <0xfd54>V1-Send: 0x0A06->0x0200 0x3C10 [0m
[37m[8.940][linker]-[Debug]-[DjiProtocol_v1Pack:123) <0xfd55>V1-Send: 0x0A06->0x0A01 0x3C10 [0m
[37m[8.940][linker]-[Debug]-[DjiProtocol_v1Pack:123) <0xfd56>V1-Send: 0x0A06->0x0300 0x3C10 [0m
[37m[8.954][linker]-[Debug]-[DjiProtocol_v1Unpack:215) <0xaeb8>V1-Recv: 0x0306->0x0A06 0x03C1 [0m
[37m[8.954][linker]-[Debug]-[DjiCommand_RecvWork:1066)  <0xaeb8>Receive msg from linker, 0x0306->0x0A06 0x03C1 len:13 [0m
[37m[8.958][linker]-[Debug]-[DjiProtocol_v1Unpack:215) <0x9f3d>V1-Recv: 0x0A01->0x0A06 0x3C45 [0m
[37m[8.959][linker]-[Debug]-[DjiCommand_RecvWork:1066)  <0x9f3d>Receive msg from linker, 0x0A01->0x0A06 0x3C45 len:0 [0m
[37m[8.959][upgrade]-[Debug]-[DjiUpgrade_GetUpgradeServiceInfo:239) Get upgrade service info [0m
[37m[8.959][linker]-[Debug]-[DjiProtocol_v1Pack:123) <0x9f3d>V1-Send: 0x0A06->0x0A01 0x3C45 [0m
[37m[8.977][linker]-[Debug]-[DjiProtocol_v1Unpack:215) <0xaedb>V1-Recv: 0x0300->0x0A06 0x036C [0m
[37m[8.978][linker]-[Debug]-[DjiCommand_RecvWork:1066)  <0xaedb>Receive msg from linker, 0x0300->0x0A06 0x036C len:71 [0m
[37m[8.978][linker]-[Debug]-[DjiCommand_DealCmd:919) received unsupport request cmd that noneed ack, <0xaedb> cmdset: 0x03 cmdid: 0x6C [0m
[37m[8.998][linker]-[Debug]-[DjiProtocol_v1Unpack:215) <0x8cab>V1-Recv: 0x0800->0x0A06 0x0866 [0m
[37m[8.998][linker]-[Debug]-[DjiProtocol_v1Unpack:215) <0xaf12>V1-Recv: 0x0300->0x0A06 0x4900 [0m
[37m[8.998][linker]-[Debug]-[DjiCommand_RecvWork:1066)  <0x8cab>Receive msg from linker, 0x0800->0x0A06 0x0866 len:16 [0m
[37m[8.998][linker]-[Debug]-[DjiCommand_DealCmd:919) received unsupport request cmd that noneed ack, <0x8cab> cmdset: 0x08 cmdid: 0x66 [0m
[37m[8.999][linker]-[Debug]-[DjiCommand_RecvWork:1066)  <0xaf12>Receive msg from linker, 0x0300->0x0A06 0x4900 len:14 [0m
[37m[8.999][linker]-[Debug]-[DjiProtocol_v1Pack:123) <0xaf12>V1-Send: 0x0A06->0x0300 0x4900 [0m
[37m[9.035][linker]-[Debug]-[DjiProtocol_v1Unpack:215) <0xaf53>V1-Recv: 0x0300->0x0A06 0x221B [0m
[37m[9.035][linker]-[Debug]-[DjiCommand_RecvWork:1066)  <0xaf53>Receive msg from linker, 0x0300->0x0A06 0x221B len:9 [0m
[37m[9.035][linker]-[Debug]-[DjiCommand_DealCmd:919) received unsupport request cmd that noneed ack, <0xaf53> cmdset: 0x22 cmdid: 0x1B [0m
[37m[9.054][linker]-[Debug]-[DjiProtocol_v1Unpack:215) <0xaf74>V1-Recv: 0x0306->0x0A06 0x03C1 [0m
[37m[9.055][linker]-[Debug]-[DjiCommand_RecvWork:1066)  <0xaf74>Receive msg from linker, 0x0306->0x0A06 0x03C1 len:13 [0m
[37m[9.078][linker]-[Debug]-[DjiProtocol_v1Unpack:215) <0xaf92>V1-Recv: 0x0300->0x0A06 0x036C [0m
[37m[9.079][linker]-[Debug]-[DjiCommand_RecvWork:1066)  <0xaf92>Receive msg from linker, 0x0300->0x0A06 0x036C len:71 [0m
[37m[9.079][linker]-[Debug]-[DjiCommand_DealCmd:919) received unsupport request cmd that noneed ack, <0xaf92> cmdset: 0x03 cmdid: 0x6C [0m
[37m[9.097][linker]-[Debug]-[DjiProtocol_v1Unpack:215) <0xafbe>V1-Recv: 0x0300->0x0A06 0x4900 [0m
[37m[9.098][linker]-[Debug]-[DjiCommand_RecvWork:1066)  <0xafbe>Receive msg from linker, 0x0300->0x0A06 0x4900 len:14 [0m
[37m[9.098][linker]-[Debug]-[DjiProtocol_v1Pack:123) <0xafbe>V1-Send: 0x0A06->0x0300 0x4900 [0m
[37m[9.136][linker]-[Debug]-[DjiProtocol_v1Unpack:215) <0xb004>V1-Recv: 0x0300->0x0A06 0x221B [0m
[37m[9.137][linker]-[Debug]-[DjiCommand_RecvWork:1066)  <0xb004>Receive msg from linker, 0x0300->0x0A06 0x221B len:9 [0m
[37m[9.137][linker]-[Debug]-[DjiCommand_DealCmd:919) received unsupport request cmd that noneed ack, <0xb004> cmdset: 0x22 cmdid: 0x1B [0m
[37m[9.154][linker]-[Debug]-[DjiProtocol_v1Pack:123) <0xfd57>V1-Send: 0x0A06->0x0300 0x0000 [0m
[37m[9.154][infor]-[Debug]-[DjiAircraftConnection_CheckExtensionPortConnectStatusByV1Protocol:170) check connect status:1 [0m
[37m[9.154][linker]-[Debug]-[DjiProtocol_v1Pack:123) <0xfd58>V1-Send: 0x0A06->0x0200 0x3C10 [0m
[37m[9.154][linker]-[Debug]-[DjiProtocol_v1Pack:123) <0xfd59>V1-Send: 0x0A06->0x0A01 0x3C10 [0m
[37m[9.154][linker]-[Debug]-[DjiProtocol_v1Pack:123) <0xfd5a>V1-Send: 0x0A06->0x0300 0x3C10 [0m
[37m[9.154][linker]-[Debug]-[DjiProtocol_v1Unpack:215) <0xb027>V1-Recv: 0x0306->0x0A06 0x03C1 [0m
[37m[9.155][linker]-[Debug]-[DjiCommand_RecvWork:1066)  <0xb027>Receive msg from linker, 0x0306->0x0A06 0x03C1 len:13 [0m
[37m[9.179][linker]-[Debug]-[DjiProtocol_v1Unpack:215) <0xfd57>V1-Recv: 0x0300->0x0A06 0x0000 [0m
[37m[9.179][linker]-[Debug]-[DjiProtocol_v1Unpack:215) <0xb04a>V1-Recv: 0x0300->0x0A06 0x036C [0m
[37m[9.179][linker]-[Debug]-[DjiProtocol_v1Unpack:215) <0x9f40>V1-Recv: 0x0A01->0x0A06 0x3C45 [0m
[37m[9.180][linker]-[Debug]-[DjiCommand_RecvWork:1066)  <0xfd57>Receive msg from linker, 0x0300->0x0A06 0x0000 len:0 [0m
[37m[9.180][infor]-[Debug]-[DjiAircraftInfo_CheckPingStatusAsyncCallback:269) connect status async sucess [0m
[37m[9.180][linker]-[Debug]-[DjiCommand_DealCmd:830) callback function (cmdset: 0x00 cmdid: 0x00) deal time: 0 ms [0m
[37m[9.181][linker]-[Debug]-[DjiCommand_RecvWork:1066)  <0xb04a>Receive msg from linker, 0x0300->0x0A06 0x036C len:71 [0m
[37m[9.181][linker]-[Debug]-[DjiCommand_DealCmd:919) received unsupport request cmd that noneed ack, <0xb04a> cmdset: 0x03 cmdid: 0x6C [0m
[37m[9.182][linker]-[Debug]-[DjiCommand_RecvWork:1066)  <0x9f40>Receive msg from linker, 0x0A01->0x0A06 0x3C45 len:0 [0m
[37m[9.182][upgrade]-[Debug]-[DjiUpgrade_GetUpgradeServiceInfo:239) Get upgrade service info [0m
[37m[9.182][linker]-[Debug]-[DjiProtocol_v1Pack:123) <0x9f40>V1-Send: 0x0A06->0x0A01 0x3C45 [0m
[37m[9.196][linker]-[Debug]-[DjiProtocol_v1Unpack:215) <0xb074>V1-Recv: 0x0300->0x0A06 0x4900 [0m
[37m[9.197][linker]-[Debug]-[DjiCommand_RecvWork:1066)  <0xb074>Receive msg from linker, 0x0300->0x0A06 0x4900 len:14 [0m
[37m[9.197][linker]-[Debug]-[DjiProtocol_v1Pack:123) <0xb074>V1-Send: 0x0A06->0x0300 0x4900 [0m
[37m[9.235][linker]-[Debug]-[DjiProtocol_v1Unpack:215) <0xb0b4>V1-Recv: 0x0300->0x0A06 0x221B [0m
[37m[9.235][linker]-[Debug]-[DjiCommand_RecvWork:1066)  <0xb0b4>Receive msg from linker, 0x0300->0x0A06 0x221B len:9 [0m
[37m[9.235][linker]-[Debug]-[DjiCommand_DealCmd:919) received unsupport request cmd that noneed ack, <0xb0b4> cmdset: 0x22 cmdid: 0x1B [0m
[37m[9.246][linker]-[Debug]-[DjiProtocol_v1Unpack:215) <0x8cac>V1-Recv: 0x0800->0x0A06 0x0866 [0m
[37m[9.247][linker]-[Debug]-[DjiCommand_RecvWork:1066)  <0x8cac>Receive msg from linker, 0x0800->0x0A06 0x0866 len:16 [0m
[37m[9.247][linker]-[Debug]-[DjiCommand_DealCmd:919) received unsupport request cmd that noneed ack, <0x8cac> cmdset: 0x08 cmdid: 0x66 [0m
[37m[9.254][linker]-[Debug]-[DjiProtocol_v1Unpack:215) <0xb0d5>V1-Recv: 0x0306->0x0A06 0x03C1 [0m
[37m[9.254][linker]-[Debug]-[DjiCommand_RecvWork:1066)  <0xb0d5>Receive msg from linker, 0x0306->0x0A06 0x03C1 len:13 [0m
[37m[9.278][linker]-[Debug]-[DjiProtocol_v1Unpack:215) <0xb0f4>V1-Recv: 0x0300->0x0A06 0x036C [0m
[37m[9.279][linker]-[Debug]-[DjiCommand_RecvWork:1066)  <0xb0f4>Receive msg from linker, 0x0300->0x0A06 0x036C len:71 [0m
[37m[9.279][linker]-[Debug]-[DjiCommand_DealCmd:919) received unsupport request cmd that noneed ack, <0xb0f4> cmdset: 0x03 cmdid: 0x6C [0m
[37m[9.297][linker]-[Debug]-[DjiProtocol_v1Unpack:215) <0xb11e>V1-Recv: 0x0300->0x0A06 0x4900 [0m
[37m[9.298][linker]-[Debug]-[DjiCommand_RecvWork:1066)  <0xb11e>Receive msg from linker, 0x0300->0x0A06 0x4900 len:14 [0m
[37m[9.298][linker]-[Debug]-[DjiProtocol_v1Pack:123) <0xb11e>V1-Send: 0x0A06->0x0300 0x4900 [0m
[37m[9.336][linker]-[Debug]-[DjiProtocol_v1Unpack:215) <0xb164>V1-Recv: 0x0300->0x0A06 0x221B [0m
[37m[9.336][linker]-[Debug]-[DjiCommand_RecvWork:1066)  <0xb164>Receive msg from linker, 0x0300->0x0A06 0x221B len:9 [0m
[37m[9.336][linker]-[Debug]-[DjiCommand_DealCmd:919) received unsupport request cmd that noneed ack, <0xb164> cmdset: 0x22 cmdid: 0x1B [0m
[37m[9.354][linker]-[Debug]-[DjiProtocol_v1Unpack:215) <0xb188>V1-Recv: 0x0306->0x0A06 0x03C1 [0m
[37m[9.354][linker]-[Debug]-[DjiCommand_RecvWork:1066)  <0xb188>Receive msg from linker, 0x0306->0x0A06 0x03C1 len:13 [0m
[37m[9.367][linker]-[Debug]-[DjiProtocol_v1Pack:123) <0xfd5b>V1-Send: 0x0A06->0x0200 0x3C10 [0m
[37m[9.367][linker]-[Debug]-[DjiProtocol_v1Pack:123) <0xfd5c>V1-Send: 0x0A06->0x0A01 0x3C10 [0m
[37m[9.367][linker]-[Debug]-[DjiProtocol_v1Pack:123) <0xfd5d>V1-Send: 0x0A06->0x0300 0x3C10 [0m
[37m[9.378][linker]-[Debug]-[DjiProtocol_v1Unpack:215) <0xb1aa>V1-Recv: 0x0300->0x0A06 0x036C [0m
[37m[9.379][linker]-[Debug]-[DjiCommand_RecvWork:1066)  <0xb1aa>Receive msg from linker, 0x0300->0x0A06 0x036C len:71 [0m
[37m[9.379][linker]-[Debug]-[DjiCommand_DealCmd:919) received unsupport request cmd that noneed ack, <0xb1aa> cmdset: 0x03 cmdid: 0x6C [0m
[37m[9.397][linker]-[Debug]-[DjiProtocol_v1Unpack:215) <0xb1d0>V1-Recv: 0x0300->0x0100 0x0405 [0m
[37m[9.397][linker]-[Debug]-[DjiProtocol_v1Unpack:215) <0xb1d4>V1-Recv: 0x0300->0x0A06 0x4900 [0m
[37m[9.398][linker]-[Debug]-[DjiCommand_RecvWork:1066)  <0xb1d0>Receive msg from linker, 0x0300->0x0100 0x0405 len:22 [0m
[37m[9.398][linker]-[Debug]-[DjiCommand_DealCmd:919) received unsupport request cmd that noneed ack, <0xb1d0> cmdset: 0x04 cmdid: 0x05 [0m
[37m[9.398][linker]-[Debug]-[DjiProtocol_v1Unpack:215) <0x9f41>V1-Recv: 0x0A01->0x0A06 0x3C45 [0m
[37m[9.399][linker]-[Debug]-[DjiCommand_RecvWork:1066)  <0xb1d4>Receive msg from linker, 0x0300->0x0A06 0x4900 len:14 [0m
[37m[9.399][linker]-[Debug]-[DjiProtocol_v1Pack:123) <0xb1d4>V1-Send: 0x0A06->0x0300 0x4900 [0m
[37m[9.400][linker]-[Debug]-[DjiCommand_RecvWork:1066)  <0x9f41>Receive msg from linker, 0x0A01->0x0A06 0x3C45 len:0 [0m
[37m[9.400][upgrade]-[Debug]-[DjiUpgrade_GetUpgradeServiceInfo:239) Get upgrade service info [0m
[37m[9.400][linker]-[Debug]-[DjiProtocol_v1Pack:123) <0x9f41>V1-Send: 0x0A06->0x0A01 0x3C45 [0m
[37m[9.435][linker]-[Debug]-[DjiProtocol_v1Unpack:215) <0xb215>V1-Recv: 0x0300->0x0A06 0x221B [0m
[37m[9.436][linker]-[Debug]-[DjiCommand_RecvWork:1066)  <0xb215>Receive msg from linker, 0x0300->0x0A06 0x221B len:9 [0m
[37m[9.436][linker]-[Debug]-[DjiCommand_DealCmd:919) received unsupport request cmd that noneed ack, <0xb215> cmdset: 0x22 cmdid: 0x1B [0m
[37m[9.453][linker]-[Debug]-[DjiProtocol_v1Unpack:215) <0xb23c>V1-Recv: 0x0306->0x0A06 0x03C1 [0m
[37m[9.454][linker]-[Debug]-[DjiCommand_RecvWork:1066)  <0xb23c>Receive msg from linker, 0x0306->0x0A06 0x03C1 len:13 [0m
[37m[9.478][linker]-[Debug]-[DjiProtocol_v1Unpack:215) <0xb260>V1-Recv: 0x0300->0x0A06 0x036C [0m
[37m[9.479][linker]-[Debug]-[DjiCommand_RecvWork:1066)  <0xb260>Receive msg from linker, 0x0300->0x0A06 0x036C len:71 [0m
[37m[9.479][linker]-[Debug]-[DjiCommand_DealCmd:919) received unsupport request cmd that noneed ack, <0xb260> cmdset: 0x03 cmdid: 0x6C [0m
[37m[9.496][linker]-[Debug]-[DjiProtocol_v1Unpack:215) <0x8cad>V1-Recv: 0x0800->0x0A06 0x0866 [0m
[37m[9.497][linker]-[Debug]-[DjiCommand_RecvWork:1066)  <0x8cad>Receive msg from linker, 0x0800->0x0A06 0x0866 len:16 [0m
[37m[9.497][linker]-[Debug]-[DjiCommand_DealCmd:919) received unsupport request cmd that noneed ack, <0x8cad> cmdset: 0x08 cmdid: 0x66 [0m
[37m[9.498][linker]-[Debug]-[DjiProtocol_v1Unpack:215) <0xb292>V1-Recv: 0x0300->0x0A06 0x4900 [0m
[37m[9.499][linker]-[Debug]-[DjiCommand_RecvWork:1066)  <0xb292>Receive msg from linker, 0x0300->0x0A06 0x4900 len:14 [0m
[37m[9.499][linker]-[Debug]-[DjiProtocol_v1Pack:123) <0xb292>V1-Send: 0x0A06->0x0300 0x4900 [0m
[37m[9.518][linker]-[Debug]-[DjiProtocol_v1Unpack:215) <0xb2af>V1-Recv: 0x0306->0x0A06 0x03C1 [0m
[37m[9.519][linker]-[Debug]-[DjiCommand_RecvWork:1066)  <0xb2af>Receive msg from linker, 0x0306->0x0A06 0x03C1 len:126 [0m
[37m[9.535][linker]-[Debug]-[DjiProtocol_v1Unpack:215) <0xb2e1>V1-Recv: 0x0300->0x0A06 0x221B [0m
[37m[9.536][linker]-[Debug]-[DjiCommand_RecvWork:1066)  <0xb2e1>Receive msg from linker, 0x0300->0x0A06 0x221B len:9 [0m
[37m[9.536][linker]-[Debug]-[DjiCommand_DealCmd:919) received unsupport request cmd that noneed ack, <0xb2e1> cmdset: 0x22 cmdid: 0x1B [0m
[37m[9.553][linker]-[Debug]-[DjiProtocol_v1Unpack:215) <0xb307>V1-Recv: 0x0306->0x0A06 0x03C1 [0m
[37m[9.554][linker]-[Debug]-[DjiCommand_RecvWork:1066)  <0xb307>Receive msg from linker, 0x0306->0x0A06 0x03C1 len:13 [0m
[32m[9.556][user]-[Info]-[UserFcSubscription_Task:456) Current speed: 0.000000.
 [0m
[32m[9.556][user]-[Info]-[UserFcSubscription_Task:656) Displaymode status: 6. [0m
[37m[9.578][linker]-[Debug]-[DjiProtocol_v1Unpack:215) <0xb32b>V1-Recv: 0x0300->0x0A06 0x036C [0m
[37m[9.579][linker]-[Debug]-[DjiCommand_RecvWork:1066)  <0xb32b>Receive msg from linker, 0x0300->0x0A06 0x036C len:71 [0m
[37m[9.579][linker]-[Debug]-[DjiCommand_DealCmd:919) received unsupport request cmd that noneed ack, <0xb32b> cmdset: 0x03 cmdid: 0x6C [0m
[37m[9.580][linker]-[Debug]-[DjiProtocol_v1Pack:123) <0xfd5e>V1-Send: 0x0A06->0x0200 0x3C10 [0m
[37m[9.580][linker]-[Debug]-[DjiProtocol_v1Pack:123) <0xfd5f>V1-Send: 0x0A06->0x0A01 0x3C10 [0m
[37m[9.580][linker]-[Debug]-[DjiProtocol_v1Pack:123) <0xfd60>V1-Send: 0x0A06->0x0300 0x3C10 [0m
[37m[9.596][linker]-[Debug]-[DjiProtocol_v1Unpack:215) <0x9f42>V1-Recv: 0x0A01->0x0A06 0x3C45 [0m
[37m[9.596][linker]-[Debug]-[DjiCommand_RecvWork:1066)  <0x9f42>Receive msg from linker, 0x0A01->0x0A06 0x3C45 len:0 [0m
[37m[9.596][upgrade]-[Debug]-[DjiUpgrade_GetUpgradeServiceInfo:239) Get upgrade service info [0m
[37m[9.596][linker]-[Debug]-[DjiProtocol_v1Pack:123) <0x9f42>V1-Send: 0x0A06->0x0A01 0x3C45 [0m
[37m[9.597][linker]-[Debug]-[DjiProtocol_v1Unpack:215) <0xb359>V1-Recv: 0x0300->0x0A06 0x4900 [0m
[37m[9.597][linker]-[Debug]-[DjiCommand_RecvWork:1066)  <0xb359>Receive msg from linker, 0x0300->0x0A06 0x4900 len:14 [0m
[37m[9.597][linker]-[Debug]-[DjiProtocol_v1Pack:123) <0xb359>V1-Send: 0x0A06->0x0300 0x4900 [0m
[37m[9.609][linker]-[Debug]-[DjiProtocol_v1Unpack:215) <0x7c1>V1-Recv: 0x0701->0x0A06 0x0000 [0m
[37m[9.609][linker]-[Debug]-[DjiCommand_RecvWork:1066)  <0x7c1>Receive msg from linker, 0x0701->0x0A06 0x0000 len:16 [0m
[37m[9.609][linker]-[Debug]-[DjiProtocol_v1Pack:123) <0x7c1>V1-Send: 0x0A06->0x0701 0x0000 [0m
[37m[9.632][utils]-[Debug]-[DjiCore_RootTask:131) work execution time: [0m
[37m[9.633][utils]-[Debug]-[DjiCore_RootTask:132) name	                execution time (ms)	  max execution time (ms) [0m
[37m[9.633][utils]-[Debug]-[DjiCore_RootTask:134) recorderWork                    	0       	1        [0m
[37m[9.633][utils]-[Debug]-[DjiCore_RootTask:134) flowControllerTask              	0       	0        [0m
[37m[9.633][utils]-[Debug]-[DjiCore_RootTask:134) commandTask                     	1       	1        [0m
[37m[9.633][utils]-[Debug]-[DjiCore_RootTask:134) aircraftWorkNode                	0       	0        [0m
[37m[9.633][utils]-[Debug]-[DjiCore_RootTask:134) StatePushWork                   	0       	1        [0m
[37m[9.636][linker]-[Debug]-[DjiProtocol_v1Unpack:215) <0xb39c>V1-Recv: 0x0300->0x0A06 0x221B [0m
[37m[9.636][linker]-[Debug]-[DjiCommand_RecvWork:1066)  <0xb39c>Receive msg from linker, 0x0300->0x0A06 0x221B len:9 [0m
[37m[9.636][linker]-[Debug]-[DjiCommand_DealCmd:919) received unsupport request cmd that noneed ack, <0xb39c> cmdset: 0x22 cmdid: 0x1B [0m
[37m[9.650][linker]-[Debug]-[DjiProtocol_v1Unpack:215) <0x9369>V1-Recv: 0x0202->0x0A06 0x0026 [0m
[37m[9.651][linker]-[Debug]-[DjiCommand_RecvWork:1066)  <0x9369>Receive msg from linker, 0x0202->0x0A06 0x0026 len:37 [0m
[37m[9.651][linker]-[Debug]-[DjiCommand_DealCmd:919) received unsupport request cmd that need ack, <0x9369> cmdset: 0x00 cmdid: 0x26 [0m
[37m[9.654][linker]-[Debug]-[DjiProtocol_v1Unpack:215) <0xb3bd>V1-Recv: 0x0306->0x0A06 0x03C1 [0m
[37m[9.655][linker]-[Debug]-[DjiCommand_RecvWork:1066)  <0xb3bd>Receive msg from linker, 0x0306->0x0A06 0x03C1 len:13 [0m
[37m[9.673][linker]-[Debug]-[DjiProtocol_v1Unpack:215) <0x3a75>V1-Recv: 0x1D07->0x0A06 0x2105 [0m
[37m[9.674][linker]-[Debug]-[DjiCommand_RecvWork:1066)  <0x3a75>Receive msg from linker, 0x1D07->0x0A06 0x2105 len:1 [0m
[37m[9.674][linker]-[Debug]-[DjiCommand_DealCmd:919) received unsupport request cmd that need ack, <0x3a75> cmdset: 0x21 cmdid: 0x05 [0m
[37m[9.677][linker]-[Debug]-[DjiProtocol_v1Unpack:215) <0xb3dc>V1-Recv: 0x0300->0x0A06 0x036C [0m
[37m[9.677][linker]-[Debug]-[DjiCommand_RecvWork:1066)  <0xb3dc>Receive msg from linker, 0x0300->0x0A06 0x036C len:71 [0m
[37m[9.677][linker]-[Debug]-[DjiCommand_DealCmd:919) received unsupport request cmd that noneed ack, <0xb3dc> cmdset: 0x03 cmdid: 0x6C [0m
[37m[9.698][linker]-[Debug]-[DjiProtocol_v1Unpack:215) <0xb409>V1-Recv: 0x0300->0x0A06 0x4900 [0m
[37m[9.699][linker]-[Debug]-[DjiCommand_RecvWork:1066)  <0xb409>Receive msg from linker, 0x0300->0x0A06 0x4900 len:14 [0m
[37m[9.699][linker]-[Debug]-[DjiProtocol_v1Pack:123) <0xb409>V1-Send: 0x0A06->0x0300 0x4900 [0m
[37m[9.735][linker]-[Debug]-[DjiProtocol_v1Unpack:215) <0xb451>V1-Recv: 0x0300->0x0A06 0x221B [0m
[37m[9.736][linker]-[Debug]-[DjiCommand_RecvWork:1066)  <0xb451>Receive msg from linker, 0x0300->0x0A06 0x221B len:9 [0m
[37m[9.736][linker]-[Debug]-[DjiCommand_DealCmd:919) received unsupport request cmd that noneed ack, <0xb451> cmdset: 0x22 cmdid: 0x1B [0m
[37m[9.746][linker]-[Debug]-[DjiProtocol_v1Unpack:215) <0x8cae>V1-Recv: 0x0800->0x0A06 0x0866 [0m
[37m[9.746][linker]-[Debug]-[DjiCommand_RecvWork:1066)  <0x8cae>Receive msg from linker, 0x0800->0x0A06 0x0866 len:16 [0m
[37m[9.746][linker]-[Debug]-[DjiCommand_DealCmd:919) received unsupport request cmd that noneed ack, <0x8cae> cmdset: 0x08 cmdid: 0x66 [0m
[37m[9.753][linker]-[Debug]-[DjiProtocol_v1Unpack:215) <0xb475>V1-Recv: 0x0306->0x0A06 0x03C1 [0m
[37m[9.753][linker]-[Debug]-[DjiCommand_RecvWork:1066)  <0xb475>Receive msg from linker, 0x0306->0x0A06 0x03C1 len:13 [0m
[37m[9.778][linker]-[Debug]-[DjiProtocol_v1Unpack:215) <0xb496>V1-Recv: 0x0300->0x0A06 0x036C [0m
[37m[9.778][linker]-[Debug]-[DjiCommand_RecvWork:1066)  <0xb496>Receive msg from linker, 0x0300->0x0A06 0x036C len:71 [0m
[37m[9.778][linker]-[Debug]-[DjiCommand_DealCmd:919) received unsupport request cmd that noneed ack, <0xb496> cmdset: 0x03 cmdid: 0x6C [0m
[37m[9.794][linker]-[Debug]-[DjiProtocol_v1Pack:123) <0xfd61>V1-Send: 0x0A06->0x0200 0x3C10 [0m
[37m[9.794][linker]-[Debug]-[DjiProtocol_v1Pack:123) <0xfd62>V1-Send: 0x0A06->0x0A01 0x3C10 [0m
[37m[9.794][linker]-[Debug]-[DjiProtocol_v1Pack:123) <0xfd63>V1-Send: 0x0A06->0x0300 0x3C10 [0m
[37m[9.797][linker]-[Debug]-[DjiProtocol_v1Unpack:215) <0xb4bf>V1-Recv: 0x0300->0x0A06 0x4900 [0m
[37m[9.797][linker]-[Debug]-[DjiCommand_RecvWork:1066)  <0xb4bf>Receive msg from linker, 0x0300->0x0A06 0x4900 len:14 [0m
[37m[9.797][linker]-[Debug]-[DjiProtocol_v1Pack:123) <0xb4bf>V1-Send: 0x0A06->0x0300 0x4900 [0m
[37m[9.818][linker]-[Debug]-[DjiProtocol_v1Unpack:215) <0x9f44>V1-Recv: 0x0A01->0x0A06 0x3C45 [0m
[37m[9.818][linker]-[Debug]-[DjiCommand_RecvWork:1066)  <0x9f44>Receive msg from linker, 0x0A01->0x0A06 0x3C45 len:0 [0m
[37m[9.818][upgrade]-[Debug]-[DjiUpgrade_GetUpgradeServiceInfo:239) Get upgrade service info [0m
[37m[9.818][linker]-[Debug]-[DjiProtocol_v1Pack:123) <0x9f44>V1-Send: 0x0A06->0x0A01 0x3C45 [0m
[37m[9.835][linker]-[Debug]-[DjiProtocol_v1Unpack:215) <0xb501>V1-Recv: 0x0300->0x0A06 0x221B [0m
[37m[9.835][linker]-[Debug]-[DjiCommand_RecvWork:1066)  <0xb501>Receive msg from linker, 0x0300->0x0A06 0x221B len:9 [0m
[37m[9.835][linker]-[Debug]-[DjiCommand_DealCmd:919) received unsupport request cmd that noneed ack, <0xb501> cmdset: 0x22 cmdid: 0x1B [0m
[37m[9.853][linker]-[Debug]-[DjiProtocol_v1Unpack:215) <0xb522>V1-Recv: 0x0306->0x0A06 0x03C1 [0m
[37m[9.853][linker]-[Debug]-[DjiCommand_RecvWork:1066)  <0xb522>Receive msg from linker, 0x0306->0x0A06 0x03C1 len:13 [0m
[37m[9.878][linker]-[Debug]-[DjiProtocol_v1Unpack:215) <0xb544>V1-Recv: 0x0300->0x0A06 0x036C [0m
[37m[9.878][linker]-[Debug]-[DjiCommand_RecvWork:1066)  <0xb544>Receive msg from linker, 0x0300->0x0A06 0x036C len:71 [0m
[37m[9.878][linker]-[Debug]-[DjiCommand_DealCmd:919) received unsupport request cmd that noneed ack, <0xb544> cmdset: 0x03 cmdid: 0x6C [0m
[37m[9.899][linker]-[Debug]-[DjiProtocol_v1Unpack:215) <0xb56f>V1-Recv: 0x0300->0x0A06 0x0F74 [0m
[37m[9.899][linker]-[Debug]-[DjiProtocol_v1Unpack:215) <0xb574>V1-Recv: 0x0300->0x0100 0x0406 [0m
[37m[9.899][linker]-[Debug]-[DjiProtocol_v1Unpack:215) <0xb575>V1-Recv: 0x0300->0x0100 0x0407 [0m
[37m[9.899][linker]-[Debug]-[DjiProtocol_v1Unpack:215) <0xb576>V1-Recv: 0x0300->0x0A06 0x4900 [0m
[37m[9.899][linker]-[Debug]-[DjiCommand_RecvWork:1066)  <0xb56f>Receive msg from linker, 0x0300->0x0A06 0x0F74 len:28 [0m
[37m[9.899][linker]-[Debug]-[DjiCommand_DealCmd:919) received unsupport request cmd that noneed ack, <0xb56f> cmdset: 0x0F cmdid: 0x74 [0m
[37m[9.900][linker]-[Debug]-[DjiCommand_RecvWork:1066)  <0xb574>Receive msg from linker, 0x0300->0x0100 0x0406 len:12 [0m
[37m[9.900][linker]-[Debug]-[DjiCommand_DealCmd:919) received unsupport request cmd that noneed ack, <0xb574> cmdset: 0x04 cmdid: 0x06 [0m
[37m[9.901][linker]-[Debug]-[DjiCommand_RecvWork:1066)  <0xb575>Receive msg from linker, 0x0300->0x0100 0x0407 len:1 [0m
[37m[9.901][linker]-[Debug]-[DjiCommand_DealCmd:919) received unsupport request cmd that noneed ack, <0xb575> cmdset: 0x04 cmdid: 0x07 [0m
[37m[9.902][linker]-[Debug]-[DjiCommand_RecvWork:1066)  <0xb576>Receive msg from linker, 0x0300->0x0A06 0x4900 len:14 [0m
[37m[9.902][linker]-[Debug]-[DjiProtocol_v1Pack:123) <0xb576>V1-Send: 0x0A06->0x0300 0x4900 [0m
[37m[9.935][linker]-[Debug]-[DjiProtocol_v1Unpack:215) <0xb5c3>V1-Recv: 0x0300->0x0A06 0x221B [0m
[37m[9.935][linker]-[Debug]-[DjiCommand_RecvWork:1066)  <0xb5c3>Receive msg from linker, 0x0300->0x0A06 0x221B len:9 [0m
[37m[9.935][linker]-[Debug]-[DjiCommand_DealCmd:919) received unsupport request cmd that noneed ack, <0xb5c3> cmdset: 0x22 cmdid: 0x1B [0m
[37m[9.953][linker]-[Debug]-[DjiProtocol_v1Unpack:215) <0xb5e4>V1-Recv: 0x0306->0x0A06 0x03C1 [0m
[37m[9.954][linker]-[Debug]-[DjiCommand_RecvWork:1066)  <0xb5e4>Receive msg from linker, 0x0306->0x0A06 0x03C1 len:13 [0m
[37m[9.978][linker]-[Debug]-[DjiProtocol_v1Unpack:215) <0xb607>V1-Recv: 0x0300->0x0A06 0x036C [0m
[37m[9.978][linker]-[Debug]-[DjiCommand_RecvWork:1066)  <0xb607>Receive msg from linker, 0x0300->0x0A06 0x036C len:71 [0m
[37m[9.978][linker]-[Debug]-[DjiCommand_DealCmd:919) received unsupport request cmd that noneed ack, <0xb607> cmdset: 0x03 cmdid: 0x6C [0m
[37m[9.997][linker]-[Debug]-[DjiProtocol_v1Unpack:215) <0x8caf>V1-Recv: 0x0800->0x0A06 0x0866 [0m
[37m[9.997][linker]-[Debug]-[DjiProtocol_v1Unpack:215) <0xb63e>V1-Recv: 0x0300->0x0A06 0x4900 [0m
[37m[9.997][linker]-[Debug]-[DjiCommand_RecvWork:1066)  <0x8caf>Receive msg from linker, 0x0800->0x0A06 0x0866 len:16 [0m
[37m[9.997][linker]-[Debug]-[DjiCommand_DealCmd:919) received unsupport request cmd that noneed ack, <0x8caf> cmdset: 0x08 cmdid: 0x66 [0m
[37m[9.998][linker]-[Debug]-[DjiCommand_RecvWork:1066)  <0xb63e>Receive msg from linker, 0x0300->0x0A06 0x4900 len:14 [0m
[37m[9.998][linker]-[Debug]-[DjiProtocol_v1Pack:123) <0xb63e>V1-Send: 0x0A06->0x0300 0x4900 [0m
[37m[10.007][linker]-[Debug]-[DjiProtocol_v1Pack:123) <0xfd64>V1-Send: 0x0A06->0x0200 0x3C10 [0m
[37m[10.007][linker]-[Debug]-[DjiProtocol_v1Pack:123) <0xfd65>V1-Send: 0x0A06->0x0A01 0x3C10 [0m
[37m[10.007][linker]-[Debug]-[DjiProtocol_v1Pack:123) <0xfd66>V1-Send: 0x0A06->0x0300 0x3C10 [0m
[37m[10.035][linker]-[Debug]-[DjiProtocol_v1Unpack:215) <0xb684>V1-Recv: 0x0300->0x0A06 0x221B [0m
[37m[10.035][linker]-[Debug]-[DjiProtocol_v1Unpack:215) <0x9f45>V1-Recv: 0x0A01->0x0A06 0x3C45 [0m
[37m[10.036][linker]-[Debug]-[DjiCommand_RecvWork:1066)  <0xb684>Receive msg from linker, 0x0300->0x0A06 0x221B len:9 [0m
[37m[10.036][linker]-[Debug]-[DjiCommand_DealCmd:919) received unsupport request cmd that noneed ack, <0xb684> cmdset: 0x22 cmdid: 0x1B [0m
[37m[10.037][linker]-[Debug]-[DjiCommand_RecvWork:1066)  <0x9f45>Receive msg from linker, 0x0A01->0x0A06 0x3C45 len:0 [0m
[37m[10.037][upgrade]-[Debug]-[DjiUpgrade_GetUpgradeServiceInfo:239) Get upgrade service info [0m
[37m[10.037][linker]-[Debug]-[DjiProtocol_v1Pack:123) <0x9f45>V1-Send: 0x0A06->0x0A01 0x3C45 [0m
[37m[10.053][linker]-[Debug]-[DjiProtocol_v1Unpack:215) <0xb6a6>V1-Recv: 0x0306->0x0A06 0x03C1 [0m
[37m[10.054][linker]-[Debug]-[DjiCommand_RecvWork:1066)  <0xb6a6>Receive msg from linker, 0x0306->0x0A06 0x03C1 len:13 [0m
[37m[10.078][linker]-[Debug]-[DjiProtocol_v1Unpack:215) <0xb6c4>V1-Recv: 0x0300->0x0A06 0x036C [0m
[37m[10.078][linker]-[Debug]-[DjiCommand_RecvWork:1066)  <0xb6c4>Receive msg from linker, 0x0300->0x0A06 0x036C len:71 [0m
[37m[10.078][linker]-[Debug]-[DjiCommand_DealCmd:919) received unsupport request cmd that noneed ack, <0xb6c4> cmdset: 0x03 cmdid: 0x6C [0m
[37m[10.097][linker]-[Debug]-[DjiProtocol_v1Unpack:215) <0xb6f0>V1-Recv: 0x0300->0x0A06 0x4900 [0m
[37m[10.097][linker]-[Debug]-[DjiCommand_RecvWork:1066)  <0xb6f0>Receive msg from linker, 0x0300->0x0A06 0x4900 len:14 [0m
[37m[10.097][linker]-[Debug]-[DjiProtocol_v1Pack:123) <0xb6f0>V1-Send: 0x0A06->0x0300 0x4900 [0m
[37m[10.135][linker]-[Debug]-[DjiProtocol_v1Unpack:215) <0xb735>V1-Recv: 0x0300->0x0A06 0x221B [0m
[37m[10.136][linker]-[Debug]-[DjiCommand_RecvWork:1066)  <0xb735>Receive msg from linker, 0x0300->0x0A06 0x221B len:9 [0m
[37m[10.136][linker]-[Debug]-[DjiCommand_DealCmd:919) received unsupport request cmd that noneed ack, <0xb735> cmdset: 0x22 cmdid: 0x1B [0m
[37m[10.153][linker]-[Debug]-[DjiProtocol_v1Unpack:215) <0xb757>V1-Recv: 0x0306->0x0A06 0x03C1 [0m
[37m[10.154][linker]-[Debug]-[DjiCommand_RecvWork:1066)  <0xb757>Receive msg from linker, 0x0306->0x0A06 0x03C1 len:13 [0m
[37m[10.178][linker]-[Debug]-[DjiProtocol_v1Unpack:215) <0xb77d>V1-Recv: 0x0300->0x0A06 0x036C [0m
[37m[10.178][linker]-[Debug]-[DjiCommand_RecvWork:1066)  <0xb77d>Receive msg from linker, 0x0300->0x0A06 0x036C len:71 [0m
[37m[10.178][linker]-[Debug]-[DjiCommand_DealCmd:919) received unsupport request cmd that noneed ack, <0xb77d> cmdset: 0x03 cmdid: 0x6C [0m
[37m[10.198][linker]-[Debug]-[DjiProtocol_v1Unpack:215) <0xb7aa>V1-Recv: 0x0300->0x0A06 0x4900 [0m
[37m[10.198][linker]-[Debug]-[DjiCommand_RecvWork:1066)  <0xb7aa>Receive msg from linker, 0x0300->0x0A06 0x4900 len:14 [0m
[37m[10.198][linker]-[Debug]-[DjiProtocol_v1Pack:123) <0xb7aa>V1-Send: 0x0A06->0x0300 0x4900 [0m
[37m[10.220][linker]-[Debug]-[DjiProtocol_v1Pack:123) <0xfd67>V1-Send: 0x0A06->0x0300 0x0000 [0m
[37m[10.220][infor]-[Debug]-[DjiAircraftConnection_CheckExtensionPortConnectStatusByV1Protocol:170) check connect status:1 [0m
[37m[10.220][linker]-[Debug]-[DjiProtocol_v1Pack:123) <0xfd68>V1-Send: 0x0A06->0x0200 0x3C10 [0m
[37m[10.220][linker]-[Debug]-[DjiProtocol_v1Pack:123) <0xfd69>V1-Send: 0x0A06->0x0A01 0x3C10 [0m
[37m[10.220][linker]-[Debug]-[DjiProtocol_v1Pack:123) <0xfd6a>V1-Send: 0x0A06->0x0300 0x3C10 [0m
[37m[10.235][linker]-[Debug]-[DjiProtocol_v1Unpack:215) <0xfd67>V1-Recv: 0x0300->0x0A06 0x0000 [0m
[37m[10.235][linker]-[Debug]-[DjiProtocol_v1Unpack:215) <0xb7e9>V1-Recv: 0x0300->0x0A06 0x221B [0m
[37m[10.236][linker]-[Debug]-[DjiCommand_RecvWork:1066)  <0xfd67>Receive msg from linker, 0x0300->0x0A06 0x0000 len:0 [0m
[37m[10.236][infor]-[Debug]-[DjiAircraftInfo_CheckPingStatusAsyncCallback:269) connect status async sucess [0m
[37m[10.236][linker]-[Debug]-[DjiCommand_DealCmd:830) callback function (cmdset: 0x00 cmdid: 0x00) deal time: 0 ms [0m
[37m[10.237][linker]-[Debug]-[DjiCommand_RecvWork:1066)  <0xb7e9>Receive msg from linker, 0x0300->0x0A06 0x221B len:9 [0m
[37m[10.237][linker]-[Debug]-[DjiCommand_DealCmd:919) received unsupport request cmd that noneed ack, <0xb7e9> cmdset: 0x22 cmdid: 0x1B [0m
[37m[10.239][linker]-[Debug]-[DjiProtocol_v1Unpack:215) <0x9f47>V1-Recv: 0x0A01->0x0A06 0x3C45 [0m
[37m[10.239][linker]-[Debug]-[DjiCommand_RecvWork:1066)  <0x9f47>Receive msg from linker, 0x0A01->0x0A06 0x3C45 len:0 [0m
[37m[10.239][upgrade]-[Debug]-[DjiUpgrade_GetUpgradeServiceInfo:239) Get upgrade service info [0m
[37m[10.239][linker]-[Debug]-[DjiProtocol_v1Pack:123) <0x9f47>V1-Send: 0x0A06->0x0A01 0x3C45 [0m
[37m[10.246][linker]-[Debug]-[DjiProtocol_v1Unpack:215) <0x8cb0>V1-Recv: 0x0800->0x0A06 0x0866 [0m
[37m[10.247][linker]-[Debug]-[DjiCommand_RecvWork:1066)  <0x8cb0>Receive msg from linker, 0x0800->0x0A06 0x0866 len:16 [0m
[37m[10.247][linker]-[Debug]-[DjiCommand_DealCmd:919) received unsupport request cmd that noneed ack, <0x8cb0> cmdset: 0x08 cmdid: 0x66 [0m
[37m[10.254][linker]-[Debug]-[DjiProtocol_v1Unpack:215) <0xb80a>V1-Recv: 0x0306->0x0A06 0x03C1 [0m
[37m[10.254][linker]-[Debug]-[DjiCommand_RecvWork:1066)  <0xb80a>Receive msg from linker, 0x0306->0x0A06 0x03C1 len:13 [0m
[37m[10.278][linker]-[Debug]-[DjiProtocol_v1Unpack:215) <0xb82b>V1-Recv: 0x0300->0x0A06 0x036C [0m
[37m[10.279][linker]-[Debug]-[DjiCommand_RecvWork:1066)  <0xb82b>Receive msg from linker, 0x0300->0x0A06 0x036C len:71 [0m
[37m[10.279][linker]-[Debug]-[DjiCommand_DealCmd:919) received unsupport request cmd that noneed ack, <0xb82b> cmdset: 0x03 cmdid: 0x6C [0m
[37m[10.298][linker]-[Debug]-[DjiProtocol_v1Unpack:215) <0xb857>V1-Recv: 0x0300->0x0A06 0x4900 [0m
[37m[10.299][linker]-[Debug]-[DjiCommand_RecvWork:1066)  <0xb857>Receive msg from linker, 0x0300->0x0A06 0x4900 len:14 [0m
[37m[10.299][linker]-[Debug]-[DjiProtocol_v1Pack:123) <0xb857>V1-Send: 0x0A06->0x0300 0x4900 [0m
[37m[10.335][linker]-[Debug]-[DjiProtocol_v1Unpack:215) <0xb89f>V1-Recv: 0x0300->0x0A06 0x221B [0m
[37m[10.336][linker]-[Debug]-[DjiCommand_RecvWork:1066)  <0xb89f>Receive msg from linker, 0x0300->0x0A06 0x221B len:9 [0m
[37m[10.336][linker]-[Debug]-[DjiCommand_DealCmd:919) received unsupport request cmd that noneed ack, <0xb89f> cmdset: 0x22 cmdid: 0x1B [0m
[37m[10.354][linker]-[Debug]-[DjiProtocol_v1Unpack:215) <0xb8c0>V1-Recv: 0x0306->0x0A06 0x03C1 [0m
[37m[10.354][linker]-[Debug]-[DjiCommand_RecvWork:1066)  <0xb8c0>Receive msg from linker, 0x0306->0x0A06 0x03C1 len:13 [0m
[37m[10.378][linker]-[Debug]-[DjiProtocol_v1Unpack:215) <0xb8e4>V1-Recv: 0x0300->0x0A06 0x036C [0m
[37m[10.379][linker]-[Debug]-[DjiCommand_RecvWork:1066)  <0xb8e4>Receive msg from linker, 0x0300->0x0A06 0x036C len:71 [0m
[37m[10.379][linker]-[Debug]-[DjiCommand_DealCmd:919) received unsupport request cmd that noneed ack, <0xb8e4> cmdset: 0x03 cmdid: 0x6C [0m
[37m[10.397][linker]-[Debug]-[DjiProtocol_v1Unpack:215) <0xb90d>V1-Recv: 0x0300->0x0100 0x0405 [0m
[37m[10.397][linker]-[Debug]-[DjiProtocol_v1Unpack:215) <0xb911>V1-Recv: 0x0300->0x0A06 0x4900 [0m
[37m[10.398][linker]-[Debug]-[DjiCommand_RecvWork:1066)  <0xb90d>Receive msg from linker, 0x0300->0x0100 0x0405 len:22 [0m
[37m[10.398][linker]-[Debug]-[DjiCommand_DealCmd:919) received unsupport request cmd that noneed ack, <0xb90d> cmdset: 0x04 cmdid: 0x05 [0m
[37m[10.399][linker]-[Debug]-[DjiCommand_RecvWork:1066)  <0xb911>Receive msg from linker, 0x0300->0x0A06 0x4900 len:14 [0m
[37m[10.399][linker]-[Debug]-[DjiProtocol_v1Pack:123) <0xb911>V1-Send: 0x0A06->0x0300 0x4900 [0m
[37m[10.433][linker]-[Debug]-[DjiProtocol_v1Pack:123) <0xfd6b>V1-Send: 0x0A06->0x0200 0x3C10 [0m
[37m[10.433][linker]-[Debug]-[DjiProtocol_v1Pack:123) <0xfd6c>V1-Send: 0x0A06->0x0A01 0x3C10 [0m
[37m[10.433][linker]-[Debug]-[DjiProtocol_v1Pack:123) <0xfd6d>V1-Send: 0x0A06->0x0300 0x3C10 [0m
[37m[10.436][linker]-[Debug]-[DjiProtocol_v1Unpack:215) <0xb954>V1-Recv: 0x0300->0x0A06 0x221B [0m
[37m[10.437][linker]-[Debug]-[DjiCommand_RecvWork:1066)  <0xb954>Receive msg from linker, 0x0300->0x0A06 0x221B len:9 [0m
[37m[10.437][linker]-[Debug]-[DjiCommand_DealCmd:919) received unsupport request cmd that noneed ack, <0xb954> cmdset: 0x22 cmdid: 0x1B [0m
[37m[10.454][linker]-[Debug]-[DjiProtocol_v1Unpack:215) <0xb979>V1-Recv: 0x0306->0x0A06 0x03C1 [0m
[37m[10.455][linker]-[Debug]-[DjiCommand_RecvWork:1066)  <0xb979>Receive msg from linker, 0x0306->0x0A06 0x03C1 len:13 [0m
[37m[10.458][linker]-[Debug]-[DjiProtocol_v1Unpack:215) <0x9f48>V1-Recv: 0x0A01->0x0A06 0x3C45 [0m
[37m[10.458][linker]-[Debug]-[DjiCommand_RecvWork:1066)  <0x9f48>Receive msg from linker, 0x0A01->0x0A06 0x3C45 len:0 [0m
[37m[10.458][upgrade]-[Debug]-[DjiUpgrade_GetUpgradeServiceInfo:239) Get upgrade service info [0m
[37m[10.458][linker]-[Debug]-[DjiProtocol_v1Pack:123) <0x9f48>V1-Send: 0x0A06->0x0A01 0x3C45 [0m
[37m[10.478][linker]-[Debug]-[DjiProtocol_v1Unpack:215) <0xb99c>V1-Recv: 0x0300->0x0A06 0x036C [0m
[37m[10.478][linker]-[Debug]-[DjiCommand_RecvWork:1066)  <0xb99c>Receive msg from linker, 0x0300->0x0A06 0x036C len:71 [0m
[37m[10.478][linker]-[Debug]-[DjiCommand_DealCmd:919) received unsupport request cmd that noneed ack, <0xb99c> cmdset: 0x03 cmdid: 0x6C [0m
[37m[10.497][linker]-[Debug]-[DjiProtocol_v1Unpack:215) <0xb9cc>V1-Recv: 0x0300->0x0A06 0x4900 [0m
[37m[10.497][linker]-[Debug]-[DjiCommand_RecvWork:1066)  <0xb9cc>Receive msg from linker, 0x0300->0x0A06 0x4900 len:14 [0m
[37m[10.497][linker]-[Debug]-[DjiProtocol_v1Pack:123) <0xb9cc>V1-Send: 0x0A06->0x0300 0x4900 [0m
[37m[10.502][linker]-[Debug]-[DjiProtocol_v1Unpack:215) <0x8cb1>V1-Recv: 0x0800->0x0A06 0x0866 [0m
[37m[10.502][linker]-[Debug]-[DjiCommand_RecvWork:1066)  <0x8cb1>Receive msg from linker, 0x0800->0x0A06 0x0866 len:16 [0m
[37m[10.502][linker]-[Debug]-[DjiCommand_DealCmd:919) received unsupport request cmd that noneed ack, <0x8cb1> cmdset: 0x08 cmdid: 0x66 [0m
[37m[10.519][linker]-[Debug]-[DjiProtocol_v1Unpack:215) <0xb9ec>V1-Recv: 0x0306->0x0A06 0x03C1 [0m
[37m[10.519][linker]-[Debug]-[DjiCommand_RecvWork:1066)  <0xb9ec>Receive msg from linker, 0x0306->0x0A06 0x03C1 len:126 [0m
[37m[10.535][linker]-[Debug]-[DjiProtocol_v1Unpack:215) <0xba21>V1-Recv: 0x0300->0x0A06 0x221B [0m
[37m[10.535][linker]-[Debug]-[DjiCommand_RecvWork:1066)  <0xba21>Receive msg from linker, 0x0300->0x0A06 0x221B len:9 [0m
[37m[10.535][linker]-[Debug]-[DjiCommand_DealCmd:919) received unsupport request cmd that noneed ack, <0xba21> cmdset: 0x22 cmdid: 0x1B [0m
[37m[10.554][linker]-[Debug]-[DjiProtocol_v1Unpack:215) <0xba43>V1-Recv: 0x0306->0x0A06 0x03C1 [0m
[37m[10.554][linker]-[Debug]-[DjiCommand_RecvWork:1066)  <0xba43>Receive msg from linker, 0x0306->0x0A06 0x03C1 len:13 [0m
[32m[10.556][user]-[Info]-[UserFcSubscription_Task:456) Current speed: 0.000000.
 [0m
[32m[10.557][user]-[Info]-[UserFcSubscription_Task:656) Displaymode status: 6. [0m
[37m[10.577][linker]-[Debug]-[DjiProtocol_v1Unpack:215) <0xba69>V1-Recv: 0x0300->0x0A06 0x036C [0m
[37m[10.577][linker]-[Debug]-[DjiCommand_RecvWork:1066)  <0xba69>Receive msg from linker, 0x0300->0x0A06 0x036C len:71 [0m
[37m[10.577][linker]-[Debug]-[DjiCommand_DealCmd:919) received unsupport request cmd that noneed ack, <0xba69> cmdset: 0x03 cmdid: 0x6C [0m
[37m[10.597][linker]-[Debug]-[DjiProtocol_v1Unpack:215) <0xba93>V1-Recv: 0x0300->0x0A06 0x4900 [0m
[37m[10.597][linker]-[Debug]-[DjiCommand_RecvWork:1066)  <0xba93>Receive msg from linker, 0x0300->0x0A06 0x4900 len:14 [0m
[37m[10.597][linker]-[Debug]-[DjiProtocol_v1Pack:123) <0xba93>V1-Send: 0x0A06->0x0300 0x4900 [0m
[37m[10.612][linker]-[Debug]-[DjiProtocol_v1Unpack:215) <0x7c2>V1-Recv: 0x0701->0x0A06 0x0000 [0m
[37m[10.612][linker]-[Debug]-[DjiCommand_RecvWork:1066)  <0x7c2>Receive msg from linker, 0x0701->0x0A06 0x0000 len:16 [0m
[37m[10.612][linker]-[Debug]-[DjiProtocol_v1Pack:123) <0x7c2>V1-Send: 0x0A06->0x0701 0x0000 [0m
[37m[10.621][linker]-[Debug]-[DjiProtocol_v1Unpack:215) <0x3a76>V1-Recv: 0x1D07->0x0A06 0x2105 [0m
[37m[10.622][linker]-[Debug]-[DjiCommand_RecvWork:1066)  <0x3a76>Receive msg from linker, 0x1D07->0x0A06 0x2105 len:1 [0m
[37m[10.622][linker]-[Debug]-[DjiCommand_DealCmd:919) received unsupport request cmd that need ack, <0x3a76> cmdset: 0x21 cmdid: 0x05 [0m
[37m[10.635][linker]-[Debug]-[DjiProtocol_v1Unpack:215) <0xbad3>V1-Recv: 0x0300->0x0A06 0x221B [0m
[37m[10.635][linker]-[Debug]-[DjiCommand_RecvWork:1066)  <0xbad3>Receive msg from linker, 0x0300->0x0A06 0x221B len:9 [0m
[37m[10.635][linker]-[Debug]-[DjiCommand_DealCmd:919) received unsupport request cmd that noneed ack, <0xbad3> cmdset: 0x22 cmdid: 0x1B [0m
[37m[10.647][linker]-[Debug]-[DjiProtocol_v1Pack:123) <0xfd6e>V1-Send: 0x0A06->0x0200 0x3C10 [0m
[37m[10.647][linker]-[Debug]-[DjiProtocol_v1Pack:123) <0xfd6f>V1-Send: 0x0A06->0x0A01 0x3C10 [0m
[37m[10.647][linker]-[Debug]-[DjiProtocol_v1Pack:123) <0xfd70>V1-Send: 0x0A06->0x0300 0x3C10 [0m
[37m[10.650][linker]-[Debug]-[DjiProtocol_v1Unpack:215) <0x9369>V1-Recv: 0x0202->0x0A06 0x0026 [0m
[37m[10.650][linker]-[Debug]-[DjiCommand_RecvWork:1066)  <0x9369>Receive msg from linker, 0x0202->0x0A06 0x0026 len:37 [0m
[37m[10.650][linker]-[Debug]-[DjiCommand_DealCmd:919) received unsupport request cmd that need ack, <0x9369> cmdset: 0x00 cmdid: 0x26 [0m
[37m[10.653][linker]-[Debug]-[DjiProtocol_v1Unpack:215) <0xbaf4>V1-Recv: 0x0306->0x0A06 0x03C1 [0m
[37m[10.653][linker]-[Debug]-[DjiCommand_RecvWork:1066)  <0xbaf4>Receive msg from linker, 0x0306->0x0A06 0x03C1 len:13 [0m
[37m[10.679][linker]-[Debug]-[DjiProtocol_v1Unpack:215) <0xbb15>V1-Recv: 0x0300->0x0A06 0x036C [0m
[37m[10.679][linker]-[Debug]-[DjiProtocol_v1Unpack:215) <0x9f4a>V1-Recv: 0x0A01->0x0A06 0x3C45 [0m
[37m[10.679][linker]-[Debug]-[DjiCommand_RecvWork:1066)  <0xbb15>Receive msg from linker, 0x0300->0x0A06 0x036C len:71 [0m
[37m[10.679][linker]-[Debug]-[DjiCommand_DealCmd:919) received unsupport request cmd that noneed ack, <0xbb15> cmdset: 0x03 cmdid: 0x6C [0m
[37m[10.680][linker]-[Debug]-[DjiCommand_RecvWork:1066)  <0x9f4a>Receive msg from linker, 0x0A01->0x0A06 0x3C45 len:0 [0m
[37m[10.680][upgrade]-[Debug]-[DjiUpgrade_GetUpgradeServiceInfo:239) Get upgrade service info [0m
[37m[10.680][linker]-[Debug]-[DjiProtocol_v1Pack:123) <0x9f4a>V1-Send: 0x0A06->0x0A01 0x3C45 [0m
[37m[10.698][linker]-[Debug]-[DjiProtocol_v1Unpack:215) <0xbb3e>V1-Recv: 0x0300->0x0A06 0x4900 [0m
[37m[10.698][linker]-[Debug]-[DjiCommand_RecvWork:1066)  <0xbb3e>Receive msg from linker, 0x0300->0x0A06 0x4900 len:14 [0m
[37m[10.698][linker]-[Debug]-[DjiProtocol_v1Pack:123) <0xbb3e>V1-Send: 0x0A06->0x0300 0x4900 [0m
[37m[10.699][utils]-[Debug]-[DjiCore_RootTask:131) work execution time: [0m
[37m[10.699][utils]-[Debug]-[DjiCore_RootTask:132) name	                execution time (ms)	  max execution time (ms) [0m
[37m[10.699][utils]-[Debug]-[DjiCore_RootTask:134) recorderWork                    	0       	1        [0m
[37m[10.699][utils]-[Debug]-[DjiCore_RootTask:134) flowControllerTask              	0       	0        [0m
[37m[10.699][utils]-[Debug]-[DjiCore_RootTask:134) commandTask                     	1       	1        [0m
[37m[10.699][utils]-[Debug]-[DjiCore_RootTask:134) aircraftWorkNode                	0       	0        [0m
[37m[10.699][utils]-[Debug]-[DjiCore_RootTask:134) StatePushWork                   	1       	1        [0m
[37m[10.735][linker]-[Debug]-[DjiProtocol_v1Unpack:215) <0xbb88>V1-Recv: 0x0300->0x0A06 0x221B [0m
[37m[10.735][linker]-[Debug]-[DjiCommand_RecvWork:1066)  <0xbb88>Receive msg from linker, 0x0300->0x0A06 0x221B len:9 [0m
[37m[10.735][linker]-[Debug]-[DjiCommand_DealCmd:919) received unsupport request cmd that noneed ack, <0xbb88> cmdset: 0x22 cmdid: 0x1B [0m
[37m[10.747][linker]-[Debug]-[DjiProtocol_v1Unpack:215) <0x8cb2>V1-Recv: 0x0800->0x0A06 0x0866 [0m
[37m[10.747][linker]-[Debug]-[DjiCommand_RecvWork:1066)  <0x8cb2>Receive msg from linker, 0x0800->0x0A06 0x0866 len:16 [0m
[37m[10.747][linker]-[Debug]-[DjiCommand_DealCmd:919) received unsupport request cmd that noneed ack, <0x8cb2> cmdset: 0x08 cmdid: 0x66 [0m
[37m[10.754][linker]-[Debug]-[DjiProtocol_v1Unpack:215) <0xbbac>V1-Recv: 0x0306->0x0A06 0x03C1 [0m
[37m[10.755][linker]-[Debug]-[DjiCommand_RecvWork:1066)  <0xbbac>Receive msg from linker, 0x0306->0x0A06 0x03C1 len:13 [0m
[37m[10.778][linker]-[Debug]-[DjiProtocol_v1Unpack:215) <0xbbd2>V1-Recv: 0x0300->0x0A06 0x036C [0m
[37m[10.778][linker]-[Debug]-[DjiCommand_RecvWork:1066)  <0xbbd2>Receive msg from linker, 0x0300->0x0A06 0x036C len:71 [0m
[37m[10.778][linker]-[Debug]-[DjiCommand_DealCmd:919) received unsupport request cmd that noneed ack, <0xbbd2> cmdset: 0x03 cmdid: 0x6C [0m
[37m[10.797][linker]-[Debug]-[DjiProtocol_v1Unpack:215) <0xbbfb>V1-Recv: 0x0300->0x0A06 0x4900 [0m
[37m[10.797][linker]-[Debug]-[DjiCommand_RecvWork:1066)  <0xbbfb>Receive msg from linker, 0x0300->0x0A06 0x4900 len:14 [0m
[37m[10.797][linker]-[Debug]-[DjiProtocol_v1Pack:123) <0xbbfb>V1-Send: 0x0A06->0x0300 0x4900 [0m
[37m[10.835][linker]-[Debug]-[DjiProtocol_v1Unpack:215) <0xbc3d>V1-Recv: 0x0300->0x0A06 0x221B [0m
[37m[10.836][linker]-[Debug]-[DjiCommand_RecvWork:1066)  <0xbc3d>Receive msg from linker, 0x0300->0x0A06 0x221B len:9 [0m
[37m[10.836][linker]-[Debug]-[DjiCommand_DealCmd:919) received unsupport request cmd that noneed ack, <0xbc3d> cmdset: 0x22 cmdid: 0x1B [0m
[37m[10.853][linker]-[Debug]-[DjiProtocol_v1Unpack:215) <0xbc61>V1-Recv: 0x0306->0x0A06 0x03C1 [0m
[37m[10.854][linker]-[Debug]-[DjiCommand_RecvWork:1066)  <0xbc61>Receive msg from linker, 0x0306->0x0A06 0x03C1 len:13 [0m
[37m[10.860][linker]-[Debug]-[DjiProtocol_v1Pack:123) <0xfd71>V1-Send: 0x0A06->0x0200 0x3C10 [0m
[37m[10.860][linker]-[Debug]-[DjiProtocol_v1Pack:123) <0xfd72>V1-Send: 0x0A06->0x0A01 0x3C10 [0m
[37m[10.861][linker]-[Debug]-[DjiProtocol_v1Pack:123) <0xfd73>V1-Send: 0x0A06->0x0300 0x3C10 [0m
[37m[10.879][linker]-[Debug]-[DjiProtocol_v1Unpack:215) <0xbc81>V1-Recv: 0x0300->0x0A06 0x036C [0m
[37m[10.879][linker]-[Debug]-[DjiProtocol_v1Unpack:215) <0x9f4c>V1-Recv: 0x0A01->0x0A06 0x3C45 [0m
[37m[10.880][linker]-[Debug]-[DjiCommand_RecvWork:1066)  <0xbc81>Receive msg from linker, 0x0300->0x0A06 0x036C len:71 [0m
[37m[10.880][linker]-[Debug]-[DjiCommand_DealCmd:919) received unsupport request cmd that noneed ack, <0xbc81> cmdset: 0x03 cmdid: 0x6C [0m
[37m[10.881][linker]-[Debug]-[DjiCommand_RecvWork:1066)  <0x9f4c>Receive msg from linker, 0x0A01->0x0A06 0x3C45 len:0 [0m
[37m[10.881][upgrade]-[Debug]-[DjiUpgrade_GetUpgradeServiceInfo:239) Get upgrade service info [0m
[37m[10.881][linker]-[Debug]-[DjiProtocol_v1Pack:123) <0x9f4c>V1-Send: 0x0A06->0x0A01 0x3C45 [0m
[37m[10.899][linker]-[Debug]-[DjiProtocol_v1Unpack:215) <0xbcab>V1-Recv: 0x0300->0x0A06 0x0F74 [0m
[37m[10.899][linker]-[Debug]-[DjiProtocol_v1Unpack:215) <0xbcb0>V1-Recv: 0x0300->0x0100 0x0406 [0m
[37m[10.899][linker]-[Debug]-[DjiProtocol_v1Unpack:215) <0xbcb1>V1-Recv: 0x0300->0x0100 0x0407 [0m
[37m[10.899][linker]-[Debug]-[DjiProtocol_v1Unpack:215) <0xbcb2>V1-Recv: 0x0300->0x0A06 0x4900 [0m
[37m[10.900][linker]-[Debug]-[DjiCommand_RecvWork:1066)  <0xbcab>Receive msg from linker, 0x0300->0x0A06 0x0F74 len:28 [0m
[37m[10.900][linker]-[Debug]-[DjiCommand_DealCmd:919) received unsupport request cmd that noneed ack, <0xbcab> cmdset: 0x0F cmdid: 0x74 [0m
[37m[10.901][linker]-[Debug]-[DjiCommand_RecvWork:1066)  <0xbcb0>Receive msg from linker, 0x0300->0x0100 0x0406 len:12 [0m
[37m[10.901][linker]-[Debug]-[DjiCommand_DealCmd:919) received unsupport request cmd that noneed ack, <0xbcb0> cmdset: 0x04 cmdid: 0x06 [0m
[37m[10.902][linker]-[Debug]-[DjiCommand_RecvWork:1066)  <0xbcb1>Receive msg from linker, 0x0300->0x0100 0x0407 len:1 [0m
[37m[10.902][linker]-[Debug]-[DjiCommand_DealCmd:919) received unsupport request cmd that noneed ack, <0xbcb1> cmdset: 0x04 cmdid: 0x07 [0m
[37m[10.903][linker]-[Debug]-[DjiCommand_RecvWork:1066)  <0xbcb2>Receive msg from linker, 0x0300->0x0A06 0x4900 len:14 [0m
[37m[10.903][linker]-[Debug]-[DjiProtocol_v1Pack:123) <0xbcb2>V1-Send: 0x0A06->0x0300 0x4900 [0m
[37m[10.935][linker]-[Debug]-[DjiProtocol_v1Unpack:215) <0xbcf7>V1-Recv: 0x0300->0x0A06 0x221B [0m
[37m[10.936][linker]-[Debug]-[DjiCommand_RecvWork:1066)  <0xbcf7>Receive msg from linker, 0x0300->0x0A06 0x221B len:9 [0m
[37m[10.936][linker]-[Debug]-[DjiCommand_DealCmd:919) received unsupport request cmd that noneed ack, <0xbcf7> cmdset: 0x22 cmdid: 0x1B [0m
[37m[10.953][linker]-[Debug]-[DjiProtocol_v1Unpack:215) <0xbd1d>V1-Recv: 0x0306->0x0A06 0x03C1 [0m
[37m[10.954][linker]-[Debug]-[DjiCommand_RecvWork:1066)  <0xbd1d>Receive msg from linker, 0x0306->0x0A06 0x03C1 len:13 [0m
[37m[10.978][linker]-[Debug]-[DjiProtocol_v1Unpack:215) <0xbd3a>V1-Recv: 0x0300->0x0A06 0x036C [0m
[37m[10.979][linker]-[Debug]-[DjiCommand_RecvWork:1066)  <0xbd3a>Receive msg from linker, 0x0300->0x0A06 0x036C len:71 [0m
[37m[10.979][linker]-[Debug]-[DjiCommand_DealCmd:919) received unsupport request cmd that noneed ack, <0xbd3a> cmdset: 0x03 cmdid: 0x6C [0m
[37m[10.997][linker]-[Debug]-[DjiProtocol_v1Unpack:215) <0x8cb3>V1-Recv: 0x0800->0x0A06 0x0866 [0m
[37m[10.997][linker]-[Debug]-[DjiProtocol_v1Unpack:215) <0xbd74>V1-Recv: 0x0300->0x0A06 0x4900 [0m
[37m[10.998][linker]-[Debug]-[DjiCommand_RecvWork:1066)  <0x8cb3>Receive msg from linker, 0x0800->0x0A06 0x0866 len:16 [0m
[37m[10.998][linker]-[Debug]-[DjiCommand_DealCmd:919) received unsupport request cmd that noneed ack, <0x8cb3> cmdset: 0x08 cmdid: 0x66 [0m
[37m[10.999][linker]-[Debug]-[DjiCommand_RecvWork:1066)  <0xbd74>Receive msg from linker, 0x0300->0x0A06 0x4900 len:14 [0m
[37m[10.999][linker]-[Debug]-[DjiProtocol_v1Pack:123) <0xbd74>V1-Send: 0x0A06->0x0300 0x4900 [0m
[37m[11.035][linker]-[Debug]-[DjiProtocol_v1Unpack:215) <0xbdbb>V1-Recv: 0x0300->0x0A06 0x221B [0m
[37m[11.036][linker]-[Debug]-[DjiCommand_RecvWork:1066)  <0xbdbb>Receive msg from linker, 0x0300->0x0A06 0x221B len:9 [0m
[37m[11.036][linker]-[Debug]-[DjiCommand_DealCmd:919) received unsupport request cmd that noneed ack, <0xbdbb> cmdset: 0x22 cmdid: 0x1B [0m
[37m[11.053][linker]-[Debug]-[DjiProtocol_v1Unpack:215) <0xbddc>V1-Recv: 0x0306->0x0A06 0x03C1 [0m
[37m[11.054][linker]-[Debug]-[DjiCommand_RecvWork:1066)  <0xbddc>Receive msg from linker, 0x0306->0x0A06 0x03C1 len:13 [0m
[37m[11.073][linker]-[Debug]-[DjiProtocol_v1Pack:123) <0xfd74>V1-Send: 0x0A06->0x0200 0x3C10 [0m
[37m[11.073][linker]-[Debug]-[DjiProtocol_v1Pack:123) <0xfd75>V1-Send: 0x0A06->0x0A01 0x3C10 [0m
[37m[11.073][linker]-[Debug]-[DjiProtocol_v1Pack:123) <0xfd76>V1-Send: 0x0A06->0x0300 0x3C10 [0m
[37m[11.078][linker]-[Debug]-[DjiProtocol_v1Unpack:215) <0xbdfb>V1-Recv: 0x0300->0x0A06 0x036C [0m
[37m[11.079][linker]-[Debug]-[DjiCommand_RecvWork:1066)  <0xbdfb>Receive msg from linker, 0x0300->0x0A06 0x036C len:71 [0m
[37m[11.079][linker]-[Debug]-[DjiCommand_DealCmd:919) received unsupport request cmd that noneed ack, <0xbdfb> cmdset: 0x03 cmdid: 0x6C [0m
[37m[11.096][linker]-[Debug]-[DjiProtocol_v1Unpack:215) <0x9f4e>V1-Recv: 0x0A01->0x0A06 0x3C45 [0m
[37m[11.096][linker]-[Debug]-[DjiCommand_RecvWork:1066)  <0x9f4e>Receive msg from linker, 0x0A01->0x0A06 0x3C45 len:0 [0m
[37m[11.096][upgrade]-[Debug]-[DjiUpgrade_GetUpgradeServiceInfo:239) Get upgrade service info [0m
[37m[11.096][linker]-[Debug]-[DjiProtocol_v1Pack:123) <0x9f4e>V1-Send: 0x0A06->0x0A01 0x3C45 [0m
[37m[11.098][linker]-[Debug]-[DjiProtocol_v1Unpack:215) <0xbe29>V1-Recv: 0x0300->0x0A06 0x4900 [0m
[37m[11.098][linker]-[Debug]-[DjiCommand_RecvWork:1066)  <0xbe29>Receive msg from linker, 0x0300->0x0A06 0x4900 len:14 [0m
[37m[11.098][linker]-[Debug]-[DjiProtocol_v1Pack:123) <0xbe29>V1-Send: 0x0A06->0x0300 0x4900 [0m
[37m[11.135][linker]-[Debug]-[DjiProtocol_v1Unpack:215) <0xbe6f>V1-Recv: 0x0300->0x0A06 0x221B [0m
[37m[11.135][linker]-[Debug]-[DjiCommand_RecvWork:1066)  <0xbe6f>Receive msg from linker, 0x0300->0x0A06 0x221B len:9 [0m
[37m[11.135][linker]-[Debug]-[DjiCommand_DealCmd:919) received unsupport request cmd that noneed ack, <0xbe6f> cmdset: 0x22 cmdid: 0x1B [0m
[37m[11.153][linker]-[Debug]-[DjiProtocol_v1Unpack:215) <0xbe91>V1-Recv: 0x0306->0x0A06 0x03C1 [0m
[37m[11.154][linker]-[Debug]-[DjiCommand_RecvWork:1066)  <0xbe91>Receive msg from linker, 0x0306->0x0A06 0x03C1 len:13 [0m
[37m[11.178][linker]-[Debug]-[DjiProtocol_v1Unpack:215) <0xbeb3>V1-Recv: 0x0300->0x0A06 0x036C [0m
[37m[11.178][linker]-[Debug]-[DjiCommand_RecvWork:1066)  <0xbeb3>Receive msg from linker, 0x0300->0x0A06 0x036C len:71 [0m
[37m[11.178][linker]-[Debug]-[DjiCommand_DealCmd:919) received unsupport request cmd that noneed ack, <0xbeb3> cmdset: 0x03 cmdid: 0x6C [0m
[37m[11.197][linker]-[Debug]-[DjiProtocol_v1Unpack:215) <0xbee2>V1-Recv: 0x0300->0x0A06 0x4900 [0m
[37m[11.197][linker]-[Debug]-[DjiCommand_RecvWork:1066)  <0xbee2>Receive msg from linker, 0x0300->0x0A06 0x4900 len:14 [0m
[37m[11.197][linker]-[Debug]-[DjiProtocol_v1Pack:123) <0xbee2>V1-Send: 0x0A06->0x0300 0x4900 [0m
[37m[11.235][linker]-[Debug]-[DjiProtocol_v1Unpack:215) <0xbf25>V1-Recv: 0x0300->0x0A06 0x221B [0m
[37m[11.236][linker]-[Debug]-[DjiCommand_RecvWork:1066)  <0xbf25>Receive msg from linker, 0x0300->0x0A06 0x221B len:9 [0m
[37m[11.236][linker]-[Debug]-[DjiCommand_DealCmd:919) received unsupport request cmd that noneed ack, <0xbf25> cmdset: 0x22 cmdid: 0x1B [0m
[37m[11.246][linker]-[Debug]-[DjiProtocol_v1Unpack:215) <0x8cb4>V1-Recv: 0x0800->0x0A06 0x0866 [0m
[37m[11.247][linker]-[Debug]-[DjiCommand_RecvWork:1066)  <0x8cb4>Receive msg from linker, 0x0800->0x0A06 0x0866 len:16 [0m
[37m[11.247][linker]-[Debug]-[DjiCommand_DealCmd:919) received unsupport request cmd that noneed ack, <0x8cb4> cmdset: 0x08 cmdid: 0x66 [0m
[37m[11.253][linker]-[Debug]-[DjiProtocol_v1Unpack:215) <0xbf48>V1-Recv: 0x0306->0x0A06 0x03C1 [0m
[37m[11.254][linker]-[Debug]-[DjiCommand_RecvWork:1066)  <0xbf48>Receive msg from linker, 0x0306->0x0A06 0x03C1 len:13 [0m
[37m[11.278][linker]-[Debug]-[DjiProtocol_v1Unpack:215) <0xbf67>V1-Recv: 0x0300->0x0A06 0x036C [0m
[37m[11.279][linker]-[Debug]-[DjiCommand_RecvWork:1066)  <0xbf67>Receive msg from linker, 0x0300->0x0A06 0x036C len:71 [0m
[37m[11.279][linker]-[Debug]-[DjiCommand_DealCmd:919) received unsupport request cmd that noneed ack, <0xbf67> cmdset: 0x03 cmdid: 0x6C [0m
[37m[11.287][linker]-[Debug]-[DjiProtocol_v1Pack:123) <0xfd77>V1-Send: 0x0A06->0x0300 0x0000 [0m
[37m[11.287][infor]-[Debug]-[DjiAircraftConnection_CheckExtensionPortConnectStatusByV1Protocol:170) check connect status:1 [0m
[37m[11.287][linker]-[Debug]-[DjiProtocol_v1Pack:123) <0xfd78>V1-Send: 0x0A06->0x0200 0x3C10 [0m
[37m[11.287][linker]-[Debug]-[DjiProtocol_v1Pack:123) <0xfd79>V1-Send: 0x0A06->0x0A01 0x3C10 [0m
[37m[11.287][linker]-[Debug]-[DjiProtocol_v1Pack:123) <0xfd7a>V1-Send: 0x0A06->0x0300 0x3C10 [0m
[37m[11.295][linker]-[Debug]-[DjiProtocol_v1Unpack:215) <0xfd77>V1-Recv: 0x0300->0x0A06 0x0000 [0m
[37m[11.296][linker]-[Debug]-[DjiCommand_RecvWork:1066)  <0xfd77>Receive msg from linker, 0x0300->0x0A06 0x0000 len:0 [0m
[37m[11.296][infor]-[Debug]-[DjiAircraftInfo_CheckPingStatusAsyncCallback:269) connect status async sucess [0m
[37m[11.296][linker]-[Debug]-[DjiCommand_DealCmd:830) callback function (cmdset: 0x00 cmdid: 0x00) deal time: 0 ms [0m
[37m[11.297][linker]-[Debug]-[DjiProtocol_v1Unpack:215) <0xbf92>V1-Recv: 0x0300->0x0A06 0x4900 [0m
[37m[11.298][linker]-[Debug]-[DjiCommand_RecvWork:1066)  <0xbf92>Receive msg from linker, 0x0300->0x0A06 0x4900 len:14 [0m
[37m[11.298][linker]-[Debug]-[DjiProtocol_v1Pack:123) <0xbf92>V1-Send: 0x0A06->0x0300 0x4900 [0m
[37m[11.318][linker]-[Debug]-[DjiProtocol_v1Unpack:215) <0x9f4f>V1-Recv: 0x0A01->0x0A06 0x3C45 [0m
[37m[11.318][linker]-[Debug]-[DjiCommand_RecvWork:1066)  <0x9f4f>Receive msg from linker, 0x0A01->0x0A06 0x3C45 len:0 [0m
[37m[11.318][upgrade]-[Debug]-[DjiUpgrade_GetUpgradeServiceInfo:239) Get upgrade service info [0m
[37m[11.318][linker]-[Debug]-[DjiProtocol_v1Pack:123) <0x9f4f>V1-Send: 0x0A06->0x0A01 0x3C45 [0m
[37m[11.335][linker]-[Debug]-[DjiProtocol_v1Unpack:215) <0xbfdb>V1-Recv: 0x0300->0x0A06 0x221B [0m
[37m[11.335][linker]-[Debug]-[DjiCommand_RecvWork:1066)  <0xbfdb>Receive msg from linker, 0x0300->0x0A06 0x221B len:9 [0m
[37m[11.335][linker]-[Debug]-[DjiCommand_DealCmd:919) received unsupport request cmd that noneed ack, <0xbfdb> cmdset: 0x22 cmdid: 0x1B [0m
[37m[11.354][linker]-[Debug]-[DjiProtocol_v1Unpack:215) <0xbfff>V1-Recv: 0x0306->0x0A06 0x03C1 [0m
[37m[11.355][linker]-[Debug]-[DjiCommand_RecvWork:1066)  <0xbfff>Receive msg from linker, 0x0306->0x0A06 0x03C1 len:13 [0m
[37m[11.377][linker]-[Debug]-[DjiProtocol_v1Unpack:215) <0xc023>V1-Recv: 0x0300->0x0A06 0x036C [0m
[37m[11.378][linker]-[Debug]-[DjiCommand_RecvWork:1066)  <0xc023>Receive msg from linker, 0x0300->0x0A06 0x036C len:71 [0m
[37m[11.378][linker]-[Debug]-[DjiCommand_DealCmd:919) received unsupport request cmd that noneed ack, <0xc023> cmdset: 0x03 cmdid: 0x6C [0m
[37m[11.397][linker]-[Debug]-[DjiProtocol_v1Unpack:215) <0xc04c>V1-Recv: 0x0300->0x0100 0x0405 [0m
[37m[11.397][linker]-[Debug]-[DjiProtocol_v1Unpack:215) <0xc050>V1-Recv: 0x0300->0x0A06 0x4900 [0m
[37m[11.397][linker]-[Debug]-[DjiCommand_RecvWork:1066)  <0xc04c>Receive msg from linker, 0x0300->0x0100 0x0405 len:22 [0m
[37m[11.397][linker]-[Debug]-[DjiCommand_DealCmd:919) received unsupport request cmd that noneed ack, <0xc04c> cmdset: 0x04 cmdid: 0x05 [0m
[37m[11.398][linker]-[Debug]-[DjiCommand_RecvWork:1066)  <0xc050>Receive msg from linker, 0x0300->0x0A06 0x4900 len:14 [0m
[37m[11.398][linker]-[Debug]-[DjiProtocol_v1Pack:123) <0xc050>V1-Send: 0x0A06->0x0300 0x4900 [0m
[37m[11.435][linker]-[Debug]-[DjiProtocol_v1Unpack:215) <0xc093>V1-Recv: 0x0300->0x0A06 0x221B [0m
[37m[11.436][linker]-[Debug]-[DjiCommand_RecvWork:1066)  <0xc093>Receive msg from linker, 0x0300->0x0A06 0x221B len:9 [0m
[37m[11.436][linker]-[Debug]-[DjiCommand_DealCmd:919) received unsupport request cmd that noneed ack, <0xc093> cmdset: 0x22 cmdid: 0x1B [0m
[37m[11.453][linker]-[Debug]-[DjiProtocol_v1Unpack:215) <0xc0b7>V1-Recv: 0x0306->0x0A06 0x03C1 [0m
[37m[11.454][linker]-[Debug]-[DjiCommand_RecvWork:1066)  <0xc0b7>Receive msg from linker, 0x0306->0x0A06 0x03C1 len:13 [0m
[37m[11.478][linker]-[Debug]-[DjiProtocol_v1Unpack:215) <0xc0de>V1-Recv: 0x0300->0x0A06 0x036C [0m
[37m[11.478][linker]-[Debug]-[DjiCommand_RecvWork:1066)  <0xc0de>Receive msg from linker, 0x0300->0x0A06 0x036C len:71 [0m
[37m[11.478][linker]-[Debug]-[DjiCommand_DealCmd:919) received unsupport request cmd that noneed ack, <0xc0de> cmdset: 0x03 cmdid: 0x6C [0m
[37m[11.496][linker]-[Debug]-[DjiProtocol_v1Unpack:215) <0x8cb5>V1-Recv: 0x0800->0x0A06 0x0866 [0m
[37m[11.497][linker]-[Debug]-[DjiCommand_RecvWork:1066)  <0x8cb5>Receive msg from linker, 0x0800->0x0A06 0x0866 len:16 [0m
[37m[11.497][linker]-[Debug]-[DjiCommand_DealCmd:919) received unsupport request cmd that noneed ack, <0x8cb5> cmdset: 0x08 cmdid: 0x66 [0m
[37m[11.498][linker]-[Debug]-[DjiProtocol_v1Unpack:215) <0xc110>V1-Recv: 0x0300->0x0A06 0x4900 [0m
[37m[11.499][linker]-[Debug]-[DjiCommand_RecvWork:1066)  <0xc110>Receive msg from linker, 0x0300->0x0A06 0x4900 len:14 [0m
[37m[11.499][linker]-[Debug]-[DjiProtocol_v1Pack:123) <0xc110>V1-Send: 0x0A06->0x0300 0x4900 [0m
[37m[11.501][linker]-[Debug]-[DjiProtocol_v1Pack:123) <0xfd7b>V1-Send: 0x0A06->0x0200 0x3C10 [0m
[37m[11.501][linker]-[Debug]-[DjiProtocol_v1Pack:123) <0xfd7c>V1-Send: 0x0A06->0x0A01 0x3C10 [0m
[37m[11.501][linker]-[Debug]-[DjiProtocol_v1Pack:123) <0xfd7d>V1-Send: 0x0A06->0x0300 0x3C10 [0m
[37m[11.518][linker]-[Debug]-[DjiProtocol_v1Unpack:215) <0xc12e>V1-Recv: 0x0306->0x0A06 0x03C1 [0m
[37m[11.519][linker]-[Debug]-[DjiCommand_RecvWork:1066)  <0xc12e>Receive msg from linker, 0x0306->0x0A06 0x03C1 len:126 [0m
[37m[11.520][linker]-[Debug]-[DjiProtocol_v1Unpack:215) <0x9f50>V1-Recv: 0x0A01->0x0A06 0x3C45 [0m
[37m[11.521][linker]-[Debug]-[DjiCommand_RecvWork:1066)  <0x9f50>Receive msg from linker, 0x0A01->0x0A06 0x3C45 len:0 [0m
[37m[11.521][upgrade]-[Debug]-[DjiUpgrade_GetUpgradeServiceInfo:239) Get upgrade service info [0m
[37m[11.521][linker]-[Debug]-[DjiProtocol_v1Pack:123) <0x9f50>V1-Send: 0x0A06->0x0A01 0x3C45 [0m
[37m[11.535][linker]-[Debug]-[DjiProtocol_v1Unpack:215) <0xc161>V1-Recv: 0x0300->0x0A06 0x221B [0m
[37m[11.536][linker]-[Debug]-[DjiCommand_RecvWork:1066)  <0xc161>Receive msg from linker, 0x0300->0x0A06 0x221B len:9 [0m
[37m[11.536][linker]-[Debug]-[DjiCommand_DealCmd:919) received unsupport request cmd that noneed ack, <0xc161> cmdset: 0x22 cmdid: 0x1B [0m
[37m[11.553][linker]-[Debug]-[DjiProtocol_v1Unpack:215) <0xc185>V1-Recv: 0x0306->0x0A06 0x03C1 [0m
[37m[11.553][linker]-[Debug]-[DjiCommand_RecvWork:1066)  <0xc185>Receive msg from linker, 0x0306->0x0A06 0x03C1 len:13 [0m
[32m[11.557][user]-[Info]-[UserFcSubscription_Task:456) Current speed: 0.000000.
 [0m
[32m[11.557][user]-[Info]-[UserFcSubscription_Task:656) Displaymode status: 6. [0m
[37m[11.578][linker]-[Debug]-[DjiProtocol_v1Unpack:215) <0xc1a8>V1-Recv: 0x0300->0x0A06 0x036C [0m
[37m[11.578][linker]-[Debug]-[DjiCommand_RecvWork:1066)  <0xc1a8>Receive msg from linker, 0x0300->0x0A06 0x036C len:71 [0m
[37m[11.578][linker]-[Debug]-[DjiCommand_DealCmd:919) received unsupport request cmd that noneed ack, <0xc1a8> cmdset: 0x03 cmdid: 0x6C [0m
[37m[11.597][linker]-[Debug]-[DjiProtocol_v1Unpack:215) <0xc1d1>V1-Recv: 0x0300->0x0A06 0x4900 [0m
[37m[11.597][linker]-[Debug]-[DjiCommand_RecvWork:1066)  <0xc1d1>Receive msg from linker, 0x0300->0x0A06 0x4900 len:14 [0m
[37m[11.597][linker]-[Debug]-[DjiProtocol_v1Pack:123) <0xc1d1>V1-Send: 0x0A06->0x0300 0x4900 [0m
[37m[11.609][linker]-[Debug]-[DjiProtocol_v1Unpack:215) <0x7c3>V1-Recv: 0x0701->0x0A06 0x0000 [0m
[37m[11.609][linker]-[Debug]-[DjiCommand_RecvWork:1066)  <0x7c3>Receive msg from linker, 0x0701->0x0A06 0x0000 len:16 [0m
[37m[11.609][linker]-[Debug]-[DjiProtocol_v1Pack:123) <0x7c3>V1-Send: 0x0A06->0x0701 0x0000 [0m
[37m[11.635][linker]-[Debug]-[DjiProtocol_v1Unpack:215) <0xc214>V1-Recv: 0x0300->0x0A06 0x221B [0m
[37m[11.636][linker]-[Debug]-[DjiCommand_RecvWork:1066)  <0xc214>Receive msg from linker, 0x0300->0x0A06 0x221B len:9 [0m
[37m[11.636][linker]-[Debug]-[DjiCommand_DealCmd:919) received unsupport request cmd that noneed ack, <0xc214> cmdset: 0x22 cmdid: 0x1B [0m
[37m[11.653][linker]-[Debug]-[DjiProtocol_v1Unpack:215) <0xc237>V1-Recv: 0x0306->0x0A06 0x03C1 [0m
[37m[11.654][linker]-[Debug]-[DjiCommand_RecvWork:1066)  <0xc237>Receive msg from linker, 0x0306->0x0A06 0x03C1 len:13 [0m
[37m[11.673][linker]-[Debug]-[DjiProtocol_v1Unpack:215) <0x3a77>V1-Recv: 0x1D07->0x0A06 0x2105 [0m
[37m[11.673][linker]-[Debug]-[DjiCommand_RecvWork:1066)  <0x3a77>Receive msg from linker, 0x1D07->0x0A06 0x2105 len:1 [0m
[37m[11.673][linker]-[Debug]-[DjiCommand_DealCmd:919) received unsupport request cmd that need ack, <0x3a77> cmdset: 0x21 cmdid: 0x05 [0m
[37m[11.678][linker]-[Debug]-[DjiProtocol_v1Unpack:215) <0xc258>V1-Recv: 0x0300->0x0A06 0x036C [0m
[37m[11.679][linker]-[Debug]-[DjiCommand_RecvWork:1066)  <0xc258>Receive msg from linker, 0x0300->0x0A06 0x036C len:71 [0m
[37m[11.679][linker]-[Debug]-[DjiCommand_DealCmd:919) received unsupport request cmd that noneed ack, <0xc258> cmdset: 0x03 cmdid: 0x6C [0m
[37m[11.698][linker]-[Debug]-[DjiProtocol_v1Unpack:215) <0xc285>V1-Recv: 0x0300->0x0A06 0x4900 [0m
[37m[11.699][linker]-[Debug]-[DjiCommand_RecvWork:1066)  <0xc285>Receive msg from linker, 0x0300->0x0A06 0x4900 len:14 [0m
[37m[11.699][linker]-[Debug]-[DjiProtocol_v1Pack:123) <0xc285>V1-Send: 0x0A06->0x0300 0x4900 [0m
[37m[11.715][linker]-[Debug]-[DjiProtocol_v1Pack:123) <0xfd7e>V1-Send: 0x0A06->0x0200 0x3C10 [0m
[37m[11.715][linker]-[Debug]-[DjiProtocol_v1Pack:123) <0xfd7f>V1-Send: 0x0A06->0x0A01 0x3C10 [0m
[37m[11.715][linker]-[Debug]-[DjiProtocol_v1Pack:123) <0xfd80>V1-Send: 0x0A06->0x0300 0x3C10 [0m
[37m[11.736][linker]-[Debug]-[DjiProtocol_v1Unpack:215) <0xc2c9>V1-Recv: 0x0300->0x0A06 0x221B [0m
[37m[11.736][linker]-[Debug]-[DjiCommand_RecvWork:1066)  <0xc2c9>Receive msg from linker, 0x0300->0x0A06 0x221B len:9 [0m
[37m[11.736][linker]-[Debug]-[DjiCommand_DealCmd:919) received unsupport request cmd that noneed ack, <0xc2c9> cmdset: 0x22 cmdid: 0x1B [0m
[37m[11.738][linker]-[Debug]-[DjiProtocol_v1Unpack:215) <0x9f51>V1-Recv: 0x0A01->0x0A06 0x3C45 [0m
[37m[11.738][linker]-[Debug]-[DjiCommand_RecvWork:1066)  <0x9f51>Receive msg from linker, 0x0A01->0x0A06 0x3C45 len:0 [0m
[37m[11.738][upgrade]-[Debug]-[DjiUpgrade_GetUpgradeServiceInfo:239) Get upgrade service info [0m
[37m[11.738][linker]-[Debug]-[DjiProtocol_v1Pack:123) <0x9f51>V1-Send: 0x0A06->0x0A01 0x3C45 [0m
[37m[11.746][linker]-[Debug]-[DjiProtocol_v1Unpack:215) <0x8cb6>V1-Recv: 0x0800->0x0A06 0x0866 [0m
[37m[11.747][linker]-[Debug]-[DjiCommand_RecvWork:1066)  <0x8cb6>Receive msg from linker, 0x0800->0x0A06 0x0866 len:16 [0m
[37m[11.747][linker]-[Debug]-[DjiCommand_DealCmd:919) received unsupport request cmd that noneed ack, <0x8cb6> cmdset: 0x08 cmdid: 0x66 [0m
[37m[11.754][linker]-[Debug]-[DjiProtocol_v1Unpack:215) <0xc2ea>V1-Recv: 0x0306->0x0A06 0x03C1 [0m
[37m[11.755][linker]-[Debug]-[DjiCommand_RecvWork:1066)  <0xc2ea>Receive msg from linker, 0x0306->0x0A06 0x03C1 len:13 [0m
[37m[11.767][utils]-[Debug]-[DjiCore_RootTask:131) work execution time: [0m
[37m[11.767][utils]-[Debug]-[DjiCore_RootTask:132) name	                execution time (ms)	  max execution time (ms) [0m
[37m[11.767][utils]-[Debug]-[DjiCore_RootTask:134) recorderWork                    	1       	1        [0m
[37m[11.767][utils]-[Debug]-[DjiCore_RootTask:134) flowControllerTask              	0       	0        [0m
[37m[11.767][utils]-[Debug]-[DjiCore_RootTask:134) commandTask                     	1       	1        [0m
[37m[11.767][utils]-[Debug]-[DjiCore_RootTask:134) aircraftWorkNode                	0       	0        [0m
[37m[11.767][utils]-[Debug]-[DjiCore_RootTask:134) StatePushWork                   	1       	1        [0m
[37m[11.778][linker]-[Debug]-[DjiProtocol_v1Unpack:215) <0xc315>V1-Recv: 0x0300->0x0A06 0x036C [0m
[37m[11.779][linker]-[Debug]-[DjiCommand_RecvWork:1066)  <0xc315>Receive msg from linker, 0x0300->0x0A06 0x036C len:71 [0m
[37m[11.779][linker]-[Debug]-[DjiCommand_DealCmd:919) received unsupport request cmd that noneed ack, <0xc315> cmdset: 0x03 cmdid: 0x6C [0m
[37m[11.797][linker]-[Debug]-[DjiProtocol_v1Unpack:215) <0xc340>V1-Recv: 0x0300->0x0A06 0x4900 [0m
[37m[11.799][linker]-[Debug]-[DjiCommand_RecvWork:1066)  <0xc340>Receive msg from linker, 0x0300->0x0A06 0x4900 len:14 [0m
[37m[11.799][linker]-[Debug]-[DjiProtocol_v1Pack:123) <0xc340>V1-Send: 0x0A06->0x0300 0x4900 [0m
[37m[11.835][linker]-[Debug]-[DjiProtocol_v1Unpack:215) <0xc383>V1-Recv: 0x0300->0x0A06 0x221B [0m
[37m[11.835][linker]-[Debug]-[DjiCommand_RecvWork:1066)  <0xc383>Receive msg from linker, 0x0300->0x0A06 0x221B len:9 [0m
[37m[11.835][linker]-[Debug]-[DjiCommand_DealCmd:919) received unsupport request cmd that noneed ack, <0xc383> cmdset: 0x22 cmdid: 0x1B [0m
[37m[11.854][linker]-[Debug]-[DjiProtocol_v1Unpack:215) <0xc3a4>V1-Recv: 0x0306->0x0A06 0x03C1 [0m
[37m[11.854][linker]-[Debug]-[DjiCommand_RecvWork:1066)  <0xc3a4>Receive msg from linker, 0x0306->0x0A06 0x03C1 len:13 [0m
[37m[11.878][linker]-[Debug]-[DjiProtocol_v1Unpack:215) <0xc3c2>V1-Recv: 0x0300->0x0A06 0x036C [0m
[37m[11.878][linker]-[Debug]-[DjiCommand_RecvWork:1066)  <0xc3c2>Receive msg from linker, 0x0300->0x0A06 0x036C len:71 [0m
[37m[11.878][linker]-[Debug]-[DjiCommand_DealCmd:919) received unsupport request cmd that noneed ack, <0xc3c2> cmdset: 0x03 cmdid: 0x6C [0m
[37m[11.898][linker]-[Debug]-[DjiProtocol_v1Unpack:215) <0xc3eb>V1-Recv: 0x0300->0x0A06 0x0F74 [0m
[37m[11.898][linker]-[Debug]-[DjiProtocol_v1Unpack:215) <0xc3f0>V1-Recv: 0x0300->0x0100 0x0406 [0m
[37m[11.898][linker]-[Debug]-[DjiProtocol_v1Unpack:215) <0xc3f1>V1-Recv: 0x0300->0x0100 0x0407 [0m
[37m[11.898][linker]-[Debug]-[DjiProtocol_v1Unpack:215) <0xc3f2>V1-Recv: 0x0300->0x0A06 0x4900 [0m
[37m[11.899][linker]-[Debug]-[DjiCommand_RecvWork:1066)  <0xc3eb>Receive msg from linker, 0x0300->0x0A06 0x0F74 len:28 [0m
[37m[11.899][linker]-[Debug]-[DjiCommand_DealCmd:919) received unsupport request cmd that noneed ack, <0xc3eb> cmdset: 0x0F cmdid: 0x74 [0m
[37m[11.900][linker]-[Debug]-[DjiCommand_RecvWork:1066)  <0xc3f0>Receive msg from linker, 0x0300->0x0100 0x0406 len:12 [0m
[37m[11.900][linker]-[Debug]-[DjiCommand_DealCmd:919) received unsupport request cmd that noneed ack, <0xc3f0> cmdset: 0x04 cmdid: 0x06 [0m
[37m[11.901][linker]-[Debug]-[DjiCommand_RecvWork:1066)  <0xc3f1>Receive msg from linker, 0x0300->0x0100 0x0407 len:1 [0m
[37m[11.901][linker]-[Debug]-[DjiCommand_DealCmd:919) received unsupport request cmd that noneed ack, <0xc3f1> cmdset: 0x04 cmdid: 0x07 [0m
[37m[11.902][linker]-[Debug]-[DjiCommand_RecvWork:1066)  <0xc3f2>Receive msg from linker, 0x0300->0x0A06 0x4900 len:14 [0m
[37m[11.902][linker]-[Debug]-[DjiProtocol_v1Pack:123) <0xc3f2>V1-Send: 0x0A06->0x0300 0x4900 [0m
[37m[11.929][linker]-[Debug]-[DjiProtocol_v1Pack:123) <0xfd81>V1-Send: 0x0A06->0x0200 0x3C10 [0m
[37m[11.929][linker]-[Debug]-[DjiProtocol_v1Pack:123) <0xfd82>V1-Send: 0x0A06->0x0A01 0x3C10 [0m
[37m[11.929][linker]-[Debug]-[DjiProtocol_v1Pack:123) <0xfd83>V1-Send: 0x0A06->0x0300 0x3C10 [0m
[37m[11.935][linker]-[Debug]-[DjiProtocol_v1Unpack:215) <0xc437>V1-Recv: 0x0300->0x0A06 0x221B [0m
[37m[11.935][linker]-[Debug]-[DjiCommand_RecvWork:1066)  <0xc437>Receive msg from linker, 0x0300->0x0A06 0x221B len:9 [0m
[37m[11.935][linker]-[Debug]-[DjiCommand_DealCmd:919) received unsupport request cmd that noneed ack, <0xc437> cmdset: 0x22 cmdid: 0x1B [0m
[37m[11.954][linker]-[Debug]-[DjiProtocol_v1Unpack:215) <0xc458>V1-Recv: 0x0306->0x0A06 0x03C1 [0m
[37m[11.954][linker]-[Debug]-[DjiCommand_RecvWork:1066)  <0xc458>Receive msg from linker, 0x0306->0x0A06 0x03C1 len:13 [0m
[37m[11.958][linker]-[Debug]-[DjiProtocol_v1Unpack:215) <0x9f53>V1-Recv: 0x0A01->0x0A06 0x3C45 [0m
[37m[11.958][linker]-[Debug]-[DjiCommand_RecvWork:1066)  <0x9f53>Receive msg from linker, 0x0A01->0x0A06 0x3C45 len:0 [0m
[37m[11.958][upgrade]-[Debug]-[DjiUpgrade_GetUpgradeServiceInfo:239) Get upgrade service info [0m
[37m[11.959][linker]-[Debug]-[DjiProtocol_v1Pack:123) <0x9f53>V1-Send: 0x0A06->0x0A01 0x3C45 [0m
[37m[11.977][linker]-[Debug]-[DjiProtocol_v1Unpack:215) <0xc481>V1-Recv: 0x0300->0x0A06 0x036C [0m
[37m[11.978][linker]-[Debug]-[DjiCommand_RecvWork:1066)  <0xc481>Receive msg from linker, 0x0300->0x0A06 0x036C len:71 [0m
[37m[11.978][linker]-[Debug]-[DjiCommand_DealCmd:919) received unsupport request cmd that noneed ack, <0xc481> cmdset: 0x03 cmdid: 0x6C [0m
[37m[11.998][linker]-[Debug]-[DjiProtocol_v1Unpack:215) <0x8cb7>V1-Recv: 0x0800->0x0A06 0x0866 [0m
[37m[11.998][linker]-[Debug]-[DjiProtocol_v1Unpack:215) <0xc4b8>V1-Recv: 0x0300->0x0A06 0x4900 [0m
[37m[11.998][linker]-[Debug]-[DjiCommand_RecvWork:1066)  <0x8cb7>Receive msg from linker, 0x0800->0x0A06 0x0866 len:16 [0m
[37m[11.998][linker]-[Debug]-[DjiCommand_DealCmd:919) received unsupport request cmd that noneed ack, <0x8cb7> cmdset: 0x08 cmdid: 0x66 [0m
[37m[11.999][linker]-[Debug]-[DjiCommand_RecvWork:1066)  <0xc4b8>Receive msg from linker, 0x0300->0x0A06 0x4900 len:14 [0m
[37m[11.999][linker]-[Debug]-[DjiProtocol_v1Pack:123) <0xc4b8>V1-Send: 0x0A06->0x0300 0x4900 [0m
[37m[12.035][linker]-[Debug]-[DjiProtocol_v1Unpack:215) <0xc4fc>V1-Recv: 0x0300->0x0A06 0x221B [0m
[37m[12.035][linker]-[Debug]-[DjiCommand_RecvWork:1066)  <0xc4fc>Receive msg from linker, 0x0300->0x0A06 0x221B len:9 [0m
[37m[12.035][linker]-[Debug]-[DjiCommand_DealCmd:919) received unsupport request cmd that noneed ack, <0xc4fc> cmdset: 0x22 cmdid: 0x1B [0m
[37m[12.054][linker]-[Debug]-[DjiProtocol_v1Unpack:215) <0xc51d>V1-Recv: 0x0306->0x0A06 0x03C1 [0m
[37m[12.054][linker]-[Debug]-[DjiCommand_RecvWork:1066)  <0xc51d>Receive msg from linker, 0x0306->0x0A06 0x03C1 len:13 [0m
[37m[12.078][linker]-[Debug]-[DjiProtocol_v1Unpack:215) <0xc53b>V1-Recv: 0x0300->0x0A06 0x036C [0m
[37m[12.079][linker]-[Debug]-[DjiCommand_RecvWork:1066)  <0xc53b>Receive msg from linker, 0x0300->0x0A06 0x036C len:71 [0m
[37m[12.079][linker]-[Debug]-[DjiCommand_DealCmd:919) received unsupport request cmd that noneed ack, <0xc53b> cmdset: 0x03 cmdid: 0x6C [0m
[37m[12.098][linker]-[Debug]-[DjiProtocol_v1Unpack:215) <0xc567>V1-Recv: 0x0300->0x0A06 0x4900 [0m
[37m[12.098][linker]-[Debug]-[DjiCommand_RecvWork:1066)  <0xc567>Receive msg from linker, 0x0300->0x0A06 0x4900 len:14 [0m
[37m[12.098][linker]-[Debug]-[DjiProtocol_v1Pack:123) <0xc567>V1-Send: 0x0A06->0x0300 0x4900 [0m
[37m[12.135][linker]-[Debug]-[DjiProtocol_v1Unpack:215) <0xc5ac>V1-Recv: 0x0300->0x0A06 0x221B [0m
[37m[12.135][linker]-[Debug]-[DjiCommand_RecvWork:1066)  <0xc5ac>Receive msg from linker, 0x0300->0x0A06 0x221B len:9 [0m
[37m[12.135][linker]-[Debug]-[DjiCommand_DealCmd:919) received unsupport request cmd that noneed ack, <0xc5ac> cmdset: 0x22 cmdid: 0x1B [0m
[37m[12.142][linker]-[Debug]-[DjiProtocol_v1Pack:123) <0xfd84>V1-Send: 0x0A06->0x0200 0x3C10 [0m
[37m[12.142][linker]-[Debug]-[DjiProtocol_v1Pack:123) <0xfd85>V1-Send: 0x0A06->0x0A01 0x3C10 [0m
[37m[12.142][linker]-[Debug]-[DjiProtocol_v1Pack:123) <0xfd86>V1-Send: 0x0A06->0x0300 0x3C10 [0m
[37m[12.150][linker]-[Debug]-[DjiProtocol_v1Unpack:215) <0x9369>V1-Recv: 0x0202->0x0A06 0x0026 [0m
[37m[12.150][linker]-[Debug]-[DjiCommand_RecvWork:1066)  <0x9369>Receive msg from linker, 0x0202->0x0A06 0x0026 len:37 [0m
[37m[12.150][linker]-[Debug]-[DjiCommand_DealCmd:919) received unsupport request cmd that need ack, <0x9369> cmdset: 0x00 cmdid: 0x26 [0m
[37m[12.153][linker]-[Debug]-[DjiProtocol_v1Unpack:215) <0xc5cd>V1-Recv: 0x0306->0x0A06 0x03C1 [0m
[37m[12.153][linker]-[Debug]-[DjiCommand_RecvWork:1066)  <0xc5cd>Receive msg from linker, 0x0306->0x0A06 0x03C1 len:13 [0m
[37m[12.159][linker]-[Debug]-[DjiProtocol_v1Unpack:215) <0x9f56>V1-Recv: 0x0A01->0x0A06 0x3C45 [0m
[37m[12.159][linker]-[Debug]-[DjiCommand_RecvWork:1066)  <0x9f56>Receive msg from linker, 0x0A01->0x0A06 0x3C45 len:0 [0m
[37m[12.159][upgrade]-[Debug]-[DjiUpgrade_GetUpgradeServiceInfo:239) Get upgrade service info [0m
[37m[12.159][linker]-[Debug]-[DjiProtocol_v1Pack:123) <0x9f56>V1-Send: 0x0A06->0x0A01 0x3C45 [0m
[37m[12.178][linker]-[Debug]-[DjiProtocol_v1Unpack:215) <0xc5f0>V1-Recv: 0x0300->0x0A06 0x036C [0m
[37m[12.179][linker]-[Debug]-[DjiCommand_RecvWork:1066)  <0xc5f0>Receive msg from linker, 0x0300->0x0A06 0x036C len:71 [0m
[37m[12.179][linker]-[Debug]-[DjiCommand_DealCmd:919) received unsupport request cmd that noneed ack, <0xc5f0> cmdset: 0x03 cmdid: 0x6C [0m
[37m[12.197][linker]-[Debug]-[DjiProtocol_v1Unpack:215) <0xc61c>V1-Recv: 0x0300->0x0A06 0x4900 [0m
[37m[12.198][linker]-[Debug]-[DjiCommand_RecvWork:1066)  <0xc61c>Receive msg from linker, 0x0300->0x0A06 0x4900 len:14 [0m
[37m[12.198][linker]-[Debug]-[DjiProtocol_v1Pack:123) <0xc61c>V1-Send: 0x0A06->0x0300 0x4900 [0m
[37m[12.236][linker]-[Debug]-[DjiProtocol_v1Unpack:215) <0xc65d>V1-Recv: 0x0300->0x0A06 0x221B [0m
[37m[12.237][linker]-[Debug]-[DjiCommand_RecvWork:1066)  <0xc65d>Receive msg from linker, 0x0300->0x0A06 0x221B len:9 [0m
[37m[12.237][linker]-[Debug]-[DjiCommand_DealCmd:919) received unsupport request cmd that noneed ack, <0xc65d> cmdset: 0x22 cmdid: 0x1B [0m
[37m[12.246][linker]-[Debug]-[DjiProtocol_v1Unpack:215) <0x8cb8>V1-Recv: 0x0800->0x0A06 0x0866 [0m
[37m[12.246][linker]-[Debug]-[DjiCommand_RecvWork:1066)  <0x8cb8>Receive msg from linker, 0x0800->0x0A06 0x0866 len:16 [0m
[37m[12.246][linker]-[Debug]-[DjiCommand_DealCmd:919) received unsupport request cmd that noneed ack, <0x8cb8> cmdset: 0x08 cmdid: 0x66 [0m
[37m[12.254][linker]-[Debug]-[DjiProtocol_v1Unpack:215) <0xc67e>V1-Recv: 0x0306->0x0A06 0x03C1 [0m
[37m[12.254][linker]-[Debug]-[DjiCommand_RecvWork:1066)  <0xc67e>Receive msg from linker, 0x0306->0x0A06 0x03C1 len:13 [0m
[37m[12.278][linker]-[Debug]-[DjiProtocol_v1Unpack:215) <0xc69d>V1-Recv: 0x0300->0x0A06 0x036C [0m
[37m[12.278][linker]-[Debug]-[DjiCommand_RecvWork:1066)  <0xc69d>Receive msg from linker, 0x0300->0x0A06 0x036C len:71 [0m
[37m[12.278][linker]-[Debug]-[DjiCommand_DealCmd:919) received unsupport request cmd that noneed ack, <0xc69d> cmdset: 0x03 cmdid: 0x6C [0m
[37m[12.298][linker]-[Debug]-[DjiProtocol_v1Unpack:215) <0xc6c7>V1-Recv: 0x0300->0x0A06 0x4900 [0m
[37m[12.299][linker]-[Debug]-[DjiCommand_RecvWork:1066)  <0xc6c7>Receive msg from linker, 0x0300->0x0A06 0x4900 len:14 [0m
[37m[12.299][linker]-[Debug]-[DjiProtocol_v1Pack:123) <0xc6c7>V1-Send: 0x0A06->0x0300 0x4900 [0m
[37m[12.335][linker]-[Debug]-[DjiProtocol_v1Unpack:215) <0xc70b>V1-Recv: 0x0300->0x0A06 0x221B [0m
[37m[12.336][linker]-[Debug]-[DjiCommand_RecvWork:1066)  <0xc70b>Receive msg from linker, 0x0300->0x0A06 0x221B len:9 [0m
[37m[12.336][linker]-[Debug]-[DjiCommand_DealCmd:919) received unsupport request cmd that noneed ack, <0xc70b> cmdset: 0x22 cmdid: 0x1B [0m
[37m[12.354][linker]-[Debug]-[DjiProtocol_v1Unpack:215) <0xc72c>V1-Recv: 0x0306->0x0A06 0x03C1 [0m
[37m[12.355][linker]-[Debug]-[DjiCommand_RecvWork:1066)  <0xc72c>Receive msg from linker, 0x0306->0x0A06 0x03C1 len:13 [0m
[37m[12.355][linker]-[Debug]-[DjiProtocol_v1Pack:123) <0xfd87>V1-Send: 0x0A06->0x0300 0x0000 [0m
[37m[12.355][infor]-[Debug]-[DjiAircraftConnection_CheckExtensionPortConnectStatusByV1Protocol:170) check connect status:1 [0m
[37m[12.355][linker]-[Debug]-[DjiProtocol_v1Pack:123) <0xfd88>V1-Send: 0x0A06->0x0200 0x3C10 [0m
[37m[12.355][linker]-[Debug]-[DjiProtocol_v1Pack:123) <0xfd89>V1-Send: 0x0A06->0x0A01 0x3C10 [0m
[37m[12.355][linker]-[Debug]-[DjiProtocol_v1Pack:123) <0xfd8a>V1-Send: 0x0A06->0x0300 0x3C10 [0m
[37m[12.379][linker]-[Debug]-[DjiProtocol_v1Unpack:215) <0xfd87>V1-Recv: 0x0300->0x0A06 0x0000 [0m
[37m[12.379][linker]-[Debug]-[DjiProtocol_v1Unpack:215) <0xc750>V1-Recv: 0x0300->0x0A06 0x036C [0m
[37m[12.379][linker]-[Debug]-[DjiProtocol_v1Unpack:215) <0x9f57>V1-Recv: 0x0A01->0x0A06 0x3C45 [0m
[37m[12.380][linker]-[Debug]-[DjiCommand_RecvWork:1066)  <0xfd87>Receive msg from linker, 0x0300->0x0A06 0x0000 len:0 [0m
[37m[12.380][infor]-[Debug]-[DjiAircraftInfo_CheckPingStatusAsyncCallback:269) connect status async sucess [0m
[37m[12.380][linker]-[Debug]-[DjiCommand_DealCmd:830) callback function (cmdset: 0x00 cmdid: 0x00) deal time: 0 ms [0m
[37m[12.381][linker]-[Debug]-[DjiCommand_RecvWork:1066)  <0xc750>Receive msg from linker, 0x0300->0x0A06 0x036C len:71 [0m
[37m[12.381][linker]-[Debug]-[DjiCommand_DealCmd:919) received unsupport request cmd that noneed ack, <0xc750> cmdset: 0x03 cmdid: 0x6C [0m
[37m[12.382][linker]-[Debug]-[DjiCommand_RecvWork:1066)  <0x9f57>Receive msg from linker, 0x0A01->0x0A06 0x3C45 len:0 [0m
[37m[12.382][upgrade]-[Debug]-[DjiUpgrade_GetUpgradeServiceInfo:239) Get upgrade service info [0m
[37m[12.382][linker]-[Debug]-[DjiProtocol_v1Pack:123) <0x9f57>V1-Send: 0x0A06->0x0A01 0x3C45 [0m
[37m[12.397][linker]-[Debug]-[DjiProtocol_v1Unpack:215) <0xc776>V1-Recv: 0x0300->0x0100 0x0405 [0m
[37m[12.397][linker]-[Debug]-[DjiProtocol_v1Unpack:215) <0xc77a>V1-Recv: 0x0300->0x0A06 0x4900 [0m
[37m[12.398][linker]-[Debug]-[DjiCommand_RecvWork:1066)  <0xc776>Receive msg from linker, 0x0300->0x0100 0x0405 len:22 [0m
[37m[12.398][linker]-[Debug]-[DjiCommand_DealCmd:919) received unsupport request cmd that noneed ack, <0xc776> cmdset: 0x04 cmdid: 0x05 [0m
[37m[12.399][linker]-[Debug]-[DjiCommand_RecvWork:1066)  <0xc77a>Receive msg from linker, 0x0300->0x0A06 0x4900 len:14 [0m
[37m[12.399][linker]-[Debug]-[DjiProtocol_v1Pack:123) <0xc77a>V1-Send: 0x0A06->0x0300 0x4900 [0m
[37m[12.435][linker]-[Debug]-[DjiProtocol_v1Unpack:215) <0xc7bb>V1-Recv: 0x0300->0x0A06 0x221B [0m
[37m[12.436][linker]-[Debug]-[DjiCommand_RecvWork:1066)  <0xc7bb>Receive msg from linker, 0x0300->0x0A06 0x221B len:9 [0m
[37m[12.436][linker]-[Debug]-[DjiCommand_DealCmd:919) received unsupport request cmd that noneed ack, <0xc7bb> cmdset: 0x22 cmdid: 0x1B [0m
[37m[12.453][linker]-[Debug]-[DjiProtocol_v1Unpack:215) <0xc7de>V1-Recv: 0x0306->0x0A06 0x03C1 [0m
[37m[12.454][linker]-[Debug]-[DjiCommand_RecvWork:1066)  <0xc7de>Receive msg from linker, 0x0306->0x0A06 0x03C1 len:13 [0m
[37m[12.478][linker]-[Debug]-[DjiProtocol_v1Unpack:215) <0xc801>V1-Recv: 0x0300->0x0A06 0x036C [0m
[37m[12.478][linker]-[Debug]-[DjiCommand_RecvWork:1066)  <0xc801>Receive msg from linker, 0x0300->0x0A06 0x036C len:71 [0m
[37m[12.478][linker]-[Debug]-[DjiCommand_DealCmd:919) received unsupport request cmd that noneed ack, <0xc801> cmdset: 0x03 cmdid: 0x6C [0m
[37m[12.496][linker]-[Debug]-[DjiProtocol_v1Unpack:215) <0x8cb9>V1-Recv: 0x0800->0x0A06 0x0866 [0m
[37m[12.497][linker]-[Debug]-[DjiCommand_RecvWork:1066)  <0x8cb9>Receive msg from linker, 0x0800->0x0A06 0x0866 len:16 [0m
[37m[12.497][linker]-[Debug]-[DjiCommand_DealCmd:919) received unsupport request cmd that noneed ack, <0x8cb9> cmdset: 0x08 cmdid: 0x66 [0m
[37m[12.497][linker]-[Debug]-[DjiProtocol_v1Unpack:215) <0xc832>V1-Recv: 0x0300->0x0A06 0x4900 [0m
[37m[12.498][linker]-[Debug]-[DjiCommand_RecvWork:1066)  <0xc832>Receive msg from linker, 0x0300->0x0A06 0x4900 len:14 [0m
[37m[12.498][linker]-[Debug]-[DjiProtocol_v1Pack:123) <0xc832>V1-Send: 0x0A06->0x0300 0x4900 [0m
[37m[12.519][linker]-[Debug]-[DjiProtocol_v1Unpack:215) <0xc852>V1-Recv: 0x0306->0x0A06 0x03C1 [0m
[37m[12.519][linker]-[Debug]-[DjiCommand_RecvWork:1066)  <0xc852>Receive msg from linker, 0x0306->0x0A06 0x03C1 len:126 [0m
[37m[12.535][linker]-[Debug]-[DjiProtocol_v1Unpack:215) <0xc885>V1-Recv: 0x0300->0x0A06 0x221B [0m
[37m[12.535][linker]-[Debug]-[DjiCommand_RecvWork:1066)  <0xc885>Receive msg from linker, 0x0300->0x0A06 0x221B len:9 [0m
[37m[12.535][linker]-[Debug]-[DjiCommand_DealCmd:919) received unsupport request cmd that noneed ack, <0xc885> cmdset: 0x22 cmdid: 0x1B [0m
[37m[12.554][linker]-[Debug]-[DjiProtocol_v1Unpack:215) <0xc8a8>V1-Recv: 0x0306->0x0A06 0x03C1 [0m
[37m[12.555][linker]-[Debug]-[DjiCommand_RecvWork:1066)  <0xc8a8>Receive msg from linker, 0x0306->0x0A06 0x03C1 len:13 [0m
[32m[12.557][user]-[Info]-[UserFcSubscription_Task:456) Current speed: 0.000000.
 [0m
[32m[12.557][user]-[Info]-[UserFcSubscription_Task:656) Displaymode status: 6. [0m
[37m[12.568][linker]-[Debug]-[DjiProtocol_v1Pack:123) <0xfd8b>V1-Send: 0x0A06->0x0200 0x3C10 [0m
[37m[12.568][linker]-[Debug]-[DjiProtocol_v1Pack:123) <0xfd8c>V1-Send: 0x0A06->0x0A01 0x3C10 [0m
[37m[12.568][linker]-[Debug]-[DjiProtocol_v1Pack:123) <0xfd8d>V1-Send: 0x0A06->0x0300 0x3C10 [0m
[37m[12.578][linker]-[Debug]-[DjiProtocol_v1Unpack:215) <0xc8cb>V1-Recv: 0x0300->0x0A06 0x036C [0m
[37m[12.579][linker]-[Debug]-[DjiCommand_RecvWork:1066)  <0xc8cb>Receive msg from linker, 0x0300->0x0A06 0x036C len:71 [0m
[37m[12.579][linker]-[Debug]-[DjiCommand_DealCmd:919) received unsupport request cmd that noneed ack, <0xc8cb> cmdset: 0x03 cmdid: 0x6C [0m
[37m[12.597][linker]-[Debug]-[DjiProtocol_v1Unpack:215) <0xc8f4>V1-Recv: 0x0300->0x0A06 0x4900 [0m
[37m[12.598][linker]-[Debug]-[DjiCommand_RecvWork:1066)  <0xc8f4>Receive msg from linker, 0x0300->0x0A06 0x4900 len:14 [0m
[37m[12.598][linker]-[Debug]-[DjiProtocol_v1Pack:123) <0xc8f4>V1-Send: 0x0A06->0x0300 0x4900 [0m
[37m[12.598][linker]-[Debug]-[DjiProtocol_v1Unpack:215) <0x9f58>V1-Recv: 0x0A01->0x0A06 0x3C45 [0m
[37m[12.599][linker]-[Debug]-[DjiCommand_RecvWork:1066)  <0x9f58>Receive msg from linker, 0x0A01->0x0A06 0x3C45 len:0 [0m
[37m[12.599][upgrade]-[Debug]-[DjiUpgrade_GetUpgradeServiceInfo:239) Get upgrade service info [0m
[37m[12.599][linker]-[Debug]-[DjiProtocol_v1Pack:123) <0x9f58>V1-Send: 0x0A06->0x0A01 0x3C45 [0m
[37m[12.609][linker]-[Debug]-[DjiProtocol_v1Unpack:215) <0x7c4>V1-Recv: 0x0701->0x0A06 0x0000 [0m
[37m[12.610][linker]-[Debug]-[DjiCommand_RecvWork:1066)  <0x7c4>Receive msg from linker, 0x0701->0x0A06 0x0000 len:16 [0m
[37m[12.610][linker]-[Debug]-[DjiProtocol_v1Pack:123) <0x7c4>V1-Send: 0x0A06->0x0701 0x0000 [0m
[37m[12.635][linker]-[Debug]-[DjiProtocol_v1Unpack:215) <0xc937>V1-Recv: 0x0300->0x0A06 0x221B [0m
[37m[12.636][linker]-[Debug]-[DjiCommand_RecvWork:1066)  <0xc937>Receive msg from linker, 0x0300->0x0A06 0x221B len:9 [0m
[37m[12.636][linker]-[Debug]-[DjiCommand_DealCmd:919) received unsupport request cmd that noneed ack, <0xc937> cmdset: 0x22 cmdid: 0x1B [0m
[37m[12.653][linker]-[Debug]-[DjiProtocol_v1Unpack:215) <0xc95b>V1-Recv: 0x0306->0x0A06 0x03C1 [0m
[37m[12.654][linker]-[Debug]-[DjiCommand_RecvWork:1066)  <0xc95b>Receive msg from linker, 0x0306->0x0A06 0x03C1 len:13 [0m
[37m[12.673][linker]-[Debug]-[DjiProtocol_v1Unpack:215) <0x3a78>V1-Recv: 0x1D07->0x0A06 0x2105 [0m
[37m[12.673][linker]-[Debug]-[DjiCommand_RecvWork:1066)  <0x3a78>Receive msg from linker, 0x1D07->0x0A06 0x2105 len:1 [0m
[37m[12.673][linker]-[Debug]-[DjiCommand_DealCmd:919) received unsupport request cmd that need ack, <0x3a78> cmdset: 0x21 cmdid: 0x05 [0m
[37m[12.678][linker]-[Debug]-[DjiProtocol_v1Unpack:215) <0xc97a>V1-Recv: 0x0300->0x0A06 0x036C [0m
[37m[12.679][linker]-[Debug]-[DjiCommand_RecvWork:1066)  <0xc97a>Receive msg from linker, 0x0300->0x0A06 0x036C len:71 [0m
[37m[12.679][linker]-[Debug]-[DjiCommand_DealCmd:919) received unsupport request cmd that noneed ack, <0xc97a> cmdset: 0x03 cmdid: 0x6C [0m
[37m[12.698][linker]-[Debug]-[DjiProtocol_v1Unpack:215) <0xc9a4>V1-Recv: 0x0300->0x0A06 0x4900 [0m
[37m[12.699][linker]-[Debug]-[DjiCommand_RecvWork:1066)  <0xc9a4>Receive msg from linker, 0x0300->0x0A06 0x4900 len:14 [0m
[37m[12.699][linker]-[Debug]-[DjiProtocol_v1Pack:123) <0xc9a4>V1-Send: 0x0A06->0x0300 0x4900 [0m
[37m[12.735][linker]-[Debug]-[DjiProtocol_v1Unpack:215) <0xc9e8>V1-Recv: 0x0300->0x0A06 0x221B [0m
[37m[12.736][linker]-[Debug]-[DjiCommand_RecvWork:1066)  <0xc9e8>Receive msg from linker, 0x0300->0x0A06 0x221B len:9 [0m
[37m[12.736][linker]-[Debug]-[DjiCommand_DealCmd:919) received unsupport request cmd that noneed ack, <0xc9e8> cmdset: 0x22 cmdid: 0x1B [0m
[37m[12.746][linker]-[Debug]-[DjiProtocol_v1Unpack:215) <0x8cba>V1-Recv: 0x0800->0x0A06 0x0866 [0m
[37m[12.747][linker]-[Debug]-[DjiCommand_RecvWork:1066)  <0x8cba>Receive msg from linker, 0x0800->0x0A06 0x0866 len:16 [0m
[37m[12.747][linker]-[Debug]-[DjiCommand_DealCmd:919) received unsupport request cmd that noneed ack, <0x8cba> cmdset: 0x08 cmdid: 0x66 [0m
[37m[12.754][linker]-[Debug]-[DjiProtocol_v1Unpack:215) <0xca0d>V1-Recv: 0x0306->0x0A06 0x03C1 [0m
[37m[12.754][linker]-[Debug]-[DjiCommand_RecvWork:1066)  <0xca0d>Receive msg from linker, 0x0306->0x0A06 0x03C1 len:13 [0m
[37m[12.778][linker]-[Debug]-[DjiProtocol_v1Unpack:215) <0xca31>V1-Recv: 0x0300->0x0A06 0x036C [0m
[37m[12.779][linker]-[Debug]-[DjiCommand_RecvWork:1066)  <0xca31>Receive msg from linker, 0x0300->0x0A06 0x036C len:71 [0m
[37m[12.779][linker]-[Debug]-[DjiCommand_DealCmd:919) received unsupport request cmd that noneed ack, <0xca31> cmdset: 0x03 cmdid: 0x6C [0m
[37m[12.781][linker]-[Debug]-[DjiProtocol_v1Pack:123) <0xfd8e>V1-Send: 0x0A06->0x0200 0x3C10 [0m
[37m[12.781][linker]-[Debug]-[DjiProtocol_v1Pack:123) <0xfd8f>V1-Send: 0x0A06->0x0A01 0x3C10 [0m
[37m[12.781][linker]-[Debug]-[DjiProtocol_v1Pack:123) <0xfd90>V1-Send: 0x0A06->0x0300 0x3C10 [0m
[37m[12.798][linker]-[Debug]-[DjiProtocol_v1Unpack:215) <0xca5e>V1-Recv: 0x0300->0x0A06 0x4900 [0m
[37m[12.798][linker]-[Debug]-[DjiProtocol_v1Unpack:215) <0x9f59>V1-Recv: 0x0A01->0x0A06 0x3C45 [0m
[37m[12.798][linker]-[Debug]-[DjiCommand_RecvWork:1066)  <0xca5e>Receive msg from linker, 0x0300->0x0A06 0x4900 len:14 [0m
[37m[12.798][linker]-[Debug]-[DjiProtocol_v1Pack:123) <0xca5e>V1-Send: 0x0A06->0x0300 0x4900 [0m
[37m[12.799][linker]-[Debug]-[DjiCommand_RecvWork:1066)  <0x9f59>Receive msg from linker, 0x0A01->0x0A06 0x3C45 len:0 [0m
[37m[12.799][upgrade]-[Debug]-[DjiUpgrade_GetUpgradeServiceInfo:239) Get upgrade service info [0m
[37m[12.799][linker]-[Debug]-[DjiProtocol_v1Pack:123) <0x9f59>V1-Send: 0x0A06->0x0A01 0x3C45 [0m
[37m[12.833][utils]-[Debug]-[DjiCore_RootTask:131) work execution time: [0m
[37m[12.833][utils]-[Debug]-[DjiCore_RootTask:132) name	                execution time (ms)	  max execution time (ms) [0m
[37m[12.833][utils]-[Debug]-[DjiCore_RootTask:134) recorderWork                    	0       	1        [0m
[37m[12.833][utils]-[Debug]-[DjiCore_RootTask:134) flowControllerTask              	0       	0        [0m
[37m[12.833][utils]-[Debug]-[DjiCore_RootTask:134) commandTask                     	1       	1        [0m
[37m[12.833][utils]-[Debug]-[DjiCore_RootTask:134) aircraftWorkNode                	0       	0        [0m
[37m[12.833][utils]-[Debug]-[DjiCore_RootTask:134) StatePushWork                   	1       	1        [0m
[37m[12.835][linker]-[Debug]-[DjiProtocol_v1Unpack:215) <0xcaa1>V1-Recv: 0x0300->0x0A06 0x221B [0m
[37m[12.836][linker]-[Debug]-[DjiCommand_RecvWork:1066)  <0xcaa1>Receive msg from linker, 0x0300->0x0A06 0x221B len:9 [0m
[37m[12.836][linker]-[Debug]-[DjiCommand_DealCmd:919) received unsupport request cmd that noneed ack, <0xcaa1> cmdset: 0x22 cmdid: 0x1B [0m
[37m[12.854][linker]-[Debug]-[DjiProtocol_v1Unpack:215) <0xcac2>V1-Recv: 0x0306->0x0A06 0x03C1 [0m
[37m[12.855][linker]-[Debug]-[DjiCommand_RecvWork:1066)  <0xcac2>Receive msg from linker, 0x0306->0x0A06 0x03C1 len:13 [0m
[37m[12.879][linker]-[Debug]-[DjiProtocol_v1Unpack:215) <0xcae4>V1-Recv: 0x0300->0x0A06 0x036C [0m
[37m[12.879][linker]-[Debug]-[DjiCommand_RecvWork:1066)  <0xcae4>Receive msg from linker, 0x0300->0x0A06 0x036C len:71 [0m
[37m[12.879][linker]-[Debug]-[DjiCommand_DealCmd:919) received unsupport request cmd that noneed ack, <0xcae4> cmdset: 0x03 cmdid: 0x6C [0m
[37m[12.899][linker]-[Debug]-[DjiProtocol_v1Unpack:215) <0xcb10>V1-Recv: 0x0300->0x0A06 0x0F74 [0m
[37m[12.899][linker]-[Debug]-[DjiProtocol_v1Unpack:215) <0xcb15>V1-Recv: 0x0300->0x0100 0x0406 [0m
[37m[12.899][linker]-[Debug]-[DjiProtocol_v1Unpack:215) <0xcb16>V1-Recv: 0x0300->0x0100 0x0407 [0m
[37m[12.899][linker]-[Debug]-[DjiProtocol_v1Unpack:215) <0xcb17>V1-Recv: 0x0300->0x0A06 0x4900 [0m
[37m[12.899][linker]-[Debug]-[DjiCommand_RecvWork:1066)  <0xcb10>Receive msg from linker, 0x0300->0x0A06 0x0F74 len:28 [0m
[37m[12.900][linker]-[Debug]-[DjiCommand_DealCmd:919) received unsupport request cmd that noneed ack, <0xcb10> cmdset: 0x0F cmdid: 0x74 [0m
[37m[12.901][linker]-[Debug]-[DjiCommand_RecvWork:1066)  <0xcb15>Receive msg from linker, 0x0300->0x0100 0x0406 len:12 [0m
[37m[12.901][linker]-[Debug]-[DjiCommand_DealCmd:919) received unsupport request cmd that noneed ack, <0xcb15> cmdset: 0x04 cmdid: 0x06 [0m
[37m[12.902][linker]-[Debug]-[DjiCommand_RecvWork:1066)  <0xcb16>Receive msg from linker, 0x0300->0x0100 0x0407 len:1 [0m
[37m[12.902][linker]-[Debug]-[DjiCommand_DealCmd:919) received unsupport request cmd that noneed ack, <0xcb16> cmdset: 0x04 cmdid: 0x07 [0m
[37m[12.903][linker]-[Debug]-[DjiCommand_RecvWork:1066)  <0xcb17>Receive msg from linker, 0x0300->0x0A06 0x4900 len:14 [0m
[37m[12.903][linker]-[Debug]-[DjiProtocol_v1Pack:123) <0xcb17>V1-Send: 0x0A06->0x0300 0x4900 [0m
[37m[12.935][linker]-[Debug]-[DjiProtocol_v1Unpack:215) <0xcb62>V1-Recv: 0x0300->0x0A06 0x221B [0m
[37m[12.936][linker]-[Debug]-[DjiCommand_RecvWork:1066)  <0xcb62>Receive msg from linker, 0x0300->0x0A06 0x221B len:9 [0m
[37m[12.936][linker]-[Debug]-[DjiCommand_DealCmd:919) received unsupport request cmd that noneed ack, <0xcb62> cmdset: 0x22 cmdid: 0x1B [0m
[37m[12.954][linker]-[Debug]-[DjiProtocol_v1Unpack:215) <0xcb83>V1-Recv: 0x0306->0x0A06 0x03C1 [0m
[37m[12.955][linker]-[Debug]-[DjiCommand_RecvWork:1066)  <0xcb83>Receive msg from linker, 0x0306->0x0A06 0x03C1 len:13 [0m
[37m[12.978][linker]-[Debug]-[DjiProtocol_v1Unpack:215) <0xcba6>V1-Recv: 0x0300->0x0A06 0x036C [0m
[37m[12.978][linker]-[Debug]-[DjiCommand_RecvWork:1066)  <0xcba6>Receive msg from linker, 0x0300->0x0A06 0x036C len:71 [0m
[37m[12.978][linker]-[Debug]-[DjiCommand_DealCmd:919) received unsupport request cmd that noneed ack, <0xcba6> cmdset: 0x03 cmdid: 0x6C [0m
[37m[12.994][linker]-[Debug]-[DjiProtocol_v1Pack:123) <0xfd91>V1-Send: 0x0A06->0x0200 0x3C10 [0m
[37m[12.994][linker]-[Debug]-[DjiProtocol_v1Pack:123) <0xfd92>V1-Send: 0x0A06->0x0A01 0x3C10 [0m
[37m[12.994][linker]-[Debug]-[DjiProtocol_v1Pack:123) <0xfd93>V1-Send: 0x0A06->0x0300 0x3C10 [0m
[37m[12.998][linker]-[Debug]-[DjiProtocol_v1Unpack:215) <0x8cbb>V1-Recv: 0x0800->0x0A06 0x0866 [0m
[37m[12.998][linker]-[Debug]-[DjiProtocol_v1Unpack:215) <0xcbdd>V1-Recv: 0x0300->0x0A06 0x4900 [0m
[37m[12.999][linker]-[Debug]-[DjiCommand_RecvWork:1066)  <0x8cbb>Receive msg from linker, 0x0800->0x0A06 0x0866 len:16 [0m
[37m[12.999][linker]-[Debug]-[DjiCommand_DealCmd:919) received unsupport request cmd that noneed ack, <0x8cbb> cmdset: 0x08 cmdid: 0x66 [0m
[37m[13.000][linker]-[Debug]-[DjiCommand_RecvWork:1066)  <0xcbdd>Receive msg from linker, 0x0300->0x0A06 0x4900 len:14 [0m
[37m[13.000][linker]-[Debug]-[DjiProtocol_v1Pack:123) <0xcbdd>V1-Send: 0x0A06->0x0300 0x4900 [0m
[37m[13.018][linker]-[Debug]-[DjiProtocol_v1Unpack:215) <0x9f5b>V1-Recv: 0x0A01->0x0A06 0x3C45 [0m
[37m[13.019][linker]-[Debug]-[DjiCommand_RecvWork:1066)  <0x9f5b>Receive msg from linker, 0x0A01->0x0A06 0x3C45 len:0 [0m
[37m[13.019][upgrade]-[Debug]-[DjiUpgrade_GetUpgradeServiceInfo:239) Get upgrade service info [0m
[37m[13.019][linker]-[Debug]-[DjiProtocol_v1Pack:123) <0x9f5b>V1-Send: 0x0A06->0x0A01 0x3C45 [0m
[37m[13.035][linker]-[Debug]-[DjiProtocol_v1Unpack:215) <0xcc1e>V1-Recv: 0x0300->0x0A06 0x221B [0m
[37m[13.036][linker]-[Debug]-[DjiCommand_RecvWork:1066)  <0xcc1e>Receive msg from linker, 0x0300->0x0A06 0x221B len:9 [0m
[37m[13.036][linker]-[Debug]-[DjiCommand_DealCmd:919) received unsupport request cmd that noneed ack, <0xcc1e> cmdset: 0x22 cmdid: 0x1B [0m
[37m[13.053][linker]-[Debug]-[DjiProtocol_v1Unpack:215) <0xcc43>V1-Recv: 0x0306->0x0A06 0x03C1 [0m
[37m[13.054][linker]-[Debug]-[DjiCommand_RecvWork:1066)  <0xcc43>Receive msg from linker, 0x0306->0x0A06 0x03C1 len:13 [0m
[37m[13.078][linker]-[Debug]-[DjiProtocol_v1Unpack:215) <0xcc63>V1-Recv: 0x0300->0x0A06 0x036C [0m
[37m[13.079][linker]-[Debug]-[DjiCommand_RecvWork:1066)  <0xcc63>Receive msg from linker, 0x0300->0x0A06 0x036C len:71 [0m
[37m[13.079][linker]-[Debug]-[DjiCommand_DealCmd:919) received unsupport request cmd that noneed ack, <0xcc63> cmdset: 0x03 cmdid: 0x6C [0m
[37m[13.098][linker]-[Debug]-[DjiProtocol_v1Unpack:215) <0xcc92>V1-Recv: 0x0300->0x0A06 0x4900 [0m
[37m[13.099][linker]-[Debug]-[DjiCommand_RecvWork:1066)  <0xcc92>Receive msg from linker, 0x0300->0x0A06 0x4900 len:14 [0m
[37m[13.099][linker]-[Debug]-[DjiProtocol_v1Pack:123) <0xcc92>V1-Send: 0x0A06->0x0300 0x4900 [0m
[37m[13.135][linker]-[Debug]-[DjiProtocol_v1Unpack:215) <0xccd9>V1-Recv: 0x0300->0x0A06 0x221B [0m
[37m[13.136][linker]-[Debug]-[DjiCommand_RecvWork:1066)  <0xccd9>Receive msg from linker, 0x0300->0x0A06 0x221B len:9 [0m
[37m[13.136][linker]-[Debug]-[DjiCommand_DealCmd:919) received unsupport request cmd that noneed ack, <0xccd9> cmdset: 0x22 cmdid: 0x1B [0m
[37m[13.154][linker]-[Debug]-[DjiProtocol_v1Unpack:215) <0xccfa>V1-Recv: 0x0306->0x0A06 0x03C1 [0m
[37m[13.154][linker]-[Debug]-[DjiCommand_RecvWork:1066)  <0xccfa>Receive msg from linker, 0x0306->0x0A06 0x03C1 len:13 [0m
[37m[13.178][linker]-[Debug]-[DjiProtocol_v1Unpack:215) <0xcd1e>V1-Recv: 0x0300->0x0A06 0x036C [0m
[37m[13.178][linker]-[Debug]-[DjiCommand_RecvWork:1066)  <0xcd1e>Receive msg from linker, 0x0300->0x0A06 0x036C len:71 [0m
[37m[13.178][linker]-[Debug]-[DjiCommand_DealCmd:919) received unsupport request cmd that noneed ack, <0xcd1e> cmdset: 0x03 cmdid: 0x6C [0m
[37m[13.197][linker]-[Debug]-[DjiProtocol_v1Unpack:215) <0xcd4b>V1-Recv: 0x0300->0x0A06 0x4900 [0m
[37m[13.197][linker]-[Debug]-[DjiCommand_RecvWork:1066)  <0xcd4b>Receive msg from linker, 0x0300->0x0A06 0x4900 len:14 [0m
[37m[13.197][linker]-[Debug]-[DjiProtocol_v1Pack:123) <0xcd4b>V1-Send: 0x0A06->0x0300 0x4900 [0m
[37m[13.208][linker]-[Debug]-[DjiProtocol_v1Pack:123) <0xfd94>V1-Send: 0x0A06->0x0200 0x3C10 [0m
[37m[13.208][linker]-[Debug]-[DjiProtocol_v1Pack:123) <0xfd95>V1-Send: 0x0A06->0x0A01 0x3C10 [0m
[37m[13.208][linker]-[Debug]-[DjiProtocol_v1Pack:123) <0xfd96>V1-Send: 0x0A06->0x0300 0x3C10 [0m
[37m[13.235][linker]-[Debug]-[DjiProtocol_v1Unpack:215) <0xcd8e>V1-Recv: 0x0300->0x0A06 0x221B [0m
[37m[13.235][linker]-[Debug]-[DjiCommand_RecvWork:1066)  <0xcd8e>Receive msg from linker, 0x0300->0x0A06 0x221B len:9 [0m
[37m[13.235][linker]-[Debug]-[DjiCommand_DealCmd:919) received unsupport request cmd that noneed ack, <0xcd8e> cmdset: 0x22 cmdid: 0x1B [0m
[37m[13.240][linker]-[Debug]-[DjiProtocol_v1Unpack:215) <0x9f5d>V1-Recv: 0x0A01->0x0A06 0x3C45 [0m
[37m[13.241][linker]-[Debug]-[DjiCommand_RecvWork:1066)  <0x9f5d>Receive msg from linker, 0x0A01->0x0A06 0x3C45 len:0 [0m
[37m[13.241][upgrade]-[Debug]-[DjiUpgrade_GetUpgradeServiceInfo:239) Get upgrade service info [0m
[37m[13.241][linker]-[Debug]-[DjiProtocol_v1Pack:123) <0x9f5d>V1-Send: 0x0A06->0x0A01 0x3C45 [0m
[37m[13.246][linker]-[Debug]-[DjiProtocol_v1Unpack:215) <0x8cbc>V1-Recv: 0x0800->0x0A06 0x0866 [0m
[37m[13.246][linker]-[Debug]-[DjiCommand_RecvWork:1066)  <0x8cbc>Receive msg from linker, 0x0800->0x0A06 0x0866 len:16 [0m
[37m[13.246][linker]-[Debug]-[DjiCommand_DealCmd:919) received unsupport request cmd that noneed ack, <0x8cbc> cmdset: 0x08 cmdid: 0x66 [0m
[37m[13.253][linker]-[Debug]-[DjiProtocol_v1Unpack:215) <0xcdb1>V1-Recv: 0x0306->0x0A06 0x03C1 [0m
[37m[13.254][linker]-[Debug]-[DjiCommand_RecvWork:1066)  <0xcdb1>Receive msg from linker, 0x0306->0x0A06 0x03C1 len:13 [0m
[37m[13.278][linker]-[Debug]-[DjiProtocol_v1Unpack:215) <0xcdcf>V1-Recv: 0x0300->0x0A06 0x036C [0m
[37m[13.278][linker]-[Debug]-[DjiCommand_RecvWork:1066)  <0xcdcf>Receive msg from linker, 0x0300->0x0A06 0x036C len:71 [0m
[37m[13.278][linker]-[Debug]-[DjiCommand_DealCmd:919) received unsupport request cmd that noneed ack, <0xcdcf> cmdset: 0x03 cmdid: 0x6C [0m
[37m[13.297][linker]-[Debug]-[DjiProtocol_v1Unpack:215) <0xcdf9>V1-Recv: 0x0300->0x0A06 0x4900 [0m
[37m[13.298][linker]-[Debug]-[DjiCommand_RecvWork:1066)  <0xcdf9>Receive msg from linker, 0x0300->0x0A06 0x4900 len:14 [0m
[37m[13.298][linker]-[Debug]-[DjiProtocol_v1Pack:123) <0xcdf9>V1-Send: 0x0A06->0x0300 0x4900 [0m
[37m[13.336][linker]-[Debug]-[DjiProtocol_v1Unpack:215) <0xce3d>V1-Recv: 0x0300->0x0A06 0x221B [0m
[37m[13.336][linker]-[Debug]-[DjiCommand_RecvWork:1066)  <0xce3d>Receive msg from linker, 0x0300->0x0A06 0x221B len:9 [0m
[37m[13.336][linker]-[Debug]-[DjiCommand_DealCmd:919) received unsupport request cmd that noneed ack, <0xce3d> cmdset: 0x22 cmdid: 0x1B [0m
[37m[13.354][linker]-[Debug]-[DjiProtocol_v1Unpack:215) <0xce61>V1-Recv: 0x0306->0x0A06 0x03C1 [0m
[37m[13.354][linker]-[Debug]-[DjiCommand_RecvWork:1066)  <0xce61>Receive msg from linker, 0x0306->0x0A06 0x03C1 len:13 [0m
[37m[13.378][linker]-[Debug]-[DjiProtocol_v1Unpack:215) <0xce85>V1-Recv: 0x0300->0x0A06 0x036C [0m
[37m[13.379][linker]-[Debug]-[DjiCommand_RecvWork:1066)  <0xce85>Receive msg from linker, 0x0300->0x0A06 0x036C len:71 [0m
[37m[13.379][linker]-[Debug]-[DjiCommand_DealCmd:919) received unsupport request cmd that noneed ack, <0xce85> cmdset: 0x03 cmdid: 0x6C [0m
[37m[13.398][linker]-[Debug]-[DjiProtocol_v1Unpack:215) <0xceb3>V1-Recv: 0x0300->0x0100 0x0405 [0m
[37m[13.398][linker]-[Debug]-[DjiProtocol_v1Unpack:215) <0xceb4>V1-Recv: 0x0300->0x0A06 0x4900 [0m
[37m[13.399][linker]-[Debug]-[DjiCommand_RecvWork:1066)  <0xceb3>Receive msg from linker, 0x0300->0x0100 0x0405 len:22 [0m
[37m[13.399][linker]-[Debug]-[DjiCommand_DealCmd:919) received unsupport request cmd that noneed ack, <0xceb3> cmdset: 0x04 cmdid: 0x05 [0m
[37m[13.400][linker]-[Debug]-[DjiCommand_RecvWork:1066)  <0xceb4>Receive msg from linker, 0x0300->0x0A06 0x4900 len:14 [0m
[37m[13.400][linker]-[Debug]-[DjiProtocol_v1Pack:123) <0xceb4>V1-Send: 0x0A06->0x0300 0x4900 [0m
[37m[13.421][linker]-[Debug]-[DjiProtocol_v1Pack:123) <0xfd97>V1-Send: 0x0A06->0x0300 0x0000 [0m
[37m[13.421][infor]-[Debug]-[DjiAircraftConnection_CheckExtensionPortConnectStatusByV1Protocol:170) check connect status:1 [0m
[37m[13.421][linker]-[Debug]-[DjiProtocol_v1Pack:123) <0xfd98>V1-Send: 0x0A06->0x0200 0x3C10 [0m
[37m[13.421][linker]-[Debug]-[DjiProtocol_v1Pack:123) <0xfd99>V1-Send: 0x0A06->0x0A01 0x3C10 [0m
[37m[13.421][linker]-[Debug]-[DjiProtocol_v1Pack:123) <0xfd9a>V1-Send: 0x0A06->0x0300 0x3C10 [0m
[37m[13.436][linker]-[Debug]-[DjiProtocol_v1Unpack:215) <0xfd97>V1-Recv: 0x0300->0x0A06 0x0000 [0m
[37m[13.436][linker]-[Debug]-[DjiProtocol_v1Unpack:215) <0xcef5>V1-Recv: 0x0300->0x0A06 0x221B [0m
[37m[13.436][linker]-[Debug]-[DjiCommand_RecvWork:1066)  <0xfd97>Receive msg from linker, 0x0300->0x0A06 0x0000 len:0 [0m
[37m[13.436][infor]-[Debug]-[DjiAircraftInfo_CheckPingStatusAsyncCallback:269) connect status async sucess [0m
[37m[13.436][linker]-[Debug]-[DjiCommand_DealCmd:830) callback function (cmdset: 0x00 cmdid: 0x00) deal time: 0 ms [0m
[37m[13.437][linker]-[Debug]-[DjiCommand_RecvWork:1066)  <0xcef5>Receive msg from linker, 0x0300->0x0A06 0x221B len:9 [0m
[37m[13.437][linker]-[Debug]-[DjiCommand_DealCmd:919) received unsupport request cmd that noneed ack, <0xcef5> cmdset: 0x22 cmdid: 0x1B [0m
[37m[13.440][linker]-[Debug]-[DjiProtocol_v1Unpack:215) <0x9f5e>V1-Recv: 0x0A01->0x0A06 0x3C45 [0m
[37m[13.441][linker]-[Debug]-[DjiCommand_RecvWork:1066)  <0x9f5e>Receive msg from linker, 0x0A01->0x0A06 0x3C45 len:0 [0m
[37m[13.441][upgrade]-[Debug]-[DjiUpgrade_GetUpgradeServiceInfo:239) Get upgrade service info [0m
[37m[13.441][linker]-[Debug]-[DjiProtocol_v1Pack:123) <0x9f5e>V1-Send: 0x0A06->0x0A01 0x3C45 [0m
[37m[13.454][linker]-[Debug]-[DjiProtocol_v1Unpack:215) <0xcf18>V1-Recv: 0x0306->0x0A06 0x03C1 [0m
[37m[13.454][linker]-[Debug]-[DjiCommand_RecvWork:1066)  <0xcf18>Receive msg from linker, 0x0306->0x0A06 0x03C1 len:13 [0m
[37m[13.478][linker]-[Debug]-[DjiProtocol_v1Unpack:215) <0xcf3a>V1-Recv: 0x0300->0x0A06 0x036C [0m
[37m[13.479][linker]-[Debug]-[DjiCommand_RecvWork:1066)  <0xcf3a>Receive msg from linker, 0x0300->0x0A06 0x036C len:71 [0m
[37m[13.479][linker]-[Debug]-[DjiCommand_DealCmd:919) received unsupport request cmd that noneed ack, <0xcf3a> cmdset: 0x03 cmdid: 0x6C [0m
[37m[13.496][linker]-[Debug]-[DjiProtocol_v1Unpack:215) <0x8cbd>V1-Recv: 0x0800->0x0A06 0x0866 [0m
[37m[13.497][linker]-[Debug]-[DjiCommand_RecvWork:1066)  <0x8cbd>Receive msg from linker, 0x0800->0x0A06 0x0866 len:16 [0m
[37m[13.497][linker]-[Debug]-[DjiCommand_DealCmd:919) received unsupport request cmd that noneed ack, <0x8cbd> cmdset: 0x08 cmdid: 0x66 [0m
[37m[13.498][linker]-[Debug]-[DjiProtocol_v1Unpack:215) <0xcf6e>V1-Recv: 0x0300->0x0A06 0x4900 [0m
[37m[13.499][linker]-[Debug]-[DjiCommand_RecvWork:1066)  <0xcf6e>Receive msg from linker, 0x0300->0x0A06 0x4900 len:14 [0m
[37m[13.499][linker]-[Debug]-[DjiProtocol_v1Pack:123) <0xcf6e>V1-Send: 0x0A06->0x0300 0x4900 [0m
[37m[13.519][linker]-[Debug]-[DjiProtocol_v1Unpack:215) <0xcf8c>V1-Recv: 0x0306->0x0A06 0x03C1 [0m
[37m[13.520][linker]-[Debug]-[DjiCommand_RecvWork:1066)  <0xcf8c>Receive msg from linker, 0x0306->0x0A06 0x03C1 len:126 [0m
[37m[13.536][linker]-[Debug]-[DjiProtocol_v1Unpack:215) <0xcfc1>V1-Recv: 0x0300->0x0A06 0x221B [0m
[37m[13.537][linker]-[Debug]-[DjiCommand_RecvWork:1066)  <0xcfc1>Receive msg from linker, 0x0300->0x0A06 0x221B len:9 [0m
[37m[13.537][linker]-[Debug]-[DjiCommand_DealCmd:919) received unsupport request cmd that noneed ack, <0xcfc1> cmdset: 0x22 cmdid: 0x1B [0m
[37m[13.554][linker]-[Debug]-[DjiProtocol_v1Unpack:215) <0xcfe8>V1-Recv: 0x0306->0x0A06 0x03C1 [0m
[37m[13.554][linker]-[Debug]-[DjiCommand_RecvWork:1066)  <0xcfe8>Receive msg from linker, 0x0306->0x0A06 0x03C1 len:13 [0m
[32m[13.557][user]-[Info]-[UserFcSubscription_Task:456) Current speed: 0.000000.
 [0m
[32m[13.557][user]-[Info]-[UserFcSubscription_Task:656) Displaymode status: 6. [0m
[37m[13.578][linker]-[Debug]-[DjiProtocol_v1Unpack:215) <0xd009>V1-Recv: 0x0300->0x0A06 0x036C [0m
[37m[13.579][linker]-[Debug]-[DjiCommand_RecvWork:1066)  <0xd009>Receive msg from linker, 0x0300->0x0A06 0x036C len:71 [0m
[37m[13.580][linker]-[Debug]-[DjiCommand_DealCmd:919) received unsupport request cmd that noneed ack, <0xd009> cmdset: 0x03 cmdid: 0x6C [0m
[37m[13.597][linker]-[Debug]-[DjiProtocol_v1Unpack:215) <0xd034>V1-Recv: 0x0300->0x0A06 0x4900 [0m
[37m[13.597][linker]-[Debug]-[DjiCommand_RecvWork:1066)  <0xd034>Receive msg from linker, 0x0300->0x0A06 0x4900 len:14 [0m
[37m[13.597][linker]-[Debug]-[DjiProtocol_v1Pack:123) <0xd034>V1-Send: 0x0A06->0x0300 0x4900 [0m
[37m[13.608][linker]-[Debug]-[DjiProtocol_v1Unpack:215) <0x7c5>V1-Recv: 0x0701->0x0A06 0x0000 [0m
[37m[13.609][linker]-[Debug]-[DjiCommand_RecvWork:1066)  <0x7c5>Receive msg from linker, 0x0701->0x0A06 0x0000 len:16 [0m
[37m[13.609][linker]-[Debug]-[DjiProtocol_v1Pack:123) <0x7c5>V1-Send: 0x0A06->0x0701 0x0000 [0m
[37m[13.635][linker]-[Debug]-[DjiProtocol_v1Unpack:215) <0xd078>V1-Recv: 0x0300->0x0A06 0x221B [0m
[37m[13.635][linker]-[Debug]-[DjiCommand_RecvWork:1066)  <0xd078>Receive msg from linker, 0x0300->0x0A06 0x221B len:9 [0m
[37m[13.635][linker]-[Debug]-[DjiCommand_DealCmd:919) received unsupport request cmd that noneed ack, <0xd078> cmdset: 0x22 cmdid: 0x1B [0m
[37m[13.635][linker]-[Debug]-[DjiProtocol_v1Pack:123) <0xfd9b>V1-Send: 0x0A06->0x0200 0x3C10 [0m
[37m[13.635][linker]-[Debug]-[DjiProtocol_v1Pack:123) <0xfd9c>V1-Send: 0x0A06->0x0A01 0x3C10 [0m
[37m[13.635][linker]-[Debug]-[DjiProtocol_v1Pack:123) <0xfd9d>V1-Send: 0x0A06->0x0300 0x3C10 [0m
[37m[13.650][linker]-[Debug]-[DjiProtocol_v1Unpack:215) <0x9369>V1-Recv: 0x0202->0x0A06 0x0026 [0m
[37m[13.650][linker]-[Debug]-[DjiCommand_RecvWork:1066)  <0x9369>Receive msg from linker, 0x0202->0x0A06 0x0026 len:37 [0m
[37m[13.650][linker]-[Debug]-[DjiCommand_DealCmd:919) received unsupport request cmd that need ack, <0x9369> cmdset: 0x00 cmdid: 0x26 [0m
[37m[13.654][linker]-[Debug]-[DjiProtocol_v1Unpack:215) <0xd09c>V1-Recv: 0x0306->0x0A06 0x03C1 [0m
[37m[13.654][linker]-[Debug]-[DjiCommand_RecvWork:1066)  <0xd09c>Receive msg from linker, 0x0306->0x0A06 0x03C1 len:13 [0m
[37m[13.658][linker]-[Debug]-[DjiProtocol_v1Unpack:215) <0x9f60>V1-Recv: 0x0A01->0x0A06 0x3C45 [0m
[37m[13.659][linker]-[Debug]-[DjiCommand_RecvWork:1066)  <0x9f60>Receive msg from linker, 0x0A01->0x0A06 0x3C45 len:0 [0m
[37m[13.659][upgrade]-[Debug]-[DjiUpgrade_GetUpgradeServiceInfo:239) Get upgrade service info [0m
[37m[13.659][linker]-[Debug]-[DjiProtocol_v1Pack:123) <0x9f60>V1-Send: 0x0A06->0x0A01 0x3C45 [0m
[37m[13.673][linker]-[Debug]-[DjiProtocol_v1Unpack:215) <0x3a79>V1-Recv: 0x1D07->0x0A06 0x2105 [0m
[37m[13.673][linker]-[Debug]-[DjiCommand_RecvWork:1066)  <0x3a79>Receive msg from linker, 0x1D07->0x0A06 0x2105 len:1 [0m
[37m[13.673][linker]-[Debug]-[DjiCommand_DealCmd:919) received unsupport request cmd that need ack, <0x3a79> cmdset: 0x21 cmdid: 0x05 [0m
[37m[13.678][linker]-[Debug]-[DjiProtocol_v1Unpack:215) <0xd0bb>V1-Recv: 0x0300->0x0A06 0x036C [0m
[37m[13.679][linker]-[Debug]-[DjiCommand_RecvWork:1066)  <0xd0bb>Receive msg from linker, 0x0300->0x0A06 0x036C len:71 [0m
[37m[13.679][linker]-[Debug]-[DjiCommand_DealCmd:919) received unsupport request cmd that noneed ack, <0xd0bb> cmdset: 0x03 cmdid: 0x6C [0m
[37m[13.697][linker]-[Debug]-[DjiProtocol_v1Unpack:215) <0xd0e4>V1-Recv: 0x0300->0x0A06 0x4900 [0m
[37m[13.698][linker]-[Debug]-[DjiCommand_RecvWork:1066)  <0xd0e4>Receive msg from linker, 0x0300->0x0A06 0x4900 len:14 [0m
[37m[13.698][linker]-[Debug]-[DjiProtocol_v1Pack:123) <0xd0e4>V1-Send: 0x0A06->0x0300 0x4900 [0m
[37m[13.736][linker]-[Debug]-[DjiProtocol_v1Unpack:215) <0xd128>V1-Recv: 0x0300->0x0A06 0x221B [0m
[37m[13.736][linker]-[Debug]-[DjiCommand_RecvWork:1066)  <0xd128>Receive msg from linker, 0x0300->0x0A06 0x221B len:9 [0m
[37m[13.736][linker]-[Debug]-[DjiCommand_DealCmd:919) received unsupport request cmd that noneed ack, <0xd128> cmdset: 0x22 cmdid: 0x1B [0m
[37m[13.746][linker]-[Debug]-[DjiProtocol_v1Unpack:215) <0x8cbe>V1-Recv: 0x0800->0x0A06 0x0866 [0m
[37m[13.747][linker]-[Debug]-[DjiCommand_RecvWork:1066)  <0x8cbe>Receive msg from linker, 0x0800->0x0A06 0x0866 len:16 [0m
[37m[13.747][linker]-[Debug]-[DjiCommand_DealCmd:919) received unsupport request cmd that noneed ack, <0x8cbe> cmdset: 0x08 cmdid: 0x66 [0m
[37m[13.754][linker]-[Debug]-[DjiProtocol_v1Unpack:215) <0xd149>V1-Recv: 0x0306->0x0A06 0x03C1 [0m
[37m[13.754][linker]-[Debug]-[DjiCommand_RecvWork:1066)  <0xd149>Receive msg from linker, 0x0306->0x0A06 0x03C1 len:13 [0m
[37m[13.778][linker]-[Debug]-[DjiProtocol_v1Unpack:215) <0xd16c>V1-Recv: 0x0300->0x0A06 0x036C [0m
[37m[13.779][linker]-[Debug]-[DjiCommand_RecvWork:1066)  <0xd16c>Receive msg from linker, 0x0300->0x0A06 0x036C len:71 [0m
[37m[13.779][linker]-[Debug]-[DjiCommand_DealCmd:919) received unsupport request cmd that noneed ack, <0xd16c> cmdset: 0x03 cmdid: 0x6C [0m
[37m[13.797][linker]-[Debug]-[DjiProtocol_v1Unpack:215) <0xd19b>V1-Recv: 0x0300->0x0A06 0x4900 [0m
[37m[13.797][linker]-[Debug]-[DjiCommand_RecvWork:1066)  <0xd19b>Receive msg from linker, 0x0300->0x0A06 0x4900 len:14 [0m
[37m[13.797][linker]-[Debug]-[DjiProtocol_v1Pack:123) <0xd19b>V1-Send: 0x0A06->0x0300 0x4900 [0m
[37m[13.835][linker]-[Debug]-[DjiProtocol_v1Unpack:215) <0xd1e1>V1-Recv: 0x0300->0x0A06 0x221B [0m
[37m[13.836][linker]-[Debug]-[DjiCommand_RecvWork:1066)  <0xd1e1>Receive msg from linker, 0x0300->0x0A06 0x221B len:9 [0m
[37m[13.836][linker]-[Debug]-[DjiCommand_DealCmd:919) received unsupport request cmd that noneed ack, <0xd1e1> cmdset: 0x22 cmdid: 0x1B [0m
[37m[13.849][linker]-[Debug]-[DjiProtocol_v1Pack:123) <0xfd9e>V1-Send: 0x0A06->0x0200 0x3C10 [0m
[37m[13.849][linker]-[Debug]-[DjiProtocol_v1Pack:123) <0xfd9f>V1-Send: 0x0A06->0x0A01 0x3C10 [0m
[37m[13.849][linker]-[Debug]-[DjiProtocol_v1Pack:123) <0xfda0>V1-Send: 0x0A06->0x0300 0x3C10 [0m
[37m[13.854][linker]-[Debug]-[DjiProtocol_v1Unpack:215) <0xd204>V1-Recv: 0x0306->0x0A06 0x03C1 [0m
[37m[13.855][linker]-[Debug]-[DjiCommand_RecvWork:1066)  <0xd204>Receive msg from linker, 0x0306->0x0A06 0x03C1 len:13 [0m
[37m[13.879][linker]-[Debug]-[DjiProtocol_v1Unpack:215) <0xd222>V1-Recv: 0x0300->0x0A06 0x036C [0m
[37m[13.879][linker]-[Debug]-[DjiProtocol_v1Unpack:215) <0x9f62>V1-Recv: 0x0A01->0x0A06 0x3C45 [0m
[37m[13.879][linker]-[Debug]-[DjiCommand_RecvWork:1066)  <0xd222>Receive msg from linker, 0x0300->0x0A06 0x036C len:71 [0m
[37m[13.879][linker]-[Debug]-[DjiCommand_DealCmd:919) received unsupport request cmd that noneed ack, <0xd222> cmdset: 0x03 cmdid: 0x6C [0m
[37m[13.880][linker]-[Debug]-[DjiCommand_RecvWork:1066)  <0x9f62>Receive msg from linker, 0x0A01->0x0A06 0x3C45 len:0 [0m
[37m[13.880][upgrade]-[Debug]-[DjiUpgrade_GetUpgradeServiceInfo:239) Get upgrade service info [0m
[37m[13.880][linker]-[Debug]-[DjiProtocol_v1Pack:123) <0x9f62>V1-Send: 0x0A06->0x0A01 0x3C45 [0m
[37m[13.899][linker]-[Debug]-[DjiProtocol_v1Unpack:215) <0xd24c>V1-Recv: 0x0300->0x0A06 0x0F74 [0m
[37m[13.899][linker]-[Debug]-[DjiProtocol_v1Unpack:215) <0xd251>V1-Recv: 0x0300->0x0100 0x0406 [0m
[37m[13.899][linker]-[Debug]-[DjiProtocol_v1Unpack:215) <0xd252>V1-Recv: 0x0300->0x0100 0x0407 [0m
[37m[13.899][linker]-[Debug]-[DjiProtocol_v1Unpack:215) <0xd253>V1-Recv: 0x0300->0x0A06 0x4900 [0m
[37m[13.899][linker]-[Debug]-[DjiCommand_RecvWork:1066)  <0xd24c>Receive msg from linker, 0x0300->0x0A06 0x0F74 len:28 [0m
[37m[13.899][linker]-[Debug]-[DjiCommand_DealCmd:919) received unsupport request cmd that noneed ack, <0xd24c> cmdset: 0x0F cmdid: 0x74 [0m
[37m[13.900][linker]-[Debug]-[DjiCommand_RecvWork:1066)  <0xd251>Receive msg from linker, 0x0300->0x0100 0x0406 len:12 [0m
[37m[13.900][linker]-[Debug]-[DjiCommand_DealCmd:919) received unsupport request cmd that noneed ack, <0xd251> cmdset: 0x04 cmdid: 0x06 [0m
[37m[13.901][linker]-[Debug]-[DjiCommand_RecvWork:1066)  <0xd252>Receive msg from linker, 0x0300->0x0100 0x0407 len:1 [0m
[37m[13.901][linker]-[Debug]-[DjiCommand_DealCmd:919) received unsupport request cmd that noneed ack, <0xd252> cmdset: 0x04 cmdid: 0x07 [0m
[37m[13.901][utils]-[Debug]-[DjiCore_RootTask:131) work execution time: [0m
[37m[13.901][utils]-[Debug]-[DjiCore_RootTask:132) name	                execution time (ms)	  max execution time (ms) [0m
[37m[13.901][utils]-[Debug]-[DjiCore_RootTask:134) recorderWork                    	0       	1        [0m
[37m[13.901][utils]-[Debug]-[DjiCore_RootTask:134) flowControllerTask              	0       	0        [0m
[37m[13.901][utils]-[Debug]-[DjiCore_RootTask:134) commandTask                     	1       	1        [0m
[37m[13.901][utils]-[Debug]-[DjiCore_RootTask:134) aircraftWorkNode                	0       	0        [0m
[37m[13.901][utils]-[Debug]-[DjiCore_RootTask:134) StatePushWork                   	0       	1        [0m
[37m[13.902][linker]-[Debug]-[DjiCommand_RecvWork:1066)  <0xd253>Receive msg from linker, 0x0300->0x0A06 0x4900 len:14 [0m
[37m[13.902][linker]-[Debug]-[DjiProtocol_v1Pack:123) <0xd253>V1-Send: 0x0A06->0x0300 0x4900 [0m
[37m[13.935][linker]-[Debug]-[DjiProtocol_v1Unpack:215) <0xd29f>V1-Recv: 0x0300->0x0A06 0x221B [0m
[37m[13.935][linker]-[Debug]-[DjiCommand_RecvWork:1066)  <0xd29f>Receive msg from linker, 0x0300->0x0A06 0x221B len:9 [0m
[37m[13.935][linker]-[Debug]-[DjiCommand_DealCmd:919) received unsupport request cmd that noneed ack, <0xd29f> cmdset: 0x22 cmdid: 0x1B [0m
[37m[13.953][linker]-[Debug]-[DjiProtocol_v1Unpack:215) <0xd2c2>V1-Recv: 0x0306->0x0A06 0x03C1 [0m
[37m[13.953][linker]-[Debug]-[DjiCommand_RecvWork:1066)  <0xd2c2>Receive msg from linker, 0x0306->0x0A06 0x03C1 len:13 [0m
[37m[13.978][linker]-[Debug]-[DjiProtocol_v1Unpack:215) <0xd2e6>V1-Recv: 0x0300->0x0A06 0x036C [0m
[37m[13.978][linker]-[Debug]-[DjiCommand_RecvWork:1066)  <0xd2e6>Receive msg from linker, 0x0300->0x0A06 0x036C len:71 [0m
[37m[13.978][linker]-[Debug]-[DjiCommand_DealCmd:919) received unsupport request cmd that noneed ack, <0xd2e6> cmdset: 0x03 cmdid: 0x6C [0m
[37m[13.997][linker]-[Debug]-[DjiProtocol_v1Unpack:215) <0x8cbf>V1-Recv: 0x0800->0x0A06 0x0866 [0m
[37m[13.997][linker]-[Debug]-[DjiProtocol_v1Unpack:215) <0xd31d>V1-Recv: 0x0300->0x0A06 0x4900 [0m
[37m[13.997][linker]-[Debug]-[DjiCommand_RecvWork:1066)  <0x8cbf>Receive msg from linker, 0x0800->0x0A06 0x0866 len:16 [0m
[37m[13.997][linker]-[Debug]-[DjiCommand_DealCmd:919) received unsupport request cmd that noneed ack, <0x8cbf> cmdset: 0x08 cmdid: 0x66 [0m
[37m[13.998][linker]-[Debug]-[DjiCommand_RecvWork:1066)  <0xd31d>Receive msg from linker, 0x0300->0x0A06 0x4900 len:14 [0m
[37m[13.998][linker]-[Debug]-[DjiProtocol_v1Pack:123) <0xd31d>V1-Send: 0x0A06->0x0300 0x4900 [0m
[37m[14.036][linker]-[Debug]-[DjiProtocol_v1Unpack:215) <0xd35f>V1-Recv: 0x0300->0x0A06 0x221B [0m
[37m[14.037][linker]-[Debug]-[DjiCommand_RecvWork:1066)  <0xd35f>Receive msg from linker, 0x0300->0x0A06 0x221B len:9 [0m
[37m[14.037][linker]-[Debug]-[DjiCommand_DealCmd:919) received unsupport request cmd that noneed ack, <0xd35f> cmdset: 0x22 cmdid: 0x1B [0m
[37m[14.054][linker]-[Debug]-[DjiProtocol_v1Unpack:215) <0xd380>V1-Recv: 0x0306->0x0A06 0x03C1 [0m
[37m[14.055][linker]-[Debug]-[DjiCommand_RecvWork:1066)  <0xd380>Receive msg from linker, 0x0306->0x0A06 0x03C1 len:13 [0m
[37m[14.062][linker]-[Debug]-[DjiProtocol_v1Pack:123) <0xfda1>V1-Send: 0x0A06->0x0200 0x3C10 [0m
[37m[14.062][linker]-[Debug]-[DjiProtocol_v1Pack:123) <0xfda2>V1-Send: 0x0A06->0x0A01 0x3C10 [0m
[37m[14.062][linker]-[Debug]-[DjiProtocol_v1Pack:123) <0xfda3>V1-Send: 0x0A06->0x0300 0x3C10 [0m
[37m[14.078][linker]-[Debug]-[DjiProtocol_v1Unpack:215) <0xd3a0>V1-Recv: 0x0300->0x0A06 0x036C [0m
[37m[14.078][linker]-[Debug]-[DjiProtocol_v1Unpack:215) <0x9f64>V1-Recv: 0x0A01->0x0A06 0x3C45 [0m
[37m[14.079][linker]-[Debug]-[DjiCommand_RecvWork:1066)  <0xd3a0>Receive msg from linker, 0x0300->0x0A06 0x036C len:71 [0m
[37m[14.079][linker]-[Debug]-[DjiCommand_DealCmd:919) received unsupport request cmd that noneed ack, <0xd3a0> cmdset: 0x03 cmdid: 0x6C [0m
[37m[14.080][linker]-[Debug]-[DjiCommand_RecvWork:1066)  <0x9f64>Receive msg from linker, 0x0A01->0x0A06 0x3C45 len:0 [0m
[37m[14.080][upgrade]-[Debug]-[DjiUpgrade_GetUpgradeServiceInfo:239) Get upgrade service info [0m
[37m[14.080][linker]-[Debug]-[DjiProtocol_v1Pack:123) <0x9f64>V1-Send: 0x0A06->0x0A01 0x3C45 [0m
[37m[14.098][linker]-[Debug]-[DjiProtocol_v1Unpack:215) <0xd3cc>V1-Recv: 0x0300->0x0A06 0x4900 [0m
[37m[14.098][linker]-[Debug]-[DjiCommand_RecvWork:1066)  <0xd3cc>Receive msg from linker, 0x0300->0x0A06 0x4900 len:14 [0m
[37m[14.098][linker]-[Debug]-[DjiProtocol_v1Pack:123) <0xd3cc>V1-Send: 0x0A06->0x0300 0x4900 [0m
[37m[14.135][linker]-[Debug]-[DjiProtocol_v1Unpack:215) <0xd411>V1-Recv: 0x0300->0x0A06 0x221B [0m
[37m[14.136][linker]-[Debug]-[DjiCommand_RecvWork:1066)  <0xd411>Receive msg from linker, 0x0300->0x0A06 0x221B len:9 [0m
[37m[14.136][linker]-[Debug]-[DjiCommand_DealCmd:919) received unsupport request cmd that noneed ack, <0xd411> cmdset: 0x22 cmdid: 0x1B [0m
[37m[14.154][linker]-[Debug]-[DjiProtocol_v1Unpack:215) <0xd432>V1-Recv: 0x0306->0x0A06 0x03C1 [0m
[37m[14.155][linker]-[Debug]-[DjiCommand_RecvWork:1066)  <0xd432>Receive msg from linker, 0x0306->0x0A06 0x03C1 len:13 [0m
[37m[14.177][linker]-[Debug]-[DjiProtocol_v1Unpack:215) <0xd454>V1-Recv: 0x0300->0x0A06 0x036C [0m
[37m[14.178][linker]-[Debug]-[DjiCommand_RecvWork:1066)  <0xd454>Receive msg from linker, 0x0300->0x0A06 0x036C len:71 [0m
[37m[14.178][linker]-[Debug]-[DjiCommand_DealCmd:919) received unsupport request cmd that noneed ack, <0xd454> cmdset: 0x03 cmdid: 0x6C [0m
[37m[14.197][linker]-[Debug]-[DjiProtocol_v1Unpack:215) <0xd481>V1-Recv: 0x0300->0x0A06 0x4900 [0m
[37m[14.197][linker]-[Debug]-[DjiCommand_RecvWork:1066)  <0xd481>Receive msg from linker, 0x0300->0x0A06 0x4900 len:14 [0m
[37m[14.197][linker]-[Debug]-[DjiProtocol_v1Pack:123) <0xd481>V1-Send: 0x0A06->0x0300 0x4900 [0m
[37m[14.235][linker]-[Debug]-[DjiProtocol_v1Unpack:215) <0xd4c0>V1-Recv: 0x0300->0x0A06 0x221B [0m
[37m[14.236][linker]-[Debug]-[DjiCommand_RecvWork:1066)  <0xd4c0>Receive msg from linker, 0x0300->0x0A06 0x221B len:9 [0m
[37m[14.236][linker]-[Debug]-[DjiCommand_DealCmd:919) received unsupport request cmd that noneed ack, <0xd4c0> cmdset: 0x22 cmdid: 0x1B [0m
[37m[14.247][linker]-[Debug]-[DjiProtocol_v1Unpack:215) <0x8cc0>V1-Recv: 0x0800->0x0A06 0x0866 [0m
[37m[14.247][linker]-[Debug]-[DjiCommand_RecvWork:1066)  <0x8cc0>Receive msg from linker, 0x0800->0x0A06 0x0866 len:16 [0m
[37m[14.247][linker]-[Debug]-[DjiCommand_DealCmd:919) received unsupport request cmd that noneed ack, <0x8cc0> cmdset: 0x08 cmdid: 0x66 [0m
[37m[14.254][linker]-[Debug]-[DjiProtocol_v1Unpack:215) <0xd4e1>V1-Recv: 0x0306->0x0A06 0x03C1 [0m
[37m[14.255][linker]-[Debug]-[DjiCommand_RecvWork:1066)  <0xd4e1>Receive msg from linker, 0x0306->0x0A06 0x03C1 len:13 [0m
[37m[14.275][linker]-[Debug]-[DjiProtocol_v1Pack:123) <0xfda4>V1-Send: 0x0A06->0x0200 0x3C10 [0m
[37m[14.275][linker]-[Debug]-[DjiProtocol_v1Pack:123) <0xfda5>V1-Send: 0x0A06->0x0A01 0x3C10 [0m
[37m[14.275][linker]-[Debug]-[DjiProtocol_v1Pack:123) <0xfda6>V1-Send: 0x0A06->0x0300 0x3C10 [0m
[37m[14.278][linker]-[Debug]-[DjiProtocol_v1Unpack:215) <0xd500>V1-Recv: 0x0300->0x0A06 0x036C [0m
[37m[14.279][linker]-[Debug]-[DjiCommand_RecvWork:1066)  <0xd500>Receive msg from linker, 0x0300->0x0A06 0x036C len:71 [0m
[37m[14.279][linker]-[Debug]-[DjiCommand_DealCmd:919) received unsupport request cmd that noneed ack, <0xd500> cmdset: 0x03 cmdid: 0x6C [0m
[37m[14.299][linker]-[Debug]-[DjiProtocol_v1Unpack:215) <0xd52b>V1-Recv: 0x0300->0x0A06 0x4900 [0m
[37m[14.299][linker]-[Debug]-[DjiProtocol_v1Unpack:215) <0x9f65>V1-Recv: 0x0A01->0x0A06 0x3C45 [0m
[37m[14.299][linker]-[Debug]-[DjiCommand_RecvWork:1066)  <0xd52b>Receive msg from linker, 0x0300->0x0A06 0x4900 len:14 [0m
[37m[14.299][linker]-[Debug]-[DjiProtocol_v1Pack:123) <0xd52b>V1-Send: 0x0A06->0x0300 0x4900 [0m
[37m[14.300][linker]-[Debug]-[DjiCommand_RecvWork:1066)  <0x9f65>Receive msg from linker, 0x0A01->0x0A06 0x3C45 len:0 [0m
[37m[14.300][upgrade]-[Debug]-[DjiUpgrade_GetUpgradeServiceInfo:239) Get upgrade service info [0m
[37m[14.300][linker]-[Debug]-[DjiProtocol_v1Pack:123) <0x9f65>V1-Send: 0x0A06->0x0A01 0x3C45 [0m
[37m[14.335][linker]-[Debug]-[DjiProtocol_v1Unpack:215) <0xd570>V1-Recv: 0x0300->0x0A06 0x221B [0m
[37m[14.335][linker]-[Debug]-[DjiCommand_RecvWork:1066)  <0xd570>Receive msg from linker, 0x0300->0x0A06 0x221B len:9 [0m
[37m[14.335][linker]-[Debug]-[DjiCommand_DealCmd:919) received unsupport request cmd that noneed ack, <0xd570> cmdset: 0x22 cmdid: 0x1B [0m
[37m[14.354][linker]-[Debug]-[DjiProtocol_v1Unpack:215) <0xd591>V1-Recv: 0x0306->0x0A06 0x03C1 [0m
[37m[14.354][linker]-[Debug]-[DjiCommand_RecvWork:1066)  <0xd591>Receive msg from linker, 0x0306->0x0A06 0x03C1 len:13 [0m
[37m[14.377][linker]-[Debug]-[DjiProtocol_v1Unpack:215) <0xd5b5>V1-Recv: 0x0300->0x0A06 0x036C [0m
[37m[14.378][linker]-[Debug]-[DjiCommand_RecvWork:1066)  <0xd5b5>Receive msg from linker, 0x0300->0x0A06 0x036C len:71 [0m
[37m[14.378][linker]-[Debug]-[DjiCommand_DealCmd:919) received unsupport request cmd that noneed ack, <0xd5b5> cmdset: 0x03 cmdid: 0x6C [0m
[37m[14.398][linker]-[Debug]-[DjiProtocol_v1Unpack:215) <0xd5db>V1-Recv: 0x0300->0x0100 0x0405 [0m
[37m[14.398][linker]-[Debug]-[DjiProtocol_v1Unpack:215) <0xd5df>V1-Recv: 0x0300->0x0A06 0x4900 [0m
[37m[14.398][linker]-[Debug]-[DjiCommand_RecvWork:1066)  <0xd5db>Receive msg from linker, 0x0300->0x0100 0x0405 len:22 [0m
[37m[14.398][linker]-[Debug]-[DjiCommand_DealCmd:919) received unsupport request cmd that noneed ack, <0xd5db> cmdset: 0x04 cmdid: 0x05 [0m
[37m[14.399][linker]-[Debug]-[DjiCommand_RecvWork:1066)  <0xd5df>Receive msg from linker, 0x0300->0x0A06 0x4900 len:14 [0m
[37m[14.399][linker]-[Debug]-[DjiProtocol_v1Pack:123) <0xd5df>V1-Send: 0x0A06->0x0300 0x4900 [0m
[37m[14.435][linker]-[Debug]-[DjiProtocol_v1Unpack:215) <0xd620>V1-Recv: 0x0300->0x0A06 0x221B [0m
[37m[14.436][linker]-[Debug]-[DjiCommand_RecvWork:1066)  <0xd620>Receive msg from linker, 0x0300->0x0A06 0x221B len:9 [0m
[37m[14.436][linker]-[Debug]-[DjiCommand_DealCmd:919) received unsupport request cmd that noneed ack, <0xd620> cmdset: 0x22 cmdid: 0x1B [0m
[37m[14.454][linker]-[Debug]-[DjiProtocol_v1Unpack:215) <0xd643>V1-Recv: 0x0306->0x0A06 0x03C1 [0m
[37m[14.455][linker]-[Debug]-[DjiCommand_RecvWork:1066)  <0xd643>Receive msg from linker, 0x0306->0x0A06 0x03C1 len:13 [0m
[37m[14.478][linker]-[Debug]-[DjiProtocol_v1Unpack:215) <0xd667>V1-Recv: 0x0300->0x0A06 0x036C [0m
[37m[14.479][linker]-[Debug]-[DjiCommand_RecvWork:1066)  <0xd667>Receive msg from linker, 0x0300->0x0A06 0x036C len:71 [0m
[37m[14.479][linker]-[Debug]-[DjiCommand_DealCmd:919) received unsupport request cmd that noneed ack, <0xd667> cmdset: 0x03 cmdid: 0x6C [0m
[37m[14.489][linker]-[Debug]-[DjiProtocol_v1Pack:123) <0xfda7>V1-Send: 0x0A06->0x0300 0x0000 [0m
[37m[14.489][infor]-[Debug]-[DjiAircraftConnection_CheckExtensionPortConnectStatusByV1Protocol:170) check connect status:1 [0m
[37m[14.489][linker]-[Debug]-[DjiProtocol_v1Pack:123) <0xfda8>V1-Send: 0x0A06->0x0200 0x3C10 [0m
[37m[14.489][linker]-[Debug]-[DjiProtocol_v1Pack:123) <0xfda9>V1-Send: 0x0A06->0x0A01 0x3C10 [0m
[37m[14.489][linker]-[Debug]-[DjiProtocol_v1Pack:123) <0xfdaa>V1-Send: 0x0A06->0x0300 0x3C10 [0m
[37m[14.495][linker]-[Debug]-[DjiProtocol_v1Unpack:215) <0xfda7>V1-Recv: 0x0300->0x0A06 0x0000 [0m
[37m[14.495][linker]-[Debug]-[DjiCommand_RecvWork:1066)  <0xfda7>Receive msg from linker, 0x0300->0x0A06 0x0000 len:0 [0m
[37m[14.495][infor]-[Debug]-[DjiAircraftInfo_CheckPingStatusAsyncCallback:269) connect status async sucess [0m
[37m[14.495][linker]-[Debug]-[DjiCommand_DealCmd:830) callback function (cmdset: 0x00 cmdid: 0x00) deal time: 0 ms [0m
[37m[14.496][linker]-[Debug]-[DjiProtocol_v1Unpack:215) <0x8cc1>V1-Recv: 0x0800->0x0A06 0x0866 [0m
[37m[14.496][linker]-[Debug]-[DjiCommand_RecvWork:1066)  <0x8cc1>Receive msg from linker, 0x0800->0x0A06 0x0866 len:16 [0m
[37m[14.496][linker]-[Debug]-[DjiCommand_DealCmd:919) received unsupport request cmd that noneed ack, <0x8cc1> cmdset: 0x08 cmdid: 0x66 [0m
[37m[14.498][linker]-[Debug]-[DjiProtocol_v1Unpack:215) <0xd697>V1-Recv: 0x0300->0x0A06 0x4900 [0m
[37m[14.499][linker]-[Debug]-[DjiCommand_RecvWork:1066)  <0xd697>Receive msg from linker, 0x0300->0x0A06 0x4900 len:14 [0m
[37m[14.499][linker]-[Debug]-[DjiProtocol_v1Pack:123) <0xd697>V1-Send: 0x0A06->0x0300 0x4900 [0m
[37m[14.520][linker]-[Debug]-[DjiProtocol_v1Unpack:215) <0xd6b4>V1-Recv: 0x0306->0x0A06 0x03C1 [0m
[37m[14.520][linker]-[Debug]-[DjiProtocol_v1Unpack:215) <0x9f66>V1-Recv: 0x0A01->0x0A06 0x3C45 [0m
[37m[14.520][linker]-[Debug]-[DjiCommand_RecvWork:1066)  <0xd6b4>Receive msg from linker, 0x0306->0x0A06 0x03C1 len:126 [0m
[37m[14.521][linker]-[Debug]-[DjiCommand_RecvWork:1066)  <0x9f66>Receive msg from linker, 0x0A01->0x0A06 0x3C45 len:0 [0m
[37m[14.521][upgrade]-[Debug]-[DjiUpgrade_GetUpgradeServiceInfo:239) Get upgrade service info [0m
[37m[14.521][linker]-[Debug]-[DjiProtocol_v1Pack:123) <0x9f66>V1-Send: 0x0A06->0x0A01 0x3C45 [0m
[37m[14.536][linker]-[Debug]-[DjiProtocol_v1Unpack:215) <0xd6e6>V1-Recv: 0x0300->0x0A06 0x221B [0m
[37m[14.536][linker]-[Debug]-[DjiCommand_RecvWork:1066)  <0xd6e6>Receive msg from linker, 0x0300->0x0A06 0x221B len:9 [0m
[37m[14.536][linker]-[Debug]-[DjiCommand_DealCmd:919) received unsupport request cmd that noneed ack, <0xd6e6> cmdset: 0x22 cmdid: 0x1B [0m
[37m[14.554][linker]-[Debug]-[DjiProtocol_v1Unpack:215) <0xd70a>V1-Recv: 0x0306->0x0A06 0x03C1 [0m
[37m[14.554][linker]-[Debug]-[DjiCommand_RecvWork:1066)  <0xd70a>Receive msg from linker, 0x0306->0x0A06 0x03C1 len:13 [0m
[32m[14.557][user]-[Info]-[UserFcSubscription_Task:456) Current speed: 0.000000.
 [0m
[32m[14.557][user]-[Info]-[UserFcSubscription_Task:656) Displaymode status: 6. [0m
[37m[14.578][linker]-[Debug]-[DjiProtocol_v1Unpack:215) <0xd72e>V1-Recv: 0x0300->0x0A06 0x036C [0m
[37m[14.579][linker]-[Debug]-[DjiCommand_RecvWork:1066)  <0xd72e>Receive msg from linker, 0x0300->0x0A06 0x036C len:71 [0m
[37m[14.579][linker]-[Debug]-[DjiCommand_DealCmd:919) received unsupport request cmd that noneed ack, <0xd72e> cmdset: 0x03 cmdid: 0x6C [0m
[37m[14.597][linker]-[Debug]-[DjiProtocol_v1Unpack:215) <0xd75b>V1-Recv: 0x0300->0x0A06 0x4900 [0m
[37m[14.597][linker]-[Debug]-[DjiCommand_RecvWork:1066)  <0xd75b>Receive msg from linker, 0x0300->0x0A06 0x4900 len:14 [0m
[37m[14.597][linker]-[Debug]-[DjiProtocol_v1Pack:123) <0xd75b>V1-Send: 0x0A06->0x0300 0x4900 [0m
[37m[14.608][linker]-[Debug]-[DjiProtocol_v1Unpack:215) <0x7c6>V1-Recv: 0x0701->0x0A06 0x0000 [0m
[37m[14.609][linker]-[Debug]-[DjiCommand_RecvWork:1066)  <0x7c6>Receive msg from linker, 0x0701->0x0A06 0x0000 len:16 [0m
[37m[14.609][linker]-[Debug]-[DjiProtocol_v1Pack:123) <0x7c6>V1-Send: 0x0A06->0x0701 0x0000 [0m
[37m[14.635][linker]-[Debug]-[DjiProtocol_v1Unpack:215) <0xd79d>V1-Recv: 0x0300->0x0A06 0x221B [0m
[37m[14.635][linker]-[Debug]-[DjiCommand_RecvWork:1066)  <0xd79d>Receive msg from linker, 0x0300->0x0A06 0x221B len:9 [0m
[37m[14.635][linker]-[Debug]-[DjiCommand_DealCmd:919) received unsupport request cmd that noneed ack, <0xd79d> cmdset: 0x22 cmdid: 0x1B [0m
[37m[14.654][linker]-[Debug]-[DjiProtocol_v1Unpack:215) <0xd7be>V1-Recv: 0x0306->0x0A06 0x03C1 [0m
[37m[14.655][linker]-[Debug]-[DjiCommand_RecvWork:1066)  <0xd7be>Receive msg from linker, 0x0306->0x0A06 0x03C1 len:13 [0m
[37m[14.673][linker]-[Debug]-[DjiProtocol_v1Unpack:215) <0x3a7a>V1-Recv: 0x1D07->0x0A06 0x2105 [0m
[37m[14.674][linker]-[Debug]-[DjiCommand_RecvWork:1066)  <0x3a7a>Receive msg from linker, 0x1D07->0x0A06 0x2105 len:1 [0m
[37m[14.674][linker]-[Debug]-[DjiCommand_DealCmd:919) received unsupport request cmd that need ack, <0x3a7a> cmdset: 0x21 cmdid: 0x05 [0m
[37m[14.677][linker]-[Debug]-[DjiProtocol_v1Unpack:215) <0xd7dc>V1-Recv: 0x0300->0x0A06 0x036C [0m
[37m[14.678][linker]-[Debug]-[DjiCommand_RecvWork:1066)  <0xd7dc>Receive msg from linker, 0x0300->0x0A06 0x036C len:71 [0m
[37m[14.678][linker]-[Debug]-[DjiCommand_DealCmd:919) received unsupport request cmd that noneed ack, <0xd7dc> cmdset: 0x03 cmdid: 0x6C [0m
[37m[14.698][linker]-[Debug]-[DjiProtocol_v1Unpack:215) <0xd807>V1-Recv: 0x0300->0x0A06 0x4900 [0m
[37m[14.698][linker]-[Debug]-[DjiCommand_RecvWork:1066)  <0xd807>Receive msg from linker, 0x0300->0x0A06 0x4900 len:14 [0m
[37m[14.698][linker]-[Debug]-[DjiProtocol_v1Pack:123) <0xd807>V1-Send: 0x0A06->0x0300 0x4900 [0m
[37m[14.702][linker]-[Debug]-[DjiProtocol_v1Pack:123) <0xfdab>V1-Send: 0x0A06->0x0200 0x3C10 [0m
[37m[14.702][linker]-[Debug]-[DjiProtocol_v1Pack:123) <0xfdac>V1-Send: 0x0A06->0x0A01 0x3C10 [0m
[37m[14.703][linker]-[Debug]-[DjiProtocol_v1Pack:123) <0xfdad>V1-Send: 0x0A06->0x0300 0x3C10 [0m
[37m[14.723][linker]-[Debug]-[DjiProtocol_v1Unpack:215) <0x9f67>V1-Recv: 0x0A01->0x0A06 0x3C45 [0m
[37m[14.724][linker]-[Debug]-[DjiCommand_RecvWork:1066)  <0x9f67>Receive msg from linker, 0x0A01->0x0A06 0x3C45 len:0 [0m
[37m[14.724][upgrade]-[Debug]-[DjiUpgrade_GetUpgradeServiceInfo:239) Get upgrade service info [0m
[37m[14.724][linker]-[Debug]-[DjiProtocol_v1Pack:123) <0x9f67>V1-Send: 0x0A06->0x0A01 0x3C45 [0m
[37m[14.736][linker]-[Debug]-[DjiProtocol_v1Unpack:215) <0xd851>V1-Recv: 0x0300->0x0A06 0x221B [0m
[37m[14.737][linker]-[Debug]-[DjiCommand_RecvWork:1066)  <0xd851>Receive msg from linker, 0x0300->0x0A06 0x221B len:9 [0m
[37m[14.737][linker]-[Debug]-[DjiCommand_DealCmd:919) received unsupport request cmd that noneed ack, <0xd851> cmdset: 0x22 cmdid: 0x1B [0m
[37m[14.746][linker]-[Debug]-[DjiProtocol_v1Unpack:215) <0x8cc2>V1-Recv: 0x0800->0x0A06 0x0866 [0m
[37m[14.747][linker]-[Debug]-[DjiCommand_RecvWork:1066)  <0x8cc2>Receive msg from linker, 0x0800->0x0A06 0x0866 len:16 [0m
[37m[14.747][linker]-[Debug]-[DjiCommand_DealCmd:919) received unsupport request cmd that noneed ack, <0x8cc2> cmdset: 0x08 cmdid: 0x66 [0m
[37m[14.754][linker]-[Debug]-[DjiProtocol_v1Unpack:215) <0xd875>V1-Recv: 0x0306->0x0A06 0x03C1 [0m
[37m[14.755][linker]-[Debug]-[DjiCommand_RecvWork:1066)  <0xd875>Receive msg from linker, 0x0306->0x0A06 0x03C1 len:13 [0m
[37m[14.778][linker]-[Debug]-[DjiProtocol_v1Unpack:215) <0xd898>V1-Recv: 0x0300->0x0A06 0x036C [0m
[37m[14.779][linker]-[Debug]-[DjiCommand_RecvWork:1066)  <0xd898>Receive msg from linker, 0x0300->0x0A06 0x036C len:71 [0m
[37m[14.779][linker]-[Debug]-[DjiCommand_DealCmd:919) received unsupport request cmd that noneed ack, <0xd898> cmdset: 0x03 cmdid: 0x6C [0m
[37m[14.797][linker]-[Debug]-[DjiProtocol_v1Unpack:215) <0xd8c3>V1-Recv: 0x0300->0x0A06 0x4900 [0m
[37m[14.798][linker]-[Debug]-[DjiCommand_RecvWork:1066)  <0xd8c3>Receive msg from linker, 0x0300->0x0A06 0x4900 len:14 [0m
[37m[14.798][linker]-[Debug]-[DjiProtocol_v1Pack:123) <0xd8c3>V1-Send: 0x0A06->0x0300 0x4900 [0m
[37m[14.835][linker]-[Debug]-[DjiProtocol_v1Unpack:215) <0xd906>V1-Recv: 0x0300->0x0A06 0x221B [0m
[37m[14.836][linker]-[Debug]-[DjiCommand_RecvWork:1066)  <0xd906>Receive msg from linker, 0x0300->0x0A06 0x221B len:9 [0m
[37m[14.836][linker]-[Debug]-[DjiCommand_DealCmd:919) received unsupport request cmd that noneed ack, <0xd906> cmdset: 0x22 cmdid: 0x1B [0m
[37m[14.854][linker]-[Debug]-[DjiProtocol_v1Unpack:215) <0xd92b>V1-Recv: 0x0306->0x0A06 0x03C1 [0m
[37m[14.855][linker]-[Debug]-[DjiCommand_RecvWork:1066)  <0xd92b>Receive msg from linker, 0x0306->0x0A06 0x03C1 len:13 [0m
[37m[14.877][linker]-[Debug]-[DjiProtocol_v1Unpack:215) <0xd94a>V1-Recv: 0x0300->0x0A06 0x036C [0m
[37m[14.878][linker]-[Debug]-[DjiCommand_RecvWork:1066)  <0xd94a>Receive msg from linker, 0x0300->0x0A06 0x036C len:71 [0m
[37m[14.878][linker]-[Debug]-[DjiCommand_DealCmd:919) received unsupport request cmd that noneed ack, <0xd94a> cmdset: 0x03 cmdid: 0x6C [0m
[37m[14.899][linker]-[Debug]-[DjiProtocol_v1Unpack:215) <0xd976>V1-Recv: 0x0300->0x0A06 0x0F74 [0m
[37m[14.899][linker]-[Debug]-[DjiProtocol_v1Unpack:215) <0xd97b>V1-Recv: 0x0300->0x0100 0x0406 [0m
[37m[14.899][linker]-[Debug]-[DjiProtocol_v1Unpack:215) <0xd97c>V1-Recv: 0x0300->0x0100 0x0407 [0m
[37m[14.899][linker]-[Debug]-[DjiProtocol_v1Unpack:215) <0xd97d>V1-Recv: 0x0300->0x0A06 0x4900 [0m
[37m[14.900][linker]-[Debug]-[DjiCommand_RecvWork:1066)  <0xd976>Receive msg from linker, 0x0300->0x0A06 0x0F74 len:28 [0m
[37m[14.900][linker]-[Debug]-[DjiCommand_DealCmd:919) received unsupport request cmd that noneed ack, <0xd976> cmdset: 0x0F cmdid: 0x74 [0m
[37m[14.901][linker]-[Debug]-[DjiCommand_RecvWork:1066)  <0xd97b>Receive msg from linker, 0x0300->0x0100 0x0406 len:12 [0m
[37m[14.901][linker]-[Debug]-[DjiCommand_DealCmd:919) received unsupport request cmd that noneed ack, <0xd97b> cmdset: 0x04 cmdid: 0x06 [0m
[37m[14.902][linker]-[Debug]-[DjiCommand_RecvWork:1066)  <0xd97c>Receive msg from linker, 0x0300->0x0100 0x0407 len:1 [0m
[37m[14.902][linker]-[Debug]-[DjiCommand_DealCmd:919) received unsupport request cmd that noneed ack, <0xd97c> cmdset: 0x04 cmdid: 0x07 [0m
[37m[14.903][linker]-[Debug]-[DjiCommand_RecvWork:1066)  <0xd97d>Receive msg from linker, 0x0300->0x0A06 0x4900 len:14 [0m
[37m[14.903][linker]-[Debug]-[DjiProtocol_v1Pack:123) <0xd97d>V1-Send: 0x0A06->0x0300 0x4900 [0m
[37m[14.916][linker]-[Debug]-[DjiProtocol_v1Pack:123) <0xfdae>V1-Send: 0x0A06->0x0200 0x3C10 [0m
[37m[14.916][linker]-[Debug]-[DjiProtocol_v1Pack:123) <0xfdaf>V1-Send: 0x0A06->0x0A01 0x3C10 [0m
[37m[14.916][linker]-[Debug]-[DjiProtocol_v1Pack:123) <0xfdb0>V1-Send: 0x0A06->0x0300 0x3C10 [0m
[37m[14.935][linker]-[Debug]-[DjiProtocol_v1Unpack:215) <0xd9c8>V1-Recv: 0x0300->0x0A06 0x221B [0m
[37m[14.935][linker]-[Debug]-[DjiCommand_RecvWork:1066)  <0xd9c8>Receive msg from linker, 0x0300->0x0A06 0x221B len:9 [0m
[37m[14.935][linker]-[Debug]-[DjiCommand_DealCmd:919) received unsupport request cmd that noneed ack, <0xd9c8> cmdset: 0x22 cmdid: 0x1B [0m
[37m[14.938][linker]-[Debug]-[DjiProtocol_v1Unpack:215) <0x9f69>V1-Recv: 0x0A01->0x0A06 0x3C45 [0m
[37m[14.938][linker]-[Debug]-[DjiCommand_RecvWork:1066)  <0x9f69>Receive msg from linker, 0x0A01->0x0A06 0x3C45 len:0 [0m
[37m[14.938][upgrade]-[Debug]-[DjiUpgrade_GetUpgradeServiceInfo:239) Get upgrade service info [0m
[37m[14.938][linker]-[Debug]-[DjiProtocol_v1Pack:123) <0x9f69>V1-Send: 0x0A06->0x0A01 0x3C45 [0m
[37m[14.953][linker]-[Debug]-[DjiProtocol_v1Unpack:215) <0xd9e9>V1-Recv: 0x0306->0x0A06 0x03C1 [0m
[37m[14.953][linker]-[Debug]-[DjiCommand_RecvWork:1066)  <0xd9e9>Receive msg from linker, 0x0306->0x0A06 0x03C1 len:13 [0m
[37m[14.968][utils]-[Debug]-[DjiCore_RootTask:131) work execution time: [0m
[37m[14.968][utils]-[Debug]-[DjiCore_RootTask:132) name	                execution time (ms)	  max execution time (ms) [0m
[37m[14.968][utils]-[Debug]-[DjiCore_RootTask:134) recorderWork                    	0       	1        [0m
[37m[14.968][utils]-[Debug]-[DjiCore_RootTask:134) flowControllerTask              	0       	0        [0m
[37m[14.968][utils]-[Debug]-[DjiCore_RootTask:134) commandTask                     	0       	1        [0m
[37m[14.968][utils]-[Debug]-[DjiCore_RootTask:134) aircraftWorkNode                	0       	0        [0m
[37m[14.968][utils]-[Debug]-[DjiCore_RootTask:134) StatePushWork                   	1       	1        [0m
[37m[14.978][linker]-[Debug]-[DjiProtocol_v1Unpack:215) <0xda12>V1-Recv: 0x0300->0x0A06 0x036C [0m
[37m[14.978][linker]-[Debug]-[DjiCommand_RecvWork:1066)  <0xda12>Receive msg from linker, 0x0300->0x0A06 0x036C len:71 [0m
[37m[14.978][linker]-[Debug]-[DjiCommand_DealCmd:919) received unsupport request cmd that noneed ack, <0xda12> cmdset: 0x03 cmdid: 0x6C [0m
[37m[14.998][linker]-[Debug]-[DjiProtocol_v1Unpack:215) <0x8cc3>V1-Recv: 0x0800->0x0A06 0x0866 [0m
[37m[14.998][linker]-[Debug]-[DjiProtocol_v1Unpack:215) <0xda4c>V1-Recv: 0x0300->0x0A06 0x4900 [0m
[37m[14.998][linker]-[Debug]-[DjiCommand_RecvWork:1066)  <0x8cc3>Receive msg from linker, 0x0800->0x0A06 0x0866 len:16 [0m
[37m[14.998][linker]-[Debug]-[DjiCommand_DealCmd:919) received unsupport request cmd that noneed ack, <0x8cc3> cmdset: 0x08 cmdid: 0x66 [0m
[37m[14.999][linker]-[Debug]-[DjiCommand_RecvWork:1066)  <0xda4c>Receive msg from linker, 0x0300->0x0A06 0x4900 len:14 [0m
[37m[14.999][linker]-[Debug]-[DjiProtocol_v1Pack:123) <0xda4c>V1-Send: 0x0A06->0x0300 0x4900 [0m
[37m[15.035][linker]-[Debug]-[DjiProtocol_v1Unpack:215) <0xda8e>V1-Recv: 0x0300->0x0A06 0x221B [0m
[37m[15.035][linker]-[Debug]-[DjiCommand_RecvWork:1066)  <0xda8e>Receive msg from linker, 0x0300->0x0A06 0x221B len:9 [0m
[37m[15.035][linker]-[Debug]-[DjiCommand_DealCmd:919) received unsupport request cmd that noneed ack, <0xda8e> cmdset: 0x22 cmdid: 0x1B [0m
[37m[15.053][linker]-[Debug]-[DjiProtocol_v1Unpack:215) <0xdaaf>V1-Recv: 0x0306->0x0A06 0x03C1 [0m
[37m[15.053][linker]-[Debug]-[DjiCommand_RecvWork:1066)  <0xdaaf>Receive msg from linker, 0x0306->0x0A06 0x03C1 len:13 [0m
[37m[15.078][linker]-[Debug]-[DjiProtocol_v1Unpack:215) <0xdace>V1-Recv: 0x0300->0x0A06 0x036C [0m
[37m[15.078][linker]-[Debug]-[DjiCommand_RecvWork:1066)  <0xdace>Receive msg from linker, 0x0300->0x0A06 0x036C len:71 [0m
[37m[15.078][linker]-[Debug]-[DjiCommand_DealCmd:919) received unsupport request cmd that noneed ack, <0xdace> cmdset: 0x03 cmdid: 0x6C [0m
[37m[15.098][linker]-[Debug]-[DjiProtocol_v1Unpack:215) <0xdafc>V1-Recv: 0x0300->0x0A06 0x4900 [0m
[37m[15.098][linker]-[Debug]-[DjiCommand_RecvWork:1066)  <0xdafc>Receive msg from linker, 0x0300->0x0A06 0x4900 len:14 [0m
[37m[15.098][linker]-[Debug]-[DjiProtocol_v1Pack:123) <0xdafc>V1-Send: 0x0A06->0x0300 0x4900 [0m
[37m[15.129][linker]-[Debug]-[DjiProtocol_v1Pack:123) <0xfdb1>V1-Send: 0x0A06->0x0200 0x3C10 [0m
[37m[15.129][linker]-[Debug]-[DjiProtocol_v1Pack:123) <0xfdb2>V1-Send: 0x0A06->0x0A01 0x3C10 [0m
[37m[15.129][linker]-[Debug]-[DjiProtocol_v1Pack:123) <0xfdb3>V1-Send: 0x0A06->0x0300 0x3C10 [0m
[37m[15.135][linker]-[Debug]-[DjiProtocol_v1Unpack:215) <0xdb41>V1-Recv: 0x0300->0x0A06 0x221B [0m
[37m[15.135][linker]-[Debug]-[DjiCommand_RecvWork:1066)  <0xdb41>Receive msg from linker, 0x0300->0x0A06 0x221B len:9 [0m
[37m[15.135][linker]-[Debug]-[DjiCommand_DealCmd:919) received unsupport request cmd that noneed ack, <0xdb41> cmdset: 0x22 cmdid: 0x1B [0m
[37m[15.150][linker]-[Debug]-[DjiProtocol_v1Unpack:215) <0x9369>V1-Recv: 0x0202->0x0A06 0x0026 [0m
[37m[15.150][linker]-[Debug]-[DjiCommand_RecvWork:1066)  <0x9369>Receive msg from linker, 0x0202->0x0A06 0x0026 len:37 [0m
[37m[15.150][linker]-[Debug]-[DjiCommand_DealCmd:919) received unsupport request cmd that need ack, <0x9369> cmdset: 0x00 cmdid: 0x26 [0m
[37m[15.154][linker]-[Debug]-[DjiProtocol_v1Unpack:215) <0xdb66>V1-Recv: 0x0306->0x0A06 0x03C1 [0m
[37m[15.154][linker]-[Debug]-[DjiCommand_RecvWork:1066)  <0xdb66>Receive msg from linker, 0x0306->0x0A06 0x03C1 len:13 [0m
[37m[15.158][linker]-[Debug]-[DjiProtocol_v1Unpack:215) <0x9f6c>V1-Recv: 0x0A01->0x0A06 0x3C45 [0m
[37m[15.159][linker]-[Debug]-[DjiCommand_RecvWork:1066)  <0x9f6c>Receive msg from linker, 0x0A01->0x0A06 0x3C45 len:0 [0m
[37m[15.159][upgrade]-[Debug]-[DjiUpgrade_GetUpgradeServiceInfo:239) Get upgrade service info [0m
[37m[15.159][linker]-[Debug]-[DjiProtocol_v1Pack:123) <0x9f6c>V1-Send: 0x0A06->0x0A01 0x3C45 [0m
[37m[15.178][linker]-[Debug]-[DjiProtocol_v1Unpack:215) <0xdb8c>V1-Recv: 0x0300->0x0A06 0x036C [0m
[37m[15.178][linker]-[Debug]-[DjiCommand_RecvWork:1066)  <0xdb8c>Receive msg from linker, 0x0300->0x0A06 0x036C len:71 [0m
[37m[15.178][linker]-[Debug]-[DjiCommand_DealCmd:919) received unsupport request cmd that noneed ack, <0xdb8c> cmdset: 0x03 cmdid: 0x6C [0m
[37m[15.197][linker]-[Debug]-[DjiProtocol_v1Unpack:215) <0xdbb9>V1-Recv: 0x0300->0x0A06 0x4900 [0m
[37m[15.197][linker]-[Debug]-[DjiCommand_RecvWork:1066)  <0xdbb9>Receive msg from linker, 0x0300->0x0A06 0x4900 len:14 [0m
[37m[15.197][linker]-[Debug]-[DjiProtocol_v1Pack:123) <0xdbb9>V1-Send: 0x0A06->0x0300 0x4900 [0m
[37m[15.235][linker]-[Debug]-[DjiProtocol_v1Unpack:215) <0xdbfb>V1-Recv: 0x0300->0x0A06 0x221B [0m
[37m[15.235][linker]-[Debug]-[DjiCommand_RecvWork:1066)  <0xdbfb>Receive msg from linker, 0x0300->0x0A06 0x221B len:9 [0m
[37m[15.235][linker]-[Debug]-[DjiCommand_DealCmd:919) received unsupport request cmd that noneed ack, <0xdbfb> cmdset: 0x22 cmdid: 0x1B [0m
[37m[15.246][linker]-[Debug]-[DjiProtocol_v1Unpack:215) <0x8cc4>V1-Recv: 0x0800->0x0A06 0x0866 [0m
[37m[15.246][linker]-[Debug]-[DjiCommand_RecvWork:1066)  <0x8cc4>Receive msg from linker, 0x0800->0x0A06 0x0866 len:16 [0m
[37m[15.246][linker]-[Debug]-[DjiCommand_DealCmd:919) received unsupport request cmd that noneed ack, <0x8cc4> cmdset: 0x08 cmdid: 0x66 [0m
[37m[15.253][linker]-[Debug]-[DjiProtocol_v1Unpack:215) <0xdc1c>V1-Recv: 0x0306->0x0A06 0x03C1 [0m
[37m[15.253][linker]-[Debug]-[DjiCommand_RecvWork:1066)  <0xdc1c>Receive msg from linker, 0x0306->0x0A06 0x03C1 len:13 [0m
[37m[15.278][linker]-[Debug]-[DjiProtocol_v1Unpack:215) <0xdc3a>V1-Recv: 0x0300->0x0A06 0x036C [0m
[37m[15.278][linker]-[Debug]-[DjiCommand_RecvWork:1066)  <0xdc3a>Receive msg from linker, 0x0300->0x0A06 0x036C len:71 [0m
[37m[15.278][linker]-[Debug]-[DjiCommand_DealCmd:919) received unsupport request cmd that noneed ack, <0xdc3a> cmdset: 0x03 cmdid: 0x6C [0m
[37m[15.298][linker]-[Debug]-[DjiProtocol_v1Unpack:215) <0xdc68>V1-Recv: 0x0300->0x0A06 0x4900 [0m
[37m[15.298][linker]-[Debug]-[DjiCommand_RecvWork:1066)  <0xdc68>Receive msg from linker, 0x0300->0x0A06 0x4900 len:14 [0m
[37m[15.298][linker]-[Debug]-[DjiProtocol_v1Pack:123) <0xdc68>V1-Send: 0x0A06->0x0300 0x4900 [0m
[37m[15.335][linker]-[Debug]-[DjiProtocol_v1Unpack:215) <0xdcb4>V1-Recv: 0x0300->0x0A06 0x221B [0m
[37m[15.336][linker]-[Debug]-[DjiCommand_RecvWork:1066)  <0xdcb4>Receive msg from linker, 0x0300->0x0A06 0x221B len:9 [0m
[37m[15.336][linker]-[Debug]-[DjiCommand_DealCmd:919) received unsupport request cmd that noneed ack, <0xdcb4> cmdset: 0x22 cmdid: 0x1B [0m
[37m[15.342][linker]-[Debug]-[DjiProtocol_v1Pack:123) <0xfdb4>V1-Send: 0x0A06->0x0200 0x3C10 [0m
[37m[15.342][linker]-[Debug]-[DjiProtocol_v1Pack:123) <0xfdb5>V1-Send: 0x0A06->0x0A01 0x3C10 [0m
[37m[15.342][linker]-[Debug]-[DjiProtocol_v1Pack:123) <0xfdb6>V1-Send: 0x0A06->0x0300 0x3C10 [0m
[37m[15.354][linker]-[Debug]-[DjiProtocol_v1Unpack:215) <0xdcd5>V1-Recv: 0x0306->0x0A06 0x03C1 [0m
[37m[15.355][linker]-[Debug]-[DjiCommand_RecvWork:1066)  <0xdcd5>Receive msg from linker, 0x0306->0x0A06 0x03C1 len:13 [0m
[37m[15.358][linker]-[Debug]-[DjiProtocol_v1Unpack:215) <0x9f6d>V1-Recv: 0x0A01->0x0A06 0x3C45 [0m
[37m[15.359][linker]-[Debug]-[DjiCommand_RecvWork:1066)  <0x9f6d>Receive msg from linker, 0x0A01->0x0A06 0x3C45 len:0 [0m
[37m[15.360][upgrade]-[Debug]-[DjiUpgrade_GetUpgradeServiceInfo:239) Get upgrade service info [0m
[37m[15.360][linker]-[Debug]-[DjiProtocol_v1Pack:123) <0x9f6d>V1-Send: 0x0A06->0x0A01 0x3C45 [0m
[37m[15.378][linker]-[Debug]-[DjiProtocol_v1Unpack:215) <0xdcf7>V1-Recv: 0x0300->0x0A06 0x036C [0m
[37m[15.379][linker]-[Debug]-[DjiCommand_RecvWork:1066)  <0xdcf7>Receive msg from linker, 0x0300->0x0A06 0x036C len:71 [0m
[37m[15.379][linker]-[Debug]-[DjiCommand_DealCmd:919) received unsupport request cmd that noneed ack, <0xdcf7> cmdset: 0x03 cmdid: 0x6C [0m
[37m[15.398][linker]-[Debug]-[DjiProtocol_v1Unpack:215) <0xdd22>V1-Recv: 0x0300->0x0100 0x0405 [0m
[37m[15.398][linker]-[Debug]-[DjiProtocol_v1Unpack:215) <0xdd23>V1-Recv: 0x0300->0x0A06 0x4900 [0m
[37m[15.399][linker]-[Debug]-[DjiCommand_RecvWork:1066)  <0xdd22>Receive msg from linker, 0x0300->0x0100 0x0405 len:22 [0m
[37m[15.399][linker]-[Debug]-[DjiCommand_DealCmd:919) received unsupport request cmd that noneed ack, <0xdd22> cmdset: 0x04 cmdid: 0x05 [0m
[37m[15.400][linker]-[Debug]-[DjiCommand_RecvWork:1066)  <0xdd23>Receive msg from linker, 0x0300->0x0A06 0x4900 len:14 [0m
[37m[15.400][linker]-[Debug]-[DjiProtocol_v1Pack:123) <0xdd23>V1-Send: 0x0A06->0x0300 0x4900 [0m
[37m[15.435][linker]-[Debug]-[DjiProtocol_v1Unpack:215) <0xdd63>V1-Recv: 0x0300->0x0A06 0x221B [0m
[37m[15.436][linker]-[Debug]-[DjiCommand_RecvWork:1066)  <0xdd63>Receive msg from linker, 0x0300->0x0A06 0x221B len:9 [0m
[37m[15.436][linker]-[Debug]-[DjiCommand_DealCmd:919) received unsupport request cmd that noneed ack, <0xdd63> cmdset: 0x22 cmdid: 0x1B [0m
[37m[15.453][linker]-[Debug]-[DjiProtocol_v1Unpack:215) <0xdd86>V1-Recv: 0x0306->0x0A06 0x03C1 [0m
[37m[15.454][linker]-[Debug]-[DjiCommand_RecvWork:1066)  <0xdd86>Receive msg from linker, 0x0306->0x0A06 0x03C1 len:13 [0m
[37m[15.478][linker]-[Debug]-[DjiProtocol_v1Unpack:215) <0xdda7>V1-Recv: 0x0300->0x0A06 0x036C [0m
[37m[15.478][linker]-[Debug]-[DjiCommand_RecvWork:1066)  <0xdda7>Receive msg from linker, 0x0300->0x0A06 0x036C len:71 [0m
[37m[15.478][linker]-[Debug]-[DjiCommand_DealCmd:919) received unsupport request cmd that noneed ack, <0xdda7> cmdset: 0x03 cmdid: 0x6C [0m
[37m[15.496][linker]-[Debug]-[DjiProtocol_v1Unpack:215) <0x8cc5>V1-Recv: 0x0800->0x0A06 0x0866 [0m
[37m[15.497][linker]-[Debug]-[DjiCommand_RecvWork:1066)  <0x8cc5>Receive msg from linker, 0x0800->0x0A06 0x0866 len:16 [0m
[37m[15.497][linker]-[Debug]-[DjiCommand_DealCmd:919) received unsupport request cmd that noneed ack, <0x8cc5> cmdset: 0x08 cmdid: 0x66 [0m
[37m[15.498][linker]-[Debug]-[DjiProtocol_v1Unpack:215) <0xddd9>V1-Recv: 0x0300->0x0A06 0x4900 [0m
[37m[15.499][linker]-[Debug]-[DjiCommand_RecvWork:1066)  <0xddd9>Receive msg from linker, 0x0300->0x0A06 0x4900 len:14 [0m
[37m[15.499][linker]-[Debug]-[DjiProtocol_v1Pack:123) <0xddd9>V1-Send: 0x0A06->0x0300 0x4900 [0m
[37m[15.518][linker]-[Debug]-[DjiProtocol_v1Unpack:215) <0xddf6>V1-Recv: 0x0306->0x0A06 0x03C1 [0m
[37m[15.518][linker]-[Debug]-[DjiCommand_RecvWork:1066)  <0xddf6>Receive msg from linker, 0x0306->0x0A06 0x03C1 len:126 [0m
[37m[15.535][linker]-[Debug]-[DjiProtocol_v1Unpack:215) <0xde28>V1-Recv: 0x0300->0x0A06 0x221B [0m
[37m[15.536][linker]-[Debug]-[DjiCommand_RecvWork:1066)  <0xde28>Receive msg from linker, 0x0300->0x0A06 0x221B len:9 [0m
[37m[15.536][linker]-[Debug]-[DjiCommand_DealCmd:919) received unsupport request cmd that noneed ack, <0xde28> cmdset: 0x22 cmdid: 0x1B [0m
[37m[15.553][linker]-[Debug]-[DjiProtocol_v1Unpack:215) <0xde4d>V1-Recv: 0x0306->0x0A06 0x03C1 [0m
[37m[15.554][linker]-[Debug]-[DjiCommand_RecvWork:1066)  <0xde4d>Receive msg from linker, 0x0306->0x0A06 0x03C1 len:13 [0m
[37m[15.555][linker]-[Debug]-[DjiProtocol_v1Pack:123) <0xfdb7>V1-Send: 0x0A06->0x0300 0x0000 [0m
[37m[15.555][infor]-[Debug]-[DjiAircraftConnection_CheckExtensionPortConnectStatusByV1Protocol:170) check connect status:1 [0m
[37m[15.555][linker]-[Debug]-[DjiProtocol_v1Pack:123) <0xfdb8>V1-Send: 0x0A06->0x0200 0x3C10 [0m
[37m[15.555][linker]-[Debug]-[DjiProtocol_v1Pack:123) <0xfdb9>V1-Send: 0x0A06->0x0A01 0x3C10 [0m
[37m[15.555][linker]-[Debug]-[DjiProtocol_v1Pack:123) <0xfdba>V1-Send: 0x0A06->0x0300 0x3C10 [0m
[32m[15.557][user]-[Info]-[UserFcSubscription_Task:456) Current speed: 0.000000.
 [0m
[32m[15.557][user]-[Info]-[UserFcSubscription_Task:656) Displaymode status: 6. [0m
[37m[15.579][linker]-[Debug]-[DjiProtocol_v1Unpack:215) <0xfdb7>V1-Recv: 0x0300->0x0A06 0x0000 [0m
[37m[15.579][linker]-[Debug]-[DjiProtocol_v1Unpack:215) <0xde6e>V1-Recv: 0x0300->0x0A06 0x036C [0m
[37m[15.579][linker]-[Debug]-[DjiProtocol_v1Unpack:215) <0x9f6e>V1-Recv: 0x0A01->0x0A06 0x3C45 [0m
[37m[15.579][linker]-[Debug]-[DjiCommand_RecvWork:1066)  <0xfdb7>Receive msg from linker, 0x0300->0x0A06 0x0000 len:0 [0m
[37m[15.579][infor]-[Debug]-[DjiAircraftInfo_CheckPingStatusAsyncCallback:269) connect status async sucess [0m
[37m[15.579][linker]-[Debug]-[DjiCommand_DealCmd:830) callback function (cmdset: 0x00 cmdid: 0x00) deal time: 0 ms [0m
[37m[15.581][linker]-[Debug]-[DjiCommand_RecvWork:1066)  <0xde6e>Receive msg from linker, 0x0300->0x0A06 0x036C len:71 [0m
[37m[15.581][linker]-[Debug]-[DjiCommand_DealCmd:919) received unsupport request cmd that noneed ack, <0xde6e> cmdset: 0x03 cmdid: 0x6C [0m
[37m[15.582][linker]-[Debug]-[DjiCommand_RecvWork:1066)  <0x9f6e>Receive msg from linker, 0x0A01->0x0A06 0x3C45 len:0 [0m
[37m[15.582][upgrade]-[Debug]-[DjiUpgrade_GetUpgradeServiceInfo:239) Get upgrade service info [0m
[37m[15.582][linker]-[Debug]-[DjiProtocol_v1Pack:123) <0x9f6e>V1-Send: 0x0A06->0x0A01 0x3C45 [0m
[37m[15.597][linker]-[Debug]-[DjiProtocol_v1Unpack:215) <0xde97>V1-Recv: 0x0300->0x0A06 0x4900 [0m
[37m[15.598][linker]-[Debug]-[DjiCommand_RecvWork:1066)  <0xde97>Receive msg from linker, 0x0300->0x0A06 0x4900 len:14 [0m
[37m[15.598][linker]-[Debug]-[DjiProtocol_v1Pack:123) <0xde97>V1-Send: 0x0A06->0x0300 0x4900 [0m
[37m[15.609][linker]-[Debug]-[DjiProtocol_v1Unpack:215) <0x7c7>V1-Recv: 0x0701->0x0A06 0x0000 [0m
[37m[15.609][linker]-[Debug]-[DjiCommand_RecvWork:1066)  <0x7c7>Receive msg from linker, 0x0701->0x0A06 0x0000 len:16 [0m
[37m[15.609][linker]-[Debug]-[DjiProtocol_v1Pack:123) <0x7c7>V1-Send: 0x0A06->0x0701 0x0000 [0m
[37m[15.636][linker]-[Debug]-[DjiProtocol_v1Unpack:215) <0xded6>V1-Recv: 0x0300->0x0A06 0x221B [0m
[37m[15.636][linker]-[Debug]-[DjiCommand_RecvWork:1066)  <0xded6>Receive msg from linker, 0x0300->0x0A06 0x221B len:9 [0m
[37m[15.636][linker]-[Debug]-[DjiCommand_DealCmd:919) received unsupport request cmd that noneed ack, <0xded6> cmdset: 0x22 cmdid: 0x1B [0m
[37m[15.654][linker]-[Debug]-[DjiProtocol_v1Unpack:215) <0xdef9>V1-Recv: 0x0306->0x0A06 0x03C1 [0m
[37m[15.654][linker]-[Debug]-[DjiCommand_RecvWork:1066)  <0xdef9>Receive msg from linker, 0x0306->0x0A06 0x03C1 len:13 [0m
[37m[15.673][linker]-[Debug]-[DjiProtocol_v1Unpack:215) <0x3a7b>V1-Recv: 0x1D07->0x0A06 0x2105 [0m
[37m[15.673][linker]-[Debug]-[DjiCommand_RecvWork:1066)  <0x3a7b>Receive msg from linker, 0x1D07->0x0A06 0x2105 len:1 [0m
[37m[15.673][linker]-[Debug]-[DjiCommand_DealCmd:919) received unsupport request cmd that need ack, <0x3a7b> cmdset: 0x21 cmdid: 0x05 [0m
[37m[15.678][linker]-[Debug]-[DjiProtocol_v1Unpack:215) <0xdf18>V1-Recv: 0x0300->0x0A06 0x036C [0m
[37m[15.679][linker]-[Debug]-[DjiCommand_RecvWork:1066)  <0xdf18>Receive msg from linker, 0x0300->0x0A06 0x036C len:71 [0m
[37m[15.679][linker]-[Debug]-[DjiCommand_DealCmd:919) received unsupport request cmd that noneed ack, <0xdf18> cmdset: 0x03 cmdid: 0x6C [0m
[37m[15.697][linker]-[Debug]-[DjiProtocol_v1Unpack:215) <0xdf41>V1-Recv: 0x0300->0x0A06 0x4900 [0m
[37m[15.698][linker]-[Debug]-[DjiCommand_RecvWork:1066)  <0xdf41>Receive msg from linker, 0x0300->0x0A06 0x4900 len:14 [0m
[37m[15.698][linker]-[Debug]-[DjiProtocol_v1Pack:123) <0xdf41>V1-Send: 0x0A06->0x0300 0x4900 [0m
[37m[15.736][linker]-[Debug]-[DjiProtocol_v1Unpack:215) <0xdf85>V1-Recv: 0x0300->0x0A06 0x221B [0m
[37m[15.736][linker]-[Debug]-[DjiCommand_RecvWork:1066)  <0xdf85>Receive msg from linker, 0x0300->0x0A06 0x221B len:9 [0m
[37m[15.736][linker]-[Debug]-[DjiCommand_DealCmd:919) received unsupport request cmd that noneed ack, <0xdf85> cmdset: 0x22 cmdid: 0x1B [0m
[37m[15.746][linker]-[Debug]-[DjiProtocol_v1Unpack:215) <0x8cc6>V1-Recv: 0x0800->0x0A06 0x0866 [0m
[37m[15.747][linker]-[Debug]-[DjiCommand_RecvWork:1066)  <0x8cc6>Receive msg from linker, 0x0800->0x0A06 0x0866 len:16 [0m
[37m[15.747][linker]-[Debug]-[DjiCommand_DealCmd:919) received unsupport request cmd that noneed ack, <0x8cc6> cmdset: 0x08 cmdid: 0x66 [0m
[37m[15.754][linker]-[Debug]-[DjiProtocol_v1Unpack:215) <0xdfab>V1-Recv: 0x0306->0x0A06 0x03C1 [0m
[37m[15.754][linker]-[Debug]-[DjiCommand_RecvWork:1066)  <0xdfab>Receive msg from linker, 0x0306->0x0A06 0x03C1 len:13 [0m
[37m[15.769][linker]-[Debug]-[DjiProtocol_v1Pack:123) <0xfdbb>V1-Send: 0x0A06->0x0200 0x3C10 [0m
[37m[15.769][linker]-[Debug]-[DjiProtocol_v1Pack:123) <0xfdbc>V1-Send: 0x0A06->0x0A01 0x3C10 [0m
[37m[15.769][linker]-[Debug]-[DjiProtocol_v1Pack:123) <0xfdbd>V1-Send: 0x0A06->0x0300 0x3C10 [0m
[37m[15.778][linker]-[Debug]-[DjiProtocol_v1Unpack:215) <0xdfce>V1-Recv: 0x0300->0x0A06 0x036C [0m
[37m[15.779][linker]-[Debug]-[DjiCommand_RecvWork:1066)  <0xdfce>Receive msg from linker, 0x0300->0x0A06 0x036C len:71 [0m
[37m[15.779][linker]-[Debug]-[DjiCommand_DealCmd:919) received unsupport request cmd that noneed ack, <0xdfce> cmdset: 0x03 cmdid: 0x6C [0m
[37m[15.796][linker]-[Debug]-[DjiProtocol_v1Unpack:215) <0xdffa>V1-Recv: 0x0300->0x0A06 0x4900 [0m
[37m[15.797][linker]-[Debug]-[DjiCommand_RecvWork:1066)  <0xdffa>Receive msg from linker, 0x0300->0x0A06 0x4900 len:14 [0m
[37m[15.797][linker]-[Debug]-[DjiProtocol_v1Pack:123) <0xdffa>V1-Send: 0x0A06->0x0300 0x4900 [0m
[37m[15.799][linker]-[Debug]-[DjiProtocol_v1Unpack:215) <0x9f6f>V1-Recv: 0x0A01->0x0A06 0x3C45 [0m
[37m[15.799][linker]-[Debug]-[DjiCommand_RecvWork:1066)  <0x9f6f>Receive msg from linker, 0x0A01->0x0A06 0x3C45 len:0 [0m
[37m[15.799][upgrade]-[Debug]-[DjiUpgrade_GetUpgradeServiceInfo:239) Get upgrade service info [0m
[37m[15.799][linker]-[Debug]-[DjiProtocol_v1Pack:123) <0x9f6f>V1-Send: 0x0A06->0x0A01 0x3C45 [0m
[37m[15.835][linker]-[Debug]-[DjiProtocol_v1Unpack:215) <0xe03d>V1-Recv: 0x0300->0x0A06 0x221B [0m
[37m[15.835][linker]-[Debug]-[DjiCommand_RecvWork:1066)  <0xe03d>Receive msg from linker, 0x0300->0x0A06 0x221B len:9 [0m
[37m[15.835][linker]-[Debug]-[DjiCommand_DealCmd:919) received unsupport request cmd that noneed ack, <0xe03d> cmdset: 0x22 cmdid: 0x1B [0m
[37m[15.854][linker]-[Debug]-[DjiProtocol_v1Unpack:215) <0xe05e>V1-Recv: 0x0306->0x0A06 0x03C1 [0m
[37m[15.854][linker]-[Debug]-[DjiCommand_RecvWork:1066)  <0xe05e>Receive msg from linker, 0x0306->0x0A06 0x03C1 len:13 [0m
[37m[15.878][linker]-[Debug]-[DjiProtocol_v1Unpack:215) <0xe07f>V1-Recv: 0x0300->0x0A06 0x036C [0m
[37m[15.878][linker]-[Debug]-[DjiCommand_RecvWork:1066)  <0xe07f>Receive msg from linker, 0x0300->0x0A06 0x036C len:71 [0m
[37m[15.878][linker]-[Debug]-[DjiCommand_DealCmd:919) received unsupport request cmd that noneed ack, <0xe07f> cmdset: 0x03 cmdid: 0x6C [0m
[37m[15.898][linker]-[Debug]-[DjiProtocol_v1Unpack:215) <0xe0a9>V1-Recv: 0x0300->0x0A06 0x0F74 [0m
[37m[15.898][linker]-[Debug]-[DjiProtocol_v1Unpack:215) <0xe0af>V1-Recv: 0x0300->0x0100 0x0406 [0m
[37m[15.898][linker]-[Debug]-[DjiProtocol_v1Unpack:215) <0xe0b0>V1-Recv: 0x0300->0x0100 0x0407 [0m
[37m[15.898][linker]-[Debug]-[DjiProtocol_v1Unpack:215) <0xe0b1>V1-Recv: 0x0300->0x0A06 0x4900 [0m
[37m[15.900][linker]-[Debug]-[DjiCommand_RecvWork:1066)  <0xe0a9>Receive msg from linker, 0x0300->0x0A06 0x0F74 len:28 [0m
[37m[15.900][linker]-[Debug]-[DjiCommand_DealCmd:919) received unsupport request cmd that noneed ack, <0xe0a9> cmdset: 0x0F cmdid: 0x74 [0m
[37m[15.901][linker]-[Debug]-[DjiCommand_RecvWork:1066)  <0xe0af>Receive msg from linker, 0x0300->0x0100 0x0406 len:12 [0m
[37m[15.901][linker]-[Debug]-[DjiCommand_DealCmd:919) received unsupport request cmd that noneed ack, <0xe0af> cmdset: 0x04 cmdid: 0x06 [0m
[37m[15.902][linker]-[Debug]-[DjiCommand_RecvWork:1066)  <0xe0b0>Receive msg from linker, 0x0300->0x0100 0x0407 len:1 [0m
[37m[15.902][linker]-[Debug]-[DjiCommand_DealCmd:919) received unsupport request cmd that noneed ack, <0xe0b0> cmdset: 0x04 cmdid: 0x07 [0m
[37m[15.903][linker]-[Debug]-[DjiCommand_RecvWork:1066)  <0xe0b1>Receive msg from linker, 0x0300->0x0A06 0x4900 len:14 [0m
[37m[15.903][linker]-[Debug]-[DjiProtocol_v1Pack:123) <0xe0b1>V1-Send: 0x0A06->0x0300 0x4900 [0m
[37m[15.936][linker]-[Debug]-[DjiProtocol_v1Unpack:215) <0xe0fa>V1-Recv: 0x0300->0x0A06 0x221B [0m
[37m[15.936][linker]-[Debug]-[DjiCommand_RecvWork:1066)  <0xe0fa>Receive msg from linker, 0x0300->0x0A06 0x221B len:9 [0m
[37m[15.936][linker]-[Debug]-[DjiCommand_DealCmd:919) received unsupport request cmd that noneed ack, <0xe0fa> cmdset: 0x22 cmdid: 0x1B [0m
[37m[15.954][linker]-[Debug]-[DjiProtocol_v1Unpack:215) <0xe120>V1-Recv: 0x0306->0x0A06 0x03C1 [0m
[37m[15.955][linker]-[Debug]-[DjiCommand_RecvWork:1066)  <0xe120>Receive msg from linker, 0x0306->0x0A06 0x03C1 len:13 [0m
[37m[15.978][linker]-[Debug]-[DjiProtocol_v1Unpack:215) <0xe13d>V1-Recv: 0x0300->0x0A06 0x036C [0m
[37m[15.979][linker]-[Debug]-[DjiCommand_RecvWork:1066)  <0xe13d>Receive msg from linker, 0x0300->0x0A06 0x036C len:71 [0m
[37m[15.979][linker]-[Debug]-[DjiCommand_DealCmd:919) received unsupport request cmd that noneed ack, <0xe13d> cmdset: 0x03 cmdid: 0x6C [0m
[37m[15.985][linker]-[Debug]-[DjiProtocol_v1Pack:123) <0xfdbe>V1-Send: 0x0A06->0x0200 0x3C10 [0m
[37m[15.985][linker]-[Debug]-[DjiProtocol_v1Pack:123) <0xfdbf>V1-Send: 0x0A06->0x0A01 0x3C10 [0m
[37m[15.985][linker]-[Debug]-[DjiProtocol_v1Pack:123) <0xfdc0>V1-Send: 0x0A06->0x0300 0x3C10 [0m
[37m[15.997][linker]-[Debug]-[DjiProtocol_v1Unpack:215) <0x8cc7>V1-Recv: 0x0800->0x0A06 0x0866 [0m
[37m[15.997][linker]-[Debug]-[DjiProtocol_v1Unpack:215) <0xe17c>V1-Recv: 0x0300->0x0A06 0x4900 [0m
[37m[15.997][linker]-[Debug]-[DjiCommand_RecvWork:1066)  <0x8cc7>Receive msg from linker, 0x0800->0x0A06 0x0866 len:16 [0m
[37m[15.997][linker]-[Debug]-[DjiCommand_DealCmd:919) received unsupport request cmd that noneed ack, <0x8cc7> cmdset: 0x08 cmdid: 0x66 [0m
[37m[15.999][linker]-[Debug]-[DjiCommand_RecvWork:1066)  <0xe17c>Receive msg from linker, 0x0300->0x0A06 0x4900 len:14 [0m
[37m[15.999][linker]-[Debug]-[DjiProtocol_v1Pack:123) <0xe17c>V1-Send: 0x0A06->0x0300 0x4900 [0m
[37m[16.001][linker]-[Debug]-[DjiProtocol_v1Unpack:215) <0x9f71>V1-Recv: 0x0A01->0x0A06 0x3C45 [0m
[37m[16.001][linker]-[Debug]-[DjiCommand_RecvWork:1066)  <0x9f71>Receive msg from linker, 0x0A01->0x0A06 0x3C45 len:0 [0m
[37m[16.001][upgrade]-[Debug]-[DjiUpgrade_GetUpgradeServiceInfo:239) Get upgrade service info [0m
[37m[16.001][linker]-[Debug]-[DjiProtocol_v1Pack:123) <0x9f71>V1-Send: 0x0A06->0x0A01 0x3C45 [0m
[37m[16.036][linker]-[Debug]-[DjiProtocol_v1Unpack:215) <0xe1c4>V1-Recv: 0x0300->0x0A06 0x221B [0m
[37m[16.036][linker]-[Debug]-[DjiCommand_RecvWork:1066)  <0xe1c4>Receive msg from linker, 0x0300->0x0A06 0x221B len:9 [0m
[37m[16.036][linker]-[Debug]-[DjiCommand_DealCmd:919) received unsupport request cmd that noneed ack, <0xe1c4> cmdset: 0x22 cmdid: 0x1B [0m
[37m[16.037][utils]-[Debug]-[DjiCore_RootTask:131) work execution time: [0m
[37m[16.037][utils]-[Debug]-[DjiCore_RootTask:132) name	                execution time (ms)	  max execution time (ms) [0m
[37m[16.037][utils]-[Debug]-[DjiCore_RootTask:134) recorderWork                    	1       	1        [0m
[37m[16.037][utils]-[Debug]-[DjiCore_RootTask:134) flowControllerTask              	0       	0        [0m
[37m[16.037][utils]-[Debug]-[DjiCore_RootTask:134) commandTask                     	1       	1        [0m
[37m[16.037][utils]-[Debug]-[DjiCore_RootTask:134) aircraftWorkNode                	0       	0        [0m
[37m[16.037][utils]-[Debug]-[DjiCore_RootTask:134) StatePushWork                   	1       	1        [0m
[37m[16.054][linker]-[Debug]-[DjiProtocol_v1Unpack:215) <0xe1e7>V1-Recv: 0x0306->0x0A06 0x03C1 [0m
[37m[16.054][linker]-[Debug]-[DjiCommand_RecvWork:1066)  <0xe1e7>Receive msg from linker, 0x0306->0x0A06 0x03C1 len:13 [0m
[37m[16.078][linker]-[Debug]-[DjiProtocol_v1Unpack:215) <0xe205>V1-Recv: 0x0300->0x0A06 0x036C [0m
[37m[16.079][linker]-[Debug]-[DjiCommand_RecvWork:1066)  <0xe205>Receive msg from linker, 0x0300->0x0A06 0x036C len:71 [0m
[37m[16.079][linker]-[Debug]-[DjiCommand_DealCmd:919) received unsupport request cmd that noneed ack, <0xe205> cmdset: 0x03 cmdid: 0x6C [0m
[37m[16.097][linker]-[Debug]-[DjiProtocol_v1Unpack:215) <0xe231>V1-Recv: 0x0300->0x0A06 0x4900 [0m
[37m[16.098][linker]-[Debug]-[DjiCommand_RecvWork:1066)  <0xe231>Receive msg from linker, 0x0300->0x0A06 0x4900 len:14 [0m
[37m[16.098][linker]-[Debug]-[DjiProtocol_v1Pack:123) <0xe231>V1-Send: 0x0A06->0x0300 0x4900 [0m
[37m[16.136][linker]-[Debug]-[DjiProtocol_v1Unpack:215) <0xe276>V1-Recv: 0x0300->0x0A06 0x221B [0m
[37m[16.136][linker]-[Debug]-[DjiCommand_RecvWork:1066)  <0xe276>Receive msg from linker, 0x0300->0x0A06 0x221B len:9 [0m
[37m[16.136][linker]-[Debug]-[DjiCommand_DealCmd:919) received unsupport request cmd that noneed ack, <0xe276> cmdset: 0x22 cmdid: 0x1B [0m
[37m[16.154][linker]-[Debug]-[DjiProtocol_v1Unpack:215) <0xe299>V1-Recv: 0x0306->0x0A06 0x03C1 [0m
[37m[16.154][linker]-[Debug]-[DjiCommand_RecvWork:1066)  <0xe299>Receive msg from linker, 0x0306->0x0A06 0x03C1 len:13 [0m
[37m[16.178][linker]-[Debug]-[DjiProtocol_v1Unpack:215) <0xe2bb>V1-Recv: 0x0300->0x0A06 0x036C [0m
[37m[16.178][linker]-[Debug]-[DjiCommand_RecvWork:1066)  <0xe2bb>Receive msg from linker, 0x0300->0x0A06 0x036C len:71 [0m
[37m[16.178][linker]-[Debug]-[DjiCommand_DealCmd:919) received unsupport request cmd that noneed ack, <0xe2bb> cmdset: 0x03 cmdid: 0x6C [0m
[37m[16.197][linker]-[Debug]-[DjiProtocol_v1Unpack:215) <0xe2ee>V1-Recv: 0x0300->0x0A06 0x4900 [0m
[37m[16.198][linker]-[Debug]-[DjiCommand_RecvWork:1066)  <0xe2ee>Receive msg from linker, 0x0300->0x0A06 0x4900 len:14 [0m
[37m[16.198][linker]-[Debug]-[DjiProtocol_v1Pack:123) <0xe2ee>V1-Send: 0x0A06->0x0300 0x4900 [0m
[37m[16.198][linker]-[Debug]-[DjiProtocol_v1Pack:123) <0xfdc1>V1-Send: 0x0A06->0x0200 0x3C10 [0m
[37m[16.198][linker]-[Debug]-[DjiProtocol_v1Pack:123) <0xfdc2>V1-Send: 0x0A06->0x0A01 0x3C10 [0m
[37m[16.198][linker]-[Debug]-[DjiProtocol_v1Pack:123) <0xfdc3>V1-Send: 0x0A06->0x0300 0x3C10 [0m
[37m[16.221][linker]-[Debug]-[DjiProtocol_v1Unpack:215) <0x9f73>V1-Recv: 0x0A01->0x0A06 0x3C45 [0m
[37m[16.221][linker]-[Debug]-[DjiCommand_RecvWork:1066)  <0x9f73>Receive msg from linker, 0x0A01->0x0A06 0x3C45 len:0 [0m
[37m[16.221][upgrade]-[Debug]-[DjiUpgrade_GetUpgradeServiceInfo:239) Get upgrade service info [0m
[37m[16.221][linker]-[Debug]-[DjiProtocol_v1Pack:123) <0x9f73>V1-Send: 0x0A06->0x0A01 0x3C45 [0m
[37m[16.235][linker]-[Debug]-[DjiProtocol_v1Unpack:215) <0xe331>V1-Recv: 0x0300->0x0A06 0x221B [0m
[37m[16.236][linker]-[Debug]-[DjiCommand_RecvWork:1066)  <0xe331>Receive msg from linker, 0x0300->0x0A06 0x221B len:9 [0m
[37m[16.236][linker]-[Debug]-[DjiCommand_DealCmd:919) received unsupport request cmd that noneed ack, <0xe331> cmdset: 0x22 cmdid: 0x1B [0m
[37m[16.246][linker]-[Debug]-[DjiProtocol_v1Unpack:215) <0x8cc8>V1-Recv: 0x0800->0x0A06 0x0866 [0m
[37m[16.246][linker]-[Debug]-[DjiCommand_RecvWork:1066)  <0x8cc8>Receive msg from linker, 0x0800->0x0A06 0x0866 len:16 [0m
[37m[16.246][linker]-[Debug]-[DjiCommand_DealCmd:919) received unsupport request cmd that noneed ack, <0x8cc8> cmdset: 0x08 cmdid: 0x66 [0m
[37m[16.254][linker]-[Debug]-[DjiProtocol_v1Unpack:215) <0xe352>V1-Recv: 0x0306->0x0A06 0x03C1 [0m
[37m[16.254][linker]-[Debug]-[DjiCommand_RecvWork:1066)  <0xe352>Receive msg from linker, 0x0306->0x0A06 0x03C1 len:13 [0m
[37m[16.278][linker]-[Debug]-[DjiProtocol_v1Unpack:215) <0xe370>V1-Recv: 0x0300->0x0A06 0x036C [0m
[37m[16.278][linker]-[Debug]-[DjiCommand_RecvWork:1066)  <0xe370>Receive msg from linker, 0x0300->0x0A06 0x036C len:71 [0m
[37m[16.278][linker]-[Debug]-[DjiCommand_DealCmd:919) received unsupport request cmd that noneed ack, <0xe370> cmdset: 0x03 cmdid: 0x6C [0m
[37m[16.298][linker]-[Debug]-[DjiProtocol_v1Unpack:215) <0xe39a>V1-Recv: 0x0300->0x0A06 0x4900 [0m
[37m[16.299][linker]-[Debug]-[DjiCommand_RecvWork:1066)  <0xe39a>Receive msg from linker, 0x0300->0x0A06 0x4900 len:14 [0m
[37m[16.299][linker]-[Debug]-[DjiProtocol_v1Pack:123) <0xe39a>V1-Send: 0x0A06->0x0300 0x4900 [0m
[37m[16.335][linker]-[Debug]-[DjiProtocol_v1Unpack:215) <0xe3e2>V1-Recv: 0x0300->0x0A06 0x221B [0m
[37m[16.336][linker]-[Debug]-[DjiCommand_RecvWork:1066)  <0xe3e2>Receive msg from linker, 0x0300->0x0A06 0x221B len:9 [0m
[37m[16.336][linker]-[Debug]-[DjiCommand_DealCmd:919) received unsupport request cmd that noneed ack, <0xe3e2> cmdset: 0x22 cmdid: 0x1B [0m
[37m[16.354][linker]-[Debug]-[DjiProtocol_v1Unpack:215) <0xe407>V1-Recv: 0x0306->0x0A06 0x03C1 [0m
[37m[16.354][linker]-[Debug]-[DjiCommand_RecvWork:1066)  <0xe407>Receive msg from linker, 0x0306->0x0A06 0x03C1 len:13 [0m
[37m[16.378][linker]-[Debug]-[DjiProtocol_v1Unpack:215) <0xe429>V1-Recv: 0x0300->0x0A06 0x036C [0m
[37m[16.379][linker]-[Debug]-[DjiCommand_RecvWork:1066)  <0xe429>Receive msg from linker, 0x0300->0x0A06 0x036C len:71 [0m
[37m[16.379][linker]-[Debug]-[DjiCommand_DealCmd:919) received unsupport request cmd that noneed ack, <0xe429> cmdset: 0x03 cmdid: 0x6C [0m
[37m[16.398][linker]-[Debug]-[DjiProtocol_v1Unpack:215) <0xe452>V1-Recv: 0x0300->0x0100 0x0405 [0m
[37m[16.398][linker]-[Debug]-[DjiProtocol_v1Unpack:215) <0xe453>V1-Recv: 0x0300->0x0A06 0x4900 [0m
[37m[16.399][linker]-[Debug]-[DjiCommand_RecvWork:1066)  <0xe452>Receive msg from linker, 0x0300->0x0100 0x0405 len:22 [0m
[37m[16.399][linker]-[Debug]-[DjiCommand_DealCmd:919) received unsupport request cmd that noneed ack, <0xe452> cmdset: 0x04 cmdid: 0x05 [0m
[37m[16.400][linker]-[Debug]-[DjiCommand_RecvWork:1066)  <0xe453>Receive msg from linker, 0x0300->0x0A06 0x4900 len:14 [0m
[37m[16.400][linker]-[Debug]-[DjiProtocol_v1Pack:123) <0xe453>V1-Send: 0x0A06->0x0300 0x4900 [0m
[37m[16.411][linker]-[Debug]-[DjiProtocol_v1Pack:123) <0xfdc4>V1-Send: 0x0A06->0x0200 0x3C10 [0m
[37m[16.411][linker]-[Debug]-[DjiProtocol_v1Pack:123) <0xfdc5>V1-Send: 0x0A06->0x0A01 0x3C10 [0m
[37m[16.411][linker]-[Debug]-[DjiProtocol_v1Pack:123) <0xfdc6>V1-Send: 0x0A06->0x0300 0x3C10 [0m
[37m[16.436][linker]-[Debug]-[DjiProtocol_v1Unpack:215) <0xe493>V1-Recv: 0x0300->0x0A06 0x221B [0m
[37m[16.436][linker]-[Debug]-[DjiCommand_RecvWork:1066)  <0xe493>Receive msg from linker, 0x0300->0x0A06 0x221B len:9 [0m
[37m[16.436][linker]-[Debug]-[DjiCommand_DealCmd:919) received unsupport request cmd that noneed ack, <0xe493> cmdset: 0x22 cmdid: 0x1B [0m
[37m[16.441][linker]-[Debug]-[DjiProtocol_v1Unpack:215) <0x9f74>V1-Recv: 0x0A01->0x0A06 0x3C45 [0m
[37m[16.442][linker]-[Debug]-[DjiCommand_RecvWork:1066)  <0x9f74>Receive msg from linker, 0x0A01->0x0A06 0x3C45 len:0 [0m
[37m[16.442][upgrade]-[Debug]-[DjiUpgrade_GetUpgradeServiceInfo:239) Get upgrade service info [0m
[37m[16.442][linker]-[Debug]-[DjiProtocol_v1Pack:123) <0x9f74>V1-Send: 0x0A06->0x0A01 0x3C45 [0m
[37m[16.454][linker]-[Debug]-[DjiProtocol_v1Unpack:215) <0xe4b6>V1-Recv: 0x0306->0x0A06 0x03C1 [0m
[37m[16.455][linker]-[Debug]-[DjiCommand_RecvWork:1066)  <0xe4b6>Receive msg from linker, 0x0306->0x0A06 0x03C1 len:13 [0m
[37m[16.478][linker]-[Debug]-[DjiProtocol_v1Unpack:215) <0xe4d8>V1-Recv: 0x0300->0x0A06 0x036C [0m
[37m[16.478][linker]-[Debug]-[DjiCommand_RecvWork:1066)  <0xe4d8>Receive msg from linker, 0x0300->0x0A06 0x036C len:71 [0m
[37m[16.478][linker]-[Debug]-[DjiCommand_DealCmd:919) received unsupport request cmd that noneed ack, <0xe4d8> cmdset: 0x03 cmdid: 0x6C [0m
[37m[16.496][linker]-[Debug]-[DjiProtocol_v1Unpack:215) <0x8cc9>V1-Recv: 0x0800->0x0A06 0x0866 [0m
[37m[16.496][linker]-[Debug]-[DjiCommand_RecvWork:1066)  <0x8cc9>Receive msg from linker, 0x0800->0x0A06 0x0866 len:16 [0m
[37m[16.496][linker]-[Debug]-[DjiCommand_DealCmd:919) received unsupport request cmd that noneed ack, <0x8cc9> cmdset: 0x08 cmdid: 0x66 [0m
[37m[16.498][linker]-[Debug]-[DjiProtocol_v1Unpack:215) <0xe508>V1-Recv: 0x0300->0x0A06 0x4900 [0m
[37m[16.499][linker]-[Debug]-[DjiCommand_RecvWork:1066)  <0xe508>Receive msg from linker, 0x0300->0x0A06 0x4900 len:14 [0m
[37m[16.499][linker]-[Debug]-[DjiProtocol_v1Pack:123) <0xe508>V1-Send: 0x0A06->0x0300 0x4900 [0m
[37m[16.518][linker]-[Debug]-[DjiProtocol_v1Unpack:215) <0xe525>V1-Recv: 0x0306->0x0A06 0x03C1 [0m
[37m[16.519][linker]-[Debug]-[DjiCommand_RecvWork:1066)  <0xe525>Receive msg from linker, 0x0306->0x0A06 0x03C1 len:126 [0m
[37m[16.535][linker]-[Debug]-[DjiProtocol_v1Unpack:215) <0xe559>V1-Recv: 0x0300->0x0A06 0x221B [0m
[37m[16.536][linker]-[Debug]-[DjiCommand_RecvWork:1066)  <0xe559>Receive msg from linker, 0x0300->0x0A06 0x221B len:9 [0m
[37m[16.536][linker]-[Debug]-[DjiCommand_DealCmd:919) received unsupport request cmd that noneed ack, <0xe559> cmdset: 0x22 cmdid: 0x1B [0m
[37m[16.554][linker]-[Debug]-[DjiProtocol_v1Unpack:215) <0xe57a>V1-Recv: 0x0306->0x0A06 0x03C1 [0m
[37m[16.554][linker]-[Debug]-[DjiCommand_RecvWork:1066)  <0xe57a>Receive msg from linker, 0x0306->0x0A06 0x03C1 len:13 [0m
[32m[16.557][user]-[Info]-[UserFcSubscription_Task:456) Current speed: 0.000000.
 [0m
[32m[16.557][user]-[Info]-[UserFcSubscription_Task:656) Displaymode status: 6. [0m
[37m[16.578][linker]-[Debug]-[DjiProtocol_v1Unpack:215) <0xe59b>V1-Recv: 0x0300->0x0A06 0x036C [0m
[37m[16.579][linker]-[Debug]-[DjiCommand_RecvWork:1066)  <0xe59b>Receive msg from linker, 0x0300->0x0A06 0x036C len:71 [0m
[37m[16.579][linker]-[Debug]-[DjiCommand_DealCmd:919) received unsupport request cmd that noneed ack, <0xe59b> cmdset: 0x03 cmdid: 0x6C [0m
[37m[16.597][linker]-[Debug]-[DjiProtocol_v1Unpack:215) <0xe5c6>V1-Recv: 0x0300->0x0A06 0x4900 [0m
[37m[16.598][linker]-[Debug]-[DjiCommand_RecvWork:1066)  <0xe5c6>Receive msg from linker, 0x0300->0x0A06 0x4900 len:14 [0m
[37m[16.598][linker]-[Debug]-[DjiProtocol_v1Pack:123) <0xe5c6>V1-Send: 0x0A06->0x0300 0x4900 [0m
[37m[16.609][linker]-[Debug]-[DjiProtocol_v1Unpack:215) <0x7c8>V1-Recv: 0x0701->0x0A06 0x0000 [0m
[37m[16.610][linker]-[Debug]-[DjiCommand_RecvWork:1066)  <0x7c8>Receive msg from linker, 0x0701->0x0A06 0x0000 len:16 [0m
[37m[16.610][linker]-[Debug]-[DjiProtocol_v1Pack:123) <0x7c8>V1-Send: 0x0A06->0x0701 0x0000 [0m
[37m[16.625][linker]-[Debug]-[DjiProtocol_v1Pack:123) <0xfdc7>V1-Send: 0x0A06->0x0300 0x0000 [0m
[37m[16.625][infor]-[Debug]-[DjiAircraftConnection_CheckExtensionPortConnectStatusByV1Protocol:170) check connect status:1 [0m
[37m[16.625][linker]-[Debug]-[DjiProtocol_v1Pack:123) <0xfdc8>V1-Send: 0x0A06->0x0200 0x3C10 [0m
[37m[16.625][linker]-[Debug]-[DjiProtocol_v1Pack:123) <0xfdc9>V1-Send: 0x0A06->0x0A01 0x3C10 [0m
[37m[16.625][linker]-[Debug]-[DjiProtocol_v1Pack:123) <0xfdca>V1-Send: 0x0A06->0x0300 0x3C10 [0m
[37m[16.636][linker]-[Debug]-[DjiProtocol_v1Unpack:215) <0xfdc7>V1-Recv: 0x0300->0x0A06 0x0000 [0m
[37m[16.636][linker]-[Debug]-[DjiProtocol_v1Unpack:215) <0xe606>V1-Recv: 0x0300->0x0A06 0x221B [0m
[37m[16.637][linker]-[Debug]-[DjiCommand_RecvWork:1066)  <0xfdc7>Receive msg from linker, 0x0300->0x0A06 0x0000 len:0 [0m
[37m[16.637][infor]-[Debug]-[DjiAircraftInfo_CheckPingStatusAsyncCallback:269) connect status async sucess [0m
[37m[16.637][linker]-[Debug]-[DjiCommand_DealCmd:830) callback function (cmdset: 0x00 cmdid: 0x00) deal time: 0 ms [0m
[37m[16.638][linker]-[Debug]-[DjiCommand_RecvWork:1066)  <0xe606>Receive msg from linker, 0x0300->0x0A06 0x221B len:9 [0m
[37m[16.638][linker]-[Debug]-[DjiCommand_DealCmd:919) received unsupport request cmd that noneed ack, <0xe606> cmdset: 0x22 cmdid: 0x1B [0m
[37m[16.638][linker]-[Debug]-[DjiProtocol_v1Unpack:215) <0x9f76>V1-Recv: 0x0A01->0x0A06 0x3C45 [0m
[37m[16.639][linker]-[Debug]-[DjiCommand_RecvWork:1066)  <0x9f76>Receive msg from linker, 0x0A01->0x0A06 0x3C45 len:0 [0m
[37m[16.639][upgrade]-[Debug]-[DjiUpgrade_GetUpgradeServiceInfo:239) Get upgrade service info [0m
[37m[16.639][linker]-[Debug]-[DjiProtocol_v1Pack:123) <0x9f76>V1-Send: 0x0A06->0x0A01 0x3C45 [0m
[37m[16.654][linker]-[Debug]-[DjiProtocol_v1Unpack:215) <0xe629>V1-Recv: 0x0306->0x0A06 0x03C1 [0m
[37m[16.655][linker]-[Debug]-[DjiCommand_RecvWork:1066)  <0xe629>Receive msg from linker, 0x0306->0x0A06 0x03C1 len:13 [0m
[37m[16.673][linker]-[Debug]-[DjiProtocol_v1Unpack:215) <0x3a7c>V1-Recv: 0x1D07->0x0A06 0x2105 [0m
[37m[16.674][linker]-[Debug]-[DjiCommand_RecvWork:1066)  <0x3a7c>Receive msg from linker, 0x1D07->0x0A06 0x2105 len:1 [0m
[37m[16.674][linker]-[Debug]-[DjiCommand_DealCmd:919) received unsupport request cmd that need ack, <0x3a7c> cmdset: 0x21 cmdid: 0x05 [0m
[37m[16.677][linker]-[Debug]-[DjiProtocol_v1Unpack:215) <0xe647>V1-Recv: 0x0300->0x0A06 0x036C [0m
[37m[16.678][linker]-[Debug]-[DjiCommand_RecvWork:1066)  <0xe647>Receive msg from linker, 0x0300->0x0A06 0x036C len:71 [0m
[37m[16.678][linker]-[Debug]-[DjiCommand_DealCmd:919) received unsupport request cmd that noneed ack, <0xe647> cmdset: 0x03 cmdid: 0x6C [0m
[37m[16.698][linker]-[Debug]-[DjiProtocol_v1Unpack:215) <0xe670>V1-Recv: 0x0300->0x0A06 0x4900 [0m
[37m[16.698][linker]-[Debug]-[DjiCommand_RecvWork:1066)  <0xe670>Receive msg from linker, 0x0300->0x0A06 0x4900 len:14 [0m
[37m[16.699][linker]-[Debug]-[DjiProtocol_v1Pack:123) <0xe670>V1-Send: 0x0A06->0x0300 0x4900 [0m
[37m[16.735][linker]-[Debug]-[DjiProtocol_v1Unpack:215) <0xe6b4>V1-Recv: 0x0300->0x0A06 0x221B [0m
[37m[16.736][linker]-[Debug]-[DjiCommand_RecvWork:1066)  <0xe6b4>Receive msg from linker, 0x0300->0x0A06 0x221B len:9 [0m
[37m[16.736][linker]-[Debug]-[DjiCommand_DealCmd:919) received unsupport request cmd that noneed ack, <0xe6b4> cmdset: 0x22 cmdid: 0x1B [0m
[37m[16.747][linker]-[Debug]-[DjiProtocol_v1Unpack:215) <0x8cca>V1-Recv: 0x0800->0x0A06 0x0866 [0m
[37m[16.747][linker]-[Debug]-[DjiCommand_RecvWork:1066)  <0x8cca>Receive msg from linker, 0x0800->0x0A06 0x0866 len:16 [0m
[37m[16.747][linker]-[Debug]-[DjiCommand_DealCmd:919) received unsupport request cmd that noneed ack, <0x8cca> cmdset: 0x08 cmdid: 0x66 [0m
[37m[16.754][linker]-[Debug]-[DjiProtocol_v1Unpack:215) <0xe6d8>V1-Recv: 0x0306->0x0A06 0x03C1 [0m
[37m[16.755][linker]-[Debug]-[DjiCommand_RecvWork:1066)  <0xe6d8>Receive msg from linker, 0x0306->0x0A06 0x03C1 len:13 [0m
[37m[16.778][linker]-[Debug]-[DjiProtocol_v1Unpack:215) <0xe6ff>V1-Recv: 0x0300->0x0A06 0x036C [0m
[37m[16.778][linker]-[Debug]-[DjiCommand_RecvWork:1066)  <0xe6ff>Receive msg from linker, 0x0300->0x0A06 0x036C len:71 [0m
[37m[16.778][linker]-[Debug]-[DjiCommand_DealCmd:919) received unsupport request cmd that noneed ack, <0xe6ff> cmdset: 0x03 cmdid: 0x6C [0m
[37m[16.797][linker]-[Debug]-[DjiProtocol_v1Unpack:215) <0xe72c>V1-Recv: 0x0300->0x0A06 0x4900 [0m
[37m[16.798][linker]-[Debug]-[DjiCommand_RecvWork:1066)  <0xe72c>Receive msg from linker, 0x0300->0x0A06 0x4900 len:14 [0m
[37m[16.798][linker]-[Debug]-[DjiProtocol_v1Pack:123) <0xe72c>V1-Send: 0x0A06->0x0300 0x4900 [0m
[37m[16.835][linker]-[Debug]-[DjiProtocol_v1Unpack:215) <0xe771>V1-Recv: 0x0300->0x0A06 0x221B [0m
[37m[16.836][linker]-[Debug]-[DjiCommand_RecvWork:1066)  <0xe771>Receive msg from linker, 0x0300->0x0A06 0x221B len:9 [0m
[37m[16.836][linker]-[Debug]-[DjiCommand_DealCmd:919) received unsupport request cmd that noneed ack, <0xe771> cmdset: 0x22 cmdid: 0x1B [0m
[37m[16.838][linker]-[Debug]-[DjiProtocol_v1Pack:123) <0xfdcb>V1-Send: 0x0A06->0x0200 0x3C10 [0m
[37m[16.838][linker]-[Debug]-[DjiProtocol_v1Pack:123) <0xfdcc>V1-Send: 0x0A06->0x0A01 0x3C10 [0m
[37m[16.838][linker]-[Debug]-[DjiProtocol_v1Pack:123) <0xfdcd>V1-Send: 0x0A06->0x0300 0x3C10 [0m
[37m[16.853][linker]-[Debug]-[DjiProtocol_v1Unpack:215) <0xe792>V1-Recv: 0x0306->0x0A06 0x03C1 [0m
[37m[16.853][linker]-[Debug]-[DjiCommand_RecvWork:1066)  <0xe792>Receive msg from linker, 0x0306->0x0A06 0x03C1 len:13 [0m
[37m[16.863][linker]-[Debug]-[DjiProtocol_v1Unpack:215) <0x9f78>V1-Recv: 0x0A01->0x0A06 0x3C45 [0m
[37m[16.864][linker]-[Debug]-[DjiCommand_RecvWork:1066)  <0x9f78>Receive msg from linker, 0x0A01->0x0A06 0x3C45 len:0 [0m
[37m[16.864][upgrade]-[Debug]-[DjiUpgrade_GetUpgradeServiceInfo:239) Get upgrade service info [0m
[37m[16.864][linker]-[Debug]-[DjiProtocol_v1Pack:123) <0x9f78>V1-Send: 0x0A06->0x0A01 0x3C45 [0m
[37m[16.878][linker]-[Debug]-[DjiProtocol_v1Unpack:215) <0xe7b1>V1-Recv: 0x0300->0x0A06 0x036C [0m
[37m[16.878][linker]-[Debug]-[DjiCommand_RecvWork:1066)  <0xe7b1>Receive msg from linker, 0x0300->0x0A06 0x036C len:71 [0m
[37m[16.878][linker]-[Debug]-[DjiCommand_DealCmd:919) received unsupport request cmd that noneed ack, <0xe7b1> cmdset: 0x03 cmdid: 0x6C [0m
[37m[16.896][linker]-[Debug]-[DjiProtocol_v1Unpack:215) <0xe7de>V1-Recv: 0x0300->0x0A06 0x0F74 [0m
[37m[16.896][linker]-[Debug]-[DjiCommand_RecvWork:1066)  <0xe7de>Receive msg from linker, 0x0300->0x0A06 0x0F74 len:28 [0m
[37m[16.896][linker]-[Debug]-[DjiCommand_DealCmd:919) received unsupport request cmd that noneed ack, <0xe7de> cmdset: 0x0F cmdid: 0x74 [0m
[37m[16.899][linker]-[Debug]-[DjiProtocol_v1Unpack:215) <0xe7e4>V1-Recv: 0x0300->0x0100 0x0406 [0m
[37m[16.899][linker]-[Debug]-[DjiProtocol_v1Unpack:215) <0xe7e5>V1-Recv: 0x0300->0x0100 0x0407 [0m
[37m[16.899][linker]-[Debug]-[DjiProtocol_v1Unpack:215) <0xe7e6>V1-Recv: 0x0300->0x0A06 0x4900 [0m
[37m[16.899][linker]-[Debug]-[DjiCommand_RecvWork:1066)  <0xe7e4>Receive msg from linker, 0x0300->0x0100 0x0406 len:12 [0m
[37m[16.899][linker]-[Debug]-[DjiCommand_DealCmd:919) received unsupport request cmd that noneed ack, <0xe7e4> cmdset: 0x04 cmdid: 0x06 [0m
[37m[16.900][linker]-[Debug]-[DjiCommand_RecvWork:1066)  <0xe7e5>Receive msg from linker, 0x0300->0x0100 0x0407 len:1 [0m
[37m[16.900][linker]-[Debug]-[DjiCommand_DealCmd:919) received unsupport request cmd that noneed ack, <0xe7e5> cmdset: 0x04 cmdid: 0x07 [0m
[37m[16.901][linker]-[Debug]-[DjiCommand_RecvWork:1066)  <0xe7e6>Receive msg from linker, 0x0300->0x0A06 0x4900 len:14 [0m
[37m[16.901][linker]-[Debug]-[DjiProtocol_v1Pack:123) <0xe7e6>V1-Send: 0x0A06->0x0300 0x4900 [0m
[37m[16.935][linker]-[Debug]-[DjiProtocol_v1Unpack:215) <0xe834>V1-Recv: 0x0300->0x0A06 0x221B [0m
[37m[16.936][linker]-[Debug]-[DjiCommand_RecvWork:1066)  <0xe834>Receive msg from linker, 0x0300->0x0A06 0x221B len:9 [0m
[37m[16.936][linker]-[Debug]-[DjiCommand_DealCmd:919) received unsupport request cmd that noneed ack, <0xe834> cmdset: 0x22 cmdid: 0x1B [0m
[37m[16.954][linker]-[Debug]-[DjiProtocol_v1Unpack:215) <0xe855>V1-Recv: 0x0306->0x0A06 0x03C1 [0m
[37m[16.954][linker]-[Debug]-[DjiCommand_RecvWork:1066)  <0xe855>Receive msg from linker, 0x0306->0x0A06 0x03C1 len:13 [0m
[37m[16.978][linker]-[Debug]-[DjiProtocol_v1Unpack:215) <0xe879>V1-Recv: 0x0300->0x0A06 0x036C [0m
[37m[16.978][linker]-[Debug]-[DjiCommand_RecvWork:1066)  <0xe879>Receive msg from linker, 0x0300->0x0A06 0x036C len:71 [0m
[37m[16.978][linker]-[Debug]-[DjiCommand_DealCmd:919) received unsupport request cmd that noneed ack, <0xe879> cmdset: 0x03 cmdid: 0x6C [0m
[37m[16.997][linker]-[Debug]-[DjiProtocol_v1Unpack:215) <0x8ccb>V1-Recv: 0x0800->0x0A06 0x0866 [0m
[37m[16.997][linker]-[Debug]-[DjiProtocol_v1Unpack:215) <0xe8b3>V1-Recv: 0x0300->0x0A06 0x4900 [0m
[37m[16.997][linker]-[Debug]-[DjiCommand_RecvWork:1066)  <0x8ccb>Receive msg from linker, 0x0800->0x0A06 0x0866 len:16 [0m
[37m[16.997][linker]-[Debug]-[DjiCommand_DealCmd:919) received unsupport request cmd that noneed ack, <0x8ccb> cmdset: 0x08 cmdid: 0x66 [0m
[37m[16.998][linker]-[Debug]-[DjiCommand_RecvWork:1066)  <0xe8b3>Receive msg from linker, 0x0300->0x0A06 0x4900 len:14 [0m
[37m[16.998][linker]-[Debug]-[DjiProtocol_v1Pack:123) <0xe8b3>V1-Send: 0x0A06->0x0300 0x4900 [0m
[37m[17.036][linker]-[Debug]-[DjiProtocol_v1Unpack:215) <0xe8f7>V1-Recv: 0x0300->0x0A06 0x221B [0m
[37m[17.036][linker]-[Debug]-[DjiCommand_RecvWork:1066)  <0xe8f7>Receive msg from linker, 0x0300->0x0A06 0x221B len:9 [0m
[37m[17.036][linker]-[Debug]-[DjiCommand_DealCmd:919) received unsupport request cmd that noneed ack, <0xe8f7> cmdset: 0x22 cmdid: 0x1B [0m
[37m[17.052][linker]-[Debug]-[DjiProtocol_v1Pack:123) <0xfdce>V1-Send: 0x0A06->0x0200 0x3C10 [0m
[37m[17.052][linker]-[Debug]-[DjiProtocol_v1Pack:123) <0xfdcf>V1-Send: 0x0A06->0x0A01 0x3C10 [0m
[37m[17.052][linker]-[Debug]-[DjiProtocol_v1Pack:123) <0xfdd0>V1-Send: 0x0A06->0x0300 0x3C10 [0m
[37m[17.054][linker]-[Debug]-[DjiProtocol_v1Unpack:215) <0xe91a>V1-Recv: 0x0306->0x0A06 0x03C1 [0m
[37m[17.054][linker]-[Debug]-[DjiCommand_RecvWork:1066)  <0xe91a>Receive msg from linker, 0x0306->0x0A06 0x03C1 len:13 [0m
[37m[17.078][linker]-[Debug]-[DjiProtocol_v1Unpack:215) <0xe93b>V1-Recv: 0x0300->0x0A06 0x036C [0m
[37m[17.078][linker]-[Debug]-[DjiProtocol_v1Unpack:215) <0x9f7a>V1-Recv: 0x0A01->0x0A06 0x3C45 [0m
[37m[17.078][linker]-[Debug]-[DjiCommand_RecvWork:1066)  <0xe93b>Receive msg from linker, 0x0300->0x0A06 0x036C len:71 [0m
[37m[17.078][linker]-[Debug]-[DjiCommand_DealCmd:919) received unsupport request cmd that noneed ack, <0xe93b> cmdset: 0x03 cmdid: 0x6C [0m
[37m[17.080][linker]-[Debug]-[DjiCommand_RecvWork:1066)  <0x9f7a>Receive msg from linker, 0x0A01->0x0A06 0x3C45 len:0 [0m
[37m[17.080][upgrade]-[Debug]-[DjiUpgrade_GetUpgradeServiceInfo:239) Get upgrade service info [0m
[37m[17.080][linker]-[Debug]-[DjiProtocol_v1Pack:123) <0x9f7a>V1-Send: 0x0A06->0x0A01 0x3C45 [0m
[37m[17.098][linker]-[Debug]-[DjiProtocol_v1Unpack:215) <0xe969>V1-Recv: 0x0300->0x0A06 0x4900 [0m
[37m[17.099][linker]-[Debug]-[DjiCommand_RecvWork:1066)  <0xe969>Receive msg from linker, 0x0300->0x0A06 0x4900 len:14 [0m
[37m[17.099][linker]-[Debug]-[DjiProtocol_v1Pack:123) <0xe969>V1-Send: 0x0A06->0x0300 0x4900 [0m
[37m[17.104][utils]-[Debug]-[DjiCore_RootTask:131) work execution time: [0m
[37m[17.104][utils]-[Debug]-[DjiCore_RootTask:132) name	                execution time (ms)	  max execution time (ms) [0m
[37m[17.104][utils]-[Debug]-[DjiCore_RootTask:134) recorderWork                    	1       	1        [0m
[37m[17.104][utils]-[Debug]-[DjiCore_RootTask:134) flowControllerTask              	0       	0        [0m
[37m[17.104][utils]-[Debug]-[DjiCore_RootTask:134) commandTask                     	1       	1        [0m
[37m[17.104][utils]-[Debug]-[DjiCore_RootTask:134) aircraftWorkNode                	0       	0        [0m
[37m[17.104][utils]-[Debug]-[DjiCore_RootTask:134) StatePushWork                   	1       	1        [0m
[37m[17.135][linker]-[Debug]-[DjiProtocol_v1Unpack:215) <0xe9af>V1-Recv: 0x0300->0x0A06 0x221B [0m
[37m[17.136][linker]-[Debug]-[DjiCommand_RecvWork:1066)  <0xe9af>Receive msg from linker, 0x0300->0x0A06 0x221B len:9 [0m
[37m[17.136][linker]-[Debug]-[DjiCommand_DealCmd:919) received unsupport request cmd that noneed ack, <0xe9af> cmdset: 0x22 cmdid: 0x1B [0m
[37m[17.154][linker]-[Debug]-[DjiProtocol_v1Unpack:215) <0xe9d2>V1-Recv: 0x0306->0x0A06 0x03C1 [0m
[37m[17.154][linker]-[Debug]-[DjiCommand_RecvWork:1066)  <0xe9d2>Receive msg from linker, 0x0306->0x0A06 0x03C1 len:13 [0m
[37m[17.157][linker]-[Debug]-[DjiProtocol_v1Unpack:215) <0x9526>V1-Recv: 0x0202->0x0A06 0x0026 [0m
[37m[17.158][linker]-[Debug]-[DjiCommand_RecvWork:1066)  <0x9526>Receive msg from linker, 0x0202->0x0A06 0x0026 len:37 [0m
[37m[17.158][linker]-[Debug]-[DjiCommand_DealCmd:919) received unsupport request cmd that need ack, <0x9526> cmdset: 0x00 cmdid: 0x26 [0m
[37m[17.178][linker]-[Debug]-[DjiProtocol_v1Unpack:215) <0xe9f4>V1-Recv: 0x0300->0x0A06 0x036C [0m
[37m[17.178][linker]-[Debug]-[DjiCommand_RecvWork:1066)  <0xe9f4>Receive msg from linker, 0x0300->0x0A06 0x036C len:71 [0m
[37m[17.178][linker]-[Debug]-[DjiCommand_DealCmd:919) received unsupport request cmd that noneed ack, <0xe9f4> cmdset: 0x03 cmdid: 0x6C [0m
[37m[17.197][linker]-[Debug]-[DjiProtocol_v1Unpack:215) <0xea24>V1-Recv: 0x0300->0x0A06 0x4900 [0m
[37m[17.198][linker]-[Debug]-[DjiCommand_RecvWork:1066)  <0xea24>Receive msg from linker, 0x0300->0x0A06 0x4900 len:14 [0m
[37m[17.198][linker]-[Debug]-[DjiProtocol_v1Pack:123) <0xea24>V1-Send: 0x0A06->0x0300 0x4900 [0m
[37m[17.236][linker]-[Debug]-[DjiProtocol_v1Unpack:215) <0xea69>V1-Recv: 0x0300->0x0A06 0x221B [0m
[37m[17.237][linker]-[Debug]-[DjiCommand_RecvWork:1066)  <0xea69>Receive msg from linker, 0x0300->0x0A06 0x221B len:9 [0m
[37m[17.237][linker]-[Debug]-[DjiCommand_DealCmd:919) received unsupport request cmd that noneed ack, <0xea69> cmdset: 0x22 cmdid: 0x1B [0m
[37m[17.246][linker]-[Debug]-[DjiProtocol_v1Unpack:215) <0x8ccc>V1-Recv: 0x0800->0x0A06 0x0866 [0m
[37m[17.247][linker]-[Debug]-[DjiCommand_RecvWork:1066)  <0x8ccc>Receive msg from linker, 0x0800->0x0A06 0x0866 len:16 [0m
[37m[17.247][linker]-[Debug]-[DjiCommand_DealCmd:919) received unsupport request cmd that noneed ack, <0x8ccc> cmdset: 0x08 cmdid: 0x66 [0m
[37m[17.254][linker]-[Debug]-[DjiProtocol_v1Unpack:215) <0xea8a>V1-Recv: 0x0306->0x0A06 0x03C1 [0m
[37m[17.255][linker]-[Debug]-[DjiCommand_RecvWork:1066)  <0xea8a>Receive msg from linker, 0x0306->0x0A06 0x03C1 len:13 [0m
[37m[17.266][linker]-[Debug]-[DjiProtocol_v1Pack:123) <0xfdd1>V1-Send: 0x0A06->0x0200 0x3C10 [0m
[37m[17.266][linker]-[Debug]-[DjiProtocol_v1Pack:123) <0xfdd2>V1-Send: 0x0A06->0x0A01 0x3C10 [0m
[37m[17.266][linker]-[Debug]-[DjiProtocol_v1Pack:123) <0xfdd3>V1-Send: 0x0A06->0x0300 0x3C10 [0m
[37m[17.279][linker]-[Debug]-[DjiProtocol_v1Unpack:215) <0xeaa8>V1-Recv: 0x0300->0x0A06 0x036C [0m
[37m[17.279][linker]-[Debug]-[DjiProtocol_v1Unpack:215) <0x9f7b>V1-Recv: 0x0A01->0x0A06 0x3C45 [0m
[37m[17.279][linker]-[Debug]-[DjiCommand_RecvWork:1066)  <0xeaa8>Receive msg from linker, 0x0300->0x0A06 0x036C len:71 [0m
[37m[17.279][linker]-[Debug]-[DjiCommand_DealCmd:919) received unsupport request cmd that noneed ack, <0xeaa8> cmdset: 0x03 cmdid: 0x6C [0m
[37m[17.280][linker]-[Debug]-[DjiCommand_RecvWork:1066)  <0x9f7b>Receive msg from linker, 0x0A01->0x0A06 0x3C45 len:0 [0m
[37m[17.280][upgrade]-[Debug]-[DjiUpgrade_GetUpgradeServiceInfo:239) Get upgrade service info [0m
[37m[17.280][linker]-[Debug]-[DjiProtocol_v1Pack:123) <0x9f7b>V1-Send: 0x0A06->0x0A01 0x3C45 [0m
[37m[17.298][linker]-[Debug]-[DjiProtocol_v1Unpack:215) <0xead2>V1-Recv: 0x0300->0x0A06 0x4900 [0m
[37m[17.299][linker]-[Debug]-[DjiCommand_RecvWork:1066)  <0xead2>Receive msg from linker, 0x0300->0x0A06 0x4900 len:14 [0m
[37m[17.299][linker]-[Debug]-[DjiProtocol_v1Pack:123) <0xead2>V1-Send: 0x0A06->0x0300 0x4900 [0m
[37m[17.335][linker]-[Debug]-[DjiProtocol_v1Unpack:215) <0xeb1a>V1-Recv: 0x0300->0x0A06 0x221B [0m
[37m[17.336][linker]-[Debug]-[DjiCommand_RecvWork:1066)  <0xeb1a>Receive msg from linker, 0x0300->0x0A06 0x221B len:9 [0m
[37m[17.336][linker]-[Debug]-[DjiCommand_DealCmd:919) received unsupport request cmd that noneed ack, <0xeb1a> cmdset: 0x22 cmdid: 0x1B [0m
[37m[17.353][linker]-[Debug]-[DjiProtocol_v1Unpack:215) <0xeb3f>V1-Recv: 0x0306->0x0A06 0x03C1 [0m
[37m[17.354][linker]-[Debug]-[DjiCommand_RecvWork:1066)  <0xeb3f>Receive msg from linker, 0x0306->0x0A06 0x03C1 len:13 [0m
[37m[17.378][linker]-[Debug]-[DjiProtocol_v1Unpack:215) <0xeb66>V1-Recv: 0x0300->0x0A06 0x036C [0m
[37m[17.379][linker]-[Debug]-[DjiCommand_RecvWork:1066)  <0xeb66>Receive msg from linker, 0x0300->0x0A06 0x036C len:71 [0m
[37m[17.379][linker]-[Debug]-[DjiCommand_DealCmd:919) received unsupport request cmd that noneed ack, <0xeb66> cmdset: 0x03 cmdid: 0x6C [0m
[37m[17.398][linker]-[Debug]-[DjiProtocol_v1Unpack:215) <0xeb90>V1-Recv: 0x0300->0x0100 0x0405 [0m
[37m[17.398][linker]-[Debug]-[DjiProtocol_v1Unpack:215) <0xeb91>V1-Recv: 0x0300->0x0A06 0x4900 [0m
[37m[17.399][linker]-[Debug]-[DjiCommand_RecvWork:1066)  <0xeb90>Receive msg from linker, 0x0300->0x0100 0x0405 len:22 [0m
[37m[17.399][linker]-[Debug]-[DjiCommand_DealCmd:919) received unsupport request cmd that noneed ack, <0xeb90> cmdset: 0x04 cmdid: 0x05 [0m
[37m[17.400][linker]-[Debug]-[DjiCommand_RecvWork:1066)  <0xeb91>Receive msg from linker, 0x0300->0x0A06 0x4900 len:14 [0m
[37m[17.400][linker]-[Debug]-[DjiProtocol_v1Pack:123) <0xeb91>V1-Send: 0x0A06->0x0300 0x4900 [0m
[37m[17.435][linker]-[Debug]-[DjiProtocol_v1Unpack:215) <0xebd1>V1-Recv: 0x0300->0x0A06 0x221B [0m
[37m[17.436][linker]-[Debug]-[DjiCommand_RecvWork:1066)  <0xebd1>Receive msg from linker, 0x0300->0x0A06 0x221B len:9 [0m
[37m[17.436][linker]-[Debug]-[DjiCommand_DealCmd:919) received unsupport request cmd that noneed ack, <0xebd1> cmdset: 0x22 cmdid: 0x1B [0m
[37m[17.454][linker]-[Debug]-[DjiProtocol_v1Unpack:215) <0xebf4>V1-Recv: 0x0306->0x0A06 0x03C1 [0m
[37m[17.455][linker]-[Debug]-[DjiCommand_RecvWork:1066)  <0xebf4>Receive msg from linker, 0x0306->0x0A06 0x03C1 len:13 [0m
[37m[17.478][linker]-[Debug]-[DjiProtocol_v1Unpack:215) <0xec19>V1-Recv: 0x0300->0x0A06 0x036C [0m
[37m[17.479][linker]-[Debug]-[DjiCommand_RecvWork:1066)  <0xec19>Receive msg from linker, 0x0300->0x0A06 0x036C len:71 [0m
[37m[17.479][linker]-[Debug]-[DjiCommand_DealCmd:919) received unsupport request cmd that noneed ack, <0xec19> cmdset: 0x03 cmdid: 0x6C [0m
[37m[17.479][linker]-[Debug]-[DjiProtocol_v1Pack:123) <0xfdd4>V1-Send: 0x0A06->0x0200 0x3C10 [0m
[37m[17.479][linker]-[Debug]-[DjiProtocol_v1Pack:123) <0xfdd5>V1-Send: 0x0A06->0x0A01 0x3C10 [0m
[37m[17.479][linker]-[Debug]-[DjiProtocol_v1Pack:123) <0xfdd6>V1-Send: 0x0A06->0x0300 0x3C10 [0m
[37m[17.497][linker]-[Debug]-[DjiProtocol_v1Unpack:215) <0x8ccd>V1-Recv: 0x0800->0x0A06 0x0866 [0m
[37m[17.497][linker]-[Debug]-[DjiCommand_RecvWork:1066)  <0x8ccd>Receive msg from linker, 0x0800->0x0A06 0x0866 len:16 [0m
[37m[17.497][linker]-[Debug]-[DjiCommand_DealCmd:919) received unsupport request cmd that noneed ack, <0x8ccd> cmdset: 0x08 cmdid: 0x66 [0m
[37m[17.499][linker]-[Debug]-[DjiProtocol_v1Unpack:215) <0xec52>V1-Recv: 0x0300->0x0A06 0x4900 [0m
[37m[17.499][linker]-[Debug]-[DjiCommand_RecvWork:1066)  <0xec52>Receive msg from linker, 0x0300->0x0A06 0x4900 len:14 [0m
[37m[17.499][linker]-[Debug]-[DjiProtocol_v1Pack:123) <0xec52>V1-Send: 0x0A06->0x0300 0x4900 [0m
[37m[17.501][linker]-[Debug]-[DjiProtocol_v1Unpack:215) <0x9f7c>V1-Recv: 0x0A01->0x0A06 0x3C45 [0m
[37m[17.501][linker]-[Debug]-[DjiCommand_RecvWork:1066)  <0x9f7c>Receive msg from linker, 0x0A01->0x0A06 0x3C45 len:0 [0m
[37m[17.501][upgrade]-[Debug]-[DjiUpgrade_GetUpgradeServiceInfo:239) Get upgrade service info [0m
[37m[17.501][linker]-[Debug]-[DjiProtocol_v1Pack:123) <0x9f7c>V1-Send: 0x0A06->0x0A01 0x3C45 [0m
[37m[17.519][linker]-[Debug]-[DjiProtocol_v1Unpack:215) <0xec6d>V1-Recv: 0x0306->0x0A06 0x03C1 [0m
[37m[17.519][linker]-[Debug]-[DjiCommand_RecvWork:1066)  <0xec6d>Receive msg from linker, 0x0306->0x0A06 0x03C1 len:126 [0m
[37m[17.535][linker]-[Debug]-[DjiProtocol_v1Unpack:215) <0xeca0>V1-Recv: 0x0300->0x0A06 0x221B [0m
[37m[17.535][linker]-[Debug]-[DjiCommand_RecvWork:1066)  <0xeca0>Receive msg from linker, 0x0300->0x0A06 0x221B len:9 [0m
[37m[17.535][linker]-[Debug]-[DjiCommand_DealCmd:919) received unsupport request cmd that noneed ack, <0xeca0> cmdset: 0x22 cmdid: 0x1B [0m
[37m[17.554][linker]-[Debug]-[DjiProtocol_v1Unpack:215) <0xecc3>V1-Recv: 0x0306->0x0A06 0x03C1 [0m
[37m[17.554][linker]-[Debug]-[DjiCommand_RecvWork:1066)  <0xecc3>Receive msg from linker, 0x0306->0x0A06 0x03C1 len:13 [0m
[32m[17.557][user]-[Info]-[UserFcSubscription_Task:456) Current speed: 0.000000.
 [0m
[32m[17.557][user]-[Info]-[UserFcSubscription_Task:656) Displaymode status: 6. [0m
[37m[17.578][linker]-[Debug]-[DjiProtocol_v1Unpack:215) <0xece4>V1-Recv: 0x0300->0x0A06 0x036C [0m
[37m[17.578][linker]-[Debug]-[DjiCommand_RecvWork:1066)  <0xece4>Receive msg from linker, 0x0300->0x0A06 0x036C len:71 [0m
[37m[17.578][linker]-[Debug]-[DjiCommand_DealCmd:919) received unsupport request cmd that noneed ack, <0xece4> cmdset: 0x03 cmdid: 0x6C [0m
[37m[17.597][linker]-[Debug]-[DjiProtocol_v1Unpack:215) <0xed14>V1-Recv: 0x0300->0x0A06 0x4900 [0m
[37m[17.597][linker]-[Debug]-[DjiCommand_RecvWork:1066)  <0xed14>Receive msg from linker, 0x0300->0x0A06 0x4900 len:14 [0m
[37m[17.597][linker]-[Debug]-[DjiProtocol_v1Pack:123) <0xed14>V1-Send: 0x0A06->0x0300 0x4900 [0m
[37m[17.609][linker]-[Debug]-[DjiProtocol_v1Unpack:215) <0x7c9>V1-Recv: 0x0701->0x0A06 0x0000 [0m
[37m[17.609][linker]-[Debug]-[DjiCommand_RecvWork:1066)  <0x7c9>Receive msg from linker, 0x0701->0x0A06 0x0000 len:16 [0m
[37m[17.609][linker]-[Debug]-[DjiProtocol_v1Pack:123) <0x7c9>V1-Send: 0x0A06->0x0701 0x0000 [0m
[37m[17.635][linker]-[Debug]-[DjiProtocol_v1Unpack:215) <0xed57>V1-Recv: 0x0300->0x0A06 0x221B [0m
[37m[17.636][linker]-[Debug]-[DjiCommand_RecvWork:1066)  <0xed57>Receive msg from linker, 0x0300->0x0A06 0x221B len:9 [0m
[37m[17.636][linker]-[Debug]-[DjiCommand_DealCmd:919) received unsupport request cmd that noneed ack, <0xed57> cmdset: 0x22 cmdid: 0x1B [0m
[37m[17.653][linker]-[Debug]-[DjiProtocol_v1Unpack:215) <0xed7a>V1-Recv: 0x0306->0x0A06 0x03C1 [0m
[37m[17.654][linker]-[Debug]-[DjiCommand_RecvWork:1066)  <0xed7a>Receive msg from linker, 0x0306->0x0A06 0x03C1 len:13 [0m
[37m[17.673][linker]-[Debug]-[DjiProtocol_v1Unpack:215) <0x3a7d>V1-Recv: 0x1D07->0x0A06 0x2105 [0m
[37m[17.674][linker]-[Debug]-[DjiCommand_RecvWork:1066)  <0x3a7d>Receive msg from linker, 0x1D07->0x0A06 0x2105 len:1 [0m
[37m[17.674][linker]-[Debug]-[DjiCommand_DealCmd:919) received unsupport request cmd that need ack, <0x3a7d> cmdset: 0x21 cmdid: 0x05 [0m
[37m[17.678][linker]-[Debug]-[DjiProtocol_v1Unpack:215) <0xed99>V1-Recv: 0x0300->0x0A06 0x036C [0m
[37m[17.678][linker]-[Debug]-[DjiCommand_RecvWork:1066)  <0xed99>Receive msg from linker, 0x0300->0x0A06 0x036C len:71 [0m
[37m[17.678][linker]-[Debug]-[DjiCommand_DealCmd:919) received unsupport request cmd that noneed ack, <0xed99> cmdset: 0x03 cmdid: 0x6C [0m
[37m[17.692][linker]-[Debug]-[DjiProtocol_v1Pack:123) <0xfdd7>V1-Send: 0x0A06->0x0300 0x0000 [0m
[37m[17.692][infor]-[Debug]-[DjiAircraftConnection_CheckExtensionPortConnectStatusByV1Protocol:170) check connect status:1 [0m
[37m[17.692][linker]-[Debug]-[DjiProtocol_v1Pack:123) <0xfdd8>V1-Send: 0x0A06->0x0200 0x3C10 [0m
[37m[17.692][linker]-[Debug]-[DjiProtocol_v1Pack:123) <0xfdd9>V1-Send: 0x0A06->0x0A01 0x3C10 [0m
[37m[17.692][linker]-[Debug]-[DjiProtocol_v1Pack:123) <0xfdda>V1-Send: 0x0A06->0x0300 0x3C10 [0m
[37m[17.698][linker]-[Debug]-[DjiProtocol_v1Unpack:215) <0xedc2>V1-Recv: 0x0300->0x0A06 0x4900 [0m
[37m[17.698][linker]-[Debug]-[DjiCommand_RecvWork:1066)  <0xedc2>Receive msg from linker, 0x0300->0x0A06 0x4900 len:14 [0m
[37m[17.698][linker]-[Debug]-[DjiProtocol_v1Pack:123) <0xedc2>V1-Send: 0x0A06->0x0300 0x4900 [0m
[37m[17.715][linker]-[Debug]-[DjiProtocol_v1Unpack:215) <0xfdd7>V1-Recv: 0x0300->0x0A06 0x0000 [0m
[37m[17.715][linker]-[Debug]-[DjiCommand_RecvWork:1066)  <0xfdd7>Receive msg from linker, 0x0300->0x0A06 0x0000 len:0 [0m
[37m[17.716][infor]-[Debug]-[DjiAircraftInfo_CheckPingStatusAsyncCallback:269) connect status async sucess [0m
[37m[17.716][linker]-[Debug]-[DjiCommand_DealCmd:830) callback function (cmdset: 0x00 cmdid: 0x00) deal time: 0 ms [0m
[37m[17.720][linker]-[Debug]-[DjiProtocol_v1Unpack:215) <0x9f7d>V1-Recv: 0x0A01->0x0A06 0x3C45 [0m
[37m[17.721][linker]-[Debug]-[DjiCommand_RecvWork:1066)  <0x9f7d>Receive msg from linker, 0x0A01->0x0A06 0x3C45 len:0 [0m
[37m[17.721][upgrade]-[Debug]-[DjiUpgrade_GetUpgradeServiceInfo:239) Get upgrade service info [0m
[37m[17.721][linker]-[Debug]-[DjiProtocol_v1Pack:123) <0x9f7d>V1-Send: 0x0A06->0x0A01 0x3C45 [0m
[37m[17.735][linker]-[Debug]-[DjiProtocol_v1Unpack:215) <0xee0a>V1-Recv: 0x0300->0x0A06 0x221B [0m
[37m[17.736][linker]-[Debug]-[DjiCommand_RecvWork:1066)  <0xee0a>Receive msg from linker, 0x0300->0x0A06 0x221B len:9 [0m
[37m[17.736][linker]-[Debug]-[DjiCommand_DealCmd:919) received unsupport request cmd that noneed ack, <0xee0a> cmdset: 0x22 cmdid: 0x1B [0m
[37m[17.746][linker]-[Debug]-[DjiProtocol_v1Unpack:215) <0x8cce>V1-Recv: 0x0800->0x0A06 0x0866 [0m
[37m[17.747][linker]-[Debug]-[DjiCommand_RecvWork:1066)  <0x8cce>Receive msg from linker, 0x0800->0x0A06 0x0866 len:16 [0m
[37m[17.747][linker]-[Debug]-[DjiCommand_DealCmd:919) received unsupport request cmd that noneed ack, <0x8cce> cmdset: 0x08 cmdid: 0x66 [0m
[37m[17.753][linker]-[Debug]-[DjiProtocol_v1Unpack:215) <0xee2e>V1-Recv: 0x0306->0x0A06 0x03C1 [0m
[37m[17.754][linker]-[Debug]-[DjiCommand_RecvWork:1066)  <0xee2e>Receive msg from linker, 0x0306->0x0A06 0x03C1 len:13 [0m
[37m[17.778][linker]-[Debug]-[DjiProtocol_v1Unpack:215) <0xee55>V1-Recv: 0x0300->0x0A06 0x036C [0m
[37m[17.779][linker]-[Debug]-[DjiCommand_RecvWork:1066)  <0xee55>Receive msg from linker, 0x0300->0x0A06 0x036C len:71 [0m
[37m[17.779][linker]-[Debug]-[DjiCommand_DealCmd:919) received unsupport request cmd that noneed ack, <0xee55> cmdset: 0x03 cmdid: 0x6C [0m
[37m[17.797][linker]-[Debug]-[DjiProtocol_v1Unpack:215) <0xee7e>V1-Recv: 0x0300->0x0A06 0x4900 [0m
[37m[17.798][linker]-[Debug]-[DjiCommand_RecvWork:1066)  <0xee7e>Receive msg from linker, 0x0300->0x0A06 0x4900 len:14 [0m
[37m[17.798][linker]-[Debug]-[DjiProtocol_v1Pack:123) <0xee7e>V1-Send: 0x0A06->0x0300 0x4900 [0m
[37m[17.836][linker]-[Debug]-[DjiProtocol_v1Unpack:215) <0xeec0>V1-Recv: 0x0300->0x0A06 0x221B [0m
[37m[17.837][linker]-[Debug]-[DjiCommand_RecvWork:1066)  <0xeec0>Receive msg from linker, 0x0300->0x0A06 0x221B len:9 [0m
[37m[17.837][linker]-[Debug]-[DjiCommand_DealCmd:919) received unsupport request cmd that noneed ack, <0xeec0> cmdset: 0x22 cmdid: 0x1B [0m
[37m[17.854][linker]-[Debug]-[DjiProtocol_v1Unpack:215) <0xeee1>V1-Recv: 0x0306->0x0A06 0x03C1 [0m
[37m[17.855][linker]-[Debug]-[DjiCommand_RecvWork:1066)  <0xeee1>Receive msg from linker, 0x0306->0x0A06 0x03C1 len:13 [0m
[37m[17.878][linker]-[Debug]-[DjiProtocol_v1Unpack:215) <0xef00>V1-Recv: 0x0300->0x0A06 0x036C [0m
[37m[17.878][linker]-[Debug]-[DjiCommand_RecvWork:1066)  <0xef00>Receive msg from linker, 0x0300->0x0A06 0x036C len:71 [0m
[37m[17.878][linker]-[Debug]-[DjiCommand_DealCmd:919) received unsupport request cmd that noneed ack, <0xef00> cmdset: 0x03 cmdid: 0x6C [0m
[37m[17.898][user]-[Debug]-[DjiUser_MonitorTask:803) thread pcpu: [0m
[37m[17.898][user]-[Debug]-[DjiUser_MonitorTask:804) tid	name	pcpu [0m
[37m[17.899][linker]-[Debug]-[DjiProtocol_v1Unpack:215) <0xef29>V1-Recv: 0x0300->0x0A06 0x0F74 [0m
[37m[17.899][linker]-[Debug]-[DjiProtocol_v1Unpack:215) <0xef2e>V1-Recv: 0x0300->0x0100 0x0406 [0m
[37m[17.899][linker]-[Debug]-[DjiProtocol_v1Unpack:215) <0xef2f>V1-Recv: 0x0300->0x0100 0x0407 [0m
[37m[17.899][linker]-[Debug]-[DjiProtocol_v1Unpack:215) <0xef30>V1-Recv: 0x0300->0x0A06 0x4900 [0m
[37m[17.900][linker]-[Debug]-[DjiCommand_RecvWork:1066)  <0xef29>Receive msg from linker, 0x0300->0x0A06 0x0F74 len:28 [0m
[37m[17.900][linker]-[Debug]-[DjiCommand_DealCmd:919) received unsupport request cmd that noneed ack, <0xef29> cmdset: 0x0F cmdid: 0x74 [0m
[37m[17.901][linker]-[Debug]-[DjiCommand_RecvWork:1066)  <0xef2e>Receive msg from linker, 0x0300->0x0100 0x0406 len:12 [0m
[37m[17.901][linker]-[Debug]-[DjiCommand_DealCmd:919) received unsupport request cmd that noneed ack, <0xef2e> cmdset: 0x04 cmdid: 0x06 [0m
[37m[17.902][linker]-[Debug]-[DjiCommand_RecvWork:1066)  <0xef2f>Receive msg from linker, 0x0300->0x0100 0x0407 len:1 [0m
[37m[17.902][linker]-[Debug]-[DjiCommand_DealCmd:919) received unsupport request cmd that noneed ack, <0xef2f> cmdset: 0x04 cmdid: 0x07 [0m
[37m[17.903][linker]-[Debug]-[DjiCommand_RecvWork:1066)  <0xef30>Receive msg from linker, 0x0300->0x0A06 0x4900 len:14 [0m
[37m[17.903][linker]-[Debug]-[DjiProtocol_v1Pack:123) <0xef30>V1-Send: 0x0A06->0x0300 0x4900 [0m
[37m[17.906][linker]-[Debug]-[DjiProtocol_v1Pack:123) <0xfddb>V1-Send: 0x0A06->0x0200 0x3C10 [0m
[37m[17.906][linker]-[Debug]-[DjiProtocol_v1Pack:123) <0xfddc>V1-Send: 0x0A06->0x0A01 0x3C10 [0m
[37m[17.906][linker]-[Debug]-[DjiProtocol_v1Pack:123) <0xfddd>V1-Send: 0x0A06->0x0300 0x3C10 [0m
[37m[17.917][user]-[Debug]-[DjiUser_MonitorTask:808) 16649	dji_sdk_demo_on	1.200000 %. [0m
[37m[17.918][linker]-[Debug]-[DjiProtocol_v1Unpack:215) <0x9f7f>V1-Recv: 0x0A01->0x0A06 0x3C45 [0m
[37m[17.918][linker]-[Debug]-[DjiCommand_RecvWork:1066)  <0x9f7f>Receive msg from linker, 0x0A01->0x0A06 0x3C45 len:0 [0m
[37m[17.918][upgrade]-[Debug]-[DjiUpgrade_GetUpgradeServiceInfo:239) Get upgrade service info [0m
[37m[17.918][linker]-[Debug]-[DjiProtocol_v1Pack:123) <0x9f7f>V1-Send: 0x0A06->0x0A01 0x3C45 [0m
[37m[17.935][linker]-[Debug]-[DjiProtocol_v1Unpack:215) <0xef80>V1-Recv: 0x0300->0x0A06 0x221B [0m
[37m[17.935][linker]-[Debug]-[DjiCommand_RecvWork:1066)  <0xef80>Receive msg from linker, 0x0300->0x0A06 0x221B len:9 [0m
[37m[17.935][linker]-[Debug]-[DjiCommand_DealCmd:919) received unsupport request cmd that noneed ack, <0xef80> cmdset: 0x22 cmdid: 0x1B [0m
[37m[17.936][user]-[Debug]-[DjiUser_MonitorTask:808) 16650	 MQTTAsync_send	0.000000 %. [0m
[37m[17.953][linker]-[Debug]-[DjiProtocol_v1Unpack:215) <0xefa3>V1-Recv: 0x0306->0x0A06 0x03C1 [0m
[37m[17.953][linker]-[Debug]-[DjiCommand_RecvWork:1066)  <0xefa3>Receive msg from linker, 0x0306->0x0A06 0x03C1 len:13 [0m
[37m[17.955][user]-[Debug]-[DjiUser_MonitorTask:808) 16651	  MQTTAsync_rcv	0.000000 %. [0m
[37m[17.973][user]-[Debug]-[DjiUser_MonitorTask:808) 16654	    logger_task	0.700000 %. [0m
[37m[17.978][linker]-[Debug]-[DjiProtocol_v1Unpack:215) <0xefc8>V1-Recv: 0x0300->0x0A06 0x036C [0m
[37m[17.979][linker]-[Debug]-[DjiCommand_RecvWork:1066)  <0xefc8>Receive msg from linker, 0x0300->0x0A06 0x036C len:71 [0m
[37m[17.979][linker]-[Debug]-[DjiCommand_DealCmd:919) received unsupport request cmd that noneed ack, <0xefc8> cmdset: 0x03 cmdid: 0x6C [0m
[37m[17.991][user]-[Debug]-[DjiUser_MonitorTask:808) 16655	      root_task	0.800000 %. [0m
[37m[17.998][linker]-[Debug]-[DjiProtocol_v1Unpack:215) <0x8ccf>V1-Recv: 0x0800->0x0A06 0x0866 [0m
[37m[17.998][linker]-[Debug]-[DjiProtocol_v1Unpack:215) <0xf001>V1-Recv: 0x0300->0x0A06 0x4900 [0m
[37m[17.999][linker]-[Debug]-[DjiCommand_RecvWork:1066)  <0x8ccf>Receive msg from linker, 0x0800->0x0A06 0x0866 len:16 [0m
[37m[17.999][linker]-[Debug]-[DjiCommand_DealCmd:919) received unsupport request cmd that noneed ack, <0x8ccf> cmdset: 0x08 cmdid: 0x66 [0m
[37m[18.000][linker]-[Debug]-[DjiCommand_RecvWork:1066)  <0xf001>Receive msg from linker, 0x0300->0x0A06 0x4900 len:14 [0m
[37m[18.000][linker]-[Debug]-[DjiProtocol_v1Pack:123) <0xf001>V1-Send: 0x0A06->0x0300 0x4900 [0m
[37m[18.009][user]-[Debug]-[DjiUser_MonitorTask:808) 16691	    linker_task	0.800000 %. [0m
[37m[18.027][user]-[Debug]-[DjiUser_MonitorTask:808) 16694	    linker_task	0.000000 %. [0m
[37m[18.035][linker]-[Debug]-[DjiProtocol_v1Unpack:215) <0xf042>V1-Recv: 0x0300->0x0A06 0x221B [0m
[37m[18.035][linker]-[Debug]-[DjiCommand_RecvWork:1066)  <0xf042>Receive msg from linker, 0x0300->0x0A06 0x221B len:9 [0m
[37m[18.035][linker]-[Debug]-[DjiCommand_DealCmd:919) received unsupport request cmd that noneed ack, <0xf042> cmdset: 0x22 cmdid: 0x1B [0m
[37m[18.045][user]-[Debug]-[DjiUser_MonitorTask:808) 16696	user_subscripti	0.000000 %. [0m
[37m[18.054][linker]-[Debug]-[DjiProtocol_v1Unpack:215) <0xf067>V1-Recv: 0x0306->0x0A06 0x03C1 [0m
[37m[18.055][linker]-[Debug]-[DjiCommand_RecvWork:1066)  <0xf067>Receive msg from linker, 0x0306->0x0A06 0x03C1 len:13 [0m
[37m[18.063][user]-[Debug]-[DjiUser_MonitorTask:808) 16699	   upgrade_task	0.000000 %. [0m
[37m[18.078][linker]-[Debug]-[DjiProtocol_v1Unpack:215) <0xf086>V1-Recv: 0x0300->0x0A06 0x036C [0m
[37m[18.078][linker]-[Debug]-[DjiCommand_RecvWork:1066)  <0xf086>Receive msg from linker, 0x0300->0x0A06 0x036C len:71 [0m
[37m[18.078][linker]-[Debug]-[DjiCommand_DealCmd:919) received unsupport request cmd that noneed ack, <0xf086> cmdset: 0x03 cmdid: 0x6C [0m
[37m[18.081][user]-[Debug]-[DjiUser_MonitorTask:808) 16700	enter_upgrade_m	0.000000 %. [0m
[37m[18.097][linker]-[Debug]-[DjiProtocol_v1Unpack:215) <0xf0b3>V1-Recv: 0x0300->0x0A06 0x4900 [0m
[37m[18.099][linker]-[Debug]-[DjiCommand_RecvWork:1066)  <0xf0b3>Receive msg from linker, 0x0300->0x0A06 0x4900 len:14 [0m
[37m[18.099][linker]-[Debug]-[DjiProtocol_v1Pack:123) <0xf0b3>V1-Send: 0x0A06->0x0300 0x4900 [0m
[37m[18.099][user]-[Debug]-[DjiUser_MonitorTask:808) 16701	   monitor task	0.000000 %. [0m
[37m[18.102][user]-[Debug]-[DjiUser_MonitorTask:812) heap used: 184320 B. [0m
[37m[18.106][user]-[Debug]-[DjiUser_MonitorTask:813) stack used: 20480 B. [0m
[37m[18.118][linker]-[Debug]-[DjiProtocol_v1Pack:123) <0xfdde>V1-Send: 0x0A06->0x0200 0x3C10 [0m
[37m[18.118][linker]-[Debug]-[DjiProtocol_v1Pack:123) <0xfddf>V1-Send: 0x0A06->0x0A01 0x3C10 [0m
[37m[18.118][linker]-[Debug]-[DjiProtocol_v1Pack:123) <0xfde0>V1-Send: 0x0A06->0x0300 0x3C10 [0m
[37m[18.135][linker]-[Debug]-[DjiProtocol_v1Unpack:215) <0xf0f8>V1-Recv: 0x0300->0x0A06 0x221B [0m
[37m[18.135][linker]-[Debug]-[DjiCommand_RecvWork:1066)  <0xf0f8>Receive msg from linker, 0x0300->0x0A06 0x221B len:9 [0m
[37m[18.135][linker]-[Debug]-[DjiCommand_DealCmd:919) received unsupport request cmd that noneed ack, <0xf0f8> cmdset: 0x22 cmdid: 0x1B [0m
[37m[18.138][linker]-[Debug]-[DjiProtocol_v1Unpack:215) <0x9f82>V1-Recv: 0x0A01->0x0A06 0x3C45 [0m
[37m[18.138][linker]-[Debug]-[DjiCommand_RecvWork:1066)  <0x9f82>Receive msg from linker, 0x0A01->0x0A06 0x3C45 len:0 [0m
[37m[18.138][upgrade]-[Debug]-[DjiUpgrade_GetUpgradeServiceInfo:239) Get upgrade service info [0m
[37m[18.138][linker]-[Debug]-[DjiProtocol_v1Pack:123) <0x9f82>V1-Send: 0x0A06->0x0A01 0x3C45 [0m
[37m[18.154][linker]-[Debug]-[DjiProtocol_v1Unpack:215) <0xf119>V1-Recv: 0x0306->0x0A06 0x03C1 [0m
[37m[18.154][linker]-[Debug]-[DjiCommand_RecvWork:1066)  <0xf119>Receive msg from linker, 0x0306->0x0A06 0x03C1 len:13 [0m
[37m[18.170][utils]-[Debug]-[DjiCore_RootTask:131) work execution time: [0m
[37m[18.170][utils]-[Debug]-[DjiCore_RootTask:132) name	                execution time (ms)	  max execution time (ms) [0m
[37m[18.170][utils]-[Debug]-[DjiCore_RootTask:134) recorderWork                    	0       	1        [0m
[37m[18.170][utils]-[Debug]-[DjiCore_RootTask:134) flowControllerTask              	0       	0        [0m
[37m[18.170][utils]-[Debug]-[DjiCore_RootTask:134) commandTask                     	1       	1        [0m
[37m[18.170][utils]-[Debug]-[DjiCore_RootTask:134) aircraftWorkNode                	0       	0        [0m
[37m[18.170][utils]-[Debug]-[DjiCore_RootTask:134) StatePushWork                   	0       	1        [0m
[37m[18.178][linker]-[Debug]-[DjiProtocol_v1Unpack:215) <0xf13d>V1-Recv: 0x0300->0x0A06 0x036C [0m
[37m[18.178][linker]-[Debug]-[DjiCommand_RecvWork:1066)  <0xf13d>Receive msg from linker, 0x0300->0x0A06 0x036C len:71 [0m
[37m[18.178][linker]-[Debug]-[DjiCommand_DealCmd:919) received unsupport request cmd that noneed ack, <0xf13d> cmdset: 0x03 cmdid: 0x6C [0m
[37m[18.197][linker]-[Debug]-[DjiProtocol_v1Unpack:215) <0xf167>V1-Recv: 0x0300->0x0A06 0x4900 [0m
[37m[18.197][linker]-[Debug]-[DjiCommand_RecvWork:1066)  <0xf167>Receive msg from linker, 0x0300->0x0A06 0x4900 len:14 [0m
[37m[18.197][linker]-[Debug]-[DjiProtocol_v1Pack:123) <0xf167>V1-Send: 0x0A06->0x0300 0x4900 [0m
[37m[18.235][linker]-[Debug]-[DjiProtocol_v1Unpack:215) <0xf1a6>V1-Recv: 0x0300->0x0A06 0x221B [0m
[37m[18.235][linker]-[Debug]-[DjiCommand_RecvWork:1066)  <0xf1a6>Receive msg from linker, 0x0300->0x0A06 0x221B len:9 [0m
[37m[18.235][linker]-[Debug]-[DjiCommand_DealCmd:919) received unsupport request cmd that noneed ack, <0xf1a6> cmdset: 0x22 cmdid: 0x1B [0m
[37m[18.246][linker]-[Debug]-[DjiProtocol_v1Unpack:215) <0x8cd0>V1-Recv: 0x0800->0x0A06 0x0866 [0m
[37m[18.246][linker]-[Debug]-[DjiCommand_RecvWork:1066)  <0x8cd0>Receive msg from linker, 0x0800->0x0A06 0x0866 len:16 [0m
[37m[18.246][linker]-[Debug]-[DjiCommand_DealCmd:919) received unsupport request cmd that noneed ack, <0x8cd0> cmdset: 0x08 cmdid: 0x66 [0m
[37m[18.253][linker]-[Debug]-[DjiProtocol_v1Unpack:215) <0xf1c7>V1-Recv: 0x0306->0x0A06 0x03C1 [0m
[37m[18.254][linker]-[Debug]-[DjiCommand_RecvWork:1066)  <0xf1c7>Receive msg from linker, 0x0306->0x0A06 0x03C1 len:13 [0m
[37m[18.278][linker]-[Debug]-[DjiProtocol_v1Unpack:215) <0xf1e7>V1-Recv: 0x0300->0x0A06 0x036C [0m
[37m[18.278][linker]-[Debug]-[DjiCommand_RecvWork:1066)  <0xf1e7>Receive msg from linker, 0x0300->0x0A06 0x036C len:71 [0m
[37m[18.278][linker]-[Debug]-[DjiCommand_DealCmd:919) received unsupport request cmd that noneed ack, <0xf1e7> cmdset: 0x03 cmdid: 0x6C [0m
[32m[18.281][user]-[Info]-[msgarrvd:92) 当前时间是: 2025-05-13 14:03:34
 [0m
[32m[18.281][user]-[Info]-[msgarrvd:196) --dronesCount--2
 [0m
[32m[18.281][user]-[Info]-[DjiTest_LiveviewRunSample:64) Liveview sample start [0m
[32m[18.281][user]-[Info]-[DjiTest_WaypointV2RunSample:171) Waypoint V2 sample start [0m
[32m[18.281][user]-[Info]-[DjiTest_WaypointV2RunSample:174) --> Step 1: Init Waypoint V2 sample [0m
[37m[18.281][linker]-[Debug]-[DjiCommand_RegRecvCmdHandler:674) Reg command handle list success, index:14 [0m
[32m[18.281][user]-[Info]-[DjiTest_WaypointV2RunSample:193) --> Step 3: Register waypoint V2 event and state callback
 [0m
[32m[18.281][user]-[Info]-[DjiTest_LiveviewRunSample:81) Liveview sample launched in a separate thread [0m
[32m[18.282][user]-[Info]-[liveviewThreadFunc:99) Liveview sample start [0m
[32m[18.282][user]-[Info]-[liveviewThreadFunc:108) --> Step 1: Init liveview module [0m
[37m[18.284][channel]-[Debug]-[DjiStreamChannelUdp_RecvDataThread:248) Receive udp data from 192.168.108.1.30081 -> 192.168.100.2.30081, protocol: raw_data [0m
[37m[18.286][channel]-[Debug]-[DjiStreamChannelUdp_RecvDataThread:248) Receive udp data from 192.168.108.1.30082 -> 192.168.100.2.30082, protocol: raw_data [0m
[37m[18.288][channel]-[Debug]-[DjiStreamChannelUdp_RecvDataThread:248) Receive udp data from 192.168.108.1.30083 -> 192.168.100.2.30083, protocol: raw_data [0m
[37m[18.289][channel]-[Debug]-[DjiStreamChannelUdp_RecvDataThread:248) Receive udp data from 192.168.108.1.30084 -> 192.168.100.2.30084, protocol: raw_data [0m
[37m[18.291][channel]-[Debug]-[DjiStreamChannelUdp_RecvDataThread:248) Receive udp data from 192.168.108.1.30085 -> 192.168.100.2.30085, protocol: raw_data [0m
[37m[18.292][linker]-[Debug]-[DjiCommand_RegRecvCmdHandler:674) Reg command handle list success, index:15 [0m
[37m[18.292][linker]-[Debug]-[DjiProtocol_v1Pack:123) <0xfde1>V1-Send: 0x0A06->0x0800 0x0865 [0m
[37m[18.293][channel]-[Debug]-[DjiStreamChannelUdp_RecvDataThread:248) Receive udp data from 192.168.108.1.30090 -> 192.168.100.2.30090, protocol: raw_data [0m
[37m[18.296][linker]-[Debug]-[DjiProtocol_v1Unpack:215) <0xfde1>V1-Recv: 0x0800->0x0A06 0x0865 [0m
[37m[18.296][linker]-[Debug]-[DjiCommand_RecvWork:1066)  <0xfde1>Receive msg from linker, 0x0800->0x0A06 0x0865 len:1 [0m
[37m[18.296][linker]-[Debug]-[DjiCommand_SendSyncCallback:1014) PsdkCommand_SendSyncCallback success [0m
[37m[18.296][linker]-[Debug]-[DjiCommand_DealCmd:830) callback function (cmdset: 0x08 cmdid: 0x65) deal time: 0 ms [0m
[37m[18.296][linker]-[Debug]-[DjiCommand_SendSync:553) sendSync callback success [0m
[37m[18.298][linker]-[Debug]-[DjiProtocol_v1Unpack:215) <0xf211>V1-Recv: 0x0300->0x0A06 0x4900 [0m
[37m[18.299][linker]-[Debug]-[DjiCommand_RecvWork:1066)  <0xf211>Receive msg from linker, 0x0300->0x0A06 0x4900 len:14 [0m
[37m[18.299][linker]-[Debug]-[DjiProtocol_v1Pack:123) <0xf211>V1-Send: 0x0A06->0x0300 0x4900 [0m
[37m[18.331][linker]-[Debug]-[DjiProtocol_v1Pack:123) <0xfde3>V1-Send: 0x0A06->0x0200 0x3C10 [0m
[37m[18.331][linker]-[Debug]-[DjiProtocol_v1Pack:123) <0xfde4>V1-Send: 0x0A06->0x0A01 0x3C10 [0m
[37m[18.331][linker]-[Debug]-[DjiProtocol_v1Pack:123) <0xfde5>V1-Send: 0x0A06->0x0300 0x3C10 [0m
[37m[18.335][linker]-[Debug]-[DjiProtocol_v1Unpack:215) <0xf258>V1-Recv: 0x0300->0x0A06 0x221B [0m
[37m[18.336][linker]-[Debug]-[DjiCommand_RecvWork:1066)  <0xf258>Receive msg from linker, 0x0300->0x0A06 0x221B len:9 [0m
[32m[18.336][user]-[Info]-[DjiTest_WaypointV2StateCallback:675) [Waypoint Index:0]: State: Ground station not start, velocity:0.00 m/s [0m
[37m[18.354][linker]-[Debug]-[DjiProtocol_v1Unpack:215) <0xf27b>V1-Recv: 0x0306->0x0A06 0x03C1 [0m
[37m[18.355][linker]-[Debug]-[DjiCommand_RecvWork:1066)  <0xf27b>Receive msg from linker, 0x0306->0x0A06 0x03C1 len:13 [0m
[37m[18.358][linker]-[Debug]-[DjiProtocol_v1Unpack:215) <0x9f83>V1-Recv: 0x0A01->0x0A06 0x3C45 [0m
[37m[18.359][linker]-[Debug]-[DjiCommand_RecvWork:1066)  <0x9f83>Receive msg from linker, 0x0A01->0x0A06 0x3C45 len:0 [0m
[37m[18.359][upgrade]-[Debug]-[DjiUpgrade_GetUpgradeServiceInfo:239) Get upgrade service info [0m
[37m[18.359][linker]-[Debug]-[DjiProtocol_v1Pack:123) <0x9f83>V1-Send: 0x0A06->0x0A01 0x3C45 [0m
[37m[18.377][linker]-[Debug]-[DjiProtocol_v1Unpack:215) <0xf29d>V1-Recv: 0x0300->0x0A06 0x036C [0m
[37m[18.378][linker]-[Debug]-[DjiCommand_RecvWork:1066)  <0xf29d>Receive msg from linker, 0x0300->0x0A06 0x036C len:71 [0m
[37m[18.398][linker]-[Debug]-[DjiProtocol_v1Unpack:215) <0xf2c3>V1-Recv: 0x0300->0x0100 0x0405 [0m
[37m[18.398][linker]-[Debug]-[DjiProtocol_v1Unpack:215) <0xf2c7>V1-Recv: 0x0300->0x0A06 0x4900 [0m
[37m[18.399][linker]-[Debug]-[DjiCommand_RecvWork:1066)  <0xf2c3>Receive msg from linker, 0x0300->0x0100 0x0405 len:22 [0m
[37m[18.399][linker]-[Debug]-[DjiCommand_DealCmd:919) received unsupport request cmd that noneed ack, <0xf2c3> cmdset: 0x04 cmdid: 0x05 [0m
[37m[18.400][linker]-[Debug]-[DjiCommand_RecvWork:1066)  <0xf2c7>Receive msg from linker, 0x0300->0x0A06 0x4900 len:14 [0m
[37m[18.400][linker]-[Debug]-[DjiProtocol_v1Pack:123) <0xf2c7>V1-Send: 0x0A06->0x0300 0x4900 [0m
[37m[18.435][linker]-[Debug]-[DjiProtocol_v1Unpack:215) <0xf30b>V1-Recv: 0x0300->0x0A06 0x221B [0m
[37m[18.436][linker]-[Debug]-[DjiCommand_RecvWork:1066)  <0xf30b>Receive msg from linker, 0x0300->0x0A06 0x221B len:9 [0m
[37m[18.454][linker]-[Debug]-[DjiProtocol_v1Unpack:215) <0xf32f>V1-Recv: 0x0306->0x0A06 0x03C1 [0m
[37m[18.455][linker]-[Debug]-[DjiCommand_RecvWork:1066)  <0xf32f>Receive msg from linker, 0x0306->0x0A06 0x03C1 len:13 [0m
[37m[18.477][linker]-[Debug]-[DjiProtocol_v1Unpack:215) <0xf353>V1-Recv: 0x0300->0x0A06 0x036C [0m
[37m[18.478][linker]-[Debug]-[DjiCommand_RecvWork:1066)  <0xf353>Receive msg from linker, 0x0300->0x0A06 0x036C len:71 [0m
[37m[18.497][linker]-[Debug]-[DjiProtocol_v1Unpack:215) <0x8cd1>V1-Recv: 0x0800->0x0A06 0x0866 [0m
[37m[18.498][linker]-[Debug]-[DjiCommand_RecvWork:1066)  <0x8cd1>Receive msg from linker, 0x0800->0x0A06 0x0866 len:16 [0m
[37m[18.498][liveview]-[Debug]-[DjiLiveview_DecodeLiveviewStatusHandle:1169) Liveview uuid info total_num: 1, index: 0, version: 1, major_type: 0, minor_type: 39, idx: 0, pos: 7 [0m
[37m[18.498][liveview]-[Debug]-[DjiLiveview_DecodeLiveviewStatusHandle:1183) sdr num: 1 [0m
[37m[18.498][liveview]-[Debug]-[DjiLiveview_DecodeLiveviewStatusHandle:1207) consumeBytes: 14, availBytes: 14 [0m
[37m[18.498][linker]-[Debug]-[DjiProtocol_v1Unpack:215) <0xf384>V1-Recv: 0x0300->0x0A06 0x4900 [0m
[37m[18.499][linker]-[Debug]-[DjiCommand_RecvWork:1066)  <0xf384>Receive msg from linker, 0x0300->0x0A06 0x4900 len:14 [0m
[37m[18.499][linker]-[Debug]-[DjiProtocol_v1Pack:123) <0xf384>V1-Send: 0x0A06->0x0300 0x4900 [0m
[37m[18.519][linker]-[Debug]-[DjiProtocol_v1Unpack:215) <0xf3a1>V1-Recv: 0x0306->0x0A06 0x03C1 [0m
[37m[18.520][linker]-[Debug]-[DjiCommand_RecvWork:1066)  <0xf3a1>Receive msg from linker, 0x0306->0x0A06 0x03C1 len:126 [0m
[37m[18.535][linker]-[Debug]-[DjiProtocol_v1Unpack:215) <0xf3d8>V1-Recv: 0x0300->0x0A06 0x221B [0m
[37m[18.536][linker]-[Debug]-[DjiCommand_RecvWork:1066)  <0xf3d8>Receive msg from linker, 0x0300->0x0A06 0x221B len:9 [0m
[37m[18.545][linker]-[Debug]-[DjiProtocol_v1Pack:123) <0xfde6>V1-Send: 0x0A06->0x0200 0x3C10 [0m
[37m[18.545][linker]-[Debug]-[DjiProtocol_v1Pack:123) <0xfde7>V1-Send: 0x0A06->0x0A01 0x3C10 [0m
[37m[18.545][linker]-[Debug]-[DjiProtocol_v1Pack:123) <0xfde8>V1-Send: 0x0A06->0x0300 0x3C10 [0m
[37m[18.553][linker]-[Debug]-[DjiProtocol_v1Unpack:215) <0xf400>V1-Recv: 0x0306->0x0A06 0x03C1 [0m
[37m[18.554][linker]-[Debug]-[DjiCommand_RecvWork:1066)  <0xf400>Receive msg from linker, 0x0306->0x0A06 0x03C1 len:13 [0m
[32m[18.557][user]-[Info]-[UserFcSubscription_Task:456) Current speed: 0.000000.
 [0m
[32m[18.558][user]-[Info]-[UserFcSubscription_Task:569) 当前时间是: 2025-05-13 14:03:34
 [0m
[32m[18.558][user]-[Info]-[UserFcSubscription_Task:577) 时间差是: 0 秒
 [0m
[32m[18.558][user]-[Info]-[point_to_segment_distance:935) (distance_safe: 0.000000)  (Homepoint_info: lat->39.136887, lon->117.141939.)  (targetPoint: lat->39.136301, lon->117.128417.)  (currentPoint: lat->39.136889, lon->117.141934.)  (projectionPoint: lat->39.136887, lon->117.141934.)  ratio: 0.000337.
 [0m
[32m[18.558][user]-[Info]-[UserFcSubscription_Task:656) Displaymode status: 6. [0m
[37m[18.559][linker]-[Debug]-[DjiProtocol_v1Unpack:215) <0x9f84>V1-Recv: 0x0A01->0x0A06 0x3C45 [0m
[37m[18.559][linker]-[Debug]-[DjiCommand_RecvWork:1066)  <0x9f84>Receive msg from linker, 0x0A01->0x0A06 0x3C45 len:0 [0m
[37m[18.559][upgrade]-[Debug]-[DjiUpgrade_GetUpgradeServiceInfo:239) Get upgrade service info [0m
[37m[18.559][linker]-[Debug]-[DjiProtocol_v1Pack:123) <0x9f84>V1-Send: 0x0A06->0x0A01 0x3C45 [0m
[37m[18.578][linker]-[Debug]-[DjiProtocol_v1Unpack:215) <0xf423>V1-Recv: 0x0300->0x0A06 0x036C [0m
[37m[18.578][linker]-[Debug]-[DjiCommand_RecvWork:1066)  <0xf423>Receive msg from linker, 0x0300->0x0A06 0x036C len:71 [0m
[37m[18.597][linker]-[Debug]-[DjiProtocol_v1Unpack:215) <0xf44f>V1-Recv: 0x0300->0x0A06 0x4900 [0m
[37m[18.597][linker]-[Debug]-[DjiCommand_RecvWork:1066)  <0xf44f>Receive msg from linker, 0x0300->0x0A06 0x4900 len:14 [0m
[37m[18.597][linker]-[Debug]-[DjiProtocol_v1Pack:123) <0xf44f>V1-Send: 0x0A06->0x0300 0x4900 [0m
[37m[18.609][linker]-[Debug]-[DjiProtocol_v1Unpack:215) <0x7ca>V1-Recv: 0x0701->0x0A06 0x0000 [0m
[37m[18.609][linker]-[Debug]-[DjiCommand_RecvWork:1066)  <0x7ca>Receive msg from linker, 0x0701->0x0A06 0x0000 len:16 [0m
[37m[18.609][linker]-[Debug]-[DjiProtocol_v1Pack:123) <0x7ca>V1-Send: 0x0A06->0x0701 0x0000 [0m
[37m[18.635][linker]-[Debug]-[DjiProtocol_v1Unpack:215) <0xf48f>V1-Recv: 0x0300->0x0A06 0x221B [0m
[37m[18.635][linker]-[Debug]-[DjiCommand_RecvWork:1066)  <0xf48f>Receive msg from linker, 0x0300->0x0A06 0x221B len:9 [0m
[37m[18.649][linker]-[Debug]-[DjiProtocol_v1Unpack:215) <0x9526>V1-Recv: 0x0202->0x0A06 0x0026 [0m
[37m[18.650][linker]-[Debug]-[DjiCommand_RecvWork:1066)  <0x9526>Receive msg from linker, 0x0202->0x0A06 0x0026 len:37 [0m
[37m[18.650][linker]-[Debug]-[DjiCommand_DealCmd:919) received unsupport request cmd that need ack, <0x9526> cmdset: 0x00 cmdid: 0x26 [0m
[37m[18.654][linker]-[Debug]-[DjiProtocol_v1Unpack:215) <0xf4b0>V1-Recv: 0x0306->0x0A06 0x03C1 [0m
[37m[18.655][linker]-[Debug]-[DjiCommand_RecvWork:1066)  <0xf4b0>Receive msg from linker, 0x0306->0x0A06 0x03C1 len:13 [0m
[37m[18.673][linker]-[Debug]-[DjiProtocol_v1Unpack:215) <0x3a7e>V1-Recv: 0x1D07->0x0A06 0x2105 [0m
[37m[18.674][linker]-[Debug]-[DjiCommand_RecvWork:1066)  <0x3a7e>Receive msg from linker, 0x1D07->0x0A06 0x2105 len:1 [0m
[37m[18.674][linker]-[Debug]-[DjiCommand_DealCmd:919) received unsupport request cmd that need ack, <0x3a7e> cmdset: 0x21 cmdid: 0x05 [0m
[37m[18.678][linker]-[Debug]-[DjiProtocol_v1Unpack:215) <0xf4d1>V1-Recv: 0x0300->0x0A06 0x036C [0m
[37m[18.679][linker]-[Debug]-[DjiCommand_RecvWork:1066)  <0xf4d1>Receive msg from linker, 0x0300->0x0A06 0x036C len:71 [0m
[37m[18.697][linker]-[Debug]-[DjiProtocol_v1Unpack:215) <0xf4fe>V1-Recv: 0x0300->0x0A06 0x4900 [0m
[37m[18.698][linker]-[Debug]-[DjiCommand_RecvWork:1066)  <0xf4fe>Receive msg from linker, 0x0300->0x0A06 0x4900 len:14 [0m
[37m[18.698][linker]-[Debug]-[DjiProtocol_v1Pack:123) <0xf4fe>V1-Send: 0x0A06->0x0300 0x4900 [0m
[37m[18.736][linker]-[Debug]-[DjiProtocol_v1Unpack:215) <0xf544>V1-Recv: 0x0300->0x0A06 0x221B [0m
[37m[18.737][linker]-[Debug]-[DjiCommand_RecvWork:1066)  <0xf544>Receive msg from linker, 0x0300->0x0A06 0x221B len:9 [0m
[37m[18.746][linker]-[Debug]-[DjiProtocol_v1Unpack:215) <0x8cd2>V1-Recv: 0x0800->0x0A06 0x0866 [0m
[37m[18.747][linker]-[Debug]-[DjiCommand_RecvWork:1066)  <0x8cd2>Receive msg from linker, 0x0800->0x0A06 0x0866 len:16 [0m
[37m[18.747][liveview]-[Debug]-[DjiLiveview_DecodeLiveviewStatusHandle:1169) Liveview uuid info total_num: 1, index: 0, version: 1, major_type: 0, minor_type: 39, idx: 0, pos: 7 [0m
[37m[18.747][liveview]-[Debug]-[DjiLiveview_DecodeLiveviewStatusHandle:1183) sdr num: 1 [0m
[37m[18.747][liveview]-[Debug]-[DjiLiveview_DecodeLiveviewStatusHandle:1207) consumeBytes: 14, availBytes: 14 [0m
[37m[18.754][linker]-[Debug]-[DjiProtocol_v1Unpack:215) <0xf567>V1-Recv: 0x0306->0x0A06 0x03C1 [0m
[37m[18.755][linker]-[Debug]-[DjiCommand_RecvWork:1066)  <0xf567>Receive msg from linker, 0x0306->0x0A06 0x03C1 len:13 [0m
[37m[18.758][linker]-[Debug]-[DjiProtocol_v1Pack:123) <0xfde9>V1-Send: 0x0A06->0x0300 0x0000 [0m
[37m[18.758][infor]-[Debug]-[DjiAircraftConnection_CheckExtensionPortConnectStatusByV1Protocol:170) check connect status:1 [0m
[37m[18.758][linker]-[Debug]-[DjiProtocol_v1Pack:123) <0xfdea>V1-Send: 0x0A06->0x0200 0x3C10 [0m
[37m[18.758][linker]-[Debug]-[DjiProtocol_v1Pack:123) <0xfdeb>V1-Send: 0x0A06->0x0A01 0x3C10 [0m
[37m[18.758][linker]-[Debug]-[DjiProtocol_v1Pack:123) <0xfdec>V1-Send: 0x0A06->0x0300 0x3C10 [0m
[37m[18.779][linker]-[Debug]-[DjiProtocol_v1Unpack:215) <0xfde9>V1-Recv: 0x0300->0x0A06 0x0000 [0m
[37m[18.779][linker]-[Debug]-[DjiProtocol_v1Unpack:215) <0xf588>V1-Recv: 0x0300->0x0A06 0x036C [0m
[37m[18.779][linker]-[Debug]-[DjiProtocol_v1Unpack:215) <0x9f85>V1-Recv: 0x0A01->0x0A06 0x3C45 [0m
[37m[18.780][linker]-[Debug]-[DjiCommand_RecvWork:1066)  <0xfde9>Receive msg from linker, 0x0300->0x0A06 0x0000 len:0 [0m
[37m[18.780][infor]-[Debug]-[DjiAircraftInfo_CheckPingStatusAsyncCallback:269) connect status async sucess [0m
[37m[18.780][linker]-[Debug]-[DjiCommand_DealCmd:830) callback function (cmdset: 0x00 cmdid: 0x00) deal time: 0 ms [0m
[37m[18.781][linker]-[Debug]-[DjiCommand_RecvWork:1066)  <0xf588>Receive msg from linker, 0x0300->0x0A06 0x036C len:71 [0m
[37m[18.783][linker]-[Debug]-[DjiCommand_RecvWork:1066)  <0x9f85>Receive msg from linker, 0x0A01->0x0A06 0x3C45 len:0 [0m
[37m[18.783][upgrade]-[Debug]-[DjiUpgrade_GetUpgradeServiceInfo:239) Get upgrade service info [0m
[37m[18.783][linker]-[Debug]-[DjiProtocol_v1Pack:123) <0x9f85>V1-Send: 0x0A06->0x0A01 0x3C45 [0m
[37m[18.797][linker]-[Debug]-[DjiProtocol_v1Unpack:215) <0xf5b1>V1-Recv: 0x0300->0x0A06 0x4900 [0m
[37m[18.798][linker]-[Debug]-[DjiCommand_RecvWork:1066)  <0xf5b1>Receive msg from linker, 0x0300->0x0A06 0x4900 len:14 [0m
[37m[18.798][linker]-[Debug]-[DjiProtocol_v1Pack:123) <0xf5b1>V1-Send: 0x0A06->0x0300 0x4900 [0m
[37m[18.835][linker]-[Debug]-[DjiProtocol_v1Unpack:215) <0xf5f3>V1-Recv: 0x0300->0x0A06 0x221B [0m
[37m[18.835][linker]-[Debug]-[DjiCommand_RecvWork:1066)  <0xf5f3>Receive msg from linker, 0x0300->0x0A06 0x221B len:9 [0m
[37m[18.854][linker]-[Debug]-[DjiProtocol_v1Unpack:215) <0xf618>V1-Recv: 0x0306->0x0A06 0x03C1 [0m
[37m[18.854][linker]-[Debug]-[DjiCommand_RecvWork:1066)  <0xf618>Receive msg from linker, 0x0306->0x0A06 0x03C1 len:13 [0m
[37m[18.878][linker]-[Debug]-[DjiProtocol_v1Unpack:215) <0xf638>V1-Recv: 0x0300->0x0A06 0x036C [0m
[37m[18.878][linker]-[Debug]-[DjiCommand_RecvWork:1066)  <0xf638>Receive msg from linker, 0x0300->0x0A06 0x036C len:71 [0m
[37m[18.899][linker]-[Debug]-[DjiProtocol_v1Unpack:215) <0xf664>V1-Recv: 0x0300->0x0A06 0x0F74 [0m
[37m[18.899][linker]-[Debug]-[DjiProtocol_v1Unpack:215) <0xf669>V1-Recv: 0x0300->0x0100 0x0406 [0m
[37m[18.899][linker]-[Debug]-[DjiProtocol_v1Unpack:215) <0xf66a>V1-Recv: 0x0300->0x0100 0x0407 [0m
[37m[18.899][linker]-[Debug]-[DjiProtocol_v1Unpack:215) <0xf66b>V1-Recv: 0x0300->0x0A06 0x4900 [0m
[37m[18.899][linker]-[Debug]-[DjiCommand_RecvWork:1066)  <0xf664>Receive msg from linker, 0x0300->0x0A06 0x0F74 len:28 [0m
[37m[18.899][linker]-[Debug]-[DjiCommand_DealCmd:919) received unsupport request cmd that noneed ack, <0xf664> cmdset: 0x0F cmdid: 0x74 [0m
[37m[18.900][linker]-[Debug]-[DjiCommand_RecvWork:1066)  <0xf669>Receive msg from linker, 0x0300->0x0100 0x0406 len:12 [0m
[37m[18.900][linker]-[Debug]-[DjiCommand_DealCmd:919) received unsupport request cmd that noneed ack, <0xf669> cmdset: 0x04 cmdid: 0x06 [0m
[37m[18.901][linker]-[Debug]-[DjiCommand_RecvWork:1066)  <0xf66a>Receive msg from linker, 0x0300->0x0100 0x0407 len:1 [0m
[37m[18.901][linker]-[Debug]-[DjiCommand_DealCmd:919) received unsupport request cmd that noneed ack, <0xf66a> cmdset: 0x04 cmdid: 0x07 [0m
[37m[18.902][linker]-[Debug]-[DjiCommand_RecvWork:1066)  <0xf66b>Receive msg from linker, 0x0300->0x0A06 0x4900 len:14 [0m
[37m[18.902][linker]-[Debug]-[DjiProtocol_v1Pack:123) <0xf66b>V1-Send: 0x0A06->0x0300 0x4900 [0m
[37m[18.935][linker]-[Debug]-[DjiProtocol_v1Unpack:215) <0xf6b5>V1-Recv: 0x0300->0x0A06 0x221B [0m
[37m[18.935][linker]-[Debug]-[DjiCommand_RecvWork:1066)  <0xf6b5>Receive msg from linker, 0x0300->0x0A06 0x221B len:9 [0m
[37m[18.954][linker]-[Debug]-[DjiProtocol_v1Unpack:215) <0xf6d6>V1-Recv: 0x0306->0x0A06 0x03C1 [0m
[37m[18.954][linker]-[Debug]-[DjiCommand_RecvWork:1066)  <0xf6d6>Receive msg from linker, 0x0306->0x0A06 0x03C1 len:13 [0m
[37m[18.971][linker]-[Debug]-[DjiProtocol_v1Pack:123) <0xfded>V1-Send: 0x0A06->0x0200 0x3C10 [0m
[37m[18.971][linker]-[Debug]-[DjiProtocol_v1Pack:123) <0xfdee>V1-Send: 0x0A06->0x0A01 0x3C10 [0m
[37m[18.971][linker]-[Debug]-[DjiProtocol_v1Pack:123) <0xfdef>V1-Send: 0x0A06->0x0300 0x3C10 [0m
[37m[18.978][linker]-[Debug]-[DjiProtocol_v1Unpack:215) <0xf6f9>V1-Recv: 0x0300->0x0A06 0x036C [0m
[37m[18.979][linker]-[Debug]-[DjiCommand_RecvWork:1066)  <0xf6f9>Receive msg from linker, 0x0300->0x0A06 0x036C len:71 [0m
[37m[18.997][linker]-[Debug]-[DjiProtocol_v1Unpack:215) <0x8cd3>V1-Recv: 0x0800->0x0A06 0x0866 [0m
[37m[18.997][linker]-[Debug]-[DjiProtocol_v1Unpack:215) <0xf733>V1-Recv: 0x0300->0x0A06 0x4900 [0m
[37m[18.998][linker]-[Debug]-[DjiCommand_RecvWork:1066)  <0x8cd3>Receive msg from linker, 0x0800->0x0A06 0x0866 len:16 [0m
[37m[18.998][liveview]-[Debug]-[DjiLiveview_DecodeLiveviewStatusHandle:1169) Liveview uuid info total_num: 1, index: 0, version: 1, major_type: 0, minor_type: 39, idx: 0, pos: 7 [0m
[37m[18.998][liveview]-[Debug]-[DjiLiveview_DecodeLiveviewStatusHandle:1183) sdr num: 1 [0m
[37m[18.998][liveview]-[Debug]-[DjiLiveview_DecodeLiveviewStatusHandle:1207) consumeBytes: 14, availBytes: 14 [0m
[37m[18.998][linker]-[Debug]-[DjiProtocol_v1Unpack:215) <0x9f87>V1-Recv: 0x0A01->0x0A06 0x3C45 [0m
[37m[18.999][linker]-[Debug]-[DjiCommand_RecvWork:1066)  <0xf733>Receive msg from linker, 0x0300->0x0A06 0x4900 len:14 [0m
[37m[18.999][linker]-[Debug]-[DjiProtocol_v1Pack:123) <0xf733>V1-Send: 0x0A06->0x0300 0x4900 [0m
[37m[19.000][linker]-[Debug]-[DjiCommand_RecvWork:1066)  <0x9f87>Receive msg from linker, 0x0A01->0x0A06 0x3C45 len:0 [0m
[37m[19.000][upgrade]-[Debug]-[DjiUpgrade_GetUpgradeServiceInfo:239) Get upgrade service info [0m
[37m[19.000][linker]-[Debug]-[DjiProtocol_v1Pack:123) <0x9f87>V1-Send: 0x0A06->0x0A01 0x3C45 [0m
[37m[19.036][linker]-[Debug]-[DjiProtocol_v1Unpack:215) <0xf777>V1-Recv: 0x0300->0x0A06 0x221B [0m
[37m[19.036][linker]-[Debug]-[DjiCommand_RecvWork:1066)  <0xf777>Receive msg from linker, 0x0300->0x0A06 0x221B len:9 [0m
[37m[19.054][linker]-[Debug]-[DjiProtocol_v1Unpack:215) <0xf798>V1-Recv: 0x0306->0x0A06 0x03C1 [0m
[37m[19.054][linker]-[Debug]-[DjiCommand_RecvWork:1066)  <0xf798>Receive msg from linker, 0x0306->0x0A06 0x03C1 len:13 [0m
[37m[19.078][linker]-[Debug]-[DjiProtocol_v1Unpack:215) <0xf7b6>V1-Recv: 0x0300->0x0A06 0x036C [0m
[37m[19.079][linker]-[Debug]-[DjiCommand_RecvWork:1066)  <0xf7b6>Receive msg from linker, 0x0300->0x0A06 0x036C len:71 [0m
[37m[19.097][linker]-[Debug]-[DjiProtocol_v1Unpack:215) <0xf7e2>V1-Recv: 0x0300->0x0A06 0x4900 [0m
[37m[19.098][linker]-[Debug]-[DjiCommand_RecvWork:1066)  <0xf7e2>Receive msg from linker, 0x0300->0x0A06 0x4900 len:14 [0m
[37m[19.098][linker]-[Debug]-[DjiProtocol_v1Pack:123) <0xf7e2>V1-Send: 0x0A06->0x0300 0x4900 [0m
[37m[19.136][linker]-[Debug]-[DjiProtocol_v1Unpack:215) <0xf827>V1-Recv: 0x0300->0x0A06 0x221B [0m
[37m[19.136][linker]-[Debug]-[DjiCommand_RecvWork:1066)  <0xf827>Receive msg from linker, 0x0300->0x0A06 0x221B len:9 [0m
[37m[19.153][linker]-[Debug]-[DjiProtocol_v1Unpack:215) <0xf848>V1-Recv: 0x0306->0x0A06 0x03C1 [0m
[37m[19.154][linker]-[Debug]-[DjiCommand_RecvWork:1066)  <0xf848>Receive msg from linker, 0x0306->0x0A06 0x03C1 len:13 [0m
[37m[19.178][linker]-[Debug]-[DjiProtocol_v1Unpack:215) <0xf86e>V1-Recv: 0x0300->0x0A06 0x036C [0m
[37m[19.178][linker]-[Debug]-[DjiCommand_RecvWork:1066)  <0xf86e>Receive msg from linker, 0x0300->0x0A06 0x036C len:71 [0m
[37m[19.184][linker]-[Debug]-[DjiProtocol_v1Pack:123) <0xfdf0>V1-Send: 0x0A06->0x0200 0x3C10 [0m
[37m[19.184][linker]-[Debug]-[DjiProtocol_v1Pack:123) <0xfdf1>V1-Send: 0x0A06->0x0A01 0x3C10 [0m
[37m[19.184][linker]-[Debug]-[DjiProtocol_v1Pack:123) <0xfdf2>V1-Send: 0x0A06->0x0300 0x3C10 [0m
[37m[19.198][linker]-[Debug]-[DjiProtocol_v1Unpack:215) <0xf899>V1-Recv: 0x0300->0x0A06 0x4900 [0m
[37m[19.198][linker]-[Debug]-[DjiProtocol_v1Unpack:215) <0x9f89>V1-Recv: 0x0A01->0x0A06 0x3C45 [0m
[37m[19.198][linker]-[Debug]-[DjiCommand_RecvWork:1066)  <0xf899>Receive msg from linker, 0x0300->0x0A06 0x4900 len:14 [0m
[37m[19.198][linker]-[Debug]-[DjiProtocol_v1Pack:123) <0xf899>V1-Send: 0x0A06->0x0300 0x4900 [0m
[37m[19.199][linker]-[Debug]-[DjiCommand_RecvWork:1066)  <0x9f89>Receive msg from linker, 0x0A01->0x0A06 0x3C45 len:0 [0m
[37m[19.200][upgrade]-[Debug]-[DjiUpgrade_GetUpgradeServiceInfo:239) Get upgrade service info [0m
[37m[19.200][linker]-[Debug]-[DjiProtocol_v1Pack:123) <0x9f89>V1-Send: 0x0A06->0x0A01 0x3C45 [0m
[37m[19.235][linker]-[Debug]-[DjiProtocol_v1Unpack:215) <0xf8d9>V1-Recv: 0x0300->0x0A06 0x221B [0m
[37m[19.236][linker]-[Debug]-[DjiCommand_RecvWork:1066)  <0xf8d9>Receive msg from linker, 0x0300->0x0A06 0x221B len:9 [0m
[37m[19.236][utils]-[Debug]-[DjiCore_RootTask:131) work execution time: [0m
[37m[19.236][utils]-[Debug]-[DjiCore_RootTask:132) name	                execution time (ms)	  max execution time (ms) [0m
[37m[19.236][utils]-[Debug]-[DjiCore_RootTask:134) recorderWork                    	1       	1        [0m
[37m[19.236][utils]-[Debug]-[DjiCore_RootTask:134) flowControllerTask              	0       	0        [0m
[37m[19.236][utils]-[Debug]-[DjiCore_RootTask:134) commandTask                     	1       	1        [0m
[37m[19.236][utils]-[Debug]-[DjiCore_RootTask:134) aircraftWorkNode                	0       	0        [0m
[37m[19.236][utils]-[Debug]-[DjiCore_RootTask:134) StatePushWork                   	1       	1        [0m
[37m[19.246][linker]-[Debug]-[DjiProtocol_v1Unpack:215) <0x8cd4>V1-Recv: 0x0800->0x0A06 0x0866 [0m
[37m[19.246][linker]-[Debug]-[DjiCommand_RecvWork:1066)  <0x8cd4>Receive msg from linker, 0x0800->0x0A06 0x0866 len:16 [0m
[37m[19.246][liveview]-[Debug]-[DjiLiveview_DecodeLiveviewStatusHandle:1169) Liveview uuid info total_num: 1, index: 0, version: 1, major_type: 0, minor_type: 39, idx: 0, pos: 7 [0m
[37m[19.246][liveview]-[Debug]-[DjiLiveview_DecodeLiveviewStatusHandle:1183) sdr num: 1 [0m
[37m[19.246][liveview]-[Debug]-[DjiLiveview_DecodeLiveviewStatusHandle:1207) consumeBytes: 14, availBytes: 14 [0m
[37m[19.253][linker]-[Debug]-[DjiProtocol_v1Unpack:215) <0xf8fa>V1-Recv: 0x0306->0x0A06 0x03C1 [0m
[37m[19.254][linker]-[Debug]-[DjiCommand_RecvWork:1066)  <0xf8fa>Receive msg from linker, 0x0306->0x0A06 0x03C1 len:13 [0m
[37m[19.277][linker]-[Debug]-[DjiProtocol_v1Unpack:215) <0xf918>V1-Recv: 0x0300->0x0A06 0x036C [0m
[37m[19.278][linker]-[Debug]-[DjiCommand_RecvWork:1066)  <0xf918>Receive msg from linker, 0x0300->0x0A06 0x036C len:71 [0m
[32m[19.282][user]-[Info]-[DjiTest_WaypointV2RunSample:209) --> Step 4: Upload waypoint V2 mission
 [0m
[37m[19.282][user]-[Debug]-[DjiTest_WaypointV2UploadMission:741) Generate mission id:12355 [0m
[37m[19.297][linker]-[Debug]-[DjiProtocol_v1Pack:123) <0xfde2>V1-Send: 0x0A06->0x0800 0x0867 [0m
[32m[19.297][user]-[Info]-[liveviewThreadFunc:125) --> Step 2: Start h264 stream of the fpv and selected payload
 [0m
[37m[19.297][linker]-[Debug]-[DjiProtocol_v1Pack:123) <0xfdf3>V1-Send: 0x0A06->0x0800 0x0868 [0m
[37m[19.298][linker]-[Debug]-[DjiProtocol_v1Unpack:215) <0xf947>V1-Recv: 0x0300->0x0A06 0x4900 [0m
[37m[19.298][linker]-[Debug]-[DjiCommand_RecvWork:1066)  <0xf947>Receive msg from linker, 0x0300->0x0A06 0x4900 len:14 [0m
[37m[19.298][linker]-[Debug]-[DjiProtocol_v1Pack:123) <0xf947>V1-Send: 0x0A06->0x0300 0x4900 [0m
[37m[19.318][linker]-[Debug]-[DjiProtocol_v1Unpack:215) <0xfdf3>V1-Recv: 0x0800->0x0A06 0x0868 [0m
[37m[19.319][linker]-[Debug]-[DjiCommand_RecvWork:1066)  <0xfdf3>Receive msg from linker, 0x0800->0x0A06 0x0868 len:1 [0m
[37m[19.319][linker]-[Debug]-[DjiCommand_SendSyncCallback:1014) PsdkCommand_SendSyncCallback success [0m
[37m[19.319][linker]-[Debug]-[DjiCommand_DealCmd:830) callback function (cmdset: 0x08 cmdid: 0x68) deal time: 0 ms [0m
[37m[19.319][linker]-[Debug]-[DjiCommand_SendSync:553) sendSync callback success [0m
[37m[19.319][liveview]-[Debug]-[DjiLiveview_StopH264Stream:764) Unsubscribe h264 stream success, channel id: 80 [0m
[37m[19.335][linker]-[Debug]-[DjiProtocol_v1Unpack:215) <0xf98f>V1-Recv: 0x0300->0x0A06 0x221B [0m
[37m[19.336][linker]-[Debug]-[DjiCommand_RecvWork:1066)  <0xf98f>Receive msg from linker, 0x0300->0x0A06 0x221B len:9 [0m
[32m[19.336][user]-[Info]-[DjiTest_WaypointV2StateCallback:675) [Waypoint Index:0]: State: Ground station not start, velocity:0.00 m/s [0m
[37m[19.354][linker]-[Debug]-[DjiProtocol_v1Unpack:215) <0xf9b2>V1-Recv: 0x0306->0x0A06 0x03C1 [0m
[37m[19.355][linker]-[Debug]-[DjiCommand_RecvWork:1066)  <0xf9b2>Receive msg from linker, 0x0306->0x0A06 0x03C1 len:13 [0m
[37m[19.378][linker]-[Debug]-[DjiProtocol_v1Unpack:215) <0xf9d4>V1-Recv: 0x0300->0x0A06 0x036C [0m
[37m[19.378][linker]-[Debug]-[DjiCommand_RecvWork:1066)  <0xf9d4>Receive msg from linker, 0x0300->0x0A06 0x036C len:71 [0m
[37m[19.396][linker]-[Debug]-[DjiProtocol_v1Pack:123) <0xfdf4>V1-Send: 0x0A06->0x0200 0x3C10 [0m
[37m[19.396][linker]-[Debug]-[DjiProtocol_v1Pack:123) <0xfdf5>V1-Send: 0x0A06->0x0A01 0x3C10 [0m
[37m[19.396][linker]-[Debug]-[DjiProtocol_v1Pack:123) <0xfdf6>V1-Send: 0x0A06->0x0300 0x3C10 [0m
[37m[19.397][linker]-[Debug]-[DjiProtocol_v1Unpack:215) <0xf9fa>V1-Recv: 0x0300->0x0100 0x0405 [0m
[37m[19.397][linker]-[Debug]-[DjiProtocol_v1Unpack:215) <0xf9fe>V1-Recv: 0x0300->0x0A06 0x4900 [0m
[37m[19.398][linker]-[Debug]-[DjiCommand_RecvWork:1066)  <0xf9fa>Receive msg from linker, 0x0300->0x0100 0x0405 len:22 [0m
[37m[19.398][linker]-[Debug]-[DjiCommand_DealCmd:919) received unsupport request cmd that noneed ack, <0xf9fa> cmdset: 0x04 cmdid: 0x05 [0m
[37m[19.399][linker]-[Debug]-[DjiCommand_RecvWork:1066)  <0xf9fe>Receive msg from linker, 0x0300->0x0A06 0x4900 len:14 [0m
[37m[19.399][linker]-[Debug]-[DjiProtocol_v1Pack:123) <0xf9fe>V1-Send: 0x0A06->0x0300 0x4900 [0m
[37m[19.419][linker]-[Debug]-[DjiProtocol_v1Unpack:215) <0x9f8a>V1-Recv: 0x0A01->0x0A06 0x3C45 [0m
[37m[19.419][linker]-[Debug]-[DjiCommand_RecvWork:1066)  <0x9f8a>Receive msg from linker, 0x0A01->0x0A06 0x3C45 len:0 [0m
[37m[19.419][upgrade]-[Debug]-[DjiUpgrade_GetUpgradeServiceInfo:239) Get upgrade service info [0m
[37m[19.419][linker]-[Debug]-[DjiProtocol_v1Pack:123) <0x9f8a>V1-Send: 0x0A06->0x0A01 0x3C45 [0m
[37m[19.436][linker]-[Debug]-[DjiProtocol_v1Unpack:215) <0xfa43>V1-Recv: 0x0300->0x0A06 0x221B [0m
[37m[19.436][linker]-[Debug]-[DjiCommand_RecvWork:1066)  <0xfa43>Receive msg from linker, 0x0300->0x0A06 0x221B len:9 [0m
[37m[19.454][linker]-[Debug]-[DjiProtocol_v1Unpack:215) <0xfa69>V1-Recv: 0x0306->0x0A06 0x03C1 [0m
[37m[19.454][linker]-[Debug]-[DjiCommand_RecvWork:1066)  <0xfa69>Receive msg from linker, 0x0306->0x0A06 0x03C1 len:13 [0m
[37m[19.478][linker]-[Debug]-[DjiProtocol_v1Unpack:215) <0xfa8c>V1-Recv: 0x0300->0x0A06 0x036C [0m
[37m[19.478][linker]-[Debug]-[DjiCommand_RecvWork:1066)  <0xfa8c>Receive msg from linker, 0x0300->0x0A06 0x036C len:71 [0m
[37m[19.498][linker]-[Debug]-[DjiProtocol_v1Unpack:215) <0xfabc>V1-Recv: 0x0300->0x0A06 0x4900 [0m
[37m[19.498][linker]-[Debug]-[DjiCommand_RecvWork:1066)  <0xfabc>Receive msg from linker, 0x0300->0x0A06 0x4900 len:14 [0m
[37m[19.498][linker]-[Debug]-[DjiProtocol_v1Pack:123) <0xfabc>V1-Send: 0x0A06->0x0300 0x4900 [0m
[37m[19.501][linker]-[Debug]-[DjiProtocol_v1Unpack:215) <0x8cd5>V1-Recv: 0x0800->0x0A06 0x0866 [0m
[37m[19.501][linker]-[Debug]-[DjiCommand_RecvWork:1066)  <0x8cd5>Receive msg from linker, 0x0800->0x0A06 0x0866 len:16 [0m
[37m[19.501][liveview]-[Debug]-[DjiLiveview_DecodeLiveviewStatusHandle:1169) Liveview uuid info total_num: 1, index: 0, version: 1, major_type: 0, minor_type: 39, idx: 0, pos: 7 [0m
[37m[19.501][liveview]-[Debug]-[DjiLiveview_DecodeLiveviewStatusHandle:1183) sdr num: 1 [0m
[37m[19.501][liveview]-[Debug]-[DjiLiveview_DecodeLiveviewStatusHandle:1207) consumeBytes: 14, availBytes: 14 [0m
[37m[19.518][linker]-[Debug]-[DjiProtocol_v1Unpack:215) <0xfad9>V1-Recv: 0x0306->0x0A06 0x03C1 [0m
[37m[19.518][linker]-[Debug]-[DjiCommand_RecvWork:1066)  <0xfad9>Receive msg from linker, 0x0306->0x0A06 0x03C1 len:126 [0m
[37m[19.535][linker]-[Debug]-[DjiProtocol_v1Unpack:215) <0xfb0f>V1-Recv: 0x0300->0x0A06 0x221B [0m
[37m[19.535][linker]-[Debug]-[DjiCommand_RecvWork:1066)  <0xfb0f>Receive msg from linker, 0x0300->0x0A06 0x221B len:9 [0m
[37m[19.553][linker]-[Debug]-[DjiProtocol_v1Unpack:215) <0xfb36>V1-Recv: 0x0306->0x0A06 0x03C1 [0m
[37m[19.553][linker]-[Debug]-[DjiCommand_RecvWork:1066)  <0xfb36>Receive msg from linker, 0x0306->0x0A06 0x03C1 len:13 [0m
[32m[19.558][user]-[Info]-[UserFcSubscription_Task:456) Current speed: 0.000000.
 [0m
[32m[19.558][user]-[Info]-[point_to_segment_distance:935) (distance_safe: 0.211321)  (Homepoint_info: lat->39.136887, lon->117.141939.)  (targetPoint: lat->39.136301, lon->117.128417.)  (currentPoint: lat->39.136882, lon->117.141946.)  (projectionPoint: lat->39.136887, lon->117.141946.)  ratio: -0.000521.
 [0m
[32m[19.558][user]-[Info]-[UserFcSubscription_Task:656) Displaymode status: 6. [0m
[37m[19.578][linker]-[Debug]-[DjiProtocol_v1Unpack:215) <0xfb5a>V1-Recv: 0x0300->0x0A06 0x036C [0m
[37m[19.578][linker]-[Debug]-[DjiCommand_RecvWork:1066)  <0xfb5a>Receive msg from linker, 0x0300->0x0A06 0x036C len:71 [0m
[37m[19.597][linker]-[Debug]-[DjiProtocol_v1Unpack:215) <0xfb87>V1-Recv: 0x0300->0x0A06 0x4900 [0m
[37m[19.598][linker]-[Debug]-[DjiCommand_RecvWork:1066)  <0xfb87>Receive msg from linker, 0x0300->0x0A06 0x4900 len:14 [0m
[37m[19.598][linker]-[Debug]-[DjiProtocol_v1Pack:123) <0xfb87>V1-Send: 0x0A06->0x0300 0x4900 [0m
[37m[19.609][linker]-[Debug]-[DjiProtocol_v1Pack:123) <0xfdf7>V1-Send: 0x0A06->0x0200 0x3C10 [0m
[37m[19.609][linker]-[Debug]-[DjiProtocol_v1Pack:123) <0xfdf8>V1-Send: 0x0A06->0x0A01 0x3C10 [0m
[37m[19.609][linker]-[Debug]-[DjiProtocol_v1Pack:123) <0xfdf9>V1-Send: 0x0A06->0x0300 0x3C10 [0m
[37m[19.609][linker]-[Debug]-[DjiProtocol_v1Unpack:215) <0x7cb>V1-Recv: 0x0701->0x0A06 0x0000 [0m
[37m[19.610][linker]-[Debug]-[DjiCommand_RecvWork:1066)  <0x7cb>Receive msg from linker, 0x0701->0x0A06 0x0000 len:16 [0m
[37m[19.610][linker]-[Debug]-[DjiProtocol_v1Pack:123) <0x7cb>V1-Send: 0x0A06->0x0701 0x0000 [0m
[37m[19.636][linker]-[Debug]-[DjiProtocol_v1Unpack:215) <0xfbc7>V1-Recv: 0x0300->0x0A06 0x221B [0m
[37m[19.636][linker]-[Debug]-[DjiCommand_RecvWork:1066)  <0xfbc7>Receive msg from linker, 0x0300->0x0A06 0x221B len:9 [0m
[37m[19.638][linker]-[Debug]-[DjiProtocol_v1Unpack:215) <0x9f8c>V1-Recv: 0x0A01->0x0A06 0x3C45 [0m
[37m[19.638][linker]-[Debug]-[DjiCommand_RecvWork:1066)  <0x9f8c>Receive msg from linker, 0x0A01->0x0A06 0x3C45 len:0 [0m
[37m[19.638][upgrade]-[Debug]-[DjiUpgrade_GetUpgradeServiceInfo:239) Get upgrade service info [0m
[37m[19.638][linker]-[Debug]-[DjiProtocol_v1Pack:123) <0x9f8c>V1-Send: 0x0A06->0x0A01 0x3C45 [0m
[37m[19.654][linker]-[Debug]-[DjiProtocol_v1Unpack:215) <0xfbe8>V1-Recv: 0x0306->0x0A06 0x03C1 [0m
[37m[19.654][linker]-[Debug]-[DjiCommand_RecvWork:1066)  <0xfbe8>Receive msg from linker, 0x0306->0x0A06 0x03C1 len:13 [0m
[37m[19.673][linker]-[Debug]-[DjiProtocol_v1Unpack:215) <0x3a7f>V1-Recv: 0x1D07->0x0A06 0x2105 [0m
[37m[19.673][linker]-[Debug]-[DjiCommand_RecvWork:1066)  <0x3a7f>Receive msg from linker, 0x1D07->0x0A06 0x2105 len:1 [0m
[37m[19.673][linker]-[Debug]-[DjiCommand_DealCmd:919) received unsupport request cmd that need ack, <0x3a7f> cmdset: 0x21 cmdid: 0x05 [0m
[37m[19.678][linker]-[Debug]-[DjiProtocol_v1Unpack:215) <0xfc06>V1-Recv: 0x0300->0x0A06 0x036C [0m
[37m[19.678][linker]-[Debug]-[DjiCommand_RecvWork:1066)  <0xfc06>Receive msg from linker, 0x0300->0x0A06 0x036C len:71 [0m
[37m[19.698][linker]-[Debug]-[DjiProtocol_v1Unpack:215) <0xfc30>V1-Recv: 0x0300->0x0A06 0x4900 [0m
[37m[19.699][linker]-[Debug]-[DjiCommand_RecvWork:1066)  <0xfc30>Receive msg from linker, 0x0300->0x0A06 0x4900 len:14 [0m
[37m[19.699][linker]-[Debug]-[DjiProtocol_v1Pack:123) <0xfc30>V1-Send: 0x0A06->0x0300 0x4900 [0m
[37m[19.735][linker]-[Debug]-[DjiProtocol_v1Unpack:215) <0xfc7a>V1-Recv: 0x0300->0x0A06 0x221B [0m
[37m[19.736][linker]-[Debug]-[DjiCommand_RecvWork:1066)  <0xfc7a>Receive msg from linker, 0x0300->0x0A06 0x221B len:9 [0m
[37m[19.746][linker]-[Debug]-[DjiProtocol_v1Unpack:215) <0x8cd6>V1-Recv: 0x0800->0x0A06 0x0866 [0m
[37m[19.747][linker]-[Debug]-[DjiCommand_RecvWork:1066)  <0x8cd6>Receive msg from linker, 0x0800->0x0A06 0x0866 len:16 [0m
[37m[19.747][liveview]-[Debug]-[DjiLiveview_DecodeLiveviewStatusHandle:1169) Liveview uuid info total_num: 1, index: 0, version: 1, major_type: 0, minor_type: 39, idx: 0, pos: 7 [0m
[37m[19.747][liveview]-[Debug]-[DjiLiveview_DecodeLiveviewStatusHandle:1183) sdr num: 1 [0m
[37m[19.747][liveview]-[Debug]-[DjiLiveview_DecodeLiveviewStatusHandle:1207) consumeBytes: 14, availBytes: 14 [0m
[37m[19.753][linker]-[Debug]-[DjiProtocol_v1Unpack:215) <0xfca0>V1-Recv: 0x0306->0x0A06 0x03C1 [0m
[37m[19.754][linker]-[Debug]-[DjiCommand_RecvWork:1066)  <0xfca0>Receive msg from linker, 0x0306->0x0A06 0x03C1 len:13 [0m
[37m[19.778][linker]-[Debug]-[DjiProtocol_v1Unpack:215) <0xfcc2>V1-Recv: 0x0300->0x0A06 0x036C [0m
[37m[19.779][linker]-[Debug]-[DjiCommand_RecvWork:1066)  <0xfcc2>Receive msg from linker, 0x0300->0x0A06 0x036C len:71 [0m
[37m[19.797][linker]-[Debug]-[DjiProtocol_v1Unpack:215) <0xfceb>V1-Recv: 0x0300->0x0A06 0x4900 [0m
[37m[19.798][linker]-[Debug]-[DjiCommand_RecvWork:1066)  <0xfceb>Receive msg from linker, 0x0300->0x0A06 0x4900 len:14 [0m
[37m[19.798][linker]-[Debug]-[DjiProtocol_v1Pack:123) <0xfceb>V1-Send: 0x0A06->0x0300 0x4900 [0m
[37m[19.819][liveview]-[Debug]-[DjiLiveview_FindLiveviewSource:1122) Found the liveview source (pos:7) on the drone. [0m
[37m[19.819][linker]-[Debug]-[DjiProtocol_v1Pack:123) <0xfdfa>V1-Send: 0x0A06->0x0800 0x0868 [0m
[37m[19.822][linker]-[Debug]-[DjiProtocol_v1Pack:123) <0xfdfb>V1-Send: 0x0A06->0x0300 0x0000 [0m
[37m[19.822][infor]-[Debug]-[DjiAircraftConnection_CheckExtensionPortConnectStatusByV1Protocol:170) check connect status:1 [0m
[37m[19.822][linker]-[Debug]-[DjiProtocol_v1Pack:123) <0xfdfc>V1-Send: 0x0A06->0x0200 0x3C10 [0m
[37m[19.822][linker]-[Debug]-[DjiProtocol_v1Pack:123) <0xfdfd>V1-Send: 0x0A06->0x0A01 0x3C10 [0m
[37m[19.822][linker]-[Debug]-[DjiProtocol_v1Pack:123) <0xfdfe>V1-Send: 0x0A06->0x0300 0x3C10 [0m
[37m[19.836][linker]-[Debug]-[DjiProtocol_v1Unpack:215) <0xfdfb>V1-Recv: 0x0300->0x0A06 0x0000 [0m
[37m[19.836][linker]-[Debug]-[DjiProtocol_v1Unpack:215) <0xfd2f>V1-Recv: 0x0300->0x0A06 0x221B [0m
[37m[19.837][linker]-[Debug]-[DjiCommand_RecvWork:1066)  <0xfdfb>Receive msg from linker, 0x0300->0x0A06 0x0000 len:0 [0m
[37m[19.837][infor]-[Debug]-[DjiAircraftInfo_CheckPingStatusAsyncCallback:269) connect status async sucess [0m
[37m[19.837][linker]-[Debug]-[DjiCommand_DealCmd:830) callback function (cmdset: 0x00 cmdid: 0x00) deal time: 0 ms [0m
[37m[19.838][linker]-[Debug]-[DjiCommand_RecvWork:1066)  <0xfd2f>Receive msg from linker, 0x0300->0x0A06 0x221B len:9 [0m
[37m[19.838][linker]-[Debug]-[DjiProtocol_v1Unpack:215) <0xfdfa>V1-Recv: 0x0800->0x0A06 0x0868 [0m
[37m[19.839][linker]-[Debug]-[DjiCommand_RecvWork:1066)  <0xfdfa>Receive msg from linker, 0x0800->0x0A06 0x0868 len:1 [0m
[37m[19.839][linker]-[Debug]-[DjiCommand_SendSyncCallback:1014) PsdkCommand_SendSyncCallback success [0m
[37m[19.839][linker]-[Debug]-[DjiCommand_DealCmd:830) callback function (cmdset: 0x08 cmdid: 0x68) deal time: 0 ms [0m
[37m[19.839][linker]-[Debug]-[DjiCommand_SendSync:553) sendSync callback success [0m
[37m[19.839][liveview]-[Debug]-[DjiLiveview_StartH264Stream:672) Request h264 stream success, channel id: 80 [0m
[32m[19.839][user]-[Info]-[liveviewThreadFunc:148) Storing camera h264 stream, second:. [0m
[37m[19.839][liveview]-[Debug]-[DjiLiveview_FindLiveviewSource:1122) Found the liveview source (pos:7) on the drone. [0m
[37m[19.839][liveview]-[Debug]-[DjiLiveview_RequestIntraframeFrameData:878) Request I frame by uuid, major: 0, minor: 39, idx: 0, pos: 7, tunnel: 80 [0m
[37m[19.839][linker]-[Debug]-[DjiProtocol_v1Pack:123) <0xfdff>V1-Send: 0x0A06->0x0700 0x0872 [0m
[37m[19.848][linker]-[Debug]-[DjiProtocol_v1Unpack:215) <0x9f8e>V1-Recv: 0x0A01->0x0A06 0x3C45 [0m
[37m[19.849][linker]-[Debug]-[DjiCommand_RecvWork:1066)  <0x9f8e>Receive msg from linker, 0x0A01->0x0A06 0x3C45 len:0 [0m
[37m[19.849][upgrade]-[Debug]-[DjiUpgrade_GetUpgradeServiceInfo:239) Get upgrade service info [0m
[37m[19.849][linker]-[Debug]-[DjiProtocol_v1Pack:123) <0x9f8e>V1-Send: 0x0A06->0x0A01 0x3C45 [0m
[37m[19.853][linker]-[Debug]-[DjiProtocol_v1Unpack:215) <0xfd54>V1-Recv: 0x0306->0x0A06 0x03C1 [0m
[37m[19.853][linker]-[Debug]-[DjiCommand_RecvWork:1066)  <0xfd54>Receive msg from linker, 0x0306->0x0A06 0x03C1 len:13 [0m
[37m[19.878][linker]-[Debug]-[DjiProtocol_v1Unpack:215) <0xfd75>V1-Recv: 0x0300->0x0A06 0x036C [0m
[37m[19.878][linker]-[Debug]-[DjiCommand_RecvWork:1066)  <0xfd75>Receive msg from linker, 0x0300->0x0A06 0x036C len:71 [0m
[37m[19.880][linker]-[Debug]-[DjiProtocol_v1Unpack:215) <0xfdff>V1-Recv: 0x0700->0x0A06 0x0872 [0m
[37m[19.880][linker]-[Debug]-[DjiCommand_RecvWork:1066)  <0xfdff>Receive msg from linker, 0x0700->0x0A06 0x0872 len:1 [0m
[37m[19.880][linker]-[Debug]-[DjiCommand_SendSyncCallback:1014) PsdkCommand_SendSyncCallback success [0m
[37m[19.880][linker]-[Debug]-[DjiCommand_SendSync:553) sendSync callback success [0m
[37m[19.881][linker]-[Debug]-[DjiCommand_DealCmd:830) callback function (cmdset: 0x08 cmdid: 0x72) deal time: 1 ms [0m
[37m[19.884][channel]-[Debug]-[DjiStreamChannelUdp_RecvDataThread:248) Receive udp data from 255.255.0.0.136 -> 192.168.100.2.30081, protocol: raw_data [0m
[37m[19.884][channel]-[Debug]-[DjiStreamChannelUdp_RecvDataThread:248) Receive udp data from 255.255.0.0.136 -> 192.168.100.2.30081, protocol: raw_data [0m
[37m[19.885][channel]-[Debug]-[DjiStreamChannelUdp_RecvDataThread:248) Receive udp data from 255.255.0.0.136 -> 192.168.100.2.30081, protocol: raw_data [0m
[37m[19.894][channel]-[Debug]-[DjiStreamChannelUdp_RecvDataThread:248) Receive udp data from 255.255.0.0.136 -> 192.168.100.2.30081, protocol: raw_data [0m
[37m[19.895][channel]-[Debug]-[DjiStreamChannelUdp_RecvDataThread:248) Receive udp data from 255.255.0.0.136 -> 192.168.100.2.30081, protocol: raw_data [0m
[37m[19.898][linker]-[Debug]-[DjiProtocol_v1Unpack:215) <0xfd9f>V1-Recv: 0x0300->0x0A06 0x0F74 [0m
[37m[19.898][linker]-[Debug]-[DjiProtocol_v1Unpack:215) <0xfda4>V1-Recv: 0x0300->0x0100 0x0406 [0m
[37m[19.898][linker]-[Debug]-[DjiProtocol_v1Unpack:215) <0xfda5>V1-Recv: 0x0300->0x0100 0x0407 [0m
[37m[19.898][linker]-[Debug]-[DjiProtocol_v1Unpack:215) <0xfda6>V1-Recv: 0x0300->0x0A06 0x4900 [0m
[37m[19.899][linker]-[Debug]-[DjiCommand_RecvWork:1066)  <0xfd9f>Receive msg from linker, 0x0300->0x0A06 0x0F74 len:28 [0m
[37m[19.899][linker]-[Debug]-[DjiCommand_DealCmd:919) received unsupport request cmd that noneed ack, <0xfd9f> cmdset: 0x0F cmdid: 0x74 [0m
[37m[19.900][linker]-[Debug]-[DjiCommand_RecvWork:1066)  <0xfda4>Receive msg from linker, 0x0300->0x0100 0x0406 len:12 [0m
[37m[19.900][linker]-[Debug]-[DjiCommand_DealCmd:919) received unsupport request cmd that noneed ack, <0xfda4> cmdset: 0x04 cmdid: 0x06 [0m
[37m[19.901][linker]-[Debug]-[DjiCommand_RecvWork:1066)  <0xfda5>Receive msg from linker, 0x0300->0x0100 0x0407 len:1 [0m
[37m[19.901][linker]-[Debug]-[DjiCommand_DealCmd:919) received unsupport request cmd that noneed ack, <0xfda5> cmdset: 0x04 cmdid: 0x07 [0m
[37m[19.902][linker]-[Debug]-[DjiCommand_RecvWork:1066)  <0xfda6>Receive msg from linker, 0x0300->0x0A06 0x4900 len:14 [0m
[37m[19.902][linker]-[Debug]-[DjiProtocol_v1Pack:123) <0xfda6>V1-Send: 0x0A06->0x0300 0x4900 [0m
[37m[19.928][channel]-[Debug]-[DjiStreamChannelUdp_RecvDataThread:248) Receive udp data from 255.255.0.0.136 -> 192.168.100.2.30081, protocol: raw_data [0m
[37m[19.935][linker]-[Debug]-[DjiProtocol_v1Unpack:215) <0xfdf0>V1-Recv: 0x0300->0x0A06 0x221B [0m
[37m[19.936][linker]-[Debug]-[DjiCommand_RecvWork:1066)  <0xfdf0>Receive msg from linker, 0x0300->0x0A06 0x221B len:9 [0m
[37m[19.954][linker]-[Debug]-[DjiProtocol_v1Unpack:215) <0xfe11>V1-Recv: 0x0306->0x0A06 0x03C1 [0m
[37m[19.954][linker]-[Debug]-[DjiCommand_RecvWork:1066)  <0xfe11>Receive msg from linker, 0x0306->0x0A06 0x03C1 len:13 [0m
[37m[19.961][channel]-[Debug]-[DjiStreamChannelUdp_RecvDataThread:248) Receive udp data from 255.255.0.0.136 -> 192.168.100.2.30081, protocol: raw_data [0m
[37m[19.978][linker]-[Debug]-[DjiProtocol_v1Unpack:215) <0xfe34>V1-Recv: 0x0300->0x0A06 0x036C [0m
[37m[19.978][linker]-[Debug]-[DjiCommand_RecvWork:1066)  <0xfe34>Receive msg from linker, 0x0300->0x0A06 0x036C len:71 [0m
[37m[19.995][channel]-[Debug]-[DjiStreamChannelUdp_RecvDataThread:248) Receive udp data from 255.255.0.0.136 -> 192.168.100.2.30081, protocol: raw_data [0m
[37m[19.997][linker]-[Debug]-[DjiProtocol_v1Unpack:215) <0x8cd7>V1-Recv: 0x0800->0x0A06 0x0866 [0m
[37m[19.997][linker]-[Debug]-[DjiProtocol_v1Unpack:215) <0xfe6b>V1-Recv: 0x0300->0x0A06 0x4900 [0m
[37m[19.997][linker]-[Debug]-[DjiCommand_RecvWork:1066)  <0x8cd7>Receive msg from linker, 0x0800->0x0A06 0x0866 len:17 [0m
[37m[19.997][liveview]-[Debug]-[DjiLiveview_DecodeLiveviewStatusHandle:1169) Liveview uuid info total_num: 1, index: 0, version: 1, major_type: 0, minor_type: 39, idx: 0, pos: 7 [0m
[37m[19.997][liveview]-[Debug]-[DjiLiveview_DecodeLiveviewStatusHandle:1183) sdr num: 1 [0m
[37m[19.997][liveview]-[Debug]-[DjiLiveview_DecodeLiveviewStatusHandle:1203) tunnel id: 0 [0m
[37m[19.997][liveview]-[Debug]-[DjiLiveview_DecodeLiveviewStatusHandle:1207) consumeBytes: 15, availBytes: 15 [0m
[37m[19.998][linker]-[Debug]-[DjiCommand_RecvWork:1066)  <0xfe6b>Receive msg from linker, 0x0300->0x0A06 0x4900 len:14 [0m
[37m[19.998][linker]-[Debug]-[DjiProtocol_v1Pack:123) <0xfe6b>V1-Send: 0x0A06->0x0300 0x4900 [0m
[37m[20.028][channel]-[Debug]-[DjiStreamChannelUdp_RecvDataThread:248) Receive udp data from 255.255.0.0.136 -> 192.168.100.2.30081, protocol: raw_data [0m
[37m[20.035][linker]-[Debug]-[DjiProtocol_v1Unpack:215) <0xfead>V1-Recv: 0x0300->0x0A06 0x221B [0m
[37m[20.036][linker]-[Debug]-[DjiCommand_RecvWork:1066)  <0xfead>Receive msg from linker, 0x0300->0x0A06 0x221B len:9 [0m
[37m[20.036][linker]-[Debug]-[DjiProtocol_v1Pack:123) <0xfe00>V1-Send: 0x0A06->0x0200 0x3C10 [0m
[37m[20.036][linker]-[Debug]-[DjiProtocol_v1Pack:123) <0xfe01>V1-Send: 0x0A06->0x0A01 0x3C10 [0m
[37m[20.036][linker]-[Debug]-[DjiProtocol_v1Pack:123) <0xfe02>V1-Send: 0x0A06->0x0300 0x3C10 [0m
[37m[20.053][linker]-[Debug]-[DjiProtocol_v1Unpack:215) <0xfecf>V1-Recv: 0x0306->0x0A06 0x03C1 [0m
[37m[20.054][linker]-[Debug]-[DjiCommand_RecvWork:1066)  <0xfecf>Receive msg from linker, 0x0306->0x0A06 0x03C1 len:13 [0m
[37m[20.058][linker]-[Debug]-[DjiProtocol_v1Unpack:215) <0x9f90>V1-Recv: 0x0A01->0x0A06 0x3C45 [0m
[37m[20.059][linker]-[Debug]-[DjiCommand_RecvWork:1066)  <0x9f90>Receive msg from linker, 0x0A01->0x0A06 0x3C45 len:0 [0m
[37m[20.059][upgrade]-[Debug]-[DjiUpgrade_GetUpgradeServiceInfo:239) Get upgrade service info [0m
[37m[20.059][linker]-[Debug]-[DjiProtocol_v1Pack:123) <0x9f90>V1-Send: 0x0A06->0x0A01 0x3C45 [0m
[37m[20.061][channel]-[Debug]-[DjiStreamChannelUdp_RecvDataThread:248) Receive udp data from 255.255.0.0.136 -> 192.168.100.2.30081, protocol: raw_data [0m
[37m[20.077][linker]-[Debug]-[DjiProtocol_v1Unpack:215) <0xfeed>V1-Recv: 0x0300->0x0A06 0x036C [0m
[37m[20.078][linker]-[Debug]-[DjiCommand_RecvWork:1066)  <0xfeed>Receive msg from linker, 0x0300->0x0A06 0x036C len:71 [0m
[37m[20.095][channel]-[Debug]-[DjiStreamChannelUdp_RecvDataThread:248) Receive udp data from 255.255.0.0.136 -> 192.168.100.2.30081, protocol: raw_data [0m
[37m[20.098][linker]-[Debug]-[DjiProtocol_v1Unpack:215) <0xff19>V1-Recv: 0x0300->0x0A06 0x4900 [0m
[37m[20.098][linker]-[Debug]-[DjiCommand_RecvWork:1066)  <0xff19>Receive msg from linker, 0x0300->0x0A06 0x4900 len:14 [0m
[37m[20.098][linker]-[Debug]-[DjiProtocol_v1Pack:123) <0xff19>V1-Send: 0x0A06->0x0300 0x4900 [0m
[37m[20.128][channel]-[Debug]-[DjiStreamChannelUdp_RecvDataThread:248) Receive udp data from 255.255.0.0.136 -> 192.168.100.2.30081, protocol: raw_data [0m
[37m[20.136][linker]-[Debug]-[DjiProtocol_v1Unpack:215) <0xff60>V1-Recv: 0x0300->0x0A06 0x221B [0m
[37m[20.136][linker]-[Debug]-[DjiCommand_RecvWork:1066)  <0xff60>Receive msg from linker, 0x0300->0x0A06 0x221B len:9 [0m
[37m[20.147][linker]-[Debug]-[DjiProtocol_v1Unpack:215) <0x9526>V1-Recv: 0x0202->0x0A06 0x0026 [0m
[37m[20.148][linker]-[Debug]-[DjiCommand_RecvWork:1066)  <0x9526>Receive msg from linker, 0x0202->0x0A06 0x0026 len:37 [0m
[37m[20.148][linker]-[Debug]-[DjiCommand_DealCmd:919) received unsupport request cmd that need ack, <0x9526> cmdset: 0x00 cmdid: 0x26 [0m
[37m[20.154][linker]-[Debug]-[DjiProtocol_v1Unpack:215) <0xff81>V1-Recv: 0x0306->0x0A06 0x03C1 [0m
[37m[20.154][linker]-[Debug]-[DjiCommand_RecvWork:1066)  <0xff81>Receive msg from linker, 0x0306->0x0A06 0x03C1 len:13 [0m
[37m[20.161][channel]-[Debug]-[DjiStreamChannelUdp_RecvDataThread:248) Receive udp data from 255.255.0.0.136 -> 192.168.100.2.30081, protocol: raw_data [0m
[37m[20.178][linker]-[Debug]-[DjiProtocol_v1Unpack:215) <0xffa5>V1-Recv: 0x0300->0x0A06 0x036C [0m
[37m[20.179][linker]-[Debug]-[DjiCommand_RecvWork:1066)  <0xffa5>Receive msg from linker, 0x0300->0x0A06 0x036C len:71 [0m
[37m[20.194][channel]-[Debug]-[DjiStreamChannelUdp_RecvDataThread:248) Receive udp data from 255.255.0.0.136 -> 192.168.100.2.30081, protocol: raw_data [0m
[37m[20.197][linker]-[Debug]-[DjiProtocol_v1Unpack:215) <0xffcf>V1-Recv: 0x0300->0x0A06 0x4900 [0m
[37m[20.198][linker]-[Debug]-[DjiCommand_RecvWork:1066)  <0xffcf>Receive msg from linker, 0x0300->0x0A06 0x4900 len:14 [0m
[37m[20.198][linker]-[Debug]-[DjiProtocol_v1Pack:123) <0xffcf>V1-Send: 0x0A06->0x0300 0x4900 [0m
[37m[20.228][channel]-[Debug]-[DjiStreamChannelUdp_RecvDataThread:248) Receive udp data from 255.255.0.0.136 -> 192.168.100.2.30081, protocol: raw_data [0m
[37m[20.236][linker]-[Debug]-[DjiProtocol_v1Unpack:215) <0x10>V1-Recv: 0x0300->0x0A06 0x221B [0m
[37m[20.236][linker]-[Debug]-[DjiCommand_RecvWork:1066)  <0x10>Receive msg from linker, 0x0300->0x0A06 0x221B len:9 [0m
[37m[20.246][linker]-[Debug]-[DjiProtocol_v1Unpack:215) <0x8cd8>V1-Recv: 0x0800->0x0A06 0x0866 [0m
[37m[20.247][linker]-[Debug]-[DjiCommand_RecvWork:1066)  <0x8cd8>Receive msg from linker, 0x0800->0x0A06 0x0866 len:17 [0m
[37m[20.247][liveview]-[Debug]-[DjiLiveview_DecodeLiveviewStatusHandle:1169) Liveview uuid info total_num: 1, index: 0, version: 1, major_type: 0, minor_type: 39, idx: 0, pos: 7 [0m
[37m[20.247][liveview]-[Debug]-[DjiLiveview_DecodeLiveviewStatusHandle:1183) sdr num: 1 [0m
[37m[20.247][liveview]-[Debug]-[DjiLiveview_DecodeLiveviewStatusHandle:1203) tunnel id: 0 [0m
[37m[20.247][liveview]-[Debug]-[DjiLiveview_DecodeLiveviewStatusHandle:1207) consumeBytes: 15, availBytes: 15 [0m
[37m[20.248][linker]-[Debug]-[DjiProtocol_v1Pack:123) <0xfe03>V1-Send: 0x0A06->0x0200 0x3C10 [0m
[37m[20.248][linker]-[Debug]-[DjiProtocol_v1Pack:123) <0xfe04>V1-Send: 0x0A06->0x0A01 0x3C10 [0m
[37m[20.248][linker]-[Debug]-[DjiProtocol_v1Pack:123) <0xfe05>V1-Send: 0x0A06->0x0300 0x3C10 [0m
[37m[20.254][linker]-[Debug]-[DjiProtocol_v1Unpack:215) <0x32>V1-Recv: 0x0306->0x0A06 0x03C1 [0m
[37m[20.254][linker]-[Debug]-[DjiCommand_RecvWork:1066)  <0x32>Receive msg from linker, 0x0306->0x0A06 0x03C1 len:13 [0m
[37m[20.261][channel]-[Debug]-[DjiStreamChannelUdp_RecvDataThread:248) Receive udp data from 255.255.0.0.136 -> 192.168.100.2.30081, protocol: raw_data [0m
[37m[20.278][linker]-[Debug]-[DjiProtocol_v1Unpack:215) <0x52>V1-Recv: 0x0300->0x0A06 0x036C [0m
[37m[20.279][linker]-[Debug]-[DjiCommand_RecvWork:1066)  <0x52>Receive msg from linker, 0x0300->0x0A06 0x036C len:71 [0m
[37m[20.280][linker]-[Debug]-[DjiProtocol_v1Unpack:215) <0x9f91>V1-Recv: 0x0A01->0x0A06 0x3C45 [0m
[37m[20.281][linker]-[Debug]-[DjiCommand_RecvWork:1066)  <0x9f91>Receive msg from linker, 0x0A01->0x0A06 0x3C45 len:0 [0m
[37m[20.281][upgrade]-[Debug]-[DjiUpgrade_GetUpgradeServiceInfo:239) Get upgrade service info [0m
[37m[20.281][linker]-[Debug]-[DjiProtocol_v1Pack:123) <0x9f91>V1-Send: 0x0A06->0x0A01 0x3C45 [0m
[32m[20.282][user]-[Info]-[DjiTest_WaypointV2GeneratePolygonWaypointV2:432) test_waypoint_v2.c------position_point1: (lat->39.136882, lon->117.141946).
 [0m
[37m[20.282][waypoint]-[Debug]-[DjiWaypointV2_UploadMission:324) refAlti:0.683067, refLong:2.044513, takeoffAltitude:5.694000
 [0m
[37m[20.282][linker]-[Debug]-[DjiProtocol_v1Pack:123) <0xfe06>V1-Send: 0x0A06->0x1105 0x2201 [0m
[37m[20.294][channel]-[Debug]-[DjiStreamChannelUdp_RecvDataThread:248) Receive udp data from 255.255.0.0.136 -> 192.168.100.2.30081, protocol: raw_data [0m
[37m[20.297][linker]-[Debug]-[DjiProtocol_v1Pack:123) <0xfde2>V1-Send: 0x0A06->0x0800 0x0867 [0m
[37m[20.298][linker]-[Debug]-[DjiProtocol_v1Unpack:215) <0x80>V1-Recv: 0x0300->0x0A06 0x4900 [0m
[37m[20.299][linker]-[Debug]-[DjiCommand_RecvWork:1066)  <0x80>Receive msg from linker, 0x0300->0x0A06 0x4900 len:14 [0m
[37m[20.299][linker]-[Debug]-[DjiProtocol_v1Pack:123) <0x80>V1-Send: 0x0A06->0x0300 0x4900 [0m
[37m[20.300][utils]-[Debug]-[DjiCore_RootTask:131) work execution time: [0m
[37m[20.300][utils]-[Debug]-[DjiCore_RootTask:132) name	                execution time (ms)	  max execution time (ms) [0m
[37m[20.300][utils]-[Debug]-[DjiCore_RootTask:134) recorderWork                    	0       	1        [0m
[37m[20.300][utils]-[Debug]-[DjiCore_RootTask:134) flowControllerTask              	0       	0        [0m
[37m[20.300][utils]-[Debug]-[DjiCore_RootTask:134) commandTask                     	1       	1        [0m
[37m[20.300][utils]-[Debug]-[DjiCore_RootTask:134) aircraftWorkNode                	0       	0        [0m
[37m[20.300][utils]-[Debug]-[DjiCore_RootTask:134) StatePushWork                   	1       	1        [0m
[37m[20.304][linker]-[Debug]-[DjiProtocol_v1Unpack:215) <0xfe06>V1-Recv: 0x1105->0x0A06 0x2201 [0m
[37m[20.305][linker]-[Debug]-[DjiCommand_RecvWork:1066)  <0xfe06>Receive msg from linker, 0x1105->0x0A06 0x2201 len:4 [0m
[37m[20.305][linker]-[Debug]-[DjiCommand_SendSyncCallback:1014) PsdkCommand_SendSyncCallback success [0m
[37m[20.305][linker]-[Debug]-[DjiCommand_DealCmd:830) callback function (cmdset: 0x22 cmdid: 0x01) deal time: 0 ms [0m
[37m[20.305][linker]-[Debug]-[DjiCommand_SendSync:553) sendSync callback success [0m
[37m[20.305][waypoint]-[Debug]-[DjiWaypointV2_GetDjiErrorCode:600) Raw ret code : ret=0x0001000F [0m
[31m[20.305][waypoint]-[Error]-[DjiWaypointV2_UploadInitSettingInternal:1232) Global_max_vel is greater than permitted_max_vel or less than permitted_min_vel  [0m
[31m[20.305][user]-[Error]-[DjiTest_WaypointV2UploadMission:756) Init waypoint V2 mission setting failed, ErrorCode:0x230001000F [0m
[31m[20.305][user]-[Error]-[DjiTest_WaypointV2RunSample:213) Upload waypoint V2 mission failed, error code: 0x0001000F [0m
[32m[20.305][user]-[Info]-[replyProgress:785) --------------------------------------- mission interrupt ---------- [0m
[37m[20.305][linker]-[Debug]-[DjiCommand_AntiRegRecvCmdHandler:722) Anti reg command handle list success, index:14 [0m
[32m[20.305][user]-[Info]-[DjiTest_WaypointV2RunSample:322) Waypoint V2 sample end [0m
[37m[20.310][linker]-[Debug]-[DjiProtocol_v1Pack:123) <0xfe07>V1-Send: 0x0A06->0x1D01 0x00F0 [0m
[37m[20.328][channel]-[Debug]-[DjiStreamChannelUdp_RecvDataThread:248) Receive udp data from 255.255.0.0.136 -> 192.168.100.2.30081, protocol: raw_data [0m
[37m[20.335][linker]-[Debug]-[DjiProtocol_v1Unpack:215) <0xc6>V1-Recv: 0x0300->0x0A06 0x221B [0m
[37m[20.336][linker]-[Debug]-[DjiCommand_RecvWork:1066)  <0xc6>Receive msg from linker, 0x0300->0x0A06 0x221B len:9 [0m
[37m[20.336][linker]-[Debug]-[DjiCommand_DealCmd:919) received unsupport request cmd that noneed ack, <0xc6> cmdset: 0x22 cmdid: 0x1B [0m
[37m[20.354][linker]-[Debug]-[DjiProtocol_v1Unpack:215) <0xea>V1-Recv: 0x0306->0x0A06 0x03C1 [0m
[37m[20.355][linker]-[Debug]-[DjiCommand_RecvWork:1066)  <0xea>Receive msg from linker, 0x0306->0x0A06 0x03C1 len:13 [0m
[37m[20.360][channel]-[Debug]-[DjiStreamChannelUdp_RecvDataThread:248) Receive udp data from 255.255.0.0.136 -> 192.168.100.2.30081, protocol: raw_data [0m
[37m[20.378][linker]-[Debug]-[DjiProtocol_v1Unpack:215) <0x10d>V1-Recv: 0x0300->0x0A06 0x036C [0m
[37m[20.379][linker]-[Debug]-[DjiCommand_RecvWork:1066)  <0x10d>Receive msg from linker, 0x0300->0x0A06 0x036C len:71 [0m
[37m[20.379][linker]-[Debug]-[DjiCommand_DealCmd:919) received unsupport request cmd that noneed ack, <0x10d> cmdset: 0x03 cmdid: 0x6C [0m
[37m[20.394][channel]-[Debug]-[DjiStreamChannelUdp_RecvDataThread:248) Receive udp data from 255.255.0.0.136 -> 192.168.100.2.30081, protocol: raw_data [0m
[37m[20.397][linker]-[Debug]-[DjiProtocol_v1Unpack:215) <0x134>V1-Recv: 0x0300->0x0100 0x0405 [0m
[37m[20.397][linker]-[Debug]-[DjiProtocol_v1Unpack:215) <0x138>V1-Recv: 0x0300->0x0A06 0x4900 [0m
[37m[20.398][linker]-[Debug]-[DjiCommand_RecvWork:1066)  <0x134>Receive msg from linker, 0x0300->0x0100 0x0405 len:22 [0m
[37m[20.398][linker]-[Debug]-[DjiCommand_DealCmd:919) received unsupport request cmd that noneed ack, <0x134> cmdset: 0x04 cmdid: 0x05 [0m
[37m[20.399][linker]-[Debug]-[DjiCommand_RecvWork:1066)  <0x138>Receive msg from linker, 0x0300->0x0A06 0x4900 len:14 [0m
[37m[20.399][linker]-[Debug]-[DjiProtocol_v1Pack:123) <0x138>V1-Send: 0x0A06->0x0300 0x4900 [0m
[37m[20.427][channel]-[Debug]-[DjiStreamChannelUdp_RecvDataThread:248) Receive udp data from 255.255.0.0.136 -> 192.168.100.2.30081, protocol: raw_data [0m
[37m[20.435][linker]-[Debug]-[DjiProtocol_v1Unpack:215) <0x17b>V1-Recv: 0x0300->0x0A06 0x221B [0m
[37m[20.436][linker]-[Debug]-[DjiCommand_RecvWork:1066)  <0x17b>Receive msg from linker, 0x0300->0x0A06 0x221B len:9 [0m
[37m[20.436][linker]-[Debug]-[DjiCommand_DealCmd:919) received unsupport request cmd that noneed ack, <0x17b> cmdset: 0x22 cmdid: 0x1B [0m
[37m[20.453][linker]-[Debug]-[DjiProtocol_v1Unpack:215) <0x19f>V1-Recv: 0x0306->0x0A06 0x03C1 [0m
[37m[20.453][linker]-[Debug]-[DjiCommand_RecvWork:1066)  <0x19f>Receive msg from linker, 0x0306->0x0A06 0x03C1 len:13 [0m
[37m[20.460][channel]-[Debug]-[DjiStreamChannelUdp_RecvDataThread:248) Receive udp data from 255.255.0.0.136 -> 192.168.100.2.30081, protocol: raw_data [0m
[37m[20.462][linker]-[Debug]-[DjiProtocol_v1Pack:123) <0xfe08>V1-Send: 0x0A06->0x0200 0x3C10 [0m
[37m[20.462][linker]-[Debug]-[DjiProtocol_v1Pack:123) <0xfe09>V1-Send: 0x0A06->0x0A01 0x3C10 [0m
[37m[20.462][linker]-[Debug]-[DjiProtocol_v1Pack:123) <0xfe0a>V1-Send: 0x0A06->0x0300 0x3C10 [0m
[37m[20.479][linker]-[Debug]-[DjiProtocol_v1Unpack:215) <0x1c4>V1-Recv: 0x0300->0x0A06 0x036C [0m
[37m[20.479][linker]-[Debug]-[DjiProtocol_v1Unpack:215) <0x9f92>V1-Recv: 0x0A01->0x0A06 0x3C45 [0m
[37m[20.479][linker]-[Debug]-[DjiCommand_RecvWork:1066)  <0x1c4>Receive msg from linker, 0x0300->0x0A06 0x036C len:71 [0m
[37m[20.479][linker]-[Debug]-[DjiCommand_DealCmd:919) received unsupport request cmd that noneed ack, <0x1c4> cmdset: 0x03 cmdid: 0x6C [0m
[37m[20.480][linker]-[Debug]-[DjiCommand_RecvWork:1066)  <0x9f92>Receive msg from linker, 0x0A01->0x0A06 0x3C45 len:0 [0m
[37m[20.480][upgrade]-[Debug]-[DjiUpgrade_GetUpgradeServiceInfo:239) Get upgrade service info [0m
[37m[20.480][linker]-[Debug]-[DjiProtocol_v1Pack:123) <0x9f92>V1-Send: 0x0A06->0x0A01 0x3C45 [0m
[37m[20.494][channel]-[Debug]-[DjiStreamChannelUdp_RecvDataThread:248) Receive udp data from 255.255.0.0.136 -> 192.168.100.2.30081, protocol: raw_data [0m
[37m[20.496][linker]-[Debug]-[DjiProtocol_v1Unpack:215) <0x8cd9>V1-Recv: 0x0800->0x0A06 0x0866 [0m
[37m[20.496][linker]-[Debug]-[DjiCommand_RecvWork:1066)  <0x8cd9>Receive msg from linker, 0x0800->0x0A06 0x0866 len:17 [0m
[37m[20.496][liveview]-[Debug]-[DjiLiveview_DecodeLiveviewStatusHandle:1169) Liveview uuid info total_num: 1, index: 0, version: 1, major_type: 0, minor_type: 39, idx: 0, pos: 7 [0m
[37m[20.496][liveview]-[Debug]-[DjiLiveview_DecodeLiveviewStatusHandle:1183) sdr num: 1 [0m
[37m[20.496][liveview]-[Debug]-[DjiLiveview_DecodeLiveviewStatusHandle:1203) tunnel id: 0 [0m
[37m[20.496][liveview]-[Debug]-[DjiLiveview_DecodeLiveviewStatusHandle:1207) consumeBytes: 15, availBytes: 15 [0m
[37m[20.498][linker]-[Debug]-[DjiProtocol_v1Unpack:215) <0x1f6>V1-Recv: 0x0300->0x0A06 0x4900 [0m
[37m[20.498][linker]-[Debug]-[DjiCommand_RecvWork:1066)  <0x1f6>Receive msg from linker, 0x0300->0x0A06 0x4900 len:14 [0m
[37m[20.498][linker]-[Debug]-[DjiProtocol_v1Pack:123) <0x1f6>V1-Send: 0x0A06->0x0300 0x4900 [0m
[37m[20.518][linker]-[Debug]-[DjiProtocol_v1Unpack:215) <0x213>V1-Recv: 0x0306->0x0A06 0x03C1 [0m
[37m[20.519][linker]-[Debug]-[DjiCommand_RecvWork:1066)  <0x213>Receive msg from linker, 0x0306->0x0A06 0x03C1 len:126 [0m
[37m[20.528][channel]-[Debug]-[DjiStreamChannelUdp_RecvDataThread:248) Receive udp data from 255.255.0.0.136 -> 192.168.100.2.30081, protocol: raw_data [0m
[37m[20.536][linker]-[Debug]-[DjiProtocol_v1Unpack:215) <0x24a>V1-Recv: 0x0300->0x0A06 0x221B [0m
[37m[20.537][linker]-[Debug]-[DjiCommand_RecvWork:1066)  <0x24a>Receive msg from linker, 0x0300->0x0A06 0x221B len:9 [0m
[37m[20.537][linker]-[Debug]-[DjiCommand_DealCmd:919) received unsupport request cmd that noneed ack, <0x24a> cmdset: 0x22 cmdid: 0x1B [0m
[37m[20.554][linker]-[Debug]-[DjiProtocol_v1Unpack:215) <0x26d>V1-Recv: 0x0306->0x0A06 0x03C1 [0m
[37m[20.555][linker]-[Debug]-[DjiCommand_RecvWork:1066)  <0x26d>Receive msg from linker, 0x0306->0x0A06 0x03C1 len:13 [0m
[32m[20.558][user]-[Info]-[UserFcSubscription_Task:456) Current speed: 0.000000.
 [0m
[32m[20.558][user]-[Info]-[UserFcSubscription_Task:656) Displaymode status: 6. [0m
[37m[20.560][channel]-[Debug]-[DjiStreamChannelUdp_RecvDataThread:248) Receive udp data from 255.255.0.0.136 -> 192.168.100.2.30081, protocol: raw_data [0m
[37m[20.578][linker]-[Debug]-[DjiProtocol_v1Unpack:215) <0x291>V1-Recv: 0x0300->0x0A06 0x036C [0m
[37m[20.578][linker]-[Debug]-[DjiCommand_RecvWork:1066)  <0x291>Receive msg from linker, 0x0300->0x0A06 0x036C len:71 [0m
[37m[20.578][linker]-[Debug]-[DjiCommand_DealCmd:919) received unsupport request cmd that noneed ack, <0x291> cmdset: 0x03 cmdid: 0x6C [0m
[37m[20.594][channel]-[Debug]-[DjiStreamChannelUdp_RecvDataThread:248) Receive udp data from 255.255.0.0.136 -> 192.168.100.2.30081, protocol: raw_data [0m
[37m[20.597][linker]-[Debug]-[DjiProtocol_v1Unpack:215) <0x2bd>V1-Recv: 0x0300->0x0A06 0x4900 [0m
[37m[20.597][linker]-[Debug]-[DjiCommand_RecvWork:1066)  <0x2bd>Receive msg from linker, 0x0300->0x0A06 0x4900 len:14 [0m
[37m[20.597][linker]-[Debug]-[DjiProtocol_v1Pack:123) <0x2bd>V1-Send: 0x0A06->0x0300 0x4900 [0m
[37m[20.609][linker]-[Debug]-[DjiProtocol_v1Unpack:215) <0x7cc>V1-Recv: 0x0701->0x0A06 0x0000 [0m
[37m[20.609][linker]-[Debug]-[DjiCommand_RecvWork:1066)  <0x7cc>Receive msg from linker, 0x0701->0x0A06 0x0000 len:16 [0m
[37m[20.609][linker]-[Debug]-[DjiProtocol_v1Pack:123) <0x7cc>V1-Send: 0x0A06->0x0701 0x0000 [0m
[37m[20.628][channel]-[Debug]-[DjiStreamChannelUdp_RecvDataThread:248) Receive udp data from 255.255.0.0.136 -> 192.168.100.2.30081, protocol: raw_data [0m
[37m[20.635][linker]-[Debug]-[DjiProtocol_v1Unpack:215) <0x300>V1-Recv: 0x0300->0x0A06 0x221B [0m
[37m[20.636][linker]-[Debug]-[DjiCommand_RecvWork:1066)  <0x300>Receive msg from linker, 0x0300->0x0A06 0x221B len:9 [0m
[37m[20.636][linker]-[Debug]-[DjiCommand_DealCmd:919) received unsupport request cmd that noneed ack, <0x300> cmdset: 0x22 cmdid: 0x1B [0m
[37m[20.653][linker]-[Debug]-[DjiProtocol_v1Unpack:215) <0x321>V1-Recv: 0x0306->0x0A06 0x03C1 [0m
[37m[20.654][linker]-[Debug]-[DjiCommand_RecvWork:1066)  <0x321>Receive msg from linker, 0x0306->0x0A06 0x03C1 len:13 [0m
[37m[20.661][channel]-[Debug]-[DjiStreamChannelUdp_RecvDataThread:248) Receive udp data from 255.255.0.0.136 -> 192.168.100.2.30081, protocol: raw_data [0m
[37m[20.673][linker]-[Debug]-[DjiProtocol_v1Unpack:215) <0x3a80>V1-Recv: 0x1D07->0x0A06 0x2105 [0m
[37m[20.673][linker]-[Debug]-[DjiCommand_RecvWork:1066)  <0x3a80>Receive msg from linker, 0x1D07->0x0A06 0x2105 len:1 [0m
[37m[20.673][linker]-[Debug]-[DjiCommand_DealCmd:919) received unsupport request cmd that need ack, <0x3a80> cmdset: 0x21 cmdid: 0x05 [0m
[37m[20.675][linker]-[Debug]-[DjiProtocol_v1Pack:123) <0xfe0b>V1-Send: 0x0A06->0x0200 0x3C10 [0m
[37m[20.675][linker]-[Debug]-[DjiProtocol_v1Pack:123) <0xfe0c>V1-Send: 0x0A06->0x0A01 0x3C10 [0m
[37m[20.675][linker]-[Debug]-[DjiProtocol_v1Pack:123) <0xfe0d>V1-Send: 0x0A06->0x0300 0x3C10 [0m
[37m[20.678][linker]-[Debug]-[DjiProtocol_v1Unpack:215) <0x33f>V1-Recv: 0x0300->0x0A06 0x036C [0m
[37m[20.679][linker]-[Debug]-[DjiCommand_RecvWork:1066)  <0x33f>Receive msg from linker, 0x0300->0x0A06 0x036C len:71 [0m
[37m[20.679][linker]-[Debug]-[DjiCommand_DealCmd:919) received unsupport request cmd that noneed ack, <0x33f> cmdset: 0x03 cmdid: 0x6C [0m
[37m[20.694][channel]-[Debug]-[DjiStreamChannelUdp_RecvDataThread:248) Receive udp data from 255.255.0.0.136 -> 192.168.100.2.30081, protocol: raw_data [0m
[37m[20.698][linker]-[Debug]-[DjiProtocol_v1Unpack:215) <0x36c>V1-Recv: 0x0300->0x0A06 0x4900 [0m
[37m[20.698][linker]-[Debug]-[DjiProtocol_v1Unpack:215) <0x9f93>V1-Recv: 0x0A01->0x0A06 0x3C45 [0m
[37m[20.699][linker]-[Debug]-[DjiCommand_RecvWork:1066)  <0x36c>Receive msg from linker, 0x0300->0x0A06 0x4900 len:14 [0m
[37m[20.699][linker]-[Debug]-[DjiProtocol_v1Pack:123) <0x36c>V1-Send: 0x0A06->0x0300 0x4900 [0m
[37m[20.700][linker]-[Debug]-[DjiCommand_RecvWork:1066)  <0x9f93>Receive msg from linker, 0x0A01->0x0A06 0x3C45 len:0 [0m
[37m[20.700][upgrade]-[Debug]-[DjiUpgrade_GetUpgradeServiceInfo:239) Get upgrade service info [0m
[37m[20.700][linker]-[Debug]-[DjiProtocol_v1Pack:123) <0x9f93>V1-Send: 0x0A06->0x0A01 0x3C45 [0m
[37m[20.728][channel]-[Debug]-[DjiStreamChannelUdp_RecvDataThread:248) Receive udp data from 255.255.0.0.136 -> 192.168.100.2.30081, protocol: raw_data [0m
[37m[20.735][linker]-[Debug]-[DjiProtocol_v1Unpack:215) <0x3b4>V1-Recv: 0x0300->0x0A06 0x221B [0m
[37m[20.736][linker]-[Debug]-[DjiCommand_RecvWork:1066)  <0x3b4>Receive msg from linker, 0x0300->0x0A06 0x221B len:9 [0m
[37m[20.736][linker]-[Debug]-[DjiCommand_DealCmd:919) received unsupport request cmd that noneed ack, <0x3b4> cmdset: 0x22 cmdid: 0x1B [0m
[37m[20.746][linker]-[Debug]-[DjiProtocol_v1Unpack:215) <0x8cda>V1-Recv: 0x0800->0x0A06 0x0866 [0m
[37m[20.747][linker]-[Debug]-[DjiCommand_RecvWork:1066)  <0x8cda>Receive msg from linker, 0x0800->0x0A06 0x0866 len:17 [0m
[37m[20.747][liveview]-[Debug]-[DjiLiveview_DecodeLiveviewStatusHandle:1169) Liveview uuid info total_num: 1, index: 0, version: 1, major_type: 0, minor_type: 39, idx: 0, pos: 7 [0m
[37m[20.747][liveview]-[Debug]-[DjiLiveview_DecodeLiveviewStatusHandle:1183) sdr num: 1 [0m
[37m[20.747][liveview]-[Debug]-[DjiLiveview_DecodeLiveviewStatusHandle:1203) tunnel id: 0 [0m
[37m[20.747][liveview]-[Debug]-[DjiLiveview_DecodeLiveviewStatusHandle:1207) consumeBytes: 15, availBytes: 15 [0m
[37m[20.754][linker]-[Debug]-[DjiProtocol_v1Unpack:215) <0x3d6>V1-Recv: 0x0306->0x0A06 0x03C1 [0m
[37m[20.755][linker]-[Debug]-[DjiCommand_RecvWork:1066)  <0x3d6>Receive msg from linker, 0x0306->0x0A06 0x03C1 len:13 [0m
[37m[20.760][channel]-[Debug]-[DjiStreamChannelUdp_RecvDataThread:248) Receive udp data from 255.255.0.0.136 -> 192.168.100.2.30081, protocol: raw_data [0m
[37m[20.778][linker]-[Debug]-[DjiProtocol_v1Unpack:215) <0x3fb>V1-Recv: 0x0300->0x0A06 0x036C [0m
[37m[20.779][linker]-[Debug]-[DjiCommand_RecvWork:1066)  <0x3fb>Receive msg from linker, 0x0300->0x0A06 0x036C len:71 [0m
[37m[20.779][linker]-[Debug]-[DjiCommand_DealCmd:919) received unsupport request cmd that noneed ack, <0x3fb> cmdset: 0x03 cmdid: 0x6C [0m
[37m[20.795][channel]-[Debug]-[DjiStreamChannelUdp_RecvDataThread:248) Receive udp data from 255.255.0.0.136 -> 192.168.100.2.30081, protocol: raw_data [0m
[37m[20.797][linker]-[Debug]-[DjiProtocol_v1Unpack:215) <0x424>V1-Recv: 0x0300->0x0A06 0x4900 [0m
[37m[20.798][linker]-[Debug]-[DjiCommand_RecvWork:1066)  <0x424>Receive msg from linker, 0x0300->0x0A06 0x4900 len:14 [0m
[37m[20.798][linker]-[Debug]-[DjiProtocol_v1Pack:123) <0x424>V1-Send: 0x0A06->0x0300 0x4900 [0m
[37m[20.827][channel]-[Debug]-[DjiStreamChannelUdp_RecvDataThread:248) Receive udp data from 255.255.0.0.136 -> 192.168.100.2.30081, protocol: raw_data [0m
[37m[20.835][linker]-[Debug]-[DjiProtocol_v1Unpack:215) <0x466>V1-Recv: 0x0300->0x0A06 0x221B [0m
[37m[20.835][linker]-[Debug]-[DjiCommand_RecvWork:1066)  <0x466>Receive msg from linker, 0x0300->0x0A06 0x221B len:9 [0m
[37m[20.835][linker]-[Debug]-[DjiCommand_DealCmd:919) received unsupport request cmd that noneed ack, <0x466> cmdset: 0x22 cmdid: 0x1B [0m
[37m[20.854][linker]-[Debug]-[DjiProtocol_v1Unpack:215) <0x488>V1-Recv: 0x0306->0x0A06 0x03C1 [0m
[37m[20.854][linker]-[Debug]-[DjiCommand_RecvWork:1066)  <0x488>Receive msg from linker, 0x0306->0x0A06 0x03C1 len:13 [0m
[37m[20.860][channel]-[Debug]-[DjiStreamChannelUdp_RecvDataThread:248) Receive udp data from 255.255.0.0.136 -> 192.168.100.2.30081, protocol: raw_data [0m
[37m[20.879][linker]-[Debug]-[DjiProtocol_v1Unpack:215) <0x4ab>V1-Recv: 0x0300->0x0A06 0x036C [0m
[37m[20.879][linker]-[Debug]-[DjiCommand_RecvWork:1066)  <0x4ab>Receive msg from linker, 0x0300->0x0A06 0x036C len:71 [0m
[37m[20.879][linker]-[Debug]-[DjiCommand_DealCmd:919) received unsupport request cmd that noneed ack, <0x4ab> cmdset: 0x03 cmdid: 0x6C [0m
[32m[20.881][user]-[Info]-[liveviewThreadFunc:167) --> Step 3: Stop h264 stream of the fpv and selected payload
 [0m
[37m[20.881][linker]-[Debug]-[DjiProtocol_v1Pack:123) <0xfe0e>V1-Send: 0x0A06->0x0800 0x0868 [0m
[37m[20.889][linker]-[Debug]-[DjiProtocol_v1Pack:123) <0xfe0f>V1-Send: 0x0A06->0x0300 0x0000 [0m
[37m[20.889][infor]-[Debug]-[DjiAircraftConnection_CheckExtensionPortConnectStatusByV1Protocol:170) check connect status:1 [0m
[37m[20.889][linker]-[Debug]-[DjiProtocol_v1Pack:123) <0xfe10>V1-Send: 0x0A06->0x0200 0x3C10 [0m
[37m[20.889][linker]-[Debug]-[DjiProtocol_v1Pack:123) <0xfe11>V1-Send: 0x0A06->0x0A01 0x3C10 [0m
[37m[20.889][linker]-[Debug]-[DjiProtocol_v1Pack:123) <0xfe12>V1-Send: 0x0A06->0x0300 0x3C10 [0m
[37m[20.894][channel]-[Debug]-[DjiStreamChannelUdp_RecvDataThread:248) Receive udp data from 255.255.0.0.136 -> 192.168.100.2.30081, protocol: raw_data [0m
[37m[20.900][linker]-[Debug]-[DjiProtocol_v1Unpack:215) <0xfe0f>V1-Recv: 0x0300->0x0A06 0x0000 [0m
[37m[20.900][linker]-[Debug]-[DjiProtocol_v1Unpack:215) <0x4d6>V1-Recv: 0x0300->0x0A06 0x0F74 [0m
[37m[20.900][linker]-[Debug]-[DjiProtocol_v1Unpack:215) <0x4db>V1-Recv: 0x0300->0x0100 0x0406 [0m
[37m[20.900][linker]-[Debug]-[DjiProtocol_v1Unpack:215) <0x4dc>V1-Recv: 0x0300->0x0100 0x0407 [0m
[37m[20.900][linker]-[Debug]-[DjiProtocol_v1Unpack:215) <0x4dd>V1-Recv: 0x0300->0x0A06 0x4900 [0m
[37m[20.900][linker]-[Debug]-[DjiProtocol_v1Unpack:215) <0xfe0e>V1-Recv: 0x0800->0x0A06 0x0868 [0m
[37m[20.900][linker]-[Debug]-[DjiCommand_RecvWork:1066)  <0xfe0f>Receive msg from linker, 0x0300->0x0A06 0x0000 len:0 [0m
[37m[20.900][infor]-[Debug]-[DjiAircraftInfo_CheckPingStatusAsyncCallback:269) connect status async sucess [0m
[37m[20.900][linker]-[Debug]-[DjiCommand_DealCmd:830) callback function (cmdset: 0x00 cmdid: 0x00) deal time: 0 ms [0m
[37m[20.901][linker]-[Debug]-[DjiCommand_RecvWork:1066)  <0x4d6>Receive msg from linker, 0x0300->0x0A06 0x0F74 len:28 [0m
[37m[20.901][linker]-[Debug]-[DjiCommand_DealCmd:919) received unsupport request cmd that noneed ack, <0x4d6> cmdset: 0x0F cmdid: 0x74 [0m
[37m[20.902][linker]-[Debug]-[DjiCommand_RecvWork:1066)  <0x4db>Receive msg from linker, 0x0300->0x0100 0x0406 len:12 [0m
[37m[20.902][linker]-[Debug]-[DjiCommand_DealCmd:919) received unsupport request cmd that noneed ack, <0x4db> cmdset: 0x04 cmdid: 0x06 [0m
[37m[20.904][linker]-[Debug]-[DjiCommand_RecvWork:1066)  <0x4dc>Receive msg from linker, 0x0300->0x0100 0x0407 len:1 [0m
[37m[20.904][linker]-[Debug]-[DjiCommand_DealCmd:919) received unsupport request cmd that noneed ack, <0x4dc> cmdset: 0x04 cmdid: 0x07 [0m
[37m[20.905][linker]-[Debug]-[DjiCommand_RecvWork:1066)  <0x4dd>Receive msg from linker, 0x0300->0x0A06 0x4900 len:14 [0m
[37m[20.905][linker]-[Debug]-[DjiProtocol_v1Pack:123) <0x4dd>V1-Send: 0x0A06->0x0300 0x4900 [0m
[37m[20.906][linker]-[Debug]-[DjiCommand_RecvWork:1066)  <0xfe0e>Receive msg from linker, 0x0800->0x0A06 0x0868 len:1 [0m
[37m[20.906][linker]-[Debug]-[DjiCommand_SendSyncCallback:1014) PsdkCommand_SendSyncCallback success [0m
[37m[20.906][linker]-[Debug]-[DjiCommand_DealCmd:830) callback function (cmdset: 0x08 cmdid: 0x68) deal time: 0 ms [0m
[37m[20.906][linker]-[Debug]-[DjiCommand_SendSync:553) sendSync callback success [0m
[37m[20.906][liveview]-[Debug]-[DjiLiveview_StopH264Stream:764) Unsubscribe h264 stream success, channel id: 80 [0m
[37m[20.918][linker]-[Debug]-[DjiProtocol_v1Unpack:215) <0x9f95>V1-Recv: 0x0A01->0x0A06 0x3C45 [0m
[37m[20.919][linker]-[Debug]-[DjiCommand_RecvWork:1066)  <0x9f95>Receive msg from linker, 0x0A01->0x0A06 0x3C45 len:0 [0m
[37m[20.919][upgrade]-[Debug]-[DjiUpgrade_GetUpgradeServiceInfo:239) Get upgrade service info [0m
[37m[20.919][linker]-[Debug]-[DjiProtocol_v1Pack:123) <0x9f95>V1-Send: 0x0A06->0x0A01 0x3C45 [0m
[37m[20.935][linker]-[Debug]-[DjiProtocol_v1Unpack:215) <0x526>V1-Recv: 0x0300->0x0A06 0x221B [0m
[37m[20.936][linker]-[Debug]-[DjiCommand_RecvWork:1066)  <0x526>Receive msg from linker, 0x0300->0x0A06 0x221B len:9 [0m
[37m[20.936][linker]-[Debug]-[DjiCommand_DealCmd:919) received unsupport request cmd that noneed ack, <0x526> cmdset: 0x22 cmdid: 0x1B [0m
[37m[20.953][linker]-[Debug]-[DjiProtocol_v1Unpack:215) <0x54c>V1-Recv: 0x0306->0x0A06 0x03C1 [0m
[37m[20.954][linker]-[Debug]-[DjiCommand_RecvWork:1066)  <0x54c>Receive msg from linker, 0x0306->0x0A06 0x03C1 len:13 [0m
[37m[20.978][linker]-[Debug]-[DjiProtocol_v1Unpack:215) <0x569>V1-Recv: 0x0300->0x0A06 0x036C [0m
[37m[20.978][linker]-[Debug]-[DjiCommand_RecvWork:1066)  <0x569>Receive msg from linker, 0x0300->0x0A06 0x036C len:71 [0m
[37m[20.978][linker]-[Debug]-[DjiCommand_DealCmd:919) received unsupport request cmd that noneed ack, <0x569> cmdset: 0x03 cmdid: 0x6C [0m
[37m[20.997][linker]-[Debug]-[DjiProtocol_v1Unpack:215) <0x5a2>V1-Recv: 0x0300->0x0A06 0x4900 [0m
[37m[20.997][linker]-[Debug]-[DjiCommand_RecvWork:1066)  <0x5a2>Receive msg from linker, 0x0300->0x0A06 0x4900 len:14 [0m
[37m[20.997][linker]-[Debug]-[DjiProtocol_v1Pack:123) <0x5a2>V1-Send: 0x0A06->0x0300 0x4900 [0m
[37m[21.001][linker]-[Debug]-[DjiProtocol_v1Unpack:215) <0x8cdb>V1-Recv: 0x0800->0x0A06 0x0866 [0m
[37m[21.002][linker]-[Debug]-[DjiCommand_RecvWork:1066)  <0x8cdb>Receive msg from linker, 0x0800->0x0A06 0x0866 len:16 [0m
[37m[21.002][liveview]-[Debug]-[DjiLiveview_DecodeLiveviewStatusHandle:1169) Liveview uuid info total_num: 1, index: 0, version: 1, major_type: 0, minor_type: 39, idx: 0, pos: 7 [0m
[37m[21.002][liveview]-[Debug]-[DjiLiveview_DecodeLiveviewStatusHandle:1183) sdr num: 1 [0m
[37m[21.002][liveview]-[Debug]-[DjiLiveview_DecodeLiveviewStatusHandle:1207) consumeBytes: 14, availBytes: 14 [0m
[37m[21.035][linker]-[Debug]-[DjiProtocol_v1Unpack:215) <0x5ef>V1-Recv: 0x0300->0x0A06 0x221B [0m
[37m[21.036][linker]-[Debug]-[DjiCommand_RecvWork:1066)  <0x5ef>Receive msg from linker, 0x0300->0x0A06 0x221B len:9 [0m
[37m[21.036][linker]-[Debug]-[DjiCommand_DealCmd:919) received unsupport request cmd that noneed ack, <0x5ef> cmdset: 0x22 cmdid: 0x1B [0m
[37m[21.053][linker]-[Debug]-[DjiProtocol_v1Unpack:215) <0x611>V1-Recv: 0x0306->0x0A06 0x03C1 [0m
[37m[21.054][linker]-[Debug]-[DjiCommand_RecvWork:1066)  <0x611>Receive msg from linker, 0x0306->0x0A06 0x03C1 len:13 [0m
[37m[21.078][linker]-[Debug]-[DjiProtocol_v1Unpack:215) <0x62f>V1-Recv: 0x0300->0x0A06 0x036C [0m
[37m[21.079][linker]-[Debug]-[DjiCommand_RecvWork:1066)  <0x62f>Receive msg from linker, 0x0300->0x0A06 0x036C len:71 [0m
[37m[21.079][linker]-[Debug]-[DjiCommand_DealCmd:919) received unsupport request cmd that noneed ack, <0x62f> cmdset: 0x03 cmdid: 0x6C [0m
[37m[21.097][linker]-[Debug]-[DjiProtocol_v1Unpack:215) <0x65b>V1-Recv: 0x0300->0x0A06 0x4900 [0m
[37m[21.098][linker]-[Debug]-[DjiCommand_RecvWork:1066)  <0x65b>Receive msg from linker, 0x0300->0x0A06 0x4900 len:14 [0m
[37m[21.098][linker]-[Debug]-[DjiProtocol_v1Pack:123) <0x65b>V1-Send: 0x0A06->0x0300 0x4900 [0m
[37m[21.103][linker]-[Debug]-[DjiProtocol_v1Pack:123) <0xfe13>V1-Send: 0x0A06->0x0200 0x3C10 [0m
[37m[21.103][linker]-[Debug]-[DjiProtocol_v1Pack:123) <0xfe14>V1-Send: 0x0A06->0x0A01 0x3C10 [0m
[37m[21.103][linker]-[Debug]-[DjiProtocol_v1Pack:123) <0xfe15>V1-Send: 0x0A06->0x0300 0x3C10 [0m
[37m[21.118][linker]-[Debug]-[DjiProtocol_v1Unpack:215) <0x9f98>V1-Recv: 0x0A01->0x0A06 0x3C45 [0m
[37m[21.119][linker]-[Debug]-[DjiCommand_RecvWork:1066)  <0x9f98>Receive msg from linker, 0x0A01->0x0A06 0x3C45 len:0 [0m
[37m[21.119][upgrade]-[Debug]-[DjiUpgrade_GetUpgradeServiceInfo:239) Get upgrade service info [0m
[37m[21.119][linker]-[Debug]-[DjiProtocol_v1Pack:123) <0x9f98>V1-Send: 0x0A06->0x0A01 0x3C45 [0m
[37m[21.135][linker]-[Debug]-[DjiProtocol_v1Unpack:215) <0x6a1>V1-Recv: 0x0300->0x0A06 0x221B [0m
[37m[21.136][linker]-[Debug]-[DjiCommand_RecvWork:1066)  <0x6a1>Receive msg from linker, 0x0300->0x0A06 0x221B len:9 [0m
[37m[21.136][linker]-[Debug]-[DjiCommand_DealCmd:919) received unsupport request cmd that noneed ack, <0x6a1> cmdset: 0x22 cmdid: 0x1B [0m
[37m[21.153][linker]-[Debug]-[DjiProtocol_v1Unpack:215) <0x6c2>V1-Recv: 0x0306->0x0A06 0x03C1 [0m
[37m[21.154][linker]-[Debug]-[DjiCommand_RecvWork:1066)  <0x6c2>Receive msg from linker, 0x0306->0x0A06 0x03C1 len:13 [0m
[37m[21.178][linker]-[Debug]-[DjiProtocol_v1Unpack:215) <0x6e6>V1-Recv: 0x0300->0x0A06 0x036C [0m
[37m[21.179][linker]-[Debug]-[DjiCommand_RecvWork:1066)  <0x6e6>Receive msg from linker, 0x0300->0x0A06 0x036C len:71 [0m
[37m[21.179][linker]-[Debug]-[DjiCommand_DealCmd:919) received unsupport request cmd that noneed ack, <0x6e6> cmdset: 0x03 cmdid: 0x6C [0m
[37m[21.198][linker]-[Debug]-[DjiProtocol_v1Unpack:215) <0x712>V1-Recv: 0x0300->0x0A06 0x4900 [0m
[37m[21.198][linker]-[Debug]-[DjiCommand_RecvWork:1066)  <0x712>Receive msg from linker, 0x0300->0x0A06 0x4900 len:14 [0m
[37m[21.198][linker]-[Debug]-[DjiProtocol_v1Pack:123) <0x712>V1-Send: 0x0A06->0x0300 0x4900 [0m
[37m[21.235][linker]-[Debug]-[DjiProtocol_v1Unpack:215) <0x752>V1-Recv: 0x0300->0x0A06 0x221B [0m
[37m[21.236][linker]-[Debug]-[DjiCommand_RecvWork:1066)  <0x752>Receive msg from linker, 0x0300->0x0A06 0x221B len:9 [0m
[37m[21.236][linker]-[Debug]-[DjiCommand_DealCmd:919) received unsupport request cmd that noneed ack, <0x752> cmdset: 0x22 cmdid: 0x1B [0m
[37m[21.246][linker]-[Debug]-[DjiProtocol_v1Unpack:215) <0x8cdc>V1-Recv: 0x0800->0x0A06 0x0866 [0m
[37m[21.246][linker]-[Debug]-[DjiCommand_RecvWork:1066)  <0x8cdc>Receive msg from linker, 0x0800->0x0A06 0x0866 len:16 [0m
[37m[21.246][liveview]-[Debug]-[DjiLiveview_DecodeLiveviewStatusHandle:1169) Liveview uuid info total_num: 1, index: 0, version: 1, major_type: 0, minor_type: 39, idx: 0, pos: 7 [0m
[37m[21.246][liveview]-[Debug]-[DjiLiveview_DecodeLiveviewStatusHandle:1183) sdr num: 1 [0m
[37m[21.246][liveview]-[Debug]-[DjiLiveview_DecodeLiveviewStatusHandle:1207) consumeBytes: 14, availBytes: 14 [0m
[37m[21.253][linker]-[Debug]-[DjiProtocol_v1Unpack:215) <0x773>V1-Recv: 0x0306->0x0A06 0x03C1 [0m
[37m[21.254][linker]-[Debug]-[DjiCommand_RecvWork:1066)  <0x773>Receive msg from linker, 0x0306->0x0A06 0x03C1 len:13 [0m
[37m[21.278][linker]-[Debug]-[DjiProtocol_v1Unpack:215) <0x793>V1-Recv: 0x0300->0x0A06 0x036C [0m
[37m[21.278][linker]-[Debug]-[DjiCommand_RecvWork:1066)  <0x793>Receive msg from linker, 0x0300->0x0A06 0x036C len:71 [0m
[37m[21.278][linker]-[Debug]-[DjiCommand_DealCmd:919) received unsupport request cmd that noneed ack, <0x793> cmdset: 0x03 cmdid: 0x6C [0m
[37m[21.297][linker]-[Debug]-[DjiProtocol_v1Pack:123) <0xfde2>V1-Send: 0x0A06->0x0800 0x0867 [0m
[37m[21.298][linker]-[Debug]-[DjiProtocol_v1Unpack:215) <0x7c0>V1-Recv: 0x0300->0x0A06 0x4900 [0m
[37m[21.298][linker]-[Debug]-[DjiCommand_RecvWork:1066)  <0x7c0>Receive msg from linker, 0x0300->0x0A06 0x4900 len:14 [0m
[37m[21.298][linker]-[Debug]-[DjiProtocol_v1Pack:123) <0x7c0>V1-Send: 0x0A06->0x0300 0x4900 [0m
[37m[21.317][linker]-[Debug]-[DjiProtocol_v1Pack:123) <0xfe16>V1-Send: 0x0A06->0x0200 0x3C10 [0m
[37m[21.317][linker]-[Debug]-[DjiProtocol_v1Pack:123) <0xfe17>V1-Send: 0x0A06->0x0A01 0x3C10 [0m
[37m[21.317][linker]-[Debug]-[DjiProtocol_v1Pack:123) <0xfe18>V1-Send: 0x0A06->0x0300 0x3C10 [0m
[37m[21.335][linker]-[Debug]-[DjiProtocol_v1Unpack:215) <0x809>V1-Recv: 0x0300->0x0A06 0x221B [0m
[37m[21.336][linker]-[Debug]-[DjiCommand_RecvWork:1066)  <0x809>Receive msg from linker, 0x0300->0x0A06 0x221B len:9 [0m
[37m[21.336][linker]-[Debug]-[DjiCommand_DealCmd:919) received unsupport request cmd that noneed ack, <0x809> cmdset: 0x22 cmdid: 0x1B [0m
[37m[21.338][linker]-[Debug]-[DjiProtocol_v1Unpack:215) <0x9f99>V1-Recv: 0x0A01->0x0A06 0x3C45 [0m
[37m[21.339][linker]-[Debug]-[DjiCommand_RecvWork:1066)  <0x9f99>Receive msg from linker, 0x0A01->0x0A06 0x3C45 len:0 [0m
[37m[21.339][upgrade]-[Debug]-[DjiUpgrade_GetUpgradeServiceInfo:239) Get upgrade service info [0m
[37m[21.339][linker]-[Debug]-[DjiProtocol_v1Pack:123) <0x9f99>V1-Send: 0x0A06->0x0A01 0x3C45 [0m
[37m[21.353][linker]-[Debug]-[DjiProtocol_v1Unpack:215) <0x82b>V1-Recv: 0x0306->0x0A06 0x03C1 [0m
[37m[21.354][linker]-[Debug]-[DjiCommand_RecvWork:1066)  <0x82b>Receive msg from linker, 0x0306->0x0A06 0x03C1 len:13 [0m
[37m[21.369][utils]-[Debug]-[DjiCore_RootTask:131) work execution time: [0m
[37m[21.369][utils]-[Debug]-[DjiCore_RootTask:132) name	                execution time (ms)	  max execution time (ms) [0m
[37m[21.369][utils]-[Debug]-[DjiCore_RootTask:134) recorderWork                    	0       	1        [0m
[37m[21.369][utils]-[Debug]-[DjiCore_RootTask:134) flowControllerTask              	1       	1        [0m
[37m[21.369][utils]-[Debug]-[DjiCore_RootTask:134) commandTask                     	1       	1        [0m
[37m[21.369][utils]-[Debug]-[DjiCore_RootTask:134) aircraftWorkNode                	1       	1        [0m
[37m[21.369][utils]-[Debug]-[DjiCore_RootTask:134) StatePushWork                   	1       	1        [0m
[37m[21.378][linker]-[Debug]-[DjiProtocol_v1Unpack:215) <0x850>V1-Recv: 0x0300->0x0A06 0x036C [0m
[37m[21.378][linker]-[Debug]-[DjiCommand_RecvWork:1066)  <0x850>Receive msg from linker, 0x0300->0x0A06 0x036C len:71 [0m
[37m[21.378][linker]-[Debug]-[DjiCommand_DealCmd:919) received unsupport request cmd that noneed ack, <0x850> cmdset: 0x03 cmdid: 0x6C [0m
[37m[21.397][linker]-[Debug]-[DjiProtocol_v1Unpack:215) <0x876>V1-Recv: 0x0300->0x0100 0x0405 [0m
[37m[21.397][linker]-[Debug]-[DjiProtocol_v1Unpack:215) <0x87a>V1-Recv: 0x0300->0x0A06 0x4900 [0m
[37m[21.397][linker]-[Debug]-[DjiCommand_RecvWork:1066)  <0x876>Receive msg from linker, 0x0300->0x0100 0x0405 len:22 [0m
[37m[21.397][linker]-[Debug]-[DjiCommand_DealCmd:919) received unsupport request cmd that noneed ack, <0x876> cmdset: 0x04 cmdid: 0x05 [0m
[37m[21.399][linker]-[Debug]-[DjiCommand_RecvWork:1066)  <0x87a>Receive msg from linker, 0x0300->0x0A06 0x4900 len:14 [0m
[37m[21.399][linker]-[Debug]-[DjiProtocol_v1Pack:123) <0x87a>V1-Send: 0x0A06->0x0300 0x4900 [0m
[32m[21.406][user]-[Info]-[liveviewThreadFunc:177) Fpv stream is saved to file: fpv_stream_20250513_14-03-34.h264 [0m
[37m[21.435][linker]-[Debug]-[DjiProtocol_v1Unpack:215) <0x8bd>V1-Recv: 0x0300->0x0A06 0x221B [0m
[37m[21.436][linker]-[Debug]-[DjiCommand_RecvWork:1066)  <0x8bd>Receive msg from linker, 0x0300->0x0A06 0x221B len:9 [0m
[37m[21.436][linker]-[Debug]-[DjiCommand_DealCmd:919) received unsupport request cmd that noneed ack, <0x8bd> cmdset: 0x22 cmdid: 0x1B [0m
[37m[21.454][linker]-[Debug]-[DjiProtocol_v1Unpack:215) <0x8e2>V1-Recv: 0x0306->0x0A06 0x03C1 [0m
[37m[21.454][linker]-[Debug]-[DjiCommand_RecvWork:1066)  <0x8e2>Receive msg from linker, 0x0306->0x0A06 0x03C1 len:13 [0m
[37m[21.478][linker]-[Debug]-[DjiProtocol_v1Unpack:215) <0x905>V1-Recv: 0x0300->0x0A06 0x036C [0m
[37m[21.479][linker]-[Debug]-[DjiCommand_RecvWork:1066)  <0x905>Receive msg from linker, 0x0300->0x0A06 0x036C len:71 [0m
[37m[21.479][linker]-[Debug]-[DjiCommand_DealCmd:919) received unsupport request cmd that noneed ack, <0x905> cmdset: 0x03 cmdid: 0x6C [0m
[37m[21.496][linker]-[Debug]-[DjiProtocol_v1Unpack:215) <0x8cdd>V1-Recv: 0x0800->0x0A06 0x0866 [0m
[37m[21.497][linker]-[Debug]-[DjiCommand_RecvWork:1066)  <0x8cdd>Receive msg from linker, 0x0800->0x0A06 0x0866 len:16 [0m
[37m[21.497][liveview]-[Debug]-[DjiLiveview_DecodeLiveviewStatusHandle:1169) Liveview uuid info total_num: 1, index: 0, version: 1, major_type: 0, minor_type: 39, idx: 0, pos: 7 [0m
[37m[21.497][liveview]-[Debug]-[DjiLiveview_DecodeLiveviewStatusHandle:1183) sdr num: 1 [0m
[37m[21.497][liveview]-[Debug]-[DjiLiveview_DecodeLiveviewStatusHandle:1207) consumeBytes: 14, availBytes: 14 [0m
[37m[21.498][linker]-[Debug]-[DjiProtocol_v1Unpack:215) <0x938>V1-Recv: 0x0300->0x0A06 0x4900 [0m
[37m[21.499][linker]-[Debug]-[DjiCommand_RecvWork:1066)  <0x938>Receive msg from linker, 0x0300->0x0A06 0x4900 len:14 [0m
[37m[21.499][linker]-[Debug]-[DjiProtocol_v1Pack:123) <0x938>V1-Send: 0x0A06->0x0300 0x4900 [0m
[37m[21.518][linker]-[Debug]-[DjiProtocol_v1Unpack:215) <0x955>V1-Recv: 0x0306->0x0A06 0x03C1 [0m
[37m[21.520][linker]-[Debug]-[DjiCommand_RecvWork:1066)  <0x955>Receive msg from linker, 0x0306->0x0A06 0x03C1 len:126 [0m
[37m[21.531][linker]-[Debug]-[DjiProtocol_v1Pack:123) <0xfe19>V1-Send: 0x0A06->0x0200 0x3C10 [0m
[37m[21.531][linker]-[Debug]-[DjiProtocol_v1Pack:123) <0xfe1a>V1-Send: 0x0A06->0x0A01 0x3C10 [0m
[37m[21.531][linker]-[Debug]-[DjiProtocol_v1Pack:123) <0xfe1b>V1-Send: 0x0A06->0x0300 0x3C10 [0m
[37m[21.535][linker]-[Debug]-[DjiProtocol_v1Unpack:215) <0x987>V1-Recv: 0x0300->0x0A06 0x221B [0m
[37m[21.536][linker]-[Debug]-[DjiCommand_RecvWork:1066)  <0x987>Receive msg from linker, 0x0300->0x0A06 0x221B len:9 [0m
[37m[21.536][linker]-[Debug]-[DjiCommand_DealCmd:919) received unsupport request cmd that noneed ack, <0x987> cmdset: 0x22 cmdid: 0x1B [0m
[37m[21.553][linker]-[Debug]-[DjiProtocol_v1Unpack:215) <0x9ad>V1-Recv: 0x0306->0x0A06 0x03C1 [0m
[37m[21.554][linker]-[Debug]-[DjiCommand_RecvWork:1066)  <0x9ad>Receive msg from linker, 0x0306->0x0A06 0x03C1 len:13 [0m
[37m[21.558][linker]-[Debug]-[DjiProtocol_v1Unpack:215) <0x9f9a>V1-Recv: 0x0A01->0x0A06 0x3C45 [0m
[37m[21.558][linker]-[Debug]-[DjiCommand_RecvWork:1066)  <0x9f9a>Receive msg from linker, 0x0A01->0x0A06 0x3C45 len:0 [0m
[37m[21.558][upgrade]-[Debug]-[DjiUpgrade_GetUpgradeServiceInfo:239) Get upgrade service info [0m
[32m[21.558][user]-[Info]-[UserFcSubscription_Task:456) Current speed: 0.000000.
 [0m
[37m[21.558][linker]-[Debug]-[DjiProtocol_v1Pack:123) <0x9f9a>V1-Send: 0x0A06->0x0A01 0x3C45 [0m
[32m[21.558][user]-[Info]-[UserFcSubscription_Task:656) Displaymode status: 6. [0m
[37m[21.578][linker]-[Debug]-[DjiProtocol_v1Unpack:215) <0x9d0>V1-Recv: 0x0300->0x0A06 0x036C [0m
[37m[21.579][linker]-[Debug]-[DjiCommand_RecvWork:1066)  <0x9d0>Receive msg from linker, 0x0300->0x0A06 0x036C len:71 [0m
[37m[21.579][linker]-[Debug]-[DjiCommand_DealCmd:919) received unsupport request cmd that noneed ack, <0x9d0> cmdset: 0x03 cmdid: 0x6C [0m
[37m[21.597][linker]-[Debug]-[DjiProtocol_v1Unpack:215) <0x9fe>V1-Recv: 0x0300->0x0A06 0x4900 [0m
[37m[21.598][linker]-[Debug]-[DjiCommand_RecvWork:1066)  <0x9fe>Receive msg from linker, 0x0300->0x0A06 0x4900 len:14 [0m
[37m[21.598][linker]-[Debug]-[DjiProtocol_v1Pack:123) <0x9fe>V1-Send: 0x0A06->0x0300 0x4900 [0m
[37m[21.609][linker]-[Debug]-[DjiProtocol_v1Unpack:215) <0x7cd>V1-Recv: 0x0701->0x0A06 0x0000 [0m
[37m[21.610][linker]-[Debug]-[DjiCommand_RecvWork:1066)  <0x7cd>Receive msg from linker, 0x0701->0x0A06 0x0000 len:16 [0m
[37m[21.610][linker]-[Debug]-[DjiProtocol_v1Pack:123) <0x7cd>V1-Send: 0x0A06->0x0701 0x0000 [0m
[37m[21.623][linker]-[Debug]-[DjiProtocol_v1Unpack:215) <0x3a81>V1-Recv: 0x1D07->0x0A06 0x2105 [0m
[37m[21.624][linker]-[Debug]-[DjiCommand_RecvWork:1066)  <0x3a81>Receive msg from linker, 0x1D07->0x0A06 0x2105 len:1 [0m
[37m[21.624][linker]-[Debug]-[DjiCommand_DealCmd:919) received unsupport request cmd that need ack, <0x3a81> cmdset: 0x21 cmdid: 0x05 [0m
[37m[21.636][linker]-[Debug]-[DjiProtocol_v1Unpack:215) <0xa3f>V1-Recv: 0x0300->0x0A06 0x221B [0m
[37m[21.637][linker]-[Debug]-[DjiCommand_RecvWork:1066)  <0xa3f>Receive msg from linker, 0x0300->0x0A06 0x221B len:9 [0m
[37m[21.637][linker]-[Debug]-[DjiCommand_DealCmd:919) received unsupport request cmd that noneed ack, <0xa3f> cmdset: 0x22 cmdid: 0x1B [0m
[37m[21.647][linker]-[Debug]-[DjiProtocol_v1Unpack:215) <0x9526>V1-Recv: 0x0202->0x0A06 0x0026 [0m
[37m[21.648][linker]-[Debug]-[DjiCommand_RecvWork:1066)  <0x9526>Receive msg from linker, 0x0202->0x0A06 0x0026 len:37 [0m
[37m[21.648][linker]-[Debug]-[DjiCommand_DealCmd:919) received unsupport request cmd that need ack, <0x9526> cmdset: 0x00 cmdid: 0x26 [0m
[37m[21.654][linker]-[Debug]-[DjiProtocol_v1Unpack:215) <0xa60>V1-Recv: 0x0306->0x0A06 0x03C1 [0m
[37m[21.654][linker]-[Debug]-[DjiCommand_RecvWork:1066)  <0xa60>Receive msg from linker, 0x0306->0x0A06 0x03C1 len:13 [0m
[37m[21.678][linker]-[Debug]-[DjiProtocol_v1Unpack:215) <0xa7e>V1-Recv: 0x0300->0x0A06 0x036C [0m
[37m[21.678][linker]-[Debug]-[DjiCommand_RecvWork:1066)  <0xa7e>Receive msg from linker, 0x0300->0x0A06 0x036C len:71 [0m
[37m[21.678][linker]-[Debug]-[DjiCommand_DealCmd:919) received unsupport request cmd that noneed ack, <0xa7e> cmdset: 0x03 cmdid: 0x6C [0m
[37m[21.698][linker]-[Debug]-[DjiProtocol_v1Unpack:215) <0xaa7>V1-Recv: 0x0300->0x0A06 0x4900 [0m
[37m[21.699][linker]-[Debug]-[DjiCommand_RecvWork:1066)  <0xaa7>Receive msg from linker, 0x0300->0x0A06 0x4900 len:14 [0m
[37m[21.699][linker]-[Debug]-[DjiProtocol_v1Pack:123) <0xaa7>V1-Send: 0x0A06->0x0300 0x4900 [0m
[37m[21.735][linker]-[Debug]-[DjiProtocol_v1Unpack:215) <0xaef>V1-Recv: 0x0300->0x0A06 0x221B [0m
[37m[21.736][linker]-[Debug]-[DjiCommand_RecvWork:1066)  <0xaef>Receive msg from linker, 0x0300->0x0A06 0x221B len:9 [0m
[37m[21.736][linker]-[Debug]-[DjiCommand_DealCmd:919) received unsupport request cmd that noneed ack, <0xaef> cmdset: 0x22 cmdid: 0x1B [0m
[37m[21.746][linker]-[Debug]-[DjiProtocol_v1Pack:123) <0xfe1c>V1-Send: 0x0A06->0x0200 0x3C10 [0m
[37m[21.746][linker]-[Debug]-[DjiProtocol_v1Pack:123) <0xfe1d>V1-Send: 0x0A06->0x0A01 0x3C10 [0m
[37m[21.746][linker]-[Debug]-[DjiProtocol_v1Pack:123) <0xfe1e>V1-Send: 0x0A06->0x0300 0x3C10 [0m
[37m[21.746][linker]-[Debug]-[DjiProtocol_v1Unpack:215) <0x8cde>V1-Recv: 0x0800->0x0A06 0x0866 [0m
[37m[21.747][linker]-[Debug]-[DjiCommand_RecvWork:1066)  <0x8cde>Receive msg from linker, 0x0800->0x0A06 0x0866 len:16 [0m
[37m[21.747][liveview]-[Debug]-[DjiLiveview_DecodeLiveviewStatusHandle:1169) Liveview uuid info total_num: 1, index: 0, version: 1, major_type: 0, minor_type: 39, idx: 0, pos: 7 [0m
[37m[21.747][liveview]-[Debug]-[DjiLiveview_DecodeLiveviewStatusHandle:1183) sdr num: 1 [0m
[37m[21.747][liveview]-[Debug]-[DjiLiveview_DecodeLiveviewStatusHandle:1207) consumeBytes: 14, availBytes: 14 [0m
[37m[21.754][linker]-[Debug]-[DjiProtocol_v1Unpack:215) <0xb12>V1-Recv: 0x0306->0x0A06 0x03C1 [0m
[37m[21.754][linker]-[Debug]-[DjiCommand_RecvWork:1066)  <0xb12>Receive msg from linker, 0x0306->0x0A06 0x03C1 len:13 [0m
[37m[21.765][linker]-[Debug]-[DjiProtocol_v1Unpack:215) <0x9f9b>V1-Recv: 0x0A01->0x0A06 0x3C45 [0m
[37m[21.766][linker]-[Debug]-[DjiCommand_RecvWork:1066)  <0x9f9b>Receive msg from linker, 0x0A01->0x0A06 0x3C45 len:0 [0m
[37m[21.766][upgrade]-[Debug]-[DjiUpgrade_GetUpgradeServiceInfo:239) Get upgrade service info [0m
[37m[21.766][linker]-[Debug]-[DjiProtocol_v1Pack:123) <0x9f9b>V1-Send: 0x0A06->0x0A01 0x3C45 [0m
[37m[21.778][linker]-[Debug]-[DjiProtocol_v1Unpack:215) <0xb39>V1-Recv: 0x0300->0x0A06 0x036C [0m
[37m[21.779][linker]-[Debug]-[DjiCommand_RecvWork:1066)  <0xb39>Receive msg from linker, 0x0300->0x0A06 0x036C len:71 [0m
[37m[21.779][linker]-[Debug]-[DjiCommand_DealCmd:919) received unsupport request cmd that noneed ack, <0xb39> cmdset: 0x03 cmdid: 0x6C [0m
[37m[21.797][linker]-[Debug]-[DjiProtocol_v1Unpack:215) <0xb64>V1-Recv: 0x0300->0x0A06 0x4900 [0m
[37m[21.798][linker]-[Debug]-[DjiCommand_RecvWork:1066)  <0xb64>Receive msg from linker, 0x0300->0x0A06 0x4900 len:14 [0m
[37m[21.798][linker]-[Debug]-[DjiProtocol_v1Pack:123) <0xb64>V1-Send: 0x0A06->0x0300 0x4900 [0m
[37m[21.835][linker]-[Debug]-[DjiProtocol_v1Unpack:215) <0xba6>V1-Recv: 0x0300->0x0A06 0x221B [0m
[37m[21.835][linker]-[Debug]-[DjiCommand_RecvWork:1066)  <0xba6>Receive msg from linker, 0x0300->0x0A06 0x221B len:9 [0m
[37m[21.835][linker]-[Debug]-[DjiCommand_DealCmd:919) received unsupport request cmd that noneed ack, <0xba6> cmdset: 0x22 cmdid: 0x1B [0m
[37m[21.854][linker]-[Debug]-[DjiProtocol_v1Unpack:215) <0xbc7>V1-Recv: 0x0306->0x0A06 0x03C1 [0m
[37m[21.854][linker]-[Debug]-[DjiCommand_RecvWork:1066)  <0xbc7>Receive msg from linker, 0x0306->0x0A06 0x03C1 len:13 [0m
[37m[21.878][linker]-[Debug]-[DjiProtocol_v1Unpack:215) <0xbe8>V1-Recv: 0x0300->0x0A06 0x036C [0m
[37m[21.878][linker]-[Debug]-[DjiCommand_RecvWork:1066)  <0xbe8>Receive msg from linker, 0x0300->0x0A06 0x036C len:71 [0m
[37m[21.878][linker]-[Debug]-[DjiCommand_DealCmd:919) received unsupport request cmd that noneed ack, <0xbe8> cmdset: 0x03 cmdid: 0x6C [0m
[37m[21.899][linker]-[Debug]-[DjiProtocol_v1Unpack:215) <0xc12>V1-Recv: 0x0300->0x0A06 0x0F74 [0m
[37m[21.899][linker]-[Debug]-[DjiProtocol_v1Unpack:215) <0xc18>V1-Recv: 0x0300->0x0100 0x0406 [0m
[37m[21.899][linker]-[Debug]-[DjiProtocol_v1Unpack:215) <0xc19>V1-Recv: 0x0300->0x0100 0x0407 [0m
[37m[21.899][linker]-[Debug]-[DjiProtocol_v1Unpack:215) <0xc1a>V1-Recv: 0x0300->0x0A06 0x4900 [0m
[37m[21.899][linker]-[Debug]-[DjiCommand_RecvWork:1066)  <0xc12>Receive msg from linker, 0x0300->0x0A06 0x0F74 len:28 [0m
[37m[21.899][linker]-[Debug]-[DjiCommand_DealCmd:919) received unsupport request cmd that noneed ack, <0xc12> cmdset: 0x0F cmdid: 0x74 [0m
[37m[21.900][linker]-[Debug]-[DjiCommand_RecvWork:1066)  <0xc18>Receive msg from linker, 0x0300->0x0100 0x0406 len:12 [0m
[37m[21.900][linker]-[Debug]-[DjiCommand_DealCmd:919) received unsupport request cmd that noneed ack, <0xc18> cmdset: 0x04 cmdid: 0x06 [0m
[37m[21.901][linker]-[Debug]-[DjiCommand_RecvWork:1066)  <0xc19>Receive msg from linker, 0x0300->0x0100 0x0407 len:1 [0m
[37m[21.901][linker]-[Debug]-[DjiCommand_DealCmd:919) received unsupport request cmd that noneed ack, <0xc19> cmdset: 0x04 cmdid: 0x07 [0m
[37m[21.902][linker]-[Debug]-[DjiCommand_RecvWork:1066)  <0xc1a>Receive msg from linker, 0x0300->0x0A06 0x4900 len:14 [0m
[37m[21.902][linker]-[Debug]-[DjiProtocol_v1Pack:123) <0xc1a>V1-Send: 0x0A06->0x0300 0x4900 [0m
[37m[21.935][linker]-[Debug]-[DjiProtocol_v1Unpack:215) <0xc64>V1-Recv: 0x0300->0x0A06 0x221B [0m
[37m[21.935][linker]-[Debug]-[DjiCommand_RecvWork:1066)  <0xc64>Receive msg from linker, 0x0300->0x0A06 0x221B len:9 [0m
[37m[21.935][linker]-[Debug]-[DjiCommand_DealCmd:919) received unsupport request cmd that noneed ack, <0xc64> cmdset: 0x22 cmdid: 0x1B [0m
[37m[21.953][linker]-[Debug]-[DjiProtocol_v1Unpack:215) <0xc85>V1-Recv: 0x0306->0x0A06 0x03C1 [0m
[37m[21.954][linker]-[Debug]-[DjiCommand_RecvWork:1066)  <0xc85>Receive msg from linker, 0x0306->0x0A06 0x03C1 len:13 [0m
[37m[21.960][linker]-[Debug]-[DjiProtocol_v1Pack:123) <0xfe1f>V1-Send: 0x0A06->0x0300 0x0000 [0m
[37m[21.960][infor]-[Debug]-[DjiAircraftConnection_CheckExtensionPortConnectStatusByV1Protocol:170) check connect status:1 [0m
[37m[21.960][linker]-[Debug]-[DjiProtocol_v1Pack:123) <0xfe20>V1-Send: 0x0A06->0x0200 0x3C10 [0m
[37m[21.960][linker]-[Debug]-[DjiProtocol_v1Pack:123) <0xfe21>V1-Send: 0x0A06->0x0A01 0x3C10 [0m
[37m[21.960][linker]-[Debug]-[DjiProtocol_v1Pack:123) <0xfe22>V1-Send: 0x0A06->0x0300 0x3C10 [0m
[37m[21.979][linker]-[Debug]-[DjiProtocol_v1Unpack:215) <0xfe1f>V1-Recv: 0x0300->0x0A06 0x0000 [0m
[37m[21.979][linker]-[Debug]-[DjiProtocol_v1Unpack:215) <0xca8>V1-Recv: 0x0300->0x0A06 0x036C [0m
[37m[21.979][linker]-[Debug]-[DjiProtocol_v1Unpack:215) <0x9f9d>V1-Recv: 0x0A01->0x0A06 0x3C45 [0m
[37m[21.979][linker]-[Debug]-[DjiCommand_RecvWork:1066)  <0xfe1f>Receive msg from linker, 0x0300->0x0A06 0x0000 len:0 [0m
[37m[21.979][infor]-[Debug]-[DjiAircraftInfo_CheckPingStatusAsyncCallback:269) connect status async sucess [0m
[37m[21.979][linker]-[Debug]-[DjiCommand_DealCmd:830) callback function (cmdset: 0x00 cmdid: 0x00) deal time: 0 ms [0m
[37m[21.980][linker]-[Debug]-[DjiCommand_RecvWork:1066)  <0xca8>Receive msg from linker, 0x0300->0x0A06 0x036C len:71 [0m
[37m[21.980][linker]-[Debug]-[DjiCommand_DealCmd:919) received unsupport request cmd that noneed ack, <0xca8> cmdset: 0x03 cmdid: 0x6C [0m
[37m[21.981][linker]-[Debug]-[DjiCommand_RecvWork:1066)  <0x9f9d>Receive msg from linker, 0x0A01->0x0A06 0x3C45 len:0 [0m
[37m[21.981][upgrade]-[Debug]-[DjiUpgrade_GetUpgradeServiceInfo:239) Get upgrade service info [0m
[37m[21.981][linker]-[Debug]-[DjiProtocol_v1Pack:123) <0x9f9d>V1-Send: 0x0A06->0x0A01 0x3C45 [0m
[37m[21.997][linker]-[Debug]-[DjiProtocol_v1Unpack:215) <0x8cdf>V1-Recv: 0x0800->0x0A06 0x0866 [0m
[37m[21.997][linker]-[Debug]-[DjiProtocol_v1Unpack:215) <0xcdf>V1-Recv: 0x0300->0x0A06 0x4900 [0m
[37m[21.997][linker]-[Debug]-[DjiCommand_RecvWork:1066)  <0x8cdf>Receive msg from linker, 0x0800->0x0A06 0x0866 len:16 [0m
[37m[21.997][liveview]-[Debug]-[DjiLiveview_DecodeLiveviewStatusHandle:1169) Liveview uuid info total_num: 1, index: 0, version: 1, major_type: 0, minor_type: 39, idx: 0, pos: 7 [0m
[37m[21.997][liveview]-[Debug]-[DjiLiveview_DecodeLiveviewStatusHandle:1183) sdr num: 1 [0m
[37m[21.997][liveview]-[Debug]-[DjiLiveview_DecodeLiveviewStatusHandle:1207) consumeBytes: 14, availBytes: 14 [0m
[37m[21.998][linker]-[Debug]-[DjiCommand_RecvWork:1066)  <0xcdf>Receive msg from linker, 0x0300->0x0A06 0x4900 len:14 [0m
[37m[21.999][linker]-[Debug]-[DjiProtocol_v1Pack:123) <0xcdf>V1-Send: 0x0A06->0x0300 0x4900 [0m
[37m[22.035][linker]-[Debug]-[DjiProtocol_v1Unpack:215) <0xd20>V1-Recv: 0x0300->0x0A06 0x221B [0m
[37m[22.036][linker]-[Debug]-[DjiCommand_RecvWork:1066)  <0xd20>Receive msg from linker, 0x0300->0x0A06 0x221B len:9 [0m
[37m[22.036][linker]-[Debug]-[DjiCommand_DealCmd:919) received unsupport request cmd that noneed ack, <0xd20> cmdset: 0x22 cmdid: 0x1B [0m
[37m[22.054][linker]-[Debug]-[DjiProtocol_v1Unpack:215) <0xd41>V1-Recv: 0x0306->0x0A06 0x03C1 [0m
[37m[22.054][linker]-[Debug]-[DjiCommand_RecvWork:1066)  <0xd41>Receive msg from linker, 0x0306->0x0A06 0x03C1 len:13 [0m
[37m[22.078][linker]-[Debug]-[DjiProtocol_v1Unpack:215) <0xd5f>V1-Recv: 0x0300->0x0A06 0x036C [0m
[37m[22.079][linker]-[Debug]-[DjiCommand_RecvWork:1066)  <0xd5f>Receive msg from linker, 0x0300->0x0A06 0x036C len:71 [0m
[37m[22.079][linker]-[Debug]-[DjiCommand_DealCmd:919) received unsupport request cmd that noneed ack, <0xd5f> cmdset: 0x03 cmdid: 0x6C [0m
[37m[22.098][linker]-[Debug]-[DjiProtocol_v1Unpack:215) <0xd8b>V1-Recv: 0x0300->0x0A06 0x4900 [0m
[37m[22.098][linker]-[Debug]-[DjiCommand_RecvWork:1066)  <0xd8b>Receive msg from linker, 0x0300->0x0A06 0x4900 len:14 [0m
[37m[22.098][linker]-[Debug]-[DjiProtocol_v1Pack:123) <0xd8b>V1-Send: 0x0A06->0x0300 0x4900 [0m
[37m[22.135][linker]-[Debug]-[DjiProtocol_v1Unpack:215) <0xdd0>V1-Recv: 0x0300->0x0A06 0x221B [0m
[37m[22.135][linker]-[Debug]-[DjiCommand_RecvWork:1066)  <0xdd0>Receive msg from linker, 0x0300->0x0A06 0x221B len:9 [0m
[37m[22.135][linker]-[Debug]-[DjiCommand_DealCmd:919) received unsupport request cmd that noneed ack, <0xdd0> cmdset: 0x22 cmdid: 0x1B [0m
[37m[22.154][linker]-[Debug]-[DjiProtocol_v1Unpack:215) <0xdf1>V1-Recv: 0x0306->0x0A06 0x03C1 [0m
[37m[22.154][linker]-[Debug]-[DjiCommand_RecvWork:1066)  <0xdf1>Receive msg from linker, 0x0306->0x0A06 0x03C1 len:13 [0m
[37m[22.174][linker]-[Debug]-[DjiProtocol_v1Pack:123) <0xfe23>V1-Send: 0x0A06->0x0200 0x3C10 [0m
[37m[22.174][linker]-[Debug]-[DjiProtocol_v1Pack:123) <0xfe24>V1-Send: 0x0A06->0x0A01 0x3C10 [0m
[37m[22.174][linker]-[Debug]-[DjiProtocol_v1Pack:123) <0xfe25>V1-Send: 0x0A06->0x0300 0x3C10 [0m
[37m[22.178][linker]-[Debug]-[DjiProtocol_v1Unpack:215) <0xe13>V1-Recv: 0x0300->0x0A06 0x036C [0m
[37m[22.178][linker]-[Debug]-[DjiCommand_RecvWork:1066)  <0xe13>Receive msg from linker, 0x0300->0x0A06 0x036C len:71 [0m
[37m[22.178][linker]-[Debug]-[DjiCommand_DealCmd:919) received unsupport request cmd that noneed ack, <0xe13> cmdset: 0x03 cmdid: 0x6C [0m
[37m[22.197][linker]-[Debug]-[DjiProtocol_v1Unpack:215) <0xe42>V1-Recv: 0x0300->0x0A06 0x4900 [0m
[37m[22.197][linker]-[Debug]-[DjiCommand_RecvWork:1066)  <0xe42>Receive msg from linker, 0x0300->0x0A06 0x4900 len:14 [0m
[37m[22.197][linker]-[Debug]-[DjiProtocol_v1Pack:123) <0xe42>V1-Send: 0x0A06->0x0300 0x4900 [0m
[37m[22.198][linker]-[Debug]-[DjiProtocol_v1Unpack:215) <0x9f9f>V1-Recv: 0x0A01->0x0A06 0x3C45 [0m
[37m[22.198][linker]-[Debug]-[DjiCommand_RecvWork:1066)  <0x9f9f>Receive msg from linker, 0x0A01->0x0A06 0x3C45 len:0 [0m
[37m[22.198][upgrade]-[Debug]-[DjiUpgrade_GetUpgradeServiceInfo:239) Get upgrade service info [0m
[37m[22.198][linker]-[Debug]-[DjiProtocol_v1Pack:123) <0x9f9f>V1-Send: 0x0A06->0x0A01 0x3C45 [0m
[37m[22.235][linker]-[Debug]-[DjiProtocol_v1Unpack:215) <0xe81>V1-Recv: 0x0300->0x0A06 0x221B [0m
[37m[22.236][linker]-[Debug]-[DjiCommand_RecvWork:1066)  <0xe81>Receive msg from linker, 0x0300->0x0A06 0x221B len:9 [0m
[37m[22.236][linker]-[Debug]-[DjiCommand_DealCmd:919) received unsupport request cmd that noneed ack, <0xe81> cmdset: 0x22 cmdid: 0x1B [0m
[37m[22.246][linker]-[Debug]-[DjiProtocol_v1Unpack:215) <0x8ce0>V1-Recv: 0x0800->0x0A06 0x0866 [0m
[37m[22.247][linker]-[Debug]-[DjiCommand_RecvWork:1066)  <0x8ce0>Receive msg from linker, 0x0800->0x0A06 0x0866 len:16 [0m
[37m[22.247][liveview]-[Debug]-[DjiLiveview_DecodeLiveviewStatusHandle:1169) Liveview uuid info total_num: 1, index: 0, version: 1, major_type: 0, minor_type: 39, idx: 0, pos: 7 [0m
[37m[22.247][liveview]-[Debug]-[DjiLiveview_DecodeLiveviewStatusHandle:1183) sdr num: 1 [0m
[37m[22.247][liveview]-[Debug]-[DjiLiveview_DecodeLiveviewStatusHandle:1207) consumeBytes: 14, availBytes: 14 [0m
[37m[22.253][linker]-[Debug]-[DjiProtocol_v1Unpack:215) <0xea2>V1-Recv: 0x0306->0x0A06 0x03C1 [0m
[37m[22.254][linker]-[Debug]-[DjiCommand_RecvWork:1066)  <0xea2>Receive msg from linker, 0x0306->0x0A06 0x03C1 len:13 [0m
[37m[22.278][linker]-[Debug]-[DjiProtocol_v1Unpack:215) <0xec0>V1-Recv: 0x0300->0x0A06 0x036C [0m
[37m[22.278][linker]-[Debug]-[DjiCommand_RecvWork:1066)  <0xec0>Receive msg from linker, 0x0300->0x0A06 0x036C len:71 [0m
[37m[22.278][linker]-[Debug]-[DjiCommand_DealCmd:919) received unsupport request cmd that noneed ack, <0xec0> cmdset: 0x03 cmdid: 0x6C [0m
[37m[22.297][linker]-[Debug]-[DjiProtocol_v1Pack:123) <0xfde2>V1-Send: 0x0A06->0x0800 0x0867 [0m
[37m[22.298][linker]-[Debug]-[DjiProtocol_v1Unpack:215) <0xeea>V1-Recv: 0x0300->0x0A06 0x4900 [0m
[37m[22.298][linker]-[Debug]-[DjiCommand_RecvWork:1066)  <0xeea>Receive msg from linker, 0x0300->0x0A06 0x4900 len:14 [0m
[37m[22.298][linker]-[Debug]-[DjiProtocol_v1Pack:123) <0xeea>V1-Send: 0x0A06->0x0300 0x4900 [0m
[37m[22.335][linker]-[Debug]-[DjiProtocol_v1Unpack:215) <0xf2e>V1-Recv: 0x0300->0x0A06 0x221B [0m
[37m[22.335][linker]-[Debug]-[DjiCommand_RecvWork:1066)  <0xf2e>Receive msg from linker, 0x0300->0x0A06 0x221B len:9 [0m
[37m[22.335][linker]-[Debug]-[DjiCommand_DealCmd:919) received unsupport request cmd that noneed ack, <0xf2e> cmdset: 0x22 cmdid: 0x1B [0m
[37m[22.353][linker]-[Debug]-[DjiProtocol_v1Unpack:215) <0xf4f>V1-Recv: 0x0306->0x0A06 0x03C1 [0m
[37m[22.354][linker]-[Debug]-[DjiCommand_RecvWork:1066)  <0xf4f>Receive msg from linker, 0x0306->0x0A06 0x03C1 len:13 [0m
[37m[22.378][linker]-[Debug]-[DjiProtocol_v1Unpack:215) <0xf73>V1-Recv: 0x0300->0x0A06 0x036C [0m
[37m[22.378][linker]-[Debug]-[DjiCommand_RecvWork:1066)  <0xf73>Receive msg from linker, 0x0300->0x0A06 0x036C len:71 [0m
[37m[22.378][linker]-[Debug]-[DjiCommand_DealCmd:919) received unsupport request cmd that noneed ack, <0xf73> cmdset: 0x03 cmdid: 0x6C [0m
[37m[22.388][linker]-[Debug]-[DjiProtocol_v1Pack:123) <0xfe26>V1-Send: 0x0A06->0x0200 0x3C10 [0m
[37m[22.388][linker]-[Debug]-[DjiProtocol_v1Pack:123) <0xfe27>V1-Send: 0x0A06->0x0A01 0x3C10 [0m
[37m[22.388][linker]-[Debug]-[DjiProtocol_v1Pack:123) <0xfe28>V1-Send: 0x0A06->0x0300 0x3C10 [0m
[37m[22.398][linker]-[Debug]-[DjiProtocol_v1Unpack:215) <0xf9c>V1-Recv: 0x0300->0x0100 0x0405 [0m
[37m[22.398][linker]-[Debug]-[DjiProtocol_v1Unpack:215) <0xf9d>V1-Recv: 0x0300->0x0A06 0x4900 [0m
[37m[22.398][linker]-[Debug]-[DjiCommand_RecvWork:1066)  <0xf9c>Receive msg from linker, 0x0300->0x0100 0x0405 len:22 [0m
[37m[22.398][linker]-[Debug]-[DjiCommand_DealCmd:919) received unsupport request cmd that noneed ack, <0xf9c> cmdset: 0x04 cmdid: 0x05 [0m
[37m[22.400][linker]-[Debug]-[DjiCommand_RecvWork:1066)  <0xf9d>Receive msg from linker, 0x0300->0x0A06 0x4900 len:14 [0m
[37m[22.400][linker]-[Debug]-[DjiProtocol_v1Pack:123) <0xf9d>V1-Send: 0x0A06->0x0300 0x4900 [0m
[37m[22.419][linker]-[Debug]-[DjiProtocol_v1Unpack:215) <0x9fa0>V1-Recv: 0x0A01->0x0A06 0x3C45 [0m
[37m[22.419][linker]-[Debug]-[DjiCommand_RecvWork:1066)  <0x9fa0>Receive msg from linker, 0x0A01->0x0A06 0x3C45 len:0 [0m
[37m[22.419][upgrade]-[Debug]-[DjiUpgrade_GetUpgradeServiceInfo:239) Get upgrade service info [0m
[37m[22.419][linker]-[Debug]-[DjiProtocol_v1Pack:123) <0x9fa0>V1-Send: 0x0A06->0x0A01 0x3C45 [0m
[37m[22.436][linker]-[Debug]-[DjiProtocol_v1Unpack:215) <0xfdd>V1-Recv: 0x0300->0x0A06 0x221B [0m
[37m[22.436][linker]-[Debug]-[DjiCommand_RecvWork:1066)  <0xfdd>Receive msg from linker, 0x0300->0x0A06 0x221B len:9 [0m
[37m[22.436][linker]-[Debug]-[DjiCommand_DealCmd:919) received unsupport request cmd that noneed ack, <0xfdd> cmdset: 0x22 cmdid: 0x1B [0m
[37m[22.440][utils]-[Debug]-[DjiCore_RootTask:131) work execution time: [0m
[37m[22.440][utils]-[Debug]-[DjiCore_RootTask:132) name	                execution time (ms)	  max execution time (ms) [0m
[37m[22.440][utils]-[Debug]-[DjiCore_RootTask:134) recorderWork                    	1       	1        [0m
[37m[22.440][utils]-[Debug]-[DjiCore_RootTask:134) flowControllerTask              	1       	1        [0m
[37m[22.440][utils]-[Debug]-[DjiCore_RootTask:134) commandTask                     	1       	1        [0m
[37m[22.440][utils]-[Debug]-[DjiCore_RootTask:134) aircraftWorkNode                	0       	1        [0m
[37m[22.440][utils]-[Debug]-[DjiCore_RootTask:134) StatePushWork                   	1       	1        [0m
[37m[22.454][linker]-[Debug]-[DjiProtocol_v1Unpack:215) <0x1004>V1-Recv: 0x0306->0x0A06 0x03C1 [0m
[37m[22.454][linker]-[Debug]-[DjiCommand_RecvWork:1066)  <0x1004>Receive msg from linker, 0x0306->0x0A06 0x03C1 len:13 [0m
[37m[22.478][linker]-[Debug]-[DjiProtocol_v1Unpack:215) <0x1027>V1-Recv: 0x0300->0x0A06 0x036C [0m
[37m[22.478][linker]-[Debug]-[DjiCommand_RecvWork:1066)  <0x1027>Receive msg from linker, 0x0300->0x0A06 0x036C len:71 [0m
[37m[22.478][linker]-[Debug]-[DjiCommand_DealCmd:919) received unsupport request cmd that noneed ack, <0x1027> cmdset: 0x03 cmdid: 0x6C [0m
[37m[22.496][linker]-[Debug]-[DjiProtocol_v1Unpack:215) <0x8ce1>V1-Recv: 0x0800->0x0A06 0x0866 [0m
[37m[22.496][linker]-[Debug]-[DjiCommand_RecvWork:1066)  <0x8ce1>Receive msg from linker, 0x0800->0x0A06 0x0866 len:16 [0m
[37m[22.497][liveview]-[Debug]-[DjiLiveview_DecodeLiveviewStatusHandle:1169) Liveview uuid info total_num: 1, index: 0, version: 1, major_type: 0, minor_type: 39, idx: 0, pos: 7 [0m
[37m[22.497][liveview]-[Debug]-[DjiLiveview_DecodeLiveviewStatusHandle:1183) sdr num: 1 [0m
[37m[22.497][liveview]-[Debug]-[DjiLiveview_DecodeLiveviewStatusHandle:1207) consumeBytes: 14, availBytes: 14 [0m
[37m[22.498][linker]-[Debug]-[DjiProtocol_v1Unpack:215) <0x1057>V1-Recv: 0x0300->0x0A06 0x4900 [0m
[37m[22.498][linker]-[Debug]-[DjiCommand_RecvWork:1066)  <0x1057>Receive msg from linker, 0x0300->0x0A06 0x4900 len:14 [0m
[37m[22.498][linker]-[Debug]-[DjiProtocol_v1Pack:123) <0x1057>V1-Send: 0x0A06->0x0300 0x4900 [0m
[37m[22.519][linker]-[Debug]-[DjiProtocol_v1Unpack:215) <0x1074>V1-Recv: 0x0306->0x0A06 0x03C1 [0m
[37m[22.520][linker]-[Debug]-[DjiCommand_RecvWork:1066)  <0x1074>Receive msg from linker, 0x0306->0x0A06 0x03C1 len:126 [0m
[37m[22.535][linker]-[Debug]-[DjiProtocol_v1Unpack:215) <0x10a6>V1-Recv: 0x0300->0x0A06 0x221B [0m
[37m[22.536][linker]-[Debug]-[DjiCommand_RecvWork:1066)  <0x10a6>Receive msg from linker, 0x0300->0x0A06 0x221B len:9 [0m
[37m[22.536][linker]-[Debug]-[DjiCommand_DealCmd:919) received unsupport request cmd that noneed ack, <0x10a6> cmdset: 0x22 cmdid: 0x1B [0m
[37m[22.553][linker]-[Debug]-[DjiProtocol_v1Unpack:215) <0x10cb>V1-Recv: 0x0306->0x0A06 0x03C1 [0m
[37m[22.554][linker]-[Debug]-[DjiCommand_RecvWork:1066)  <0x10cb>Receive msg from linker, 0x0306->0x0A06 0x03C1 len:13 [0m
[32m[22.558][user]-[Info]-[UserFcSubscription_Task:456) Current speed: 0.000000.
 [0m
[32m[22.558][user]-[Info]-[UserFcSubscription_Task:656) Displaymode status: 6. [0m
[37m[22.578][linker]-[Debug]-[DjiProtocol_v1Unpack:215) <0x10f2>V1-Recv: 0x0300->0x0A06 0x036C [0m
[37m[22.578][linker]-[Debug]-[DjiCommand_RecvWork:1066)  <0x10f2>Receive msg from linker, 0x0300->0x0A06 0x036C len:71 [0m
[37m[22.578][linker]-[Debug]-[DjiCommand_DealCmd:919) received unsupport request cmd that noneed ack, <0x10f2> cmdset: 0x03 cmdid: 0x6C [0m
[37m[22.597][linker]-[Debug]-[DjiProtocol_v1Unpack:215) <0x111e>V1-Recv: 0x0300->0x0A06 0x4900 [0m
[37m[22.597][linker]-[Debug]-[DjiCommand_RecvWork:1066)  <0x111e>Receive msg from linker, 0x0300->0x0A06 0x4900 len:14 [0m
[37m[22.597][linker]-[Debug]-[DjiProtocol_v1Pack:123) <0x111e>V1-Send: 0x0A06->0x0300 0x4900 [0m
[37m[22.601][linker]-[Debug]-[DjiProtocol_v1Pack:123) <0xfe29>V1-Send: 0x0A06->0x0200 0x3C10 [0m
[37m[22.601][linker]-[Debug]-[DjiProtocol_v1Pack:123) <0xfe2a>V1-Send: 0x0A06->0x0A01 0x3C10 [0m
[37m[22.601][linker]-[Debug]-[DjiProtocol_v1Pack:123) <0xfe2b>V1-Send: 0x0A06->0x0300 0x3C10 [0m
[37m[22.609][linker]-[Debug]-[DjiProtocol_v1Unpack:215) <0x7ce>V1-Recv: 0x0701->0x0A06 0x0000 [0m
[37m[22.609][linker]-[Debug]-[DjiCommand_RecvWork:1066)  <0x7ce>Receive msg from linker, 0x0701->0x0A06 0x0000 len:16 [0m
[37m[22.609][linker]-[Debug]-[DjiProtocol_v1Pack:123) <0x7ce>V1-Send: 0x0A06->0x0701 0x0000 [0m
[37m[22.618][linker]-[Debug]-[DjiProtocol_v1Unpack:215) <0x9fa2>V1-Recv: 0x0A01->0x0A06 0x3C45 [0m
[37m[22.618][linker]-[Debug]-[DjiCommand_RecvWork:1066)  <0x9fa2>Receive msg from linker, 0x0A01->0x0A06 0x3C45 len:0 [0m
[37m[22.619][upgrade]-[Debug]-[DjiUpgrade_GetUpgradeServiceInfo:239) Get upgrade service info [0m
[37m[22.619][linker]-[Debug]-[DjiProtocol_v1Pack:123) <0x9fa2>V1-Send: 0x0A06->0x0A01 0x3C45 [0m
[37m[22.635][linker]-[Debug]-[DjiProtocol_v1Unpack:215) <0x1160>V1-Recv: 0x0300->0x0A06 0x221B [0m
[37m[22.636][linker]-[Debug]-[DjiCommand_RecvWork:1066)  <0x1160>Receive msg from linker, 0x0300->0x0A06 0x221B len:9 [0m
[37m[22.636][linker]-[Debug]-[DjiCommand_DealCmd:919) received unsupport request cmd that noneed ack, <0x1160> cmdset: 0x22 cmdid: 0x1B [0m
[37m[22.653][linker]-[Debug]-[DjiProtocol_v1Unpack:215) <0x1181>V1-Recv: 0x0306->0x0A06 0x03C1 [0m
[37m[22.654][linker]-[Debug]-[DjiCommand_RecvWork:1066)  <0x1181>Receive msg from linker, 0x0306->0x0A06 0x03C1 len:13 [0m
[37m[22.673][linker]-[Debug]-[DjiProtocol_v1Unpack:215) <0x3a82>V1-Recv: 0x1D07->0x0A06 0x2105 [0m
[37m[22.674][linker]-[Debug]-[DjiCommand_RecvWork:1066)  <0x3a82>Receive msg from linker, 0x1D07->0x0A06 0x2105 len:1 [0m
[37m[22.674][linker]-[Debug]-[DjiCommand_DealCmd:919) received unsupport request cmd that need ack, <0x3a82> cmdset: 0x21 cmdid: 0x05 [0m
[37m[22.678][linker]-[Debug]-[DjiProtocol_v1Unpack:215) <0x11a0>V1-Recv: 0x0300->0x0A06 0x036C [0m
[37m[22.678][linker]-[Debug]-[DjiCommand_RecvWork:1066)  <0x11a0>Receive msg from linker, 0x0300->0x0A06 0x036C len:71 [0m
[37m[22.678][linker]-[Debug]-[DjiCommand_DealCmd:919) received unsupport request cmd that noneed ack, <0x11a0> cmdset: 0x03 cmdid: 0x6C [0m
[37m[22.698][linker]-[Debug]-[DjiProtocol_v1Unpack:215) <0x11cd>V1-Recv: 0x0300->0x0A06 0x4900 [0m
[37m[22.698][linker]-[Debug]-[DjiCommand_RecvWork:1066)  <0x11cd>Receive msg from linker, 0x0300->0x0A06 0x4900 len:14 [0m
[37m[22.698][linker]-[Debug]-[DjiProtocol_v1Pack:123) <0x11cd>V1-Send: 0x0A06->0x0300 0x4900 [0m
[37m[22.735][linker]-[Debug]-[DjiProtocol_v1Unpack:215) <0x1216>V1-Recv: 0x0300->0x0A06 0x221B [0m
[37m[22.735][linker]-[Debug]-[DjiCommand_RecvWork:1066)  <0x1216>Receive msg from linker, 0x0300->0x0A06 0x221B len:9 [0m
[37m[22.735][linker]-[Debug]-[DjiCommand_DealCmd:919) received unsupport request cmd that noneed ack, <0x1216> cmdset: 0x22 cmdid: 0x1B [0m
[37m[22.747][linker]-[Debug]-[DjiProtocol_v1Unpack:215) <0x8ce2>V1-Recv: 0x0800->0x0A06 0x0866 [0m
[37m[22.747][linker]-[Debug]-[DjiCommand_RecvWork:1066)  <0x8ce2>Receive msg from linker, 0x0800->0x0A06 0x0866 len:16 [0m
[37m[22.747][liveview]-[Debug]-[DjiLiveview_DecodeLiveviewStatusHandle:1169) Liveview uuid info total_num: 1, index: 0, version: 1, major_type: 0, minor_type: 39, idx: 0, pos: 7 [0m
[37m[22.747][liveview]-[Debug]-[DjiLiveview_DecodeLiveviewStatusHandle:1183) sdr num: 1 [0m
[37m[22.747][liveview]-[Debug]-[DjiLiveview_DecodeLiveviewStatusHandle:1207) consumeBytes: 14, availBytes: 14 [0m
[37m[22.754][linker]-[Debug]-[DjiProtocol_v1Unpack:215) <0x1238>V1-Recv: 0x0306->0x0A06 0x03C1 [0m
[37m[22.755][linker]-[Debug]-[DjiCommand_RecvWork:1066)  <0x1238>Receive msg from linker, 0x0306->0x0A06 0x03C1 len:13 [0m
[37m[22.778][linker]-[Debug]-[DjiProtocol_v1Unpack:215) <0x125b>V1-Recv: 0x0300->0x0A06 0x036C [0m
[37m[22.779][linker]-[Debug]-[DjiCommand_RecvWork:1066)  <0x125b>Receive msg from linker, 0x0300->0x0A06 0x036C len:71 [0m
[37m[22.779][linker]-[Debug]-[DjiCommand_DealCmd:919) received unsupport request cmd that noneed ack, <0x125b> cmdset: 0x03 cmdid: 0x6C [0m
[37m[22.797][linker]-[Debug]-[DjiProtocol_v1Unpack:215) <0x1285>V1-Recv: 0x0300->0x0A06 0x4900 [0m
[37m[22.798][linker]-[Debug]-[DjiCommand_RecvWork:1066)  <0x1285>Receive msg from linker, 0x0300->0x0A06 0x4900 len:14 [0m
[37m[22.798][linker]-[Debug]-[DjiProtocol_v1Pack:123) <0x1285>V1-Send: 0x0A06->0x0300 0x4900 [0m
[37m[22.814][linker]-[Debug]-[DjiProtocol_v1Pack:123) <0xfe2c>V1-Send: 0x0A06->0x0200 0x3C10 [0m
[37m[22.814][linker]-[Debug]-[DjiProtocol_v1Pack:123) <0xfe2d>V1-Send: 0x0A06->0x0A01 0x3C10 [0m
[37m[22.814][linker]-[Debug]-[DjiProtocol_v1Pack:123) <0xfe2e>V1-Send: 0x0A06->0x0300 0x3C10 [0m
[37m[22.836][linker]-[Debug]-[DjiProtocol_v1Unpack:215) <0x12cc>V1-Recv: 0x0300->0x0A06 0x221B [0m
[37m[22.836][linker]-[Debug]-[DjiCommand_RecvWork:1066)  <0x12cc>Receive msg from linker, 0x0300->0x0A06 0x221B len:9 [0m
[37m[22.836][linker]-[Debug]-[DjiCommand_DealCmd:919) received unsupport request cmd that noneed ack, <0x12cc> cmdset: 0x22 cmdid: 0x1B [0m
[37m[22.838][linker]-[Debug]-[DjiProtocol_v1Unpack:215) <0x9fa4>V1-Recv: 0x0A01->0x0A06 0x3C45 [0m
[37m[22.839][linker]-[Debug]-[DjiCommand_RecvWork:1066)  <0x9fa4>Receive msg from linker, 0x0A01->0x0A06 0x3C45 len:0 [0m
[37m[22.839][upgrade]-[Debug]-[DjiUpgrade_GetUpgradeServiceInfo:239) Get upgrade service info [0m
[37m[22.839][linker]-[Debug]-[DjiProtocol_v1Pack:123) <0x9fa4>V1-Send: 0x0A06->0x0A01 0x3C45 [0m
[37m[22.854][linker]-[Debug]-[DjiProtocol_v1Unpack:215) <0x12f2>V1-Recv: 0x0306->0x0A06 0x03C1 [0m
[37m[22.855][linker]-[Debug]-[DjiCommand_RecvWork:1066)  <0x12f2>Receive msg from linker, 0x0306->0x0A06 0x03C1 len:13 [0m
[32m[22.872][user]-[Info]-[liveviewThreadFunc:185) --> Step 4: Deinit liveview module [0m
[37m[22.872][linker]-[Debug]-[DjiCommand_AntiRegRecvCmdHandler:722) Anti reg command handle list success, index:15 [0m
[32m[22.872][user]-[Info]-[liveviewThreadFunc:198) Liveview sample end [0m
[37m[22.878][linker]-[Debug]-[DjiProtocol_v1Unpack:215) <0x1311>V1-Recv: 0x0300->0x0A06 0x036C [0m
[37m[22.879][linker]-[Debug]-[DjiCommand_RecvWork:1066)  <0x1311>Receive msg from linker, 0x0300->0x0A06 0x036C len:71 [0m
[37m[22.879][linker]-[Debug]-[DjiCommand_DealCmd:919) received unsupport request cmd that noneed ack, <0x1311> cmdset: 0x03 cmdid: 0x6C [0m
[37m[22.899][linker]-[Debug]-[DjiProtocol_v1Unpack:215) <0x133b>V1-Recv: 0x0300->0x0A06 0x0F74 [0m
[37m[22.899][linker]-[Debug]-[DjiProtocol_v1Unpack:215) <0x1340>V1-Recv: 0x0300->0x0100 0x0406 [0m
[37m[22.899][linker]-[Debug]-[DjiProtocol_v1Unpack:215) <0x1341>V1-Recv: 0x0300->0x0100 0x0407 [0m
[37m[22.899][linker]-[Debug]-[DjiProtocol_v1Unpack:215) <0x1342>V1-Recv: 0x0300->0x0A06 0x4900 [0m
[37m[22.900][linker]-[Debug]-[DjiCommand_RecvWork:1066)  <0x133b>Receive msg from linker, 0x0300->0x0A06 0x0F74 len:28 [0m
[37m[22.900][linker]-[Debug]-[DjiCommand_DealCmd:919) received unsupport request cmd that noneed ack, <0x133b> cmdset: 0x0F cmdid: 0x74 [0m
[37m[22.901][linker]-[Debug]-[DjiCommand_RecvWork:1066)  <0x1340>Receive msg from linker, 0x0300->0x0100 0x0406 len:12 [0m
[37m[22.901][linker]-[Debug]-[DjiCommand_DealCmd:919) received unsupport request cmd that noneed ack, <0x1340> cmdset: 0x04 cmdid: 0x06 [0m
[37m[22.902][linker]-[Debug]-[DjiCommand_RecvWork:1066)  <0x1341>Receive msg from linker, 0x0300->0x0100 0x0407 len:1 [0m
[37m[22.902][linker]-[Debug]-[DjiCommand_DealCmd:919) received unsupport request cmd that noneed ack, <0x1341> cmdset: 0x04 cmdid: 0x07 [0m
[37m[22.903][linker]-[Debug]-[DjiCommand_RecvWork:1066)  <0x1342>Receive msg from linker, 0x0300->0x0A06 0x4900 len:14 [0m
[37m[22.903][linker]-[Debug]-[DjiProtocol_v1Pack:123) <0x1342>V1-Send: 0x0A06->0x0300 0x4900 [0m
[37m[22.935][linker]-[Debug]-[DjiProtocol_v1Unpack:215) <0x138c>V1-Recv: 0x0300->0x0A06 0x221B [0m
[37m[22.936][linker]-[Debug]-[DjiCommand_RecvWork:1066)  <0x138c>Receive msg from linker, 0x0300->0x0A06 0x221B len:9 [0m
[37m[22.936][linker]-[Debug]-[DjiCommand_DealCmd:919) received unsupport request cmd that noneed ack, <0x138c> cmdset: 0x22 cmdid: 0x1B [0m
[37m[22.953][linker]-[Debug]-[DjiProtocol_v1Unpack:215) <0x13ae>V1-Recv: 0x0306->0x0A06 0x03C1 [0m
[37m[22.954][linker]-[Debug]-[DjiCommand_RecvWork:1066)  <0x13ae>Receive msg from linker, 0x0306->0x0A06 0x03C1 len:13 [0m
[37m[22.978][linker]-[Debug]-[DjiProtocol_v1Unpack:215) <0x13d1>V1-Recv: 0x0300->0x0A06 0x036C [0m
[37m[22.979][linker]-[Debug]-[DjiCommand_RecvWork:1066)  <0x13d1>Receive msg from linker, 0x0300->0x0A06 0x036C len:71 [0m
[37m[22.979][linker]-[Debug]-[DjiCommand_DealCmd:919) received unsupport request cmd that noneed ack, <0x13d1> cmdset: 0x03 cmdid: 0x6C [0m
[37m[22.997][linker]-[Debug]-[DjiProtocol_v1Unpack:215) <0x8ce3>V1-Recv: 0x0800->0x0A06 0x0866 [0m
[37m[22.997][linker]-[Debug]-[DjiProtocol_v1Unpack:215) <0x140c>V1-Recv: 0x0300->0x0A06 0x4900 [0m
[37m[22.998][linker]-[Debug]-[DjiCommand_RecvWork:1066)  <0x8ce3>Receive msg from linker, 0x0800->0x0A06 0x0866 len:16 [0m
[37m[22.998][linker]-[Debug]-[DjiCommand_DealCmd:919) received unsupport request cmd that noneed ack, <0x8ce3> cmdset: 0x08 cmdid: 0x66 [0m
[37m[22.999][linker]-[Debug]-[DjiCommand_RecvWork:1066)  <0x140c>Receive msg from linker, 0x0300->0x0A06 0x4900 len:14 [0m
[37m[22.999][linker]-[Debug]-[DjiProtocol_v1Pack:123) <0x140c>V1-Send: 0x0A06->0x0300 0x4900 [0m
[37m[23.028][linker]-[Debug]-[DjiProtocol_v1Pack:123) <0xfe2f>V1-Send: 0x0A06->0x0300 0x0000 [0m
[37m[23.028][infor]-[Debug]-[DjiAircraftConnection_CheckExtensionPortConnectStatusByV1Protocol:170) check connect status:1 [0m
[37m[23.028][linker]-[Debug]-[DjiProtocol_v1Pack:123) <0xfe30>V1-Send: 0x0A06->0x0200 0x3C10 [0m
[37m[23.028][linker]-[Debug]-[DjiProtocol_v1Pack:123) <0xfe31>V1-Send: 0x0A06->0x0A01 0x3C10 [0m
[37m[23.028][linker]-[Debug]-[DjiProtocol_v1Pack:123) <0xfe32>V1-Send: 0x0A06->0x0300 0x3C10 [0m
[37m[23.036][linker]-[Debug]-[DjiProtocol_v1Unpack:215) <0xfe2f>V1-Recv: 0x0300->0x0A06 0x0000 [0m
[37m[23.036][linker]-[Debug]-[DjiProtocol_v1Unpack:215) <0x1451>V1-Recv: 0x0300->0x0A06 0x221B [0m
[37m[23.037][linker]-[Debug]-[DjiCommand_RecvWork:1066)  <0xfe2f>Receive msg from linker, 0x0300->0x0A06 0x0000 len:0 [0m
[37m[23.037][infor]-[Debug]-[DjiAircraftInfo_CheckPingStatusAsyncCallback:269) connect status async sucess [0m
[37m[23.037][linker]-[Debug]-[DjiCommand_DealCmd:830) callback function (cmdset: 0x00 cmdid: 0x00) deal time: 0 ms [0m
[37m[23.038][linker]-[Debug]-[DjiCommand_RecvWork:1066)  <0x1451>Receive msg from linker, 0x0300->0x0A06 0x221B len:9 [0m
[37m[23.038][linker]-[Debug]-[DjiCommand_DealCmd:919) received unsupport request cmd that noneed ack, <0x1451> cmdset: 0x22 cmdid: 0x1B [0m
[37m[23.054][linker]-[Debug]-[DjiProtocol_v1Unpack:215) <0x1474>V1-Recv: 0x0306->0x0A06 0x03C1 [0m
[37m[23.055][linker]-[Debug]-[DjiCommand_RecvWork:1066)  <0x1474>Receive msg from linker, 0x0306->0x0A06 0x03C1 len:13 [0m
[37m[23.058][linker]-[Debug]-[DjiProtocol_v1Unpack:215) <0x9fa6>V1-Recv: 0x0A01->0x0A06 0x3C45 [0m
[37m[23.059][linker]-[Debug]-[DjiCommand_RecvWork:1066)  <0x9fa6>Receive msg from linker, 0x0A01->0x0A06 0x3C45 len:0 [0m
[37m[23.059][upgrade]-[Debug]-[DjiUpgrade_GetUpgradeServiceInfo:239) Get upgrade service info [0m
[37m[23.059][linker]-[Debug]-[DjiProtocol_v1Pack:123) <0x9fa6>V1-Send: 0x0A06->0x0A01 0x3C45 [0m
[37m[23.078][linker]-[Debug]-[DjiProtocol_v1Unpack:215) <0x1494>V1-Recv: 0x0300->0x0A06 0x036C [0m
[37m[23.079][linker]-[Debug]-[DjiCommand_RecvWork:1066)  <0x1494>Receive msg from linker, 0x0300->0x0A06 0x036C len:71 [0m
[37m[23.079][linker]-[Debug]-[DjiCommand_DealCmd:919) received unsupport request cmd that noneed ack, <0x1494> cmdset: 0x03 cmdid: 0x6C [0m
[37m[23.097][linker]-[Debug]-[DjiProtocol_v1Unpack:215) <0x14c0>V1-Recv: 0x0300->0x0A06 0x4900 [0m
[37m[23.098][linker]-[Debug]-[DjiCommand_RecvWork:1066)  <0x14c0>Receive msg from linker, 0x0300->0x0A06 0x4900 len:14 [0m
[37m[23.098][linker]-[Debug]-[DjiProtocol_v1Pack:123) <0x14c0>V1-Send: 0x0A06->0x0300 0x4900 [0m
[37m[23.136][linker]-[Debug]-[DjiProtocol_v1Unpack:215) <0x1506>V1-Recv: 0x0300->0x0A06 0x221B [0m
[37m[23.136][linker]-[Debug]-[DjiCommand_RecvWork:1066)  <0x1506>Receive msg from linker, 0x0300->0x0A06 0x221B len:9 [0m
[37m[23.136][linker]-[Debug]-[DjiCommand_DealCmd:919) received unsupport request cmd that noneed ack, <0x1506> cmdset: 0x22 cmdid: 0x1B [0m
[37m[23.147][linker]-[Debug]-[DjiProtocol_v1Unpack:215) <0x9526>V1-Recv: 0x0202->0x0A06 0x0026 [0m
[37m[23.147][linker]-[Debug]-[DjiCommand_RecvWork:1066)  <0x9526>Receive msg from linker, 0x0202->0x0A06 0x0026 len:37 [0m
[37m[23.147][linker]-[Debug]-[DjiCommand_DealCmd:919) received unsupport request cmd that need ack, <0x9526> cmdset: 0x00 cmdid: 0x26 [0m
[37m[23.154][linker]-[Debug]-[DjiProtocol_v1Unpack:215) <0x152d>V1-Recv: 0x0306->0x0A06 0x03C1 [0m
[37m[23.154][linker]-[Debug]-[DjiCommand_RecvWork:1066)  <0x152d>Receive msg from linker, 0x0306->0x0A06 0x03C1 len:13 [0m
[37m[23.178][linker]-[Debug]-[DjiProtocol_v1Unpack:215) <0x1554>V1-Recv: 0x0300->0x0A06 0x036C [0m
[37m[23.179][linker]-[Debug]-[DjiCommand_RecvWork:1066)  <0x1554>Receive msg from linker, 0x0300->0x0A06 0x036C len:71 [0m
[37m[23.179][linker]-[Debug]-[DjiCommand_DealCmd:919) received unsupport request cmd that noneed ack, <0x1554> cmdset: 0x03 cmdid: 0x6C [0m
[37m[23.197][linker]-[Debug]-[DjiProtocol_v1Unpack:215) <0x1580>V1-Recv: 0x0300->0x0A06 0x4900 [0m
[37m[23.198][linker]-[Debug]-[DjiCommand_RecvWork:1066)  <0x1580>Receive msg from linker, 0x0300->0x0A06 0x4900 len:14 [0m
[37m[23.198][linker]-[Debug]-[DjiProtocol_v1Pack:123) <0x1580>V1-Send: 0x0A06->0x0300 0x4900 [0m
[37m[23.235][linker]-[Debug]-[DjiProtocol_v1Unpack:215) <0x15c0>V1-Recv: 0x0300->0x0A06 0x221B [0m
[37m[23.236][linker]-[Debug]-[DjiCommand_RecvWork:1066)  <0x15c0>Receive msg from linker, 0x0300->0x0A06 0x221B len:9 [0m
[37m[23.236][linker]-[Debug]-[DjiCommand_DealCmd:919) received unsupport request cmd that noneed ack, <0x15c0> cmdset: 0x22 cmdid: 0x1B [0m
[37m[23.242][linker]-[Debug]-[DjiProtocol_v1Pack:123) <0xfe33>V1-Send: 0x0A06->0x0200 0x3C10 [0m
[37m[23.242][linker]-[Debug]-[DjiProtocol_v1Pack:123) <0xfe34>V1-Send: 0x0A06->0x0A01 0x3C10 [0m
[37m[23.242][linker]-[Debug]-[DjiProtocol_v1Pack:123) <0xfe35>V1-Send: 0x0A06->0x0300 0x3C10 [0m
[37m[23.246][linker]-[Debug]-[DjiProtocol_v1Unpack:215) <0x8ce4>V1-Recv: 0x0800->0x0A06 0x0866 [0m
[37m[23.247][linker]-[Debug]-[DjiCommand_RecvWork:1066)  <0x8ce4>Receive msg from linker, 0x0800->0x0A06 0x0866 len:16 [0m
[37m[23.247][linker]-[Debug]-[DjiCommand_DealCmd:919) received unsupport request cmd that noneed ack, <0x8ce4> cmdset: 0x08 cmdid: 0x66 [0m
[37m[23.254][linker]-[Debug]-[DjiProtocol_v1Unpack:215) <0x15e1>V1-Recv: 0x0306->0x0A06 0x03C1 [0m
[37m[23.255][linker]-[Debug]-[DjiCommand_RecvWork:1066)  <0x15e1>Receive msg from linker, 0x0306->0x0A06 0x03C1 len:13 [0m
[37m[23.258][linker]-[Debug]-[DjiProtocol_v1Unpack:215) <0x9fa7>V1-Recv: 0x0A01->0x0A06 0x3C45 [0m
[37m[23.259][linker]-[Debug]-[DjiCommand_RecvWork:1066)  <0x9fa7>Receive msg from linker, 0x0A01->0x0A06 0x3C45 len:0 [0m
[37m[23.259][upgrade]-[Debug]-[DjiUpgrade_GetUpgradeServiceInfo:239) Get upgrade service info [0m
[37m[23.259][linker]-[Debug]-[DjiProtocol_v1Pack:123) <0x9fa7>V1-Send: 0x0A06->0x0A01 0x3C45 [0m
[37m[23.278][linker]-[Debug]-[DjiProtocol_v1Unpack:215) <0x1600>V1-Recv: 0x0300->0x0A06 0x036C [0m
[37m[23.279][linker]-[Debug]-[DjiCommand_RecvWork:1066)  <0x1600>Receive msg from linker, 0x0300->0x0A06 0x036C len:71 [0m
[37m[23.279][linker]-[Debug]-[DjiCommand_DealCmd:919) received unsupport request cmd that noneed ack, <0x1600> cmdset: 0x03 cmdid: 0x6C [0m
[37m[23.297][linker]-[Debug]-[DjiProtocol_v1Unpack:215) <0x162e>V1-Recv: 0x0300->0x0A06 0x4900 [0m
[37m[23.298][linker]-[Debug]-[DjiCommand_RecvWork:1066)  <0x162e>Receive msg from linker, 0x0300->0x0A06 0x4900 len:14 [0m
[37m[23.298][linker]-[Debug]-[DjiProtocol_v1Pack:123) <0x162e>V1-Send: 0x0A06->0x0300 0x4900 [0m
[37m[23.335][linker]-[Debug]-[DjiProtocol_v1Unpack:215) <0x1678>V1-Recv: 0x0300->0x0A06 0x221B [0m
[37m[23.336][linker]-[Debug]-[DjiCommand_RecvWork:1066)  <0x1678>Receive msg from linker, 0x0300->0x0A06 0x221B len:9 [0m
[37m[23.336][linker]-[Debug]-[DjiCommand_DealCmd:919) received unsupport request cmd that noneed ack, <0x1678> cmdset: 0x22 cmdid: 0x1B [0m
[37m[23.354][linker]-[Debug]-[DjiProtocol_v1Unpack:215) <0x169a>V1-Recv: 0x0306->0x0A06 0x03C1 [0m
[37m[23.355][linker]-[Debug]-[DjiCommand_RecvWork:1066)  <0x169a>Receive msg from linker, 0x0306->0x0A06 0x03C1 len:13 [0m
[37m[23.378][linker]-[Debug]-[DjiProtocol_v1Unpack:215) <0x16bf>V1-Recv: 0x0300->0x0A06 0x036C [0m
[37m[23.378][linker]-[Debug]-[DjiCommand_RecvWork:1066)  <0x16bf>Receive msg from linker, 0x0300->0x0A06 0x036C len:71 [0m
[37m[23.378][linker]-[Debug]-[DjiCommand_DealCmd:919) received unsupport request cmd that noneed ack, <0x16bf> cmdset: 0x03 cmdid: 0x6C [0m
[37m[23.398][linker]-[Debug]-[DjiProtocol_v1Unpack:215) <0x16e8>V1-Recv: 0x0300->0x0100 0x0405 [0m
[37m[23.398][linker]-[Debug]-[DjiProtocol_v1Unpack:215) <0x16e9>V1-Recv: 0x0300->0x0A06 0x4900 [0m
[37m[23.398][linker]-[Debug]-[DjiCommand_RecvWork:1066)  <0x16e8>Receive msg from linker, 0x0300->0x0100 0x0405 len:22 [0m
[37m[23.398][linker]-[Debug]-[DjiCommand_DealCmd:919) received unsupport request cmd that noneed ack, <0x16e8> cmdset: 0x04 cmdid: 0x05 [0m
[37m[23.399][linker]-[Debug]-[DjiCommand_RecvWork:1066)  <0x16e9>Receive msg from linker, 0x0300->0x0A06 0x4900 len:14 [0m
[37m[23.399][linker]-[Debug]-[DjiProtocol_v1Pack:123) <0x16e9>V1-Send: 0x0A06->0x0300 0x4900 [0m
[37m[23.436][linker]-[Debug]-[DjiProtocol_v1Unpack:215) <0x1730>V1-Recv: 0x0300->0x0A06 0x221B [0m
[37m[23.436][linker]-[Debug]-[DjiCommand_RecvWork:1066)  <0x1730>Receive msg from linker, 0x0300->0x0A06 0x221B len:9 [0m
[37m[23.436][linker]-[Debug]-[DjiCommand_DealCmd:919) received unsupport request cmd that noneed ack, <0x1730> cmdset: 0x22 cmdid: 0x1B [0m
[37m[23.454][linker]-[Debug]-[DjiProtocol_v1Unpack:215) <0x1755>V1-Recv: 0x0306->0x0A06 0x03C1 [0m
[37m[23.454][linker]-[Debug]-[DjiCommand_RecvWork:1066)  <0x1755>Receive msg from linker, 0x0306->0x0A06 0x03C1 len:13 [0m
[37m[23.455][linker]-[Debug]-[DjiProtocol_v1Pack:123) <0xfe36>V1-Send: 0x0A06->0x0200 0x3C10 [0m
[37m[23.455][linker]-[Debug]-[DjiProtocol_v1Pack:123) <0xfe37>V1-Send: 0x0A06->0x0A01 0x3C10 [0m
[37m[23.455][linker]-[Debug]-[DjiProtocol_v1Pack:123) <0xfe38>V1-Send: 0x0A06->0x0300 0x3C10 [0m
[37m[23.479][linker]-[Debug]-[DjiProtocol_v1Unpack:215) <0x1779>V1-Recv: 0x0300->0x0A06 0x036C [0m
[37m[23.479][linker]-[Debug]-[DjiProtocol_v1Unpack:215) <0x9fa8>V1-Recv: 0x0A01->0x0A06 0x3C45 [0m
[37m[23.479][linker]-[Debug]-[DjiCommand_RecvWork:1066)  <0x1779>Receive msg from linker, 0x0300->0x0A06 0x036C len:71 [0m
[37m[23.479][linker]-[Debug]-[DjiCommand_DealCmd:919) received unsupport request cmd that noneed ack, <0x1779> cmdset: 0x03 cmdid: 0x6C [0m
[37m[23.480][linker]-[Debug]-[DjiCommand_RecvWork:1066)  <0x9fa8>Receive msg from linker, 0x0A01->0x0A06 0x3C45 len:0 [0m
[37m[23.480][upgrade]-[Debug]-[DjiUpgrade_GetUpgradeServiceInfo:239) Get upgrade service info [0m
[37m[23.480][linker]-[Debug]-[DjiProtocol_v1Pack:123) <0x9fa8>V1-Send: 0x0A06->0x0A01 0x3C45 [0m
[37m[23.496][linker]-[Debug]-[DjiProtocol_v1Unpack:215) <0x8ce5>V1-Recv: 0x0800->0x0A06 0x0866 [0m
[37m[23.496][linker]-[Debug]-[DjiCommand_RecvWork:1066)  <0x8ce5>Receive msg from linker, 0x0800->0x0A06 0x0866 len:16 [0m
[37m[23.496][linker]-[Debug]-[DjiCommand_DealCmd:919) received unsupport request cmd that noneed ack, <0x8ce5> cmdset: 0x08 cmdid: 0x66 [0m
[37m[23.498][linker]-[Debug]-[DjiProtocol_v1Unpack:215) <0x17a9>V1-Recv: 0x0300->0x0A06 0x4900 [0m
[37m[23.499][linker]-[Debug]-[DjiCommand_RecvWork:1066)  <0x17a9>Receive msg from linker, 0x0300->0x0A06 0x4900 len:14 [0m
[37m[23.499][linker]-[Debug]-[DjiProtocol_v1Pack:123) <0x17a9>V1-Send: 0x0A06->0x0300 0x4900 [0m
[37m[23.507][utils]-[Debug]-[DjiCore_RootTask:131) work execution time: [0m
[37m[23.507][utils]-[Debug]-[DjiCore_RootTask:132) name	                execution time (ms)	  max execution time (ms) [0m
[37m[23.507][utils]-[Debug]-[DjiCore_RootTask:134) recorderWork                    	0       	1        [0m
[37m[23.507][utils]-[Debug]-[DjiCore_RootTask:134) flowControllerTask              	1       	1        [0m
[37m[23.507][utils]-[Debug]-[DjiCore_RootTask:134) commandTask                     	1       	1        [0m
[37m[23.507][utils]-[Debug]-[DjiCore_RootTask:134) aircraftWorkNode                	0       	1        [0m
[37m[23.507][utils]-[Debug]-[DjiCore_RootTask:134) StatePushWork                   	1       	1        [0m
[37m[23.519][linker]-[Debug]-[DjiProtocol_v1Unpack:215) <0x17c6>V1-Recv: 0x0306->0x0A06 0x03C1 [0m
[37m[23.519][linker]-[Debug]-[DjiCommand_RecvWork:1066)  <0x17c6>Receive msg from linker, 0x0306->0x0A06 0x03C1 len:126 [0m
[37m[23.535][linker]-[Debug]-[DjiProtocol_v1Unpack:215) <0x17fd>V1-Recv: 0x0300->0x0A06 0x221B [0m
[37m[23.536][linker]-[Debug]-[DjiCommand_RecvWork:1066)  <0x17fd>Receive msg from linker, 0x0300->0x0A06 0x221B len:9 [0m
[37m[23.536][linker]-[Debug]-[DjiCommand_DealCmd:919) received unsupport request cmd that noneed ack, <0x17fd> cmdset: 0x22 cmdid: 0x1B [0m
[37m[23.554][linker]-[Debug]-[DjiProtocol_v1Unpack:215) <0x1824>V1-Recv: 0x0306->0x0A06 0x03C1 [0m
[37m[23.554][linker]-[Debug]-[DjiCommand_RecvWork:1066)  <0x1824>Receive msg from linker, 0x0306->0x0A06 0x03C1 len:13 [0m
[32m[23.558][user]-[Info]-[UserFcSubscription_Task:456) Current speed: 0.000000.
 [0m
[32m[23.558][user]-[Info]-[UserFcSubscription_Task:656) Displaymode status: 6. [0m
[37m[23.578][linker]-[Debug]-[DjiProtocol_v1Unpack:215) <0x184a>V1-Recv: 0x0300->0x0A06 0x036C [0m
[37m[23.578][linker]-[Debug]-[DjiCommand_RecvWork:1066)  <0x184a>Receive msg from linker, 0x0300->0x0A06 0x036C len:71 [0m
[37m[23.578][linker]-[Debug]-[DjiCommand_DealCmd:919) received unsupport request cmd that noneed ack, <0x184a> cmdset: 0x03 cmdid: 0x6C [0m
[37m[23.597][linker]-[Debug]-[DjiProtocol_v1Unpack:215) <0x1875>V1-Recv: 0x0300->0x0A06 0x4900 [0m
[37m[23.598][linker]-[Debug]-[DjiCommand_RecvWork:1066)  <0x1875>Receive msg from linker, 0x0300->0x0A06 0x4900 len:14 [0m
[37m[23.598][linker]-[Debug]-[DjiProtocol_v1Pack:123) <0x1875>V1-Send: 0x0A06->0x0300 0x4900 [0m
[37m[23.609][linker]-[Debug]-[DjiProtocol_v1Unpack:215) <0x7cf>V1-Recv: 0x0701->0x0A06 0x0000 [0m
[37m[23.609][linker]-[Debug]-[DjiCommand_RecvWork:1066)  <0x7cf>Receive msg from linker, 0x0701->0x0A06 0x0000 len:16 [0m
[37m[23.609][linker]-[Debug]-[DjiProtocol_v1Pack:123) <0x7cf>V1-Send: 0x0A06->0x0701 0x0000 [0m
[37m[23.636][linker]-[Debug]-[DjiProtocol_v1Unpack:215) <0x18b4>V1-Recv: 0x0300->0x0A06 0x221B [0m
[37m[23.636][linker]-[Debug]-[DjiCommand_RecvWork:1066)  <0x18b4>Receive msg from linker, 0x0300->0x0A06 0x221B len:9 [0m
[37m[23.636][linker]-[Debug]-[DjiCommand_DealCmd:919) received unsupport request cmd that noneed ack, <0x18b4> cmdset: 0x22 cmdid: 0x1B [0m
[37m[23.654][linker]-[Debug]-[DjiProtocol_v1Unpack:215) <0x18d5>V1-Recv: 0x0306->0x0A06 0x03C1 [0m
[37m[23.654][linker]-[Debug]-[DjiCommand_RecvWork:1066)  <0x18d5>Receive msg from linker, 0x0306->0x0A06 0x03C1 len:13 [0m
[37m[23.668][linker]-[Debug]-[DjiProtocol_v1Pack:123) <0xfe39>V1-Send: 0x0A06->0x0200 0x3C10 [0m
[37m[23.668][linker]-[Debug]-[DjiProtocol_v1Pack:123) <0xfe3a>V1-Send: 0x0A06->0x0A01 0x3C10 [0m
[37m[23.668][linker]-[Debug]-[DjiProtocol_v1Pack:123) <0xfe3b>V1-Send: 0x0A06->0x0300 0x3C10 [0m
[37m[23.673][linker]-[Debug]-[DjiProtocol_v1Unpack:215) <0x3a83>V1-Recv: 0x1D07->0x0A06 0x2105 [0m
[37m[23.673][linker]-[Debug]-[DjiCommand_RecvWork:1066)  <0x3a83>Receive msg from linker, 0x1D07->0x0A06 0x2105 len:1 [0m
[37m[23.673][linker]-[Debug]-[DjiCommand_DealCmd:919) received unsupport request cmd that need ack, <0x3a83> cmdset: 0x21 cmdid: 0x05 [0m
[37m[23.678][linker]-[Debug]-[DjiProtocol_v1Unpack:215) <0x18f4>V1-Recv: 0x0300->0x0A06 0x036C [0m
[37m[23.679][linker]-[Debug]-[DjiCommand_RecvWork:1066)  <0x18f4>Receive msg from linker, 0x0300->0x0A06 0x036C len:71 [0m
[37m[23.679][linker]-[Debug]-[DjiCommand_DealCmd:919) received unsupport request cmd that noneed ack, <0x18f4> cmdset: 0x03 cmdid: 0x6C [0m
[37m[23.698][linker]-[Debug]-[DjiProtocol_v1Unpack:215) <0x191d>V1-Recv: 0x0300->0x0A06 0x4900 [0m
[37m[23.698][linker]-[Debug]-[DjiProtocol_v1Unpack:215) <0x9fa9>V1-Recv: 0x0A01->0x0A06 0x3C45 [0m
[37m[23.699][linker]-[Debug]-[DjiCommand_RecvWork:1066)  <0x191d>Receive msg from linker, 0x0300->0x0A06 0x4900 len:14 [0m
[37m[23.699][linker]-[Debug]-[DjiProtocol_v1Pack:123) <0x191d>V1-Send: 0x0A06->0x0300 0x4900 [0m
[37m[23.700][linker]-[Debug]-[DjiCommand_RecvWork:1066)  <0x9fa9>Receive msg from linker, 0x0A01->0x0A06 0x3C45 len:0 [0m
[37m[23.700][upgrade]-[Debug]-[DjiUpgrade_GetUpgradeServiceInfo:239) Get upgrade service info [0m
[37m[23.700][linker]-[Debug]-[DjiProtocol_v1Pack:123) <0x9fa9>V1-Send: 0x0A06->0x0A01 0x3C45 [0m
[37m[23.736][linker]-[Debug]-[DjiProtocol_v1Unpack:215) <0x1967>V1-Recv: 0x0300->0x0A06 0x221B [0m
[37m[23.736][linker]-[Debug]-[DjiCommand_RecvWork:1066)  <0x1967>Receive msg from linker, 0x0300->0x0A06 0x221B len:9 [0m
[37m[23.736][linker]-[Debug]-[DjiCommand_DealCmd:919) received unsupport request cmd that noneed ack, <0x1967> cmdset: 0x22 cmdid: 0x1B [0m
[37m[23.746][linker]-[Debug]-[DjiProtocol_v1Unpack:215) <0x8ce6>V1-Recv: 0x0800->0x0A06 0x0866 [0m
[37m[23.747][linker]-[Debug]-[DjiCommand_RecvWork:1066)  <0x8ce6>Receive msg from linker, 0x0800->0x0A06 0x0866 len:16 [0m
[37m[23.747][linker]-[Debug]-[DjiCommand_DealCmd:919) received unsupport request cmd that noneed ack, <0x8ce6> cmdset: 0x08 cmdid: 0x66 [0m
[37m[23.754][linker]-[Debug]-[DjiProtocol_v1Unpack:215) <0x198c>V1-Recv: 0x0306->0x0A06 0x03C1 [0m
[37m[23.754][linker]-[Debug]-[DjiCommand_RecvWork:1066)  <0x198c>Receive msg from linker, 0x0306->0x0A06 0x03C1 len:13 [0m
[37m[23.778][linker]-[Debug]-[DjiProtocol_v1Unpack:215) <0x19af>V1-Recv: 0x0300->0x0A06 0x036C [0m
[37m[23.779][linker]-[Debug]-[DjiCommand_RecvWork:1066)  <0x19af>Receive msg from linker, 0x0300->0x0A06 0x036C len:71 [0m
[37m[23.779][linker]-[Debug]-[DjiCommand_DealCmd:919) received unsupport request cmd that noneed ack, <0x19af> cmdset: 0x03 cmdid: 0x6C [0m
[37m[23.797][linker]-[Debug]-[DjiProtocol_v1Unpack:215) <0x19db>V1-Recv: 0x0300->0x0A06 0x4900 [0m
[37m[23.797][linker]-[Debug]-[DjiCommand_RecvWork:1066)  <0x19db>Receive msg from linker, 0x0300->0x0A06 0x4900 len:14 [0m
[37m[23.797][linker]-[Debug]-[DjiProtocol_v1Pack:123) <0x19db>V1-Send: 0x0A06->0x0300 0x4900 [0m
[37m[23.835][linker]-[Debug]-[DjiProtocol_v1Unpack:215) <0x1a1e>V1-Recv: 0x0300->0x0A06 0x221B [0m
[37m[23.835][linker]-[Debug]-[DjiCommand_RecvWork:1066)  <0x1a1e>Receive msg from linker, 0x0300->0x0A06 0x221B len:9 [0m
[37m[23.835][linker]-[Debug]-[DjiCommand_DealCmd:919) received unsupport request cmd that noneed ack, <0x1a1e> cmdset: 0x22 cmdid: 0x1B [0m
[37m[23.854][linker]-[Debug]-[DjiProtocol_v1Unpack:215) <0x1a3f>V1-Recv: 0x0306->0x0A06 0x03C1 [0m
[37m[23.854][linker]-[Debug]-[DjiCommand_RecvWork:1066)  <0x1a3f>Receive msg from linker, 0x0306->0x0A06 0x03C1 len:13 [0m
[37m[23.877][linker]-[Debug]-[DjiProtocol_v1Unpack:215) <0x1a61>V1-Recv: 0x0300->0x0A06 0x036C [0m
[37m[23.878][linker]-[Debug]-[DjiCommand_RecvWork:1066)  <0x1a61>Receive msg from linker, 0x0300->0x0A06 0x036C len:71 [0m
[37m[23.878][linker]-[Debug]-[DjiCommand_DealCmd:919) received unsupport request cmd that noneed ack, <0x1a61> cmdset: 0x03 cmdid: 0x6C [0m
[37m[23.881][linker]-[Debug]-[DjiProtocol_v1Pack:123) <0xfe3c>V1-Send: 0x0A06->0x0200 0x3C10 [0m
[37m[23.881][linker]-[Debug]-[DjiProtocol_v1Pack:123) <0xfe3d>V1-Send: 0x0A06->0x0A01 0x3C10 [0m
[37m[23.881][linker]-[Debug]-[DjiProtocol_v1Pack:123) <0xfe3e>V1-Send: 0x0A06->0x0300 0x3C10 [0m
[37m[23.899][linker]-[Debug]-[DjiProtocol_v1Unpack:215) <0x1a8c>V1-Recv: 0x0300->0x0A06 0x0F74 [0m
[37m[23.899][linker]-[Debug]-[DjiProtocol_v1Unpack:215) <0x1a91>V1-Recv: 0x0300->0x0100 0x0406 [0m
[37m[23.899][linker]-[Debug]-[DjiProtocol_v1Unpack:215) <0x1a92>V1-Recv: 0x0300->0x0100 0x0407 [0m
[37m[23.899][linker]-[Debug]-[DjiProtocol_v1Unpack:215) <0x1a93>V1-Recv: 0x0300->0x0A06 0x4900 [0m
[37m[23.899][linker]-[Debug]-[DjiCommand_RecvWork:1066)  <0x1a8c>Receive msg from linker, 0x0300->0x0A06 0x0F74 len:28 [0m
[37m[23.899][linker]-[Debug]-[DjiCommand_DealCmd:919) received unsupport request cmd that noneed ack, <0x1a8c> cmdset: 0x0F cmdid: 0x74 [0m
[37m[23.900][linker]-[Debug]-[DjiCommand_RecvWork:1066)  <0x1a91>Receive msg from linker, 0x0300->0x0100 0x0406 len:12 [0m
[37m[23.900][linker]-[Debug]-[DjiCommand_DealCmd:919) received unsupport request cmd that noneed ack, <0x1a91> cmdset: 0x04 cmdid: 0x06 [0m
[37m[23.901][linker]-[Debug]-[DjiCommand_RecvWork:1066)  <0x1a92>Receive msg from linker, 0x0300->0x0100 0x0407 len:1 [0m
[37m[23.901][linker]-[Debug]-[DjiCommand_DealCmd:919) received unsupport request cmd that noneed ack, <0x1a92> cmdset: 0x04 cmdid: 0x07 [0m
[37m[23.903][linker]-[Debug]-[DjiCommand_RecvWork:1066)  <0x1a93>Receive msg from linker, 0x0300->0x0A06 0x4900 len:14 [0m
[37m[23.903][linker]-[Debug]-[DjiProtocol_v1Pack:123) <0x1a93>V1-Send: 0x0A06->0x0300 0x4900 [0m
[37m[23.914][linker]-[Debug]-[DjiProtocol_v1Unpack:215) <0x9fab>V1-Recv: 0x0A01->0x0A06 0x3C45 [0m
[37m[23.914][linker]-[Debug]-[DjiCommand_RecvWork:1066)  <0x9fab>Receive msg from linker, 0x0A01->0x0A06 0x3C45 len:0 [0m
[37m[23.914][upgrade]-[Debug]-[DjiUpgrade_GetUpgradeServiceInfo:239) Get upgrade service info [0m
[37m[23.914][linker]-[Debug]-[DjiProtocol_v1Pack:123) <0x9fab>V1-Send: 0x0A06->0x0A01 0x3C45 [0m
[37m[23.935][linker]-[Debug]-[DjiProtocol_v1Unpack:215) <0x1adc>V1-Recv: 0x0300->0x0A06 0x221B [0m
[37m[23.936][linker]-[Debug]-[DjiCommand_RecvWork:1066)  <0x1adc>Receive msg from linker, 0x0300->0x0A06 0x221B len:9 [0m
[37m[23.936][linker]-[Debug]-[DjiCommand_DealCmd:919) received unsupport request cmd that noneed ack, <0x1adc> cmdset: 0x22 cmdid: 0x1B [0m
[37m[23.953][linker]-[Debug]-[DjiProtocol_v1Unpack:215) <0x1afd>V1-Recv: 0x0306->0x0A06 0x03C1 [0m
[37m[23.954][linker]-[Debug]-[DjiCommand_RecvWork:1066)  <0x1afd>Receive msg from linker, 0x0306->0x0A06 0x03C1 len:13 [0m
[37m[23.978][linker]-[Debug]-[DjiProtocol_v1Unpack:215) <0x1b20>V1-Recv: 0x0300->0x0A06 0x036C [0m
[37m[23.978][linker]-[Debug]-[DjiCommand_RecvWork:1066)  <0x1b20>Receive msg from linker, 0x0300->0x0A06 0x036C len:71 [0m
[37m[23.978][linker]-[Debug]-[DjiCommand_DealCmd:919) received unsupport request cmd that noneed ack, <0x1b20> cmdset: 0x03 cmdid: 0x6C [0m
[37m[23.998][linker]-[Debug]-[DjiProtocol_v1Unpack:215) <0x8ce7>V1-Recv: 0x0800->0x0A06 0x0866 [0m
[37m[23.998][linker]-[Debug]-[DjiProtocol_v1Unpack:215) <0x1b57>V1-Recv: 0x0300->0x0A06 0x4900 [0m
[37m[23.999][linker]-[Debug]-[DjiCommand_RecvWork:1066)  <0x8ce7>Receive msg from linker, 0x0800->0x0A06 0x0866 len:16 [0m
[37m[23.999][linker]-[Debug]-[DjiCommand_DealCmd:919) received unsupport request cmd that noneed ack, <0x8ce7> cmdset: 0x08 cmdid: 0x66 [0m
[37m[24.000][linker]-[Debug]-[DjiCommand_RecvWork:1066)  <0x1b57>Receive msg from linker, 0x0300->0x0A06 0x4900 len:14 [0m
[37m[24.000][linker]-[Debug]-[DjiProtocol_v1Pack:123) <0x1b57>V1-Send: 0x0A06->0x0300 0x4900 [0m
[37m[24.035][linker]-[Debug]-[DjiProtocol_v1Unpack:215) <0x1b98>V1-Recv: 0x0300->0x0A06 0x221B [0m
[37m[24.036][linker]-[Debug]-[DjiCommand_RecvWork:1066)  <0x1b98>Receive msg from linker, 0x0300->0x0A06 0x221B len:9 [0m
[37m[24.036][linker]-[Debug]-[DjiCommand_DealCmd:919) received unsupport request cmd that noneed ack, <0x1b98> cmdset: 0x22 cmdid: 0x1B [0m
[37m[24.053][linker]-[Debug]-[DjiProtocol_v1Unpack:215) <0x1bb9>V1-Recv: 0x0306->0x0A06 0x03C1 [0m
[37m[24.054][linker]-[Debug]-[DjiCommand_RecvWork:1066)  <0x1bb9>Receive msg from linker, 0x0306->0x0A06 0x03C1 len:13 [0m
[37m[24.078][linker]-[Debug]-[DjiProtocol_v1Unpack:215) <0x1bd8>V1-Recv: 0x0300->0x0A06 0x036C [0m
[37m[24.079][linker]-[Debug]-[DjiCommand_RecvWork:1066)  <0x1bd8>Receive msg from linker, 0x0300->0x0A06 0x036C len:71 [0m
[37m[24.079][linker]-[Debug]-[DjiCommand_DealCmd:919) received unsupport request cmd that noneed ack, <0x1bd8> cmdset: 0x03 cmdid: 0x6C [0m
[37m[24.095][linker]-[Debug]-[DjiProtocol_v1Pack:123) <0xfe3f>V1-Send: 0x0A06->0x0300 0x0000 [0m
[37m[24.095][infor]-[Debug]-[DjiAircraftConnection_CheckExtensionPortConnectStatusByV1Protocol:170) check connect status:1 [0m
[37m[24.095][linker]-[Debug]-[DjiProtocol_v1Pack:123) <0xfe40>V1-Send: 0x0A06->0x0200 0x3C10 [0m
[37m[24.095][linker]-[Debug]-[DjiProtocol_v1Pack:123) <0xfe41>V1-Send: 0x0A06->0x0A01 0x3C10 [0m
[37m[24.095][linker]-[Debug]-[DjiProtocol_v1Pack:123) <0xfe42>V1-Send: 0x0A06->0x0300 0x3C10 [0m
[37m[24.098][linker]-[Debug]-[DjiProtocol_v1Unpack:215) <0x1c04>V1-Recv: 0x0300->0x0A06 0x4900 [0m
[37m[24.099][linker]-[Debug]-[DjiCommand_RecvWork:1066)  <0x1c04>Receive msg from linker, 0x0300->0x0A06 0x4900 len:14 [0m
[37m[24.099][linker]-[Debug]-[DjiProtocol_v1Pack:123) <0x1c04>V1-Send: 0x0A06->0x0300 0x4900 [0m
[37m[24.115][linker]-[Debug]-[DjiProtocol_v1Unpack:215) <0xfe3f>V1-Recv: 0x0300->0x0A06 0x0000 [0m
[37m[24.116][linker]-[Debug]-[DjiCommand_RecvWork:1066)  <0xfe3f>Receive msg from linker, 0x0300->0x0A06 0x0000 len:0 [0m
[37m[24.116][infor]-[Debug]-[DjiAircraftInfo_CheckPingStatusAsyncCallback:269) connect status async sucess [0m
[37m[24.116][linker]-[Debug]-[DjiCommand_DealCmd:830) callback function (cmdset: 0x00 cmdid: 0x00) deal time: 0 ms [0m
[37m[24.118][linker]-[Debug]-[DjiProtocol_v1Unpack:215) <0x9fae>V1-Recv: 0x0A01->0x0A06 0x3C45 [0m
[37m[24.119][linker]-[Debug]-[DjiCommand_RecvWork:1066)  <0x9fae>Receive msg from linker, 0x0A01->0x0A06 0x3C45 len:0 [0m
[37m[24.119][upgrade]-[Debug]-[DjiUpgrade_GetUpgradeServiceInfo:239) Get upgrade service info [0m
[37m[24.119][linker]-[Debug]-[DjiProtocol_v1Pack:123) <0x9fae>V1-Send: 0x0A06->0x0A01 0x3C45 [0m
[37m[24.135][linker]-[Debug]-[DjiProtocol_v1Unpack:215) <0x1c49>V1-Recv: 0x0300->0x0A06 0x221B [0m
[37m[24.136][linker]-[Debug]-[DjiCommand_RecvWork:1066)  <0x1c49>Receive msg from linker, 0x0300->0x0A06 0x221B len:9 [0m
[37m[24.136][linker]-[Debug]-[DjiCommand_DealCmd:919) received unsupport request cmd that noneed ack, <0x1c49> cmdset: 0x22 cmdid: 0x1B [0m
[37m[24.152][linker]-[Debug]-[DjiProtocol_v1Unpack:215) <0x9526>V1-Recv: 0x0202->0x0A06 0x0026 [0m
[37m[24.153][linker]-[Debug]-[DjiCommand_RecvWork:1066)  <0x9526>Receive msg from linker, 0x0202->0x0A06 0x0026 len:37 [0m
[37m[24.153][linker]-[Debug]-[DjiCommand_DealCmd:919) received unsupport request cmd that need ack, <0x9526> cmdset: 0x00 cmdid: 0x26 [0m
[37m[24.154][linker]-[Debug]-[DjiProtocol_v1Unpack:215) <0x1c6a>V1-Recv: 0x0306->0x0A06 0x03C1 [0m
[37m[24.155][linker]-[Debug]-[DjiCommand_RecvWork:1066)  <0x1c6a>Receive msg from linker, 0x0306->0x0A06 0x03C1 len:13 [0m
[37m[24.178][linker]-[Debug]-[DjiProtocol_v1Unpack:215) <0x1c8e>V1-Recv: 0x0300->0x0A06 0x036C [0m
[37m[24.178][linker]-[Debug]-[DjiCommand_RecvWork:1066)  <0x1c8e>Receive msg from linker, 0x0300->0x0A06 0x036C len:71 [0m
[37m[24.178][linker]-[Debug]-[DjiCommand_DealCmd:919) received unsupport request cmd that noneed ack, <0x1c8e> cmdset: 0x03 cmdid: 0x6C [0m
[37m[24.197][linker]-[Debug]-[DjiProtocol_v1Unpack:215) <0x1cba>V1-Recv: 0x0300->0x0A06 0x4900 [0m
[37m[24.197][linker]-[Debug]-[DjiCommand_RecvWork:1066)  <0x1cba>Receive msg from linker, 0x0300->0x0A06 0x4900 len:14 [0m
[37m[24.197][linker]-[Debug]-[DjiProtocol_v1Pack:123) <0x1cba>V1-Send: 0x0A06->0x0300 0x4900 [0m
[37m[24.235][linker]-[Debug]-[DjiProtocol_v1Unpack:215) <0x1cfa>V1-Recv: 0x0300->0x0A06 0x221B [0m
[37m[24.236][linker]-[Debug]-[DjiCommand_RecvWork:1066)  <0x1cfa>Receive msg from linker, 0x0300->0x0A06 0x221B len:9 [0m
[37m[24.236][linker]-[Debug]-[DjiCommand_DealCmd:919) received unsupport request cmd that noneed ack, <0x1cfa> cmdset: 0x22 cmdid: 0x1B [0m
[37m[24.246][linker]-[Debug]-[DjiProtocol_v1Unpack:215) <0x8ce8>V1-Recv: 0x0800->0x0A06 0x0866 [0m
[37m[24.247][linker]-[Debug]-[DjiCommand_RecvWork:1066)  <0x8ce8>Receive msg from linker, 0x0800->0x0A06 0x0866 len:16 [0m
[37m[24.247][linker]-[Debug]-[DjiCommand_DealCmd:919) received unsupport request cmd that noneed ack, <0x8ce8> cmdset: 0x08 cmdid: 0x66 [0m
[37m[24.254][linker]-[Debug]-[DjiProtocol_v1Unpack:215) <0x1d1b>V1-Recv: 0x0306->0x0A06 0x03C1 [0m
[37m[24.254][linker]-[Debug]-[DjiCommand_RecvWork:1066)  <0x1d1b>Receive msg from linker, 0x0306->0x0A06 0x03C1 len:13 [0m
[37m[24.278][linker]-[Debug]-[DjiProtocol_v1Unpack:215) <0x1d39>V1-Recv: 0x0300->0x0A06 0x036C [0m
[37m[24.279][linker]-[Debug]-[DjiCommand_RecvWork:1066)  <0x1d39>Receive msg from linker, 0x0300->0x0A06 0x036C len:71 [0m
[37m[24.279][linker]-[Debug]-[DjiCommand_DealCmd:919) received unsupport request cmd that noneed ack, <0x1d39> cmdset: 0x03 cmdid: 0x6C [0m
[37m[24.298][linker]-[Debug]-[DjiProtocol_v1Unpack:215) <0x1d63>V1-Recv: 0x0300->0x0A06 0x4900 [0m
[37m[24.299][linker]-[Debug]-[DjiCommand_RecvWork:1066)  <0x1d63>Receive msg from linker, 0x0300->0x0A06 0x4900 len:14 [0m
[37m[24.299][linker]-[Debug]-[DjiProtocol_v1Pack:123) <0x1d63>V1-Send: 0x0A06->0x0300 0x4900 [0m
[37m[24.309][linker]-[Debug]-[DjiProtocol_v1Pack:123) <0xfe43>V1-Send: 0x0A06->0x0200 0x3C10 [0m
[37m[24.309][linker]-[Debug]-[DjiProtocol_v1Pack:123) <0xfe44>V1-Send: 0x0A06->0x0A01 0x3C10 [0m
[37m[24.309][linker]-[Debug]-[DjiProtocol_v1Pack:123) <0xfe45>V1-Send: 0x0A06->0x0300 0x3C10 [0m
[37m[24.335][linker]-[Debug]-[DjiProtocol_v1Unpack:215) <0x1dae>V1-Recv: 0x0300->0x0A06 0x221B [0m
[37m[24.336][linker]-[Debug]-[DjiCommand_RecvWork:1066)  <0x1dae>Receive msg from linker, 0x0300->0x0A06 0x221B len:9 [0m
[37m[24.336][linker]-[Debug]-[DjiCommand_DealCmd:919) received unsupport request cmd that noneed ack, <0x1dae> cmdset: 0x22 cmdid: 0x1B [0m
[37m[24.339][linker]-[Debug]-[DjiProtocol_v1Unpack:215) <0x9faf>V1-Recv: 0x0A01->0x0A06 0x3C45 [0m
[37m[24.340][linker]-[Debug]-[DjiCommand_RecvWork:1066)  <0x9faf>Receive msg from linker, 0x0A01->0x0A06 0x3C45 len:0 [0m
[37m[24.340][upgrade]-[Debug]-[DjiUpgrade_GetUpgradeServiceInfo:239) Get upgrade service info [0m
[37m[24.340][linker]-[Debug]-[DjiProtocol_v1Pack:123) <0x9faf>V1-Send: 0x0A06->0x0A01 0x3C45 [0m
[37m[24.354][linker]-[Debug]-[DjiProtocol_v1Unpack:215) <0x1dd2>V1-Recv: 0x0306->0x0A06 0x03C1 [0m
[37m[24.355][linker]-[Debug]-[DjiCommand_RecvWork:1066)  <0x1dd2>Receive msg from linker, 0x0306->0x0A06 0x03C1 len:13 [0m
[37m[24.378][linker]-[Debug]-[DjiProtocol_v1Unpack:215) <0x1df5>V1-Recv: 0x0300->0x0A06 0x036C [0m
[37m[24.379][linker]-[Debug]-[DjiCommand_RecvWork:1066)  <0x1df5>Receive msg from linker, 0x0300->0x0A06 0x036C len:71 [0m
[37m[24.379][linker]-[Debug]-[DjiCommand_DealCmd:919) received unsupport request cmd that noneed ack, <0x1df5> cmdset: 0x03 cmdid: 0x6C [0m
[37m[24.398][linker]-[Debug]-[DjiProtocol_v1Unpack:215) <0x1e1e>V1-Recv: 0x0300->0x0100 0x0405 [0m
[37m[24.398][linker]-[Debug]-[DjiProtocol_v1Unpack:215) <0x1e1f>V1-Recv: 0x0300->0x0A06 0x4900 [0m
[37m[24.399][linker]-[Debug]-[DjiCommand_RecvWork:1066)  <0x1e1e>Receive msg from linker, 0x0300->0x0100 0x0405 len:22 [0m
[37m[24.399][linker]-[Debug]-[DjiCommand_DealCmd:919) received unsupport request cmd that noneed ack, <0x1e1e> cmdset: 0x04 cmdid: 0x05 [0m
[37m[24.400][linker]-[Debug]-[DjiCommand_RecvWork:1066)  <0x1e1f>Receive msg from linker, 0x0300->0x0A06 0x4900 len:14 [0m
[37m[24.400][linker]-[Debug]-[DjiProtocol_v1Pack:123) <0x1e1f>V1-Send: 0x0A06->0x0300 0x4900 [0m
[37m[24.435][linker]-[Debug]-[DjiProtocol_v1Unpack:215) <0x1e62>V1-Recv: 0x0300->0x0A06 0x221B [0m
[37m[24.436][linker]-[Debug]-[DjiCommand_RecvWork:1066)  <0x1e62>Receive msg from linker, 0x0300->0x0A06 0x221B len:9 [0m
[37m[24.436][linker]-[Debug]-[DjiCommand_DealCmd:919) received unsupport request cmd that noneed ack, <0x1e62> cmdset: 0x22 cmdid: 0x1B [0m
[37m[24.454][linker]-[Debug]-[DjiProtocol_v1Unpack:215) <0x1e87>V1-Recv: 0x0306->0x0A06 0x03C1 [0m
[37m[24.454][linker]-[Debug]-[DjiCommand_RecvWork:1066)  <0x1e87>Receive msg from linker, 0x0306->0x0A06 0x03C1 len:13 [0m
[37m[24.478][linker]-[Debug]-[DjiProtocol_v1Unpack:215) <0x1eab>V1-Recv: 0x0300->0x0A06 0x036C [0m
[37m[24.479][linker]-[Debug]-[DjiCommand_RecvWork:1066)  <0x1eab>Receive msg from linker, 0x0300->0x0A06 0x036C len:71 [0m
[37m[24.479][linker]-[Debug]-[DjiCommand_DealCmd:919) received unsupport request cmd that noneed ack, <0x1eab> cmdset: 0x03 cmdid: 0x6C [0m
[37m[24.496][linker]-[Debug]-[DjiProtocol_v1Unpack:215) <0x8ce9>V1-Recv: 0x0800->0x0A06 0x0866 [0m
[37m[24.497][linker]-[Debug]-[DjiCommand_RecvWork:1066)  <0x8ce9>Receive msg from linker, 0x0800->0x0A06 0x0866 len:16 [0m
[37m[24.497][linker]-[Debug]-[DjiCommand_DealCmd:919) received unsupport request cmd that noneed ack, <0x8ce9> cmdset: 0x08 cmdid: 0x66 [0m
[37m[24.498][linker]-[Debug]-[DjiProtocol_v1Unpack:215) <0x1edc>V1-Recv: 0x0300->0x0A06 0x4900 [0m
[37m[24.498][linker]-[Debug]-[DjiCommand_RecvWork:1066)  <0x1edc>Receive msg from linker, 0x0300->0x0A06 0x4900 len:14 [0m
[37m[24.498][linker]-[Debug]-[DjiProtocol_v1Pack:123) <0x1edc>V1-Send: 0x0A06->0x0300 0x4900 [0m
[37m[24.519][linker]-[Debug]-[DjiProtocol_v1Unpack:215) <0x1ef9>V1-Recv: 0x0306->0x0A06 0x03C1 [0m
[37m[24.519][linker]-[Debug]-[DjiCommand_RecvWork:1066)  <0x1ef9>Receive msg from linker, 0x0306->0x0A06 0x03C1 len:126 [0m
[37m[24.522][linker]-[Debug]-[DjiProtocol_v1Pack:123) <0xfe46>V1-Send: 0x0A06->0x0200 0x3C10 [0m
[37m[24.522][linker]-[Debug]-[DjiProtocol_v1Pack:123) <0xfe47>V1-Send: 0x0A06->0x0A01 0x3C10 [0m
[37m[24.522][linker]-[Debug]-[DjiProtocol_v1Pack:123) <0xfe48>V1-Send: 0x0A06->0x0300 0x3C10 [0m
[37m[24.535][linker]-[Debug]-[DjiProtocol_v1Unpack:215) <0x1f2b>V1-Recv: 0x0300->0x0A06 0x221B [0m
[37m[24.536][linker]-[Debug]-[DjiCommand_RecvWork:1066)  <0x1f2b>Receive msg from linker, 0x0300->0x0A06 0x221B len:9 [0m
[37m[24.536][linker]-[Debug]-[DjiCommand_DealCmd:919) received unsupport request cmd that noneed ack, <0x1f2b> cmdset: 0x22 cmdid: 0x1B [0m
[37m[24.538][linker]-[Debug]-[DjiProtocol_v1Unpack:215) <0x9fb0>V1-Recv: 0x0A01->0x0A06 0x3C45 [0m
[37m[24.539][linker]-[Debug]-[DjiCommand_RecvWork:1066)  <0x9fb0>Receive msg from linker, 0x0A01->0x0A06 0x3C45 len:0 [0m
[37m[24.539][upgrade]-[Debug]-[DjiUpgrade_GetUpgradeServiceInfo:239) Get upgrade service info [0m
[37m[24.539][linker]-[Debug]-[DjiProtocol_v1Pack:123) <0x9fb0>V1-Send: 0x0A06->0x0A01 0x3C45 [0m
[37m[24.553][linker]-[Debug]-[DjiProtocol_v1Unpack:215) <0x1f53>V1-Recv: 0x0306->0x0A06 0x03C1 [0m
[37m[24.554][linker]-[Debug]-[DjiCommand_RecvWork:1066)  <0x1f53>Receive msg from linker, 0x0306->0x0A06 0x03C1 len:13 [0m
[32m[24.559][user]-[Info]-[UserFcSubscription_Task:456) Current speed: 0.000000.
 [0m
[32m[24.559][user]-[Info]-[UserFcSubscription_Task:656) Displaymode status: 6. [0m
[37m[24.575][utils]-[Debug]-[DjiCore_RootTask:131) work execution time: [0m
[37m[24.575][utils]-[Debug]-[DjiCore_RootTask:132) name	                execution time (ms)	  max execution time (ms) [0m
[37m[24.575][utils]-[Debug]-[DjiCore_RootTask:134) recorderWork                    	0       	1        [0m
[37m[24.575][utils]-[Debug]-[DjiCore_RootTask:134) flowControllerTask              	0       	1        [0m
[37m[24.575][utils]-[Debug]-[DjiCore_RootTask:134) commandTask                     	0       	1        [0m
[37m[24.575][utils]-[Debug]-[DjiCore_RootTask:134) aircraftWorkNode                	0       	1        [0m
[37m[24.575][utils]-[Debug]-[DjiCore_RootTask:134) StatePushWork                   	1       	1        [0m
[37m[24.578][linker]-[Debug]-[DjiProtocol_v1Unpack:215) <0x1f76>V1-Recv: 0x0300->0x0A06 0x036C [0m
[37m[24.579][linker]-[Debug]-[DjiCommand_RecvWork:1066)  <0x1f76>Receive msg from linker, 0x0300->0x0A06 0x036C len:71 [0m
[37m[24.579][linker]-[Debug]-[DjiCommand_DealCmd:919) received unsupport request cmd that noneed ack, <0x1f76> cmdset: 0x03 cmdid: 0x6C [0m
[37m[24.597][linker]-[Debug]-[DjiProtocol_v1Unpack:215) <0x1fa5>V1-Recv: 0x0300->0x0A06 0x4900 [0m
[37m[24.598][linker]-[Debug]-[DjiCommand_RecvWork:1066)  <0x1fa5>Receive msg from linker, 0x0300->0x0A06 0x4900 len:14 [0m
[37m[24.598][linker]-[Debug]-[DjiProtocol_v1Pack:123) <0x1fa5>V1-Send: 0x0A06->0x0300 0x4900 [0m
[37m[24.609][linker]-[Debug]-[DjiProtocol_v1Unpack:215) <0x7d0>V1-Recv: 0x0701->0x0A06 0x0000 [0m
[37m[24.610][linker]-[Debug]-[DjiCommand_RecvWork:1066)  <0x7d0>Receive msg from linker, 0x0701->0x0A06 0x0000 len:16 [0m
[37m[24.610][linker]-[Debug]-[DjiProtocol_v1Pack:123) <0x7d0>V1-Send: 0x0A06->0x0701 0x0000 [0m
[37m[24.636][linker]-[Debug]-[DjiProtocol_v1Unpack:215) <0x1fe5>V1-Recv: 0x0300->0x0A06 0x221B [0m
[37m[24.636][linker]-[Debug]-[DjiCommand_RecvWork:1066)  <0x1fe5>Receive msg from linker, 0x0300->0x0A06 0x221B len:9 [0m
[37m[24.636][linker]-[Debug]-[DjiCommand_DealCmd:919) received unsupport request cmd that noneed ack, <0x1fe5> cmdset: 0x22 cmdid: 0x1B [0m
[37m[24.654][linker]-[Debug]-[DjiProtocol_v1Unpack:215) <0x2006>V1-Recv: 0x0306->0x0A06 0x03C1 [0m
[37m[24.654][linker]-[Debug]-[DjiCommand_RecvWork:1066)  <0x2006>Receive msg from linker, 0x0306->0x0A06 0x03C1 len:13 [0m
[37m[24.673][linker]-[Debug]-[DjiProtocol_v1Unpack:215) <0x3a84>V1-Recv: 0x1D07->0x0A06 0x2105 [0m
[37m[24.673][linker]-[Debug]-[DjiCommand_RecvWork:1066)  <0x3a84>Receive msg from linker, 0x1D07->0x0A06 0x2105 len:1 [0m
[37m[24.673][linker]-[Debug]-[DjiCommand_DealCmd:919) received unsupport request cmd that need ack, <0x3a84> cmdset: 0x21 cmdid: 0x05 [0m
[37m[24.677][linker]-[Debug]-[DjiProtocol_v1Unpack:215) <0x2024>V1-Recv: 0x0300->0x0A06 0x036C [0m
[37m[24.678][linker]-[Debug]-[DjiCommand_RecvWork:1066)  <0x2024>Receive msg from linker, 0x0300->0x0A06 0x036C len:71 [0m
[37m[24.678][linker]-[Debug]-[DjiCommand_DealCmd:919) received unsupport request cmd that noneed ack, <0x2024> cmdset: 0x03 cmdid: 0x6C [0m
[37m[24.698][linker]-[Debug]-[DjiProtocol_v1Unpack:215) <0x204d>V1-Recv: 0x0300->0x0A06 0x4900 [0m
[37m[24.698][linker]-[Debug]-[DjiCommand_RecvWork:1066)  <0x204d>Receive msg from linker, 0x0300->0x0A06 0x4900 len:14 [0m
[37m[24.698][linker]-[Debug]-[DjiProtocol_v1Pack:123) <0x204d>V1-Send: 0x0A06->0x0300 0x4900 [0m
[37m[24.735][linker]-[Debug]-[DjiProtocol_v1Unpack:215) <0x2095>V1-Recv: 0x0300->0x0A06 0x221B [0m
[37m[24.736][linker]-[Debug]-[DjiCommand_RecvWork:1066)  <0x2095>Receive msg from linker, 0x0300->0x0A06 0x221B len:9 [0m
[37m[24.736][linker]-[Debug]-[DjiCommand_DealCmd:919) received unsupport request cmd that noneed ack, <0x2095> cmdset: 0x22 cmdid: 0x1B [0m
[37m[24.737][linker]-[Debug]-[DjiProtocol_v1Pack:123) <0xfe49>V1-Send: 0x0A06->0x0200 0x3C10 [0m
[37m[24.737][linker]-[Debug]-[DjiProtocol_v1Pack:123) <0xfe4a>V1-Send: 0x0A06->0x0A01 0x3C10 [0m
[37m[24.737][linker]-[Debug]-[DjiProtocol_v1Pack:123) <0xfe4b>V1-Send: 0x0A06->0x0300 0x3C10 [0m
[37m[24.746][linker]-[Debug]-[DjiProtocol_v1Unpack:215) <0x8cea>V1-Recv: 0x0800->0x0A06 0x0866 [0m
[37m[24.746][linker]-[Debug]-[DjiCommand_RecvWork:1066)  <0x8cea>Receive msg from linker, 0x0800->0x0A06 0x0866 len:16 [0m
[37m[24.746][linker]-[Debug]-[DjiCommand_DealCmd:919) received unsupport request cmd that noneed ack, <0x8cea> cmdset: 0x08 cmdid: 0x66 [0m
[37m[24.753][linker]-[Debug]-[DjiProtocol_v1Unpack:215) <0x20bb>V1-Recv: 0x0306->0x0A06 0x03C1 [0m
[37m[24.754][linker]-[Debug]-[DjiCommand_RecvWork:1066)  <0x20bb>Receive msg from linker, 0x0306->0x0A06 0x03C1 len:13 [0m
[37m[24.758][linker]-[Debug]-[DjiProtocol_v1Unpack:215) <0x9fb1>V1-Recv: 0x0A01->0x0A06 0x3C45 [0m
[37m[24.758][linker]-[Debug]-[DjiCommand_RecvWork:1066)  <0x9fb1>Receive msg from linker, 0x0A01->0x0A06 0x3C45 len:0 [0m
[37m[24.758][upgrade]-[Debug]-[DjiUpgrade_GetUpgradeServiceInfo:239) Get upgrade service info [0m
[37m[24.758][linker]-[Debug]-[DjiProtocol_v1Pack:123) <0x9fb1>V1-Send: 0x0A06->0x0A01 0x3C45 [0m
[37m[24.778][linker]-[Debug]-[DjiProtocol_v1Unpack:215) <0x20de>V1-Recv: 0x0300->0x0A06 0x036C [0m
[37m[24.779][linker]-[Debug]-[DjiCommand_RecvWork:1066)  <0x20de>Receive msg from linker, 0x0300->0x0A06 0x036C len:71 [0m
[37m[24.779][linker]-[Debug]-[DjiCommand_DealCmd:919) received unsupport request cmd that noneed ack, <0x20de> cmdset: 0x03 cmdid: 0x6C [0m
[37m[24.797][linker]-[Debug]-[DjiProtocol_v1Unpack:215) <0x2109>V1-Recv: 0x0300->0x0A06 0x4900 [0m
[37m[24.798][linker]-[Debug]-[DjiCommand_RecvWork:1066)  <0x2109>Receive msg from linker, 0x0300->0x0A06 0x4900 len:14 [0m
[37m[24.798][linker]-[Debug]-[DjiProtocol_v1Pack:123) <0x2109>V1-Send: 0x0A06->0x0300 0x4900 [0m
[37m[24.835][linker]-[Debug]-[DjiProtocol_v1Unpack:215) <0x214b>V1-Recv: 0x0300->0x0A06 0x221B [0m
[37m[24.835][linker]-[Debug]-[DjiCommand_RecvWork:1066)  <0x214b>Receive msg from linker, 0x0300->0x0A06 0x221B len:9 [0m
[37m[24.835][linker]-[Debug]-[DjiCommand_DealCmd:919) received unsupport request cmd that noneed ack, <0x214b> cmdset: 0x22 cmdid: 0x1B [0m
[37m[24.854][linker]-[Debug]-[DjiProtocol_v1Unpack:215) <0x216c>V1-Recv: 0x0306->0x0A06 0x03C1 [0m
[37m[24.854][linker]-[Debug]-[DjiCommand_RecvWork:1066)  <0x216c>Receive msg from linker, 0x0306->0x0A06 0x03C1 len:13 [0m
[37m[24.877][linker]-[Debug]-[DjiProtocol_v1Unpack:215) <0x218d>V1-Recv: 0x0300->0x0A06 0x036C [0m
[37m[24.878][linker]-[Debug]-[DjiCommand_RecvWork:1066)  <0x218d>Receive msg from linker, 0x0300->0x0A06 0x036C len:71 [0m
[37m[24.878][linker]-[Debug]-[DjiCommand_DealCmd:919) received unsupport request cmd that noneed ack, <0x218d> cmdset: 0x03 cmdid: 0x6C [0m
[37m[24.899][linker]-[Debug]-[DjiProtocol_v1Unpack:215) <0x21b7>V1-Recv: 0x0300->0x0A06 0x0F74 [0m
[37m[24.899][linker]-[Debug]-[DjiProtocol_v1Unpack:215) <0x21bd>V1-Recv: 0x0300->0x0100 0x0406 [0m
[37m[24.899][linker]-[Debug]-[DjiProtocol_v1Unpack:215) <0x21be>V1-Recv: 0x0300->0x0100 0x0407 [0m
[37m[24.899][linker]-[Debug]-[DjiProtocol_v1Unpack:215) <0x21bf>V1-Recv: 0x0300->0x0A06 0x4900 [0m
[37m[24.899][linker]-[Debug]-[DjiCommand_RecvWork:1066)  <0x21b7>Receive msg from linker, 0x0300->0x0A06 0x0F74 len:28 [0m
[37m[24.899][linker]-[Debug]-[DjiCommand_DealCmd:919) received unsupport request cmd that noneed ack, <0x21b7> cmdset: 0x0F cmdid: 0x74 [0m
[37m[24.901][linker]-[Debug]-[DjiCommand_RecvWork:1066)  <0x21bd>Receive msg from linker, 0x0300->0x0100 0x0406 len:12 [0m
[37m[24.901][linker]-[Debug]-[DjiCommand_DealCmd:919) received unsupport request cmd that noneed ack, <0x21bd> cmdset: 0x04 cmdid: 0x06 [0m
[37m[24.902][linker]-[Debug]-[DjiCommand_RecvWork:1066)  <0x21be>Receive msg from linker, 0x0300->0x0100 0x0407 len:1 [0m
[37m[24.902][linker]-[Debug]-[DjiCommand_DealCmd:919) received unsupport request cmd that noneed ack, <0x21be> cmdset: 0x04 cmdid: 0x07 [0m
[37m[24.903][linker]-[Debug]-[DjiCommand_RecvWork:1066)  <0x21bf>Receive msg from linker, 0x0300->0x0A06 0x4900 len:14 [0m
[37m[24.903][linker]-[Debug]-[DjiProtocol_v1Pack:123) <0x21bf>V1-Send: 0x0A06->0x0300 0x4900 [0m
[37m[24.935][linker]-[Debug]-[DjiProtocol_v1Unpack:215) <0x2209>V1-Recv: 0x0300->0x0A06 0x221B [0m
[37m[24.936][linker]-[Debug]-[DjiCommand_RecvWork:1066)  <0x2209>Receive msg from linker, 0x0300->0x0A06 0x221B len:9 [0m
[37m[24.936][linker]-[Debug]-[DjiCommand_DealCmd:919) received unsupport request cmd that noneed ack, <0x2209> cmdset: 0x22 cmdid: 0x1B [0m
[37m[24.951][linker]-[Debug]-[DjiProtocol_v1Pack:123) <0xfe4c>V1-Send: 0x0A06->0x0200 0x3C10 [0m
[37m[24.951][linker]-[Debug]-[DjiProtocol_v1Pack:123) <0xfe4d>V1-Send: 0x0A06->0x0A01 0x3C10 [0m
[37m[24.951][linker]-[Debug]-[DjiProtocol_v1Pack:123) <0xfe4e>V1-Send: 0x0A06->0x0300 0x3C10 [0m
[37m[24.953][linker]-[Debug]-[DjiProtocol_v1Unpack:215) <0x222a>V1-Recv: 0x0306->0x0A06 0x03C1 [0m
[37m[24.954][linker]-[Debug]-[DjiCommand_RecvWork:1066)  <0x222a>Receive msg from linker, 0x0306->0x0A06 0x03C1 len:13 [0m
[37m[24.979][linker]-[Debug]-[DjiProtocol_v1Unpack:215) <0x224d>V1-Recv: 0x0300->0x0A06 0x036C [0m
[37m[24.979][linker]-[Debug]-[DjiProtocol_v1Unpack:215) <0x9fb3>V1-Recv: 0x0A01->0x0A06 0x3C45 [0m
[37m[24.980][linker]-[Debug]-[DjiCommand_RecvWork:1066)  <0x224d>Receive msg from linker, 0x0300->0x0A06 0x036C len:71 [0m
[37m[24.980][linker]-[Debug]-[DjiCommand_DealCmd:919) received unsupport request cmd that noneed ack, <0x224d> cmdset: 0x03 cmdid: 0x6C [0m
[37m[24.981][linker]-[Debug]-[DjiCommand_RecvWork:1066)  <0x9fb3>Receive msg from linker, 0x0A01->0x0A06 0x3C45 len:0 [0m
[37m[24.981][upgrade]-[Debug]-[DjiUpgrade_GetUpgradeServiceInfo:239) Get upgrade service info [0m
[37m[24.982][linker]-[Debug]-[DjiProtocol_v1Pack:123) <0x9fb3>V1-Send: 0x0A06->0x0A01 0x3C45 [0m
[37m[24.997][linker]-[Debug]-[DjiProtocol_v1Unpack:215) <0x8ceb>V1-Recv: 0x0800->0x0A06 0x0866 [0m
[37m[24.997][linker]-[Debug]-[DjiProtocol_v1Unpack:215) <0x2284>V1-Recv: 0x0300->0x0A06 0x4900 [0m
[37m[24.998][linker]-[Debug]-[DjiCommand_RecvWork:1066)  <0x8ceb>Receive msg from linker, 0x0800->0x0A06 0x0866 len:16 [0m
[37m[24.998][linker]-[Debug]-[DjiCommand_DealCmd:919) received unsupport request cmd that noneed ack, <0x8ceb> cmdset: 0x08 cmdid: 0x66 [0m
[37m[24.999][linker]-[Debug]-[DjiCommand_RecvWork:1066)  <0x2284>Receive msg from linker, 0x0300->0x0A06 0x4900 len:14 [0m
[37m[24.999][linker]-[Debug]-[DjiProtocol_v1Pack:123) <0x2284>V1-Send: 0x0A06->0x0300 0x4900 [0m
[37m[25.035][linker]-[Debug]-[DjiProtocol_v1Unpack:215) <0x22c4>V1-Recv: 0x0300->0x0A06 0x221B [0m
[37m[25.036][linker]-[Debug]-[DjiCommand_RecvWork:1066)  <0x22c4>Receive msg from linker, 0x0300->0x0A06 0x221B len:9 [0m
[37m[25.036][linker]-[Debug]-[DjiCommand_DealCmd:919) received unsupport request cmd that noneed ack, <0x22c4> cmdset: 0x22 cmdid: 0x1B [0m
[37m[25.054][linker]-[Debug]-[DjiProtocol_v1Unpack:215) <0x22e5>V1-Recv: 0x0306->0x0A06 0x03C1 [0m
[37m[25.054][linker]-[Debug]-[DjiCommand_RecvWork:1066)  <0x22e5>Receive msg from linker, 0x0306->0x0A06 0x03C1 len:13 [0m
[37m[25.078][linker]-[Debug]-[DjiProtocol_v1Unpack:215) <0x2303>V1-Recv: 0x0300->0x0A06 0x036C [0m
[37m[25.079][linker]-[Debug]-[DjiCommand_RecvWork:1066)  <0x2303>Receive msg from linker, 0x0300->0x0A06 0x036C len:71 [0m
[37m[25.079][linker]-[Debug]-[DjiCommand_DealCmd:919) received unsupport request cmd that noneed ack, <0x2303> cmdset: 0x03 cmdid: 0x6C [0m
[37m[25.098][linker]-[Debug]-[DjiProtocol_v1Unpack:215) <0x2330>V1-Recv: 0x0300->0x0A06 0x4900 [0m
[37m[25.099][linker]-[Debug]-[DjiCommand_RecvWork:1066)  <0x2330>Receive msg from linker, 0x0300->0x0A06 0x4900 len:14 [0m
[37m[25.099][linker]-[Debug]-[DjiProtocol_v1Pack:123) <0x2330>V1-Send: 0x0A06->0x0300 0x4900 [0m
[37m[25.135][linker]-[Debug]-[DjiProtocol_v1Unpack:215) <0x2375>V1-Recv: 0x0300->0x0A06 0x221B [0m
[37m[25.136][linker]-[Debug]-[DjiCommand_RecvWork:1066)  <0x2375>Receive msg from linker, 0x0300->0x0A06 0x221B len:9 [0m
[37m[25.136][linker]-[Debug]-[DjiCommand_DealCmd:919) received unsupport request cmd that noneed ack, <0x2375> cmdset: 0x22 cmdid: 0x1B [0m
[37m[25.153][linker]-[Debug]-[DjiProtocol_v1Unpack:215) <0x2397>V1-Recv: 0x0306->0x0A06 0x03C1 [0m
[37m[25.154][linker]-[Debug]-[DjiCommand_RecvWork:1066)  <0x2397>Receive msg from linker, 0x0306->0x0A06 0x03C1 len:13 [0m
[37m[25.165][linker]-[Debug]-[DjiProtocol_v1Pack:123) <0xfe4f>V1-Send: 0x0A06->0x0300 0x0000 [0m
[37m[25.166][infor]-[Debug]-[DjiAircraftConnection_CheckExtensionPortConnectStatusByV1Protocol:170) check connect status:1 [0m
[37m[25.166][linker]-[Debug]-[DjiProtocol_v1Pack:123) <0xfe50>V1-Send: 0x0A06->0x0200 0x3C10 [0m
[37m[25.166][linker]-[Debug]-[DjiProtocol_v1Pack:123) <0xfe51>V1-Send: 0x0A06->0x0A01 0x3C10 [0m
[37m[25.166][linker]-[Debug]-[DjiProtocol_v1Pack:123) <0xfe52>V1-Send: 0x0A06->0x0300 0x3C10 [0m
[37m[25.179][linker]-[Debug]-[DjiProtocol_v1Unpack:215) <0xfe4f>V1-Recv: 0x0300->0x0A06 0x0000 [0m
[37m[25.179][linker]-[Debug]-[DjiProtocol_v1Unpack:215) <0x23b9>V1-Recv: 0x0300->0x0A06 0x036C [0m
[37m[25.179][linker]-[Debug]-[DjiProtocol_v1Unpack:215) <0x9fb5>V1-Recv: 0x0A01->0x0A06 0x3C45 [0m
[37m[25.180][linker]-[Debug]-[DjiCommand_RecvWork:1066)  <0xfe4f>Receive msg from linker, 0x0300->0x0A06 0x0000 len:0 [0m
[37m[25.180][infor]-[Debug]-[DjiAircraftInfo_CheckPingStatusAsyncCallback:269) connect status async sucess [0m
[37m[25.180][linker]-[Debug]-[DjiCommand_DealCmd:830) callback function (cmdset: 0x00 cmdid: 0x00) deal time: 0 ms [0m
[37m[25.181][linker]-[Debug]-[DjiCommand_RecvWork:1066)  <0x23b9>Receive msg from linker, 0x0300->0x0A06 0x036C len:71 [0m
[37m[25.181][linker]-[Debug]-[DjiCommand_DealCmd:919) received unsupport request cmd that noneed ack, <0x23b9> cmdset: 0x03 cmdid: 0x6C [0m
[37m[25.182][linker]-[Debug]-[DjiCommand_RecvWork:1066)  <0x9fb5>Receive msg from linker, 0x0A01->0x0A06 0x3C45 len:0 [0m
[37m[25.182][upgrade]-[Debug]-[DjiUpgrade_GetUpgradeServiceInfo:239) Get upgrade service info [0m
[37m[25.182][linker]-[Debug]-[DjiProtocol_v1Pack:123) <0x9fb5>V1-Send: 0x0A06->0x0A01 0x3C45 [0m
[37m[25.197][linker]-[Debug]-[DjiProtocol_v1Unpack:215) <0x23e5>V1-Recv: 0x0300->0x0A06 0x4900 [0m
[37m[25.198][linker]-[Debug]-[DjiCommand_RecvWork:1066)  <0x23e5>Receive msg from linker, 0x0300->0x0A06 0x4900 len:14 [0m
[37m[25.198][linker]-[Debug]-[DjiProtocol_v1Pack:123) <0x23e5>V1-Send: 0x0A06->0x0300 0x4900 [0m
[37m[25.236][linker]-[Debug]-[DjiProtocol_v1Unpack:215) <0x2424>V1-Recv: 0x0300->0x0A06 0x221B [0m
[37m[25.236][linker]-[Debug]-[DjiCommand_RecvWork:1066)  <0x2424>Receive msg from linker, 0x0300->0x0A06 0x221B len:9 [0m
[37m[25.236][linker]-[Debug]-[DjiCommand_DealCmd:919) received unsupport request cmd that noneed ack, <0x2424> cmdset: 0x22 cmdid: 0x1B [0m
[37m[25.246][linker]-[Debug]-[DjiProtocol_v1Unpack:215) <0x8cec>V1-Recv: 0x0800->0x0A06 0x0866 [0m
[37m[25.247][linker]-[Debug]-[DjiCommand_RecvWork:1066)  <0x8cec>Receive msg from linker, 0x0800->0x0A06 0x0866 len:16 [0m
[37m[25.247][linker]-[Debug]-[DjiCommand_DealCmd:919) received unsupport request cmd that noneed ack, <0x8cec> cmdset: 0x08 cmdid: 0x66 [0m
[37m[25.254][linker]-[Debug]-[DjiProtocol_v1Unpack:215) <0x2445>V1-Recv: 0x0306->0x0A06 0x03C1 [0m
[37m[25.255][linker]-[Debug]-[DjiCommand_RecvWork:1066)  <0x2445>Receive msg from linker, 0x0306->0x0A06 0x03C1 len:13 [0m
[37m[25.278][linker]-[Debug]-[DjiProtocol_v1Unpack:215) <0x2463>V1-Recv: 0x0300->0x0A06 0x036C [0m
[37m[25.279][linker]-[Debug]-[DjiCommand_RecvWork:1066)  <0x2463>Receive msg from linker, 0x0300->0x0A06 0x036C len:71 [0m
[37m[25.279][linker]-[Debug]-[DjiCommand_DealCmd:919) received unsupport request cmd that noneed ack, <0x2463> cmdset: 0x03 cmdid: 0x6C [0m
[37m[25.297][linker]-[Debug]-[DjiProtocol_v1Unpack:215) <0x248d>V1-Recv: 0x0300->0x0A06 0x4900 [0m
[37m[25.298][linker]-[Debug]-[DjiCommand_RecvWork:1066)  <0x248d>Receive msg from linker, 0x0300->0x0A06 0x4900 len:14 [0m
[37m[25.298][linker]-[Debug]-[DjiProtocol_v1Pack:123) <0x248d>V1-Send: 0x0A06->0x0300 0x4900 [0m
[37m[25.336][linker]-[Debug]-[DjiProtocol_v1Unpack:215) <0x24d1>V1-Recv: 0x0300->0x0A06 0x221B [0m
[37m[25.337][linker]-[Debug]-[DjiCommand_RecvWork:1066)  <0x24d1>Receive msg from linker, 0x0300->0x0A06 0x221B len:9 [0m
[37m[25.337][linker]-[Debug]-[DjiCommand_DealCmd:919) received unsupport request cmd that noneed ack, <0x24d1> cmdset: 0x22 cmdid: 0x1B [0m
[37m[25.354][linker]-[Debug]-[DjiProtocol_v1Unpack:215) <0x24f4>V1-Recv: 0x0306->0x0A06 0x03C1 [0m
[37m[25.355][linker]-[Debug]-[DjiCommand_RecvWork:1066)  <0x24f4>Receive msg from linker, 0x0306->0x0A06 0x03C1 len:13 [0m
[37m[25.378][linker]-[Debug]-[DjiProtocol_v1Unpack:215) <0x2516>V1-Recv: 0x0300->0x0A06 0x036C [0m
[37m[25.379][linker]-[Debug]-[DjiCommand_RecvWork:1066)  <0x2516>Receive msg from linker, 0x0300->0x0A06 0x036C len:71 [0m
[37m[25.379][linker]-[Debug]-[DjiCommand_DealCmd:919) received unsupport request cmd that noneed ack, <0x2516> cmdset: 0x03 cmdid: 0x6C [0m
[37m[25.379][linker]-[Debug]-[DjiProtocol_v1Pack:123) <0xfe53>V1-Send: 0x0A06->0x0200 0x3C10 [0m
[37m[25.379][linker]-[Debug]-[DjiProtocol_v1Pack:123) <0xfe54>V1-Send: 0x0A06->0x0A01 0x3C10 [0m
[37m[25.379][linker]-[Debug]-[DjiProtocol_v1Pack:123) <0xfe55>V1-Send: 0x0A06->0x0300 0x3C10 [0m
[37m[25.399][linker]-[Debug]-[DjiProtocol_v1Unpack:215) <0x2541>V1-Recv: 0x0300->0x0100 0x0405 [0m
[37m[25.399][linker]-[Debug]-[DjiProtocol_v1Unpack:215) <0x2542>V1-Recv: 0x0300->0x0A06 0x4900 [0m
[37m[25.399][linker]-[Debug]-[DjiProtocol_v1Unpack:215) <0x9fb6>V1-Recv: 0x0A01->0x0A06 0x3C45 [0m
[37m[25.399][linker]-[Debug]-[DjiCommand_RecvWork:1066)  <0x2541>Receive msg from linker, 0x0300->0x0100 0x0405 len:22 [0m
[37m[25.399][linker]-[Debug]-[DjiCommand_DealCmd:919) received unsupport request cmd that noneed ack, <0x2541> cmdset: 0x04 cmdid: 0x05 [0m
[37m[25.400][linker]-[Debug]-[DjiCommand_RecvWork:1066)  <0x2542>Receive msg from linker, 0x0300->0x0A06 0x4900 len:14 [0m
[37m[25.400][linker]-[Debug]-[DjiProtocol_v1Pack:123) <0x2542>V1-Send: 0x0A06->0x0300 0x4900 [0m
[37m[25.401][linker]-[Debug]-[DjiCommand_RecvWork:1066)  <0x9fb6>Receive msg from linker, 0x0A01->0x0A06 0x3C45 len:0 [0m
[37m[25.401][upgrade]-[Debug]-[DjiUpgrade_GetUpgradeServiceInfo:239) Get upgrade service info [0m
[37m[25.401][linker]-[Debug]-[DjiProtocol_v1Pack:123) <0x9fb6>V1-Send: 0x0A06->0x0A01 0x3C45 [0m
[37m[25.435][linker]-[Debug]-[DjiProtocol_v1Unpack:215) <0x2583>V1-Recv: 0x0300->0x0A06 0x221B [0m
[37m[25.435][linker]-[Debug]-[DjiCommand_RecvWork:1066)  <0x2583>Receive msg from linker, 0x0300->0x0A06 0x221B len:9 [0m
[37m[25.435][linker]-[Debug]-[DjiCommand_DealCmd:919) received unsupport request cmd that noneed ack, <0x2583> cmdset: 0x22 cmdid: 0x1B [0m
[37m[25.454][linker]-[Debug]-[DjiProtocol_v1Unpack:215) <0x25a6>V1-Recv: 0x0306->0x0A06 0x03C1 [0m
[37m[25.454][linker]-[Debug]-[DjiCommand_RecvWork:1066)  <0x25a6>Receive msg from linker, 0x0306->0x0A06 0x03C1 len:13 [0m
[37m[25.478][linker]-[Debug]-[DjiProtocol_v1Unpack:215) <0x25c8>V1-Recv: 0x0300->0x0A06 0x036C [0m
[37m[25.479][linker]-[Debug]-[DjiCommand_RecvWork:1066)  <0x25c8>Receive msg from linker, 0x0300->0x0A06 0x036C len:71 [0m
[37m[25.479][linker]-[Debug]-[DjiCommand_DealCmd:919) received unsupport request cmd that noneed ack, <0x25c8> cmdset: 0x03 cmdid: 0x6C [0m
[37m[25.496][linker]-[Debug]-[DjiProtocol_v1Unpack:215) <0x8ced>V1-Recv: 0x0800->0x0A06 0x0866 [0m
[37m[25.497][linker]-[Debug]-[DjiCommand_RecvWork:1066)  <0x8ced>Receive msg from linker, 0x0800->0x0A06 0x0866 len:16 [0m
[37m[25.497][linker]-[Debug]-[DjiCommand_DealCmd:919) received unsupport request cmd that noneed ack, <0x8ced> cmdset: 0x08 cmdid: 0x66 [0m
[37m[25.498][linker]-[Debug]-[DjiProtocol_v1Unpack:215) <0x25fb>V1-Recv: 0x0300->0x0A06 0x4900 [0m
[37m[25.499][linker]-[Debug]-[DjiCommand_RecvWork:1066)  <0x25fb>Receive msg from linker, 0x0300->0x0A06 0x4900 len:14 [0m
[37m[25.499][linker]-[Debug]-[DjiProtocol_v1Pack:123) <0x25fb>V1-Send: 0x0A06->0x0300 0x4900 [0m
[37m[25.518][linker]-[Debug]-[DjiProtocol_v1Unpack:215) <0x261a>V1-Recv: 0x0306->0x0A06 0x03C1 [0m
[37m[25.519][linker]-[Debug]-[DjiCommand_RecvWork:1066)  <0x261a>Receive msg from linker, 0x0306->0x0A06 0x03C1 len:126 [0m
[37m[25.535][linker]-[Debug]-[DjiProtocol_v1Unpack:215) <0x264d>V1-Recv: 0x0300->0x0A06 0x221B [0m
[37m[25.536][linker]-[Debug]-[DjiCommand_RecvWork:1066)  <0x264d>Receive msg from linker, 0x0300->0x0A06 0x221B len:9 [0m
[37m[25.536][linker]-[Debug]-[DjiCommand_DealCmd:919) received unsupport request cmd that noneed ack, <0x264d> cmdset: 0x22 cmdid: 0x1B [0m
[37m[25.554][linker]-[Debug]-[DjiProtocol_v1Unpack:215) <0x2675>V1-Recv: 0x0306->0x0A06 0x03C1 [0m
[37m[25.554][linker]-[Debug]-[DjiCommand_RecvWork:1066)  <0x2675>Receive msg from linker, 0x0306->0x0A06 0x03C1 len:13 [0m
[32m[25.559][user]-[Info]-[UserFcSubscription_Task:456) Current speed: 0.000000.
 [0m
[32m[25.559][user]-[Info]-[UserFcSubscription_Task:656) Displaymode status: 6. [0m
[37m[25.578][linker]-[Debug]-[DjiProtocol_v1Unpack:215) <0x2697>V1-Recv: 0x0300->0x0A06 0x036C [0m
[37m[25.579][linker]-[Debug]-[DjiCommand_RecvWork:1066)  <0x2697>Receive msg from linker, 0x0300->0x0A06 0x036C len:71 [0m
[37m[25.579][linker]-[Debug]-[DjiCommand_DealCmd:919) received unsupport request cmd that noneed ack, <0x2697> cmdset: 0x03 cmdid: 0x6C [0m
[37m[25.594][linker]-[Debug]-[DjiProtocol_v1Pack:123) <0xfe56>V1-Send: 0x0A06->0x0200 0x3C10 [0m
[37m[25.594][linker]-[Debug]-[DjiProtocol_v1Pack:123) <0xfe57>V1-Send: 0x0A06->0x0A01 0x3C10 [0m
[37m[25.594][linker]-[Debug]-[DjiProtocol_v1Pack:123) <0xfe58>V1-Send: 0x0A06->0x0300 0x3C10 [0m
[37m[25.598][linker]-[Debug]-[DjiProtocol_v1Unpack:215) <0x26c0>V1-Recv: 0x0300->0x0A06 0x4900 [0m
[37m[25.598][linker]-[Debug]-[DjiCommand_RecvWork:1066)  <0x26c0>Receive msg from linker, 0x0300->0x0A06 0x4900 len:14 [0m
[37m[25.598][linker]-[Debug]-[DjiProtocol_v1Pack:123) <0x26c0>V1-Send: 0x0A06->0x0300 0x4900 [0m
[37m[25.609][linker]-[Debug]-[DjiProtocol_v1Unpack:215) <0x7d1>V1-Recv: 0x0701->0x0A06 0x0000 [0m
[37m[25.610][linker]-[Debug]-[DjiCommand_RecvWork:1066)  <0x7d1>Receive msg from linker, 0x0701->0x0A06 0x0000 len:16 [0m
[37m[25.610][linker]-[Debug]-[DjiProtocol_v1Pack:123) <0x7d1>V1-Send: 0x0A06->0x0701 0x0000 [0m
[37m[25.618][linker]-[Debug]-[DjiProtocol_v1Unpack:215) <0x9fb8>V1-Recv: 0x0A01->0x0A06 0x3C45 [0m
[37m[25.619][linker]-[Debug]-[DjiCommand_RecvWork:1066)  <0x9fb8>Receive msg from linker, 0x0A01->0x0A06 0x3C45 len:0 [0m
[37m[25.619][upgrade]-[Debug]-[DjiUpgrade_GetUpgradeServiceInfo:239) Get upgrade service info [0m
[37m[25.619][linker]-[Debug]-[DjiProtocol_v1Pack:123) <0x9fb8>V1-Send: 0x0A06->0x0A01 0x3C45 [0m
[37m[25.635][linker]-[Debug]-[DjiProtocol_v1Unpack:215) <0x2704>V1-Recv: 0x0300->0x0A06 0x221B [0m
[37m[25.636][linker]-[Debug]-[DjiCommand_RecvWork:1066)  <0x2704>Receive msg from linker, 0x0300->0x0A06 0x221B len:9 [0m
[37m[25.636][linker]-[Debug]-[DjiCommand_DealCmd:919) received unsupport request cmd that noneed ack, <0x2704> cmdset: 0x22 cmdid: 0x1B [0m
[37m[25.646][utils]-[Debug]-[DjiCore_RootTask:131) work execution time: [0m
[37m[25.646][utils]-[Debug]-[DjiCore_RootTask:132) name	                execution time (ms)	  max execution time (ms) [0m
[37m[25.646][utils]-[Debug]-[DjiCore_RootTask:134) recorderWork                    	0       	1        [0m
[37m[25.646][utils]-[Debug]-[DjiCore_RootTask:134) flowControllerTask              	0       	1        [0m
[37m[25.646][utils]-[Debug]-[DjiCore_RootTask:134) commandTask                     	1       	1        [0m
[37m[25.646][utils]-[Debug]-[DjiCore_RootTask:134) aircraftWorkNode                	1       	1        [0m
[37m[25.646][utils]-[Debug]-[DjiCore_RootTask:134) StatePushWork                   	1       	1        [0m
[37m[25.654][linker]-[Debug]-[DjiProtocol_v1Unpack:215) <0x2727>V1-Recv: 0x0306->0x0A06 0x03C1 [0m
[37m[25.655][linker]-[Debug]-[DjiCommand_RecvWork:1066)  <0x2727>Receive msg from linker, 0x0306->0x0A06 0x03C1 len:13 [0m
[37m[25.657][linker]-[Debug]-[DjiProtocol_v1Unpack:215) <0x96d2>V1-Recv: 0x0202->0x0A06 0x0026 [0m
[37m[25.658][linker]-[Debug]-[DjiCommand_RecvWork:1066)  <0x96d2>Receive msg from linker, 0x0202->0x0A06 0x0026 len:37 [0m
[37m[25.658][linker]-[Debug]-[DjiCommand_DealCmd:919) received unsupport request cmd that need ack, <0x96d2> cmdset: 0x00 cmdid: 0x26 [0m
