[32m[0.003][core]-[Info]-[DjiCore_Init:106) Payload SDK Version : V3.9.2-beta.0-build.2125 [0m
[37m[0.004][utils]-[Debug]-[DjiCore_RootTask:131) work execution time: [0m
[37m[0.004][utils]-[Debug]-[DjiCore_RootTask:132) name	                execution time (ms)	  max execution time (ms) [0m
[37m[0.004][utils]-[Debug]-[DjiCore_RootTask:134) recorderWork                    	0       	0        [0m
[37m[0.004][utils]-[Debug]-[DjiCore_RootTask:134) flowControllerTask              	0       	0        [0m
[37m[0.030][linker]-[Debug]-[DjiLinker_Init:128) init linker success, protocol:2, channelId:0 [0m
[37m[0.030][linker]-[Debug]-[DjiProtocol_v1Pack:123) <0000>V1-Send: 0x0A06->0x0300 0x03FD [0m
[37m[0.051][linker]-[Debug]-[DjiProtocol_v1Pack:123) <0x01>V1-Send: 0x0A06->0x0300 0x03FD [0m
[37m[0.071][linker]-[Debug]-[DjiProtocol_v1Pack:123) <0x02>V1-Send: 0x0A06->0x0300 0x03FD [0m
[37m[0.091][linker]-[Debug]-[DjiProtocol_v1Pack:123) <0x03>V1-Send: 0x0A06->0x0300 0x03FD [0m
[37m[0.111][linker]-[Debug]-[DjiProtocol_v1Pack:123) <0x04>V1-Send: 0x0A06->0x0300 0x03FD [0m
[37m[0.152][linker]-[Debug]-[DjiLinker_DeInit:170) deinit linker success, protocol:2, channelId:0 [0m
[37m[0.156][linker]-[Debug]-[DjiLinker_Init:128) init linker success, protocol:2, channelId:0 [0m
[37m[0.156][linker]-[Debug]-[DjiProtocol_v1Pack:123) <0000>V1-Send: 0x0507->0x0503 0x03FD [0m
[37m[0.176][linker]-[Debug]-[DjiProtocol_v1Pack:123) <0x01>V1-Send: 0x0507->0x0503 0x03FD [0m
[37m[0.196][linker]-[Debug]-[DjiProtocol_v1Pack:123) <0x02>V1-Send: 0x0507->0x0503 0x03FD [0m
[37m[0.216][linker]-[Debug]-[DjiProtocol_v1Pack:123) <0x03>V1-Send: 0x0507->0x0503 0x03FD [0m
[37m[0.236][linker]-[Debug]-[DjiProtocol_v1Pack:123) <0x04>V1-Send: 0x0507->0x0503 0x03FD [0m
[37m[0.277][linker]-[Debug]-[DjiLinker_DeInit:170) deinit linker success, protocol:2, channelId:0 [0m
[37m[0.280][linker]-[Debug]-[DjiLinker_Init:128) init linker success, protocol:2, channelId:0 [0m
[37m[0.280][linker]-[Debug]-[DjiProtocol_v1Pack:123) <0000>V1-Send: 0x0507->0x0503 0x03FD [0m
[37m[0.297][linker]-[Debug]-[DjiProtocol_v1Unpack:215) <0x60fa>V1-Recv: 0x0300->0x0A06 0x221B [0m
[37m[0.300][linker]-[Debug]-[DjiProtocol_v1Pack:123) <0x01>V1-Send: 0x0507->0x0503 0x03FD [0m
[37m[0.321][linker]-[Debug]-[DjiProtocol_v1Pack:123) <0x02>V1-Send: 0x0507->0x0503 0x03FD [0m
[37m[0.327][linker]-[Debug]-[DjiProtocol_v1Unpack:215) <0x6132>V1-Recv: 0x0306->0x0A06 0x03C1 [0m
[37m[0.340][linker]-[Debug]-[DjiProtocol_v1Unpack:215) <0x6143>V1-Recv: 0x0300->0x0A06 0x036C [0m
[37m[0.341][linker]-[Debug]-[DjiProtocol_v1Pack:123) <0x03>V1-Send: 0x0507->0x0503 0x03FD [0m
[37m[0.358][linker]-[Debug]-[DjiProtocol_v1Unpack:215) <0x616d>V1-Recv: 0x0300->0x0A06 0x4900 [0m
[37m[0.361][linker]-[Debug]-[DjiProtocol_v1Pack:123) <0x04>V1-Send: 0x0507->0x0503 0x03FD [0m
[32m[0.379][user]-[Info]-[msgarrvd:410) Parsed value for 'airportId': 13
 [0m
[32m[0.379][user]-[Info]-[msgarrvd:419) --dronesCount--2
 [0m
[32m[0.379][user]-[Info]-[msgarrvd:429) Drone ID: 6, Latitude: 39.136887, Longitude: 117.141939
 [0m
[32m[0.379][user]-[Info]-[msgarrvd:429) Drone ID: 7, Latitude: 39.136887, Longitude: 117.141939
 [0m
[37m[0.402][linker]-[Debug]-[DjiLinker_DeInit:170) deinit linker success, protocol:2, channelId:0 [0m
[37m[0.406][linker]-[Debug]-[DjiLinker_Init:128) init linker success, protocol:2, channelId:0 [0m
[37m[0.406][linker]-[Debug]-[DjiProtocol_v1Pack:123) <0000>V1-Send: 0x0507->0x0503 0x03FD [0m
[37m[0.426][linker]-[Debug]-[DjiProtocol_v1Pack:123) <0x01>V1-Send: 0x0507->0x0503 0x03FD [0m
[37m[0.446][linker]-[Debug]-[DjiProtocol_v1Pack:123) <0x02>V1-Send: 0x0507->0x0503 0x03FD [0m
[37m[0.466][linker]-[Debug]-[DjiProtocol_v1Pack:123) <0x03>V1-Send: 0x0507->0x0503 0x03FD [0m
[37m[0.487][linker]-[Debug]-[DjiProtocol_v1Pack:123) <0x04>V1-Send: 0x0507->0x0503 0x03FD [0m
[37m[0.528][linker]-[Debug]-[DjiLinker_DeInit:170) deinit linker success, protocol:2, channelId:0 [0m
[37m[0.532][linker]-[Debug]-[DjiLinker_Init:128) init linker success, protocol:2, channelId:0 [0m
[37m[0.532][linker]-[Debug]-[DjiProtocol_v1Pack:123) <0000>V1-Send: 0x0507->0x0503 0x03FD [0m
[37m[0.552][linker]-[Debug]-[DjiProtocol_v1Pack:123) <0x01>V1-Send: 0x0507->0x0503 0x03FD [0m
[37m[0.572][linker]-[Debug]-[DjiProtocol_v1Pack:123) <0x02>V1-Send: 0x0507->0x0503 0x03FD [0m
[37m[0.593][linker]-[Debug]-[DjiProtocol_v1Pack:123) <0x03>V1-Send: 0x0507->0x0503 0x03FD [0m
[37m[0.613][linker]-[Debug]-[DjiProtocol_v1Pack:123) <0x04>V1-Send: 0x0507->0x0503 0x03FD [0m
[37m[0.654][linker]-[Debug]-[DjiLinker_DeInit:170) deinit linker success, protocol:2, channelId:0 [0m
[37m[0.657][linker]-[Debug]-[DjiLinker_Init:128) init linker success, protocol:2, channelId:0 [0m
[37m[0.657][linker]-[Debug]-[DjiProtocol_v1Pack:123) <0000>V1-Send: 0x0507->0x0503 0x03FD [0m
[37m[0.678][linker]-[Debug]-[DjiProtocol_v1Pack:123) <0x01>V1-Send: 0x0507->0x0503 0x03FD [0m
[37m[0.698][linker]-[Debug]-[DjiProtocol_v1Pack:123) <0x02>V1-Send: 0x0507->0x0503 0x03FD [0m
[37m[0.718][linker]-[Debug]-[DjiProtocol_v1Pack:123) <0x03>V1-Send: 0x0507->0x0503 0x03FD [0m
[37m[0.738][linker]-[Debug]-[DjiProtocol_v1Pack:123) <0x04>V1-Send: 0x0507->0x0503 0x03FD [0m
[37m[0.779][linker]-[Debug]-[DjiLinker_DeInit:170) deinit linker success, protocol:2, channelId:0 [0m
[37m[0.783][linker]-[Debug]-[DjiLinker_Init:128) init linker success, protocol:2, channelId:0 [0m
[37m[0.783][linker]-[Debug]-[DjiProtocol_v1Pack:123) <0000>V1-Send: 0x0A06->0x0300 0x03FD [0m
[37m[0.803][linker]-[Debug]-[DjiProtocol_v1Pack:123) <0x01>V1-Send: 0x0A06->0x0300 0x03FD [0m
[37m[0.823][linker]-[Debug]-[DjiProtocol_v1Pack:123) <0x02>V1-Send: 0x0A06->0x0300 0x03FD [0m
[37m[0.843][linker]-[Debug]-[DjiProtocol_v1Pack:123) <0x03>V1-Send: 0x0A06->0x0300 0x03FD [0m
[37m[0.863][linker]-[Debug]-[DjiProtocol_v1Pack:123) <0x04>V1-Send: 0x0A06->0x0300 0x03FD [0m
[37m[0.904][linker]-[Debug]-[DjiLinker_DeInit:170) deinit linker success, protocol:2, channelId:0 [0m
[37m[0.907][linker]-[Debug]-[DjiLinker_Init:128) init linker success, protocol:2, channelId:0 [0m
[37m[0.907][linker]-[Debug]-[DjiProtocol_v1Pack:123) <0000>V1-Send: 0x0A06->0x0300 0x03FD [0m
[37m[0.918][linker]-[Debug]-[DjiProtocol_v1Unpack:215) <0000>V1-Recv: 0x0300->0x0A06 0x03FD [0m
[37m[0.927][linker]-[Debug]-[DjiProtocol_v1Pack:123) <0x01>V1-Send: 0x0A06->0x0300 0x03FD [0m
[37m[0.927][linker]-[Debug]-[DjiProtocol_v1Unpack:215) <0x6590>V1-Recv: 0x0306->0x0A06 0x03C1 [0m
[37m[0.959][linker]-[Debug]-[DjiLinker_DeInit:170) deinit linker success, protocol:2, channelId:0 [0m
[32m[0.959][adapter]-[Info]-[DjiAccessAdapter_Init:231) Identify aircraft series is Matrice 350 Series [0m
[32m[0.959][adapter]-[Info]-[DjiAccessAdapter_Init:264) Identify mount position type is Extension Port Type [0m
[37m[0.959][linker]-[Debug]-[DjiCommand_Init:158) config list channel id:2 [0m
[37m[0.962][linker]-[Debug]-[DjiLinker_Init:128) init linker success, protocol:2, channelId:0 [0m
[37m[0.962][linker]-[Debug]-[DjiCommand_Init:167) add linker node count:1 [0m
[32m[0.962][adapter]-[Info]-[DjiAccessAdapter_Init:365) Identity uart0 baudrate is 230400 bps [0m
[37m[0.962][linker]-[Debug]-[DjiProtocol_v1Pack:123) <0xdcee>V1-Send: 0x0A06->0x0701 0x0000 [0m
[37m[0.962][linker]-[Debug]-[DjiCommand_SendAsync:497) Max wait ack item count is 32. [0m
[37m[0.979][linker]-[Debug]-[DjiProtocol_v1Unpack:215) <0xdcee>V1-Recv: 0x0701->0x0A06 0x0000 [0m
[37m[0.979][linker]-[Debug]-[DjiCommand_RecvWork:1066)  <0xdcee>Receive msg from linker, 0x0701->0x0A06 0x0000 len:1 [0m
[37m[0.979][linker]-[Debug]-[DjiCommand_SendSyncCallback:1014) PsdkCommand_SendSyncCallback success [0m
[37m[0.979][linker]-[Debug]-[DjiCommand_DealCmd:830) callback function (cmdset: 0x00 cmdid: 0x00) deal time: 0 ms [0m
[37m[0.979][linker]-[Debug]-[DjiCommand_SendSync:553) sendSync callback success [0m
[37m[0.979][linker]-[Debug]-[DjiCommand_RegRecvCmdHandler:674) Reg command handle list success, index:0 [0m
[37m[0.979][linker]-[Debug]-[DjiCommand_RegRecvCmdHandler:674) Reg command handle list success, index:1 [0m
[37m[0.979][linker]-[Debug]-[DjiProtocol_v1Pack:123) <0xdcef>V1-Send: 0x0A06->0x0701 0x0087 [0m
[37m[0.997][linker]-[Debug]-[DjiProtocol_v1Unpack:215) <0x6617>V1-Recv: 0x0300->0x0A06 0x221B [0m
[37m[0.997][linker]-[Debug]-[DjiCommand_RecvWork:1066)  <0x6617>Receive msg from linker, 0x0300->0x0A06 0x221B len:9 [0m
[37m[0.997][linker]-[Debug]-[DjiCommand_DealCmd:919) received unsupport request cmd that noneed ack, <0x6617> cmdset: 0x22 cmdid: 0x1B [0m
[37m[1.027][linker]-[Debug]-[DjiProtocol_v1Unpack:215) <0x664a>V1-Recv: 0x0306->0x0A06 0x03C1 [0m
[37m[1.028][linker]-[Debug]-[DjiCommand_RecvWork:1066)  <0x664a>Receive msg from linker, 0x0306->0x0A06 0x03C1 len:13 [0m
[37m[1.028][linker]-[Debug]-[DjiCommand_DealCmd:919) received unsupport request cmd that noneed ack, <0x664a> cmdset: 0x03 cmdid: 0xC1 [0m
[37m[1.040][linker]-[Debug]-[DjiProtocol_v1Unpack:215) <0x665a>V1-Recv: 0x0300->0x0A06 0x036C [0m
[37m[1.041][linker]-[Debug]-[DjiCommand_RecvWork:1066)  <0x665a>Receive msg from linker, 0x0300->0x0A06 0x036C len:71 [0m
[37m[1.041][linker]-[Debug]-[DjiCommand_DealCmd:919) received unsupport request cmd that noneed ack, <0x665a> cmdset: 0x03 cmdid: 0x6C [0m
[37m[1.059][linker]-[Debug]-[DjiProtocol_v1Unpack:215) <0x6682>V1-Recv: 0x0300->0x0A06 0x4900 [0m
[37m[1.060][linker]-[Debug]-[DjiCommand_RecvWork:1066)  <0x6682>Receive msg from linker, 0x0300->0x0A06 0x4900 len:14 [0m
[37m[1.060][linker]-[Debug]-[DjiCommand_DealCmd:919) received unsupport request cmd that need ack, <0x6682> cmdset: 0x49 cmdid: 0x00 [0m
[37m[1.067][utils]-[Debug]-[DjiCore_RootTask:131) work execution time: [0m
[37m[1.067][utils]-[Debug]-[DjiCore_RootTask:132) name	                execution time (ms)	  max execution time (ms) [0m
[37m[1.067][utils]-[Debug]-[DjiCore_RootTask:134) recorderWork                    	0       	0        [0m
[37m[1.067][utils]-[Debug]-[DjiCore_RootTask:134) flowControllerTask              	0       	0        [0m
[37m[1.067][utils]-[Debug]-[DjiCore_RootTask:134) commandTask                     	1       	1        [0m
[37m[1.097][linker]-[Debug]-[DjiProtocol_v1Unpack:215) <0x66c4>V1-Recv: 0x0300->0x0A06 0x221B [0m
[37m[1.098][linker]-[Debug]-[DjiCommand_RecvWork:1066)  <0x66c4>Receive msg from linker, 0x0300->0x0A06 0x221B len:9 [0m
[37m[1.098][linker]-[Debug]-[DjiCommand_DealCmd:919) received unsupport request cmd that noneed ack, <0x66c4> cmdset: 0x22 cmdid: 0x1B [0m
[37m[1.126][linker]-[Debug]-[DjiProtocol_v1Unpack:215) <0x66fd>V1-Recv: 0x0306->0x0A06 0x03C1 [0m
[37m[1.127][linker]-[Debug]-[DjiCommand_RecvWork:1066)  <0x66fd>Receive msg from linker, 0x0306->0x0A06 0x03C1 len:13 [0m
[37m[1.127][linker]-[Debug]-[DjiCommand_DealCmd:919) received unsupport request cmd that noneed ack, <0x66fd> cmdset: 0x03 cmdid: 0xC1 [0m
[37m[1.140][linker]-[Debug]-[DjiProtocol_v1Unpack:215) <0x670d>V1-Recv: 0x0300->0x0A06 0x036C [0m
[37m[1.141][linker]-[Debug]-[DjiCommand_RecvWork:1066)  <0x670d>Receive msg from linker, 0x0300->0x0A06 0x036C len:71 [0m
[37m[1.141][linker]-[Debug]-[DjiCommand_DealCmd:919) received unsupport request cmd that noneed ack, <0x670d> cmdset: 0x03 cmdid: 0x6C [0m
[37m[1.159][linker]-[Debug]-[DjiProtocol_v1Unpack:215) <0x6736>V1-Recv: 0x0300->0x0100 0x0405 [0m
[37m[1.159][linker]-[Debug]-[DjiProtocol_v1Unpack:215) <0x6737>V1-Recv: 0x0300->0x0A06 0x4900 [0m
[37m[1.160][linker]-[Debug]-[DjiCommand_RecvWork:1066)  <0x6736>Receive msg from linker, 0x0300->0x0100 0x0405 len:22 [0m
[37m[1.160][linker]-[Debug]-[DjiCommand_DealCmd:919) received unsupport request cmd that noneed ack, <0x6736> cmdset: 0x04 cmdid: 0x05 [0m
[37m[1.161][linker]-[Debug]-[DjiCommand_RecvWork:1066)  <0x6737>Receive msg from linker, 0x0300->0x0A06 0x4900 len:14 [0m
[37m[1.161][linker]-[Debug]-[DjiCommand_DealCmd:919) received unsupport request cmd that need ack, <0x6737> cmdset: 0x49 cmdid: 0x00 [0m
[37m[1.198][linker]-[Debug]-[DjiProtocol_v1Unpack:215) <0x6782>V1-Recv: 0x0300->0x0A06 0x221B [0m
[37m[1.199][linker]-[Debug]-[DjiCommand_RecvWork:1066)  <0x6782>Receive msg from linker, 0x0300->0x0A06 0x221B len:9 [0m
[37m[1.199][linker]-[Debug]-[DjiCommand_DealCmd:919) received unsupport request cmd that noneed ack, <0x6782> cmdset: 0x22 cmdid: 0x1B [0m
[37m[1.226][linker]-[Debug]-[DjiProtocol_v1Unpack:215) <0x67b5>V1-Recv: 0x0306->0x0A06 0x03C1 [0m
[37m[1.227][linker]-[Debug]-[DjiCommand_RecvWork:1066)  <0x67b5>Receive msg from linker, 0x0306->0x0A06 0x03C1 len:13 [0m
[37m[1.227][linker]-[Debug]-[DjiCommand_DealCmd:919) received unsupport request cmd that noneed ack, <0x67b5> cmdset: 0x03 cmdid: 0xC1 [0m
[37m[1.240][linker]-[Debug]-[DjiProtocol_v1Unpack:215) <0x67c7>V1-Recv: 0x0300->0x0A06 0x036C [0m
[37m[1.241][linker]-[Debug]-[DjiCommand_RecvWork:1066)  <0x67c7>Receive msg from linker, 0x0300->0x0A06 0x036C len:71 [0m
[37m[1.241][linker]-[Debug]-[DjiCommand_DealCmd:919) received unsupport request cmd that noneed ack, <0x67c7> cmdset: 0x03 cmdid: 0x6C [0m
[37m[1.258][linker]-[Debug]-[DjiProtocol_v1Unpack:215) <0x67f7>V1-Recv: 0x0300->0x0A06 0x4900 [0m
[37m[1.259][linker]-[Debug]-[DjiCommand_RecvWork:1066)  <0x67f7>Receive msg from linker, 0x0300->0x0A06 0x4900 len:14 [0m
[37m[1.259][linker]-[Debug]-[DjiCommand_DealCmd:919) received unsupport request cmd that need ack, <0x67f7> cmdset: 0x49 cmdid: 0x00 [0m
[37m[1.298][linker]-[Debug]-[DjiProtocol_v1Unpack:215) <0x6847>V1-Recv: 0x0300->0x0A06 0x221B [0m
[37m[1.299][linker]-[Debug]-[DjiCommand_RecvWork:1066)  <0x6847>Receive msg from linker, 0x0300->0x0A06 0x221B len:9 [0m
[37m[1.299][linker]-[Debug]-[DjiCommand_DealCmd:919) received unsupport request cmd that noneed ack, <0x6847> cmdset: 0x22 cmdid: 0x1B [0m
[37m[1.326][linker]-[Debug]-[DjiProtocol_v1Unpack:215) <0x687c>V1-Recv: 0x0306->0x0A06 0x03C1 [0m
[37m[1.326][linker]-[Debug]-[DjiCommand_RecvWork:1066)  <0x687c>Receive msg from linker, 0x0306->0x0A06 0x03C1 len:13 [0m
[37m[1.326][linker]-[Debug]-[DjiCommand_DealCmd:919) received unsupport request cmd that noneed ack, <0x687c> cmdset: 0x03 cmdid: 0xC1 [0m
[37m[1.340][linker]-[Debug]-[DjiProtocol_v1Unpack:215) <0x688b>V1-Recv: 0x0300->0x0A06 0x036C [0m
[37m[1.341][linker]-[Debug]-[DjiCommand_RecvWork:1066)  <0x688b>Receive msg from linker, 0x0300->0x0A06 0x036C len:71 [0m
[37m[1.341][linker]-[Debug]-[DjiCommand_DealCmd:919) received unsupport request cmd that noneed ack, <0x688b> cmdset: 0x03 cmdid: 0x6C [0m
[37m[1.358][linker]-[Debug]-[DjiProtocol_v1Unpack:215) <0x68b6>V1-Recv: 0x0300->0x0A06 0x4900 [0m
[37m[1.358][linker]-[Debug]-[DjiCommand_RecvWork:1066)  <0x68b6>Receive msg from linker, 0x0300->0x0A06 0x4900 len:14 [0m
[37m[1.358][linker]-[Debug]-[DjiCommand_DealCmd:919) received unsupport request cmd that need ack, <0x68b6> cmdset: 0x49 cmdid: 0x00 [0m
[37m[1.398][linker]-[Debug]-[DjiProtocol_v1Unpack:215) <0x68fc>V1-Recv: 0x0300->0x0A06 0x221B [0m
[37m[1.398][linker]-[Debug]-[DjiCommand_RecvWork:1066)  <0x68fc>Receive msg from linker, 0x0300->0x0A06 0x221B len:9 [0m
[37m[1.398][linker]-[Debug]-[DjiCommand_DealCmd:919) received unsupport request cmd that noneed ack, <0x68fc> cmdset: 0x22 cmdid: 0x1B [0m
[37m[1.404][linker]-[Debug]-[DjiProtocol_v1Unpack:215) <0x582>V1-Recv: 0x0701->0x0A06 0x0087 [0m
[37m[1.404][linker]-[Debug]-[DjiCommand_RecvWork:1066)  <0x582>Receive msg from linker, 0x0701->0x0A06 0x0087 len:4 [0m
[37m[1.404][adapter]-[Debug]-[DjiPayloadNegotiate_PayloadNegotiateHandle:1073) receive payload negotiate notify, cmd = 1 [0m
[37m[1.404][adapter]-[Debug]-[DjiPayloadNegotiate_VersionHandle:503) Payload negotiate use dynamic ip config [0m
[37m[1.404][linker]-[Debug]-[DjiProtocol_v1Pack:123) <0x582>V1-Send: 0x0A06->0x0701 0x0087 [0m
[37m[1.423][linker]-[Debug]-[DjiProtocol_v1Unpack:215) <0x583>V1-Recv: 0x0701->0x0A06 0x0087 [0m
[37m[1.423][linker]-[Debug]-[DjiCommand_RecvWork:1066)  <0x583>Receive msg from linker, 0x0701->0x0A06 0x0087 len:96 [0m
[37m[1.423][adapter]-[Debug]-[DjiPayloadNegotiate_PayloadNegotiateHandle:1073) receive payload negotiate notify, cmd = 3 [0m
[37m[1.423][adapter]-[Debug]-[DjiDeviceInfoParse_ParseCommand:396) command:3 [0m
[37m[1.423][adapter]-[Debug]-[DjiDeviceInfoParse_ParseAllInfo:65) command: 3 aciton: 0 [0m
[37m[1.423][adapter]-[Debug]-[DjiDeviceInfoParse_ParseAllInfo:75) info:DEV len:28 [0m
[37m[1.423][adapter]-[Debug]-[DjiDeviceInfoParse_ParseChannelInfo:276) parse 32 byte chnl_info [0m
[37m[1.423][adapter]-[Debug]-[DjiDeviceInfoParse_ParseAllInfo:85) info:CHN len:30 [0m
[37m[1.423][adapter]-[Debug]-[DjiDeviceInfoParse_ParseAllInfo:95) info:HST len:21 [0m
[37m[1.423][adapter]-[Debug]-[DjiDeviceInfoParse_ParseAllInfo:104) info:DAT len:5 [0m
[37m[1.423][adapter]-[Debug]-[DjiPayloadNegotiate_DeviceInfoHandle:944) generate device info:24 72 17 67, total size 208 [0m
[37m[1.423][linker]-[Debug]-[DjiProtocol_v1Pack:123) <0x583>V1-Send: 0x0A06->0x0701 0x0087 [0m
[37m[1.427][linker]-[Debug]-[DjiProtocol_v1Unpack:215) <0x6930>V1-Recv: 0x0306->0x0A06 0x03C1 [0m
[37m[1.428][linker]-[Debug]-[DjiCommand_RecvWork:1066)  <0x6930>Receive msg from linker, 0x0306->0x0A06 0x03C1 len:13 [0m
[37m[1.428][linker]-[Debug]-[DjiCommand_DealCmd:919) received unsupport request cmd that noneed ack, <0x6930> cmdset: 0x03 cmdid: 0xC1 [0m
[37m[1.440][linker]-[Debug]-[DjiProtocol_v1Unpack:215) <0x6940>V1-Recv: 0x0300->0x0A06 0x036C [0m
[37m[1.440][linker]-[Debug]-[DjiCommand_RecvWork:1066)  <0x6940>Receive msg from linker, 0x0300->0x0A06 0x036C len:71 [0m
[37m[1.440][linker]-[Debug]-[DjiCommand_DealCmd:919) received unsupport request cmd that noneed ack, <0x6940> cmdset: 0x03 cmdid: 0x6C [0m
[37m[1.449][linker]-[Debug]-[DjiProtocol_v1Unpack:215) <0x1736>V1-Recv: 0x1D07->0x0A06 0x2105 [0m
[37m[1.449][linker]-[Debug]-[DjiCommand_RecvWork:1066)  <0x1736>Receive msg from linker, 0x1D07->0x0A06 0x2105 len:1 [0m
[37m[1.449][linker]-[Debug]-[DjiCommand_DealCmd:919) received unsupport request cmd that need ack, <0x1736> cmdset: 0x21 cmdid: 0x05 [0m
[37m[1.458][linker]-[Debug]-[DjiProtocol_v1Unpack:215) <0x6969>V1-Recv: 0x0300->0x0A06 0x4900 [0m
[37m[1.459][linker]-[Debug]-[DjiCommand_RecvWork:1066)  <0x6969>Receive msg from linker, 0x0300->0x0A06 0x4900 len:14 [0m
[37m[1.459][linker]-[Debug]-[DjiCommand_DealCmd:919) received unsupport request cmd that need ack, <0x6969> cmdset: 0x49 cmdid: 0x00 [0m
[37m[1.497][linker]-[Debug]-[DjiProtocol_v1Unpack:215) <0x69ad>V1-Recv: 0x0300->0x0A06 0x221B [0m
[37m[1.498][linker]-[Debug]-[DjiCommand_RecvWork:1066)  <0x69ad>Receive msg from linker, 0x0300->0x0A06 0x221B len:9 [0m
[37m[1.498][linker]-[Debug]-[DjiCommand_DealCmd:919) received unsupport request cmd that noneed ack, <0x69ad> cmdset: 0x22 cmdid: 0x1B [0m
[37m[1.527][linker]-[Debug]-[DjiProtocol_v1Unpack:215) <0x69e2>V1-Recv: 0x0306->0x0A06 0x03C1 [0m
[37m[1.528][linker]-[Debug]-[DjiCommand_RecvWork:1066)  <0x69e2>Receive msg from linker, 0x0306->0x0A06 0x03C1 len:13 [0m
[37m[1.528][linker]-[Debug]-[DjiCommand_DealCmd:919) received unsupport request cmd that noneed ack, <0x69e2> cmdset: 0x03 cmdid: 0xC1 [0m
[37m[1.540][linker]-[Debug]-[DjiProtocol_v1Unpack:215) <0x69f1>V1-Recv: 0x0300->0x0A06 0x036C [0m
[37m[1.540][linker]-[Debug]-[DjiCommand_RecvWork:1066)  <0x69f1>Receive msg from linker, 0x0300->0x0A06 0x036C len:71 [0m
[37m[1.540][linker]-[Debug]-[DjiCommand_DealCmd:919) received unsupport request cmd that noneed ack, <0x69f1> cmdset: 0x03 cmdid: 0x6C [0m
[37m[1.557][linker]-[Debug]-[DjiProtocol_v1Unpack:215) <0x584>V1-Recv: 0x0701->0x0A06 0x0087 [0m
[37m[1.557][linker]-[Debug]-[DjiCommand_RecvWork:1066)  <0x584>Receive msg from linker, 0x0701->0x0A06 0x0087 len:6 [0m
[37m[1.557][adapter]-[Debug]-[DjiPayloadNegotiate_PayloadNegotiateHandle:1073) receive payload negotiate notify, cmd = 7 [0m
[37m[1.557][linker]-[Debug]-[DjiProtocol_v1Pack:123) <0x584>V1-Send: 0x0A06->0x0701 0x0087 [0m
[37m[1.559][linker]-[Debug]-[DjiProtocol_v1Unpack:215) <0x6a1d>V1-Recv: 0x0300->0x0A06 0x4900 [0m
[37m[1.560][linker]-[Debug]-[DjiCommand_RecvWork:1066)  <0x6a1d>Receive msg from linker, 0x0300->0x0A06 0x4900 len:14 [0m
[37m[1.560][linker]-[Debug]-[DjiCommand_DealCmd:919) received unsupport request cmd that need ack, <0x6a1d> cmdset: 0x49 cmdid: 0x00 [0m
[37m[1.597][linker]-[Debug]-[DjiProtocol_v1Unpack:215) <0x6a66>V1-Recv: 0x0300->0x0A06 0x221B [0m
[37m[1.598][linker]-[Debug]-[DjiCommand_RecvWork:1066)  <0x6a66>Receive msg from linker, 0x0300->0x0A06 0x221B len:9 [0m
[37m[1.598][linker]-[Debug]-[DjiCommand_DealCmd:919) received unsupport request cmd that noneed ack, <0x6a66> cmdset: 0x22 cmdid: 0x1B [0m
[37m[1.628][linker]-[Debug]-[DjiProtocol_v1Unpack:215) <0x585>V1-Recv: 0x0701->0x0A06 0x004A [0m
[37m[1.628][linker]-[Debug]-[DjiProtocol_v1Unpack:215) <0x586>V1-Recv: 0x0701->0x0A06 0x0087 [0m
[37m[1.629][linker]-[Debug]-[DjiCommand_RecvWork:1066)  <0x585>Receive msg from linker, 0x0701->0x0A06 0x004A len:15 [0m
[37m[1.629][linker]-[Debug]-[DjiCommand_DealCmd:919) received unsupport request cmd that need ack, <0x585> cmdset: 0x00 cmdid: 0x4A [0m
[37m[1.629][linker]-[Debug]-[DjiProtocol_v1Unpack:215) <0xdcef>V1-Recv: 0x0701->0x0A06 0x0087 [0m
[37m[1.629][linker]-[Debug]-[DjiProtocol_v1Unpack:215) <0x6a95>V1-Recv: 0x0306->0x0A06 0x03C1 [0m
[37m[1.630][linker]-[Debug]-[DjiCommand_RecvWork:1066)  <0x586>Receive msg from linker, 0x0701->0x0A06 0x0087 len:208 [0m
[37m[1.630][adapter]-[Debug]-[DjiPayloadNegotiate_PayloadNegotiateHandle:1073) receive payload negotiate notify, cmd = 5 [0m
[37m[1.630][adapter]-[Debug]-[DjiPayloadNegotiate_NotifyHandle:1012) notify device cap info length:208 [0m
[37m[1.630][adapter]-[Debug]-[DjiDeviceInfoParse_ParseCommand:396) command:5 [0m
[37m[1.630][adapter]-[Debug]-[DjiDeviceInfoParse_ParseAllInfo:65) command: 5 aciton: 17 [0m
[37m[1.630][adapter]-[Debug]-[DjiDeviceInfoParse_ParseAllInfo:75) info:DEV len:24 [0m
[37m[1.630][adapter]-[Debug]-[DjiDeviceInfoParse_ParseChannelInfo:276) parse 78 byte chnl_info [0m
[37m[1.630][adapter]-[Debug]-[DjiDeviceInfoParse_ParseAllInfo:85) info:CHN len:72 [0m
[37m[1.630][adapter]-[Debug]-[DjiDeviceInfoParse_ParseAllInfo:95) info:HST len:17 [0m
[37m[1.630][adapter]-[Debug]-[DjiDeviceInfoParse_ParseDataInfo:376) parse 73 byte data_info [0m
[37m[1.630][adapter]-[Debug]-[DjiDeviceInfoParse_ParseAllInfo:104) info:DAT len:67 [0m
[37m[1.630][adapter]-[Debug]-[DjiPayloadNegotiate_NotifyHandle:1032) uav ip addr:192.168.108.1 [0m
[37m[1.630][linker]-[Debug]-[DjiProtocol_v1Pack:123) <0x586>V1-Send: 0x0A06->0x0701 0x0087 [0m
[37m[1.631][linker]-[Debug]-[DjiCommand_RecvWork:1066)  <0xdcef>Receive msg from linker, 0x0701->0x0A06 0x0087 len:4 [0m
[37m[1.631][linker]-[Debug]-[DjiCommand_SendSyncCallback:1014) PsdkCommand_SendSyncCallback success [0m
[37m[1.631][linker]-[Debug]-[DjiCommand_DealCmd:830) callback function (cmdset: 0x00 cmdid: 0x87) deal time: 0 ms [0m
[37m[1.631][linker]-[Debug]-[DjiCommand_SendSync:553) sendSync callback success [0m
[37m[1.632][linker]-[Debug]-[DjiCommand_RecvWork:1066)  <0x6a95>Receive msg from linker, 0x0306->0x0A06 0x03C1 len:13 [0m
[37m[1.632][linker]-[Debug]-[DjiCommand_DealCmd:919) received unsupport request cmd that noneed ack, <0x6a95> cmdset: 0x03 cmdid: 0xC1 [0m
[37m[1.640][linker]-[Debug]-[DjiProtocol_v1Unpack:215) <0x6aa4>V1-Recv: 0x0300->0x0A06 0x036C [0m
[37m[1.641][linker]-[Debug]-[DjiCommand_RecvWork:1066)  <0x6aa4>Receive msg from linker, 0x0300->0x0A06 0x036C len:71 [0m
[37m[1.641][linker]-[Debug]-[DjiCommand_DealCmd:919) received unsupport request cmd that noneed ack, <0x6aa4> cmdset: 0x03 cmdid: 0x6C [0m
[37m[1.661][linker]-[Debug]-[DjiProtocol_v1Unpack:215) <0x6acc>V1-Recv: 0x0300->0x0A06 0x0F74 [0m
[37m[1.661][linker]-[Debug]-[DjiProtocol_v1Unpack:215) <0x6acf>V1-Recv: 0x0300->0x0100 0x0406 [0m
[37m[1.661][linker]-[Debug]-[DjiProtocol_v1Unpack:215) <0x6ad0>V1-Recv: 0x0300->0x0100 0x0407 [0m
[37m[1.661][linker]-[Debug]-[DjiProtocol_v1Unpack:215) <0x6ad1>V1-Recv: 0x0300->0x0A06 0x4900 [0m
[37m[1.662][linker]-[Debug]-[DjiCommand_RecvWork:1066)  <0x6acc>Receive msg from linker, 0x0300->0x0A06 0x0F74 len:28 [0m
[37m[1.662][linker]-[Debug]-[DjiCommand_DealCmd:919) received unsupport request cmd that noneed ack, <0x6acc> cmdset: 0x0F cmdid: 0x74 [0m
[37m[1.663][linker]-[Debug]-[DjiCommand_RecvWork:1066)  <0x6acf>Receive msg from linker, 0x0300->0x0100 0x0406 len:12 [0m
[37m[1.663][linker]-[Debug]-[DjiCommand_DealCmd:919) received unsupport request cmd that noneed ack, <0x6acf> cmdset: 0x04 cmdid: 0x06 [0m
[37m[1.664][linker]-[Debug]-[DjiCommand_RecvWork:1066)  <0x6ad0>Receive msg from linker, 0x0300->0x0100 0x0407 len:1 [0m
[37m[1.664][linker]-[Debug]-[DjiCommand_DealCmd:919) received unsupport request cmd that noneed ack, <0x6ad0> cmdset: 0x04 cmdid: 0x07 [0m
[37m[1.665][linker]-[Debug]-[DjiCommand_RecvWork:1066)  <0x6ad1>Receive msg from linker, 0x0300->0x0A06 0x4900 len:14 [0m
[37m[1.665][linker]-[Debug]-[DjiCommand_DealCmd:919) received unsupport request cmd that need ack, <0x6ad1> cmdset: 0x49 cmdid: 0x00 [0m
[37m[1.698][linker]-[Debug]-[DjiProtocol_v1Unpack:215) <0x6b12>V1-Recv: 0x0300->0x0A06 0x221B [0m
[37m[1.698][linker]-[Debug]-[DjiCommand_RecvWork:1066)  <0x6b12>Receive msg from linker, 0x0300->0x0A06 0x221B len:9 [0m
[37m[1.698][linker]-[Debug]-[DjiCommand_DealCmd:919) received unsupport request cmd that noneed ack, <0x6b12> cmdset: 0x22 cmdid: 0x1B [0m
[37m[1.727][linker]-[Debug]-[DjiProtocol_v1Unpack:215) <0x6b4a>V1-Recv: 0x0306->0x0A06 0x03C1 [0m
[37m[1.728][linker]-[Debug]-[DjiCommand_RecvWork:1066)  <0x6b4a>Receive msg from linker, 0x0306->0x0A06 0x03C1 len:13 [0m
[37m[1.728][linker]-[Debug]-[DjiCommand_DealCmd:919) received unsupport request cmd that noneed ack, <0x6b4a> cmdset: 0x03 cmdid: 0xC1 [0m
[37m[1.740][linker]-[Debug]-[DjiProtocol_v1Unpack:215) <0x6b59>V1-Recv: 0x0300->0x0A06 0x036C [0m
[37m[1.741][linker]-[Debug]-[DjiCommand_RecvWork:1066)  <0x6b59>Receive msg from linker, 0x0300->0x0A06 0x036C len:71 [0m
[37m[1.741][linker]-[Debug]-[DjiCommand_DealCmd:919) received unsupport request cmd that noneed ack, <0x6b59> cmdset: 0x03 cmdid: 0x6C [0m
[37m[1.759][linker]-[Debug]-[DjiProtocol_v1Unpack:215) <0x6b8e>V1-Recv: 0x0300->0x0A06 0x4900 [0m
[37m[1.760][linker]-[Debug]-[DjiCommand_RecvWork:1066)  <0x6b8e>Receive msg from linker, 0x0300->0x0A06 0x4900 len:14 [0m
[37m[1.760][linker]-[Debug]-[DjiCommand_DealCmd:919) received unsupport request cmd that need ack, <0x6b8e> cmdset: 0x49 cmdid: 0x00 [0m
[37m[1.792][linker]-[Debug]-[DjiProtocol_v1Unpack:215) <0x6bc2>V1-Recv: 0x0306->0x0A06 0x03C1 [0m
[37m[1.793][linker]-[Debug]-[DjiCommand_RecvWork:1066)  <0x6bc2>Receive msg from linker, 0x0306->0x0A06 0x03C1 len:126 [0m
[37m[1.793][linker]-[Debug]-[DjiCommand_DealCmd:919) received unsupport request cmd that noneed ack, <0x6bc2> cmdset: 0x03 cmdid: 0xC1 [0m
[37m[1.797][linker]-[Debug]-[DjiProtocol_v1Unpack:215) <0x6bda>V1-Recv: 0x0300->0x0A06 0x221B [0m
[37m[1.798][linker]-[Debug]-[DjiCommand_RecvWork:1066)  <0x6bda>Receive msg from linker, 0x0300->0x0A06 0x221B len:9 [0m
[37m[1.798][linker]-[Debug]-[DjiCommand_DealCmd:919) received unsupport request cmd that noneed ack, <0x6bda> cmdset: 0x22 cmdid: 0x1B [0m
[37m[1.827][linker]-[Debug]-[DjiProtocol_v1Unpack:215) <0x6c09>V1-Recv: 0x0306->0x0A06 0x03C1 [0m
[37m[1.828][linker]-[Debug]-[DjiCommand_RecvWork:1066)  <0x6c09>Receive msg from linker, 0x0306->0x0A06 0x03C1 len:13 [0m
[37m[1.828][linker]-[Debug]-[DjiCommand_DealCmd:919) received unsupport request cmd that noneed ack, <0x6c09> cmdset: 0x03 cmdid: 0xC1 [0m
[37m[1.840][linker]-[Debug]-[DjiProtocol_v1Unpack:215) <0x6c18>V1-Recv: 0x0300->0x0A06 0x036C [0m
[37m[1.841][linker]-[Debug]-[DjiCommand_RecvWork:1066)  <0x6c18>Receive msg from linker, 0x0300->0x0A06 0x036C len:71 [0m
[37m[1.841][linker]-[Debug]-[DjiCommand_DealCmd:919) received unsupport request cmd that noneed ack, <0x6c18> cmdset: 0x03 cmdid: 0x6C [0m
[37m[1.859][linker]-[Debug]-[DjiProtocol_v1Unpack:215) <0x6c42>V1-Recv: 0x0300->0x0A06 0x4900 [0m
[37m[1.860][linker]-[Debug]-[DjiCommand_RecvWork:1066)  <0x6c42>Receive msg from linker, 0x0300->0x0A06 0x4900 len:14 [0m
[37m[1.860][linker]-[Debug]-[DjiCommand_DealCmd:919) received unsupport request cmd that need ack, <0x6c42> cmdset: 0x49 cmdid: 0x00 [0m
[37m[1.897][linker]-[Debug]-[DjiProtocol_v1Unpack:215) <0x6c87>V1-Recv: 0x0300->0x0A06 0x221B [0m
[37m[1.898][linker]-[Debug]-[DjiCommand_RecvWork:1066)  <0x6c87>Receive msg from linker, 0x0300->0x0A06 0x221B len:9 [0m
[37m[1.898][linker]-[Debug]-[DjiCommand_DealCmd:919) received unsupport request cmd that noneed ack, <0x6c87> cmdset: 0x22 cmdid: 0x1B [0m
[37m[1.927][linker]-[Debug]-[DjiProtocol_v1Unpack:215) <0x6cbc>V1-Recv: 0x0306->0x0A06 0x03C1 [0m
[37m[1.927][linker]-[Debug]-[DjiCommand_RecvWork:1066)  <0x6cbc>Receive msg from linker, 0x0306->0x0A06 0x03C1 len:13 [0m
[37m[1.927][linker]-[Debug]-[DjiCommand_DealCmd:919) received unsupport request cmd that noneed ack, <0x6cbc> cmdset: 0x03 cmdid: 0xC1 [0m
[37m[1.940][linker]-[Debug]-[DjiProtocol_v1Unpack:215) <0x6ccb>V1-Recv: 0x0300->0x0A06 0x036C [0m
[37m[1.940][linker]-[Debug]-[DjiCommand_RecvWork:1066)  <0x6ccb>Receive msg from linker, 0x0300->0x0A06 0x036C len:71 [0m
[37m[1.940][linker]-[Debug]-[DjiCommand_DealCmd:919) received unsupport request cmd that noneed ack, <0x6ccb> cmdset: 0x03 cmdid: 0x6C [0m
[37m[1.959][linker]-[Debug]-[DjiProtocol_v1Unpack:215) <0x6cf8>V1-Recv: 0x0300->0x0A06 0x4900 [0m
[37m[1.959][linker]-[Debug]-[DjiCommand_RecvWork:1066)  <0x6cf8>Receive msg from linker, 0x0300->0x0A06 0x4900 len:14 [0m
[37m[1.959][linker]-[Debug]-[DjiCommand_DealCmd:919) received unsupport request cmd that need ack, <0x6cf8> cmdset: 0x49 cmdid: 0x00 [0m
[37m[1.997][linker]-[Debug]-[DjiProtocol_v1Unpack:215) <0x6d45>V1-Recv: 0x0300->0x0A06 0x221B [0m
[37m[1.997][linker]-[Debug]-[DjiCommand_RecvWork:1066)  <0x6d45>Receive msg from linker, 0x0300->0x0A06 0x221B len:9 [0m
[37m[1.997][linker]-[Debug]-[DjiCommand_DealCmd:919) received unsupport request cmd that noneed ack, <0x6d45> cmdset: 0x22 cmdid: 0x1B [0m
[37m[2.027][linker]-[Debug]-[DjiProtocol_v1Unpack:215) <0x6d76>V1-Recv: 0x0306->0x0A06 0x03C1 [0m
[37m[2.027][linker]-[Debug]-[DjiCommand_RecvWork:1066)  <0x6d76>Receive msg from linker, 0x0306->0x0A06 0x03C1 len:13 [0m
[37m[2.027][linker]-[Debug]-[DjiCommand_DealCmd:919) received unsupport request cmd that noneed ack, <0x6d76> cmdset: 0x03 cmdid: 0xC1 [0m
[37m[2.040][linker]-[Debug]-[DjiProtocol_v1Unpack:215) <0x6d85>V1-Recv: 0x0300->0x0A06 0x036C [0m
[37m[2.040][linker]-[Debug]-[DjiCommand_RecvWork:1066)  <0x6d85>Receive msg from linker, 0x0300->0x0A06 0x036C len:71 [0m
[37m[2.040][linker]-[Debug]-[DjiCommand_DealCmd:919) received unsupport request cmd that noneed ack, <0x6d85> cmdset: 0x03 cmdid: 0x6C [0m
[37m[2.058][linker]-[Debug]-[DjiProtocol_v1Unpack:215) <0x6dac>V1-Recv: 0x0300->0x0A06 0x4900 [0m
[37m[2.058][linker]-[Debug]-[DjiCommand_RecvWork:1066)  <0x6dac>Receive msg from linker, 0x0300->0x0A06 0x4900 len:14 [0m
[37m[2.058][linker]-[Debug]-[DjiCommand_DealCmd:919) received unsupport request cmd that need ack, <0x6dac> cmdset: 0x49 cmdid: 0x00 [0m
[37m[2.098][linker]-[Debug]-[DjiProtocol_v1Unpack:215) <0x6ded>V1-Recv: 0x0300->0x0A06 0x221B [0m
[37m[2.098][linker]-[Debug]-[DjiCommand_RecvWork:1066)  <0x6ded>Receive msg from linker, 0x0300->0x0A06 0x221B len:9 [0m
[37m[2.098][linker]-[Debug]-[DjiCommand_DealCmd:919) received unsupport request cmd that noneed ack, <0x6ded> cmdset: 0x22 cmdid: 0x1B [0m
[37m[2.126][linker]-[Debug]-[DjiProtocol_v1Unpack:215) <0x6e28>V1-Recv: 0x0306->0x0A06 0x03C1 [0m
[37m[2.127][linker]-[Debug]-[DjiCommand_RecvWork:1066)  <0x6e28>Receive msg from linker, 0x0306->0x0A06 0x03C1 len:13 [0m
[37m[2.127][linker]-[Debug]-[DjiCommand_DealCmd:919) received unsupport request cmd that noneed ack, <0x6e28> cmdset: 0x03 cmdid: 0xC1 [0m
[37m[2.132][utils]-[Debug]-[DjiCore_RootTask:131) work execution time: [0m
[37m[2.132][utils]-[Debug]-[DjiCore_RootTask:132) name	                execution time (ms)	  max execution time (ms) [0m
[37m[2.132][utils]-[Debug]-[DjiCore_RootTask:134) recorderWork                    	1       	1        [0m
[37m[2.132][utils]-[Debug]-[DjiCore_RootTask:134) flowControllerTask              	0       	0        [0m
[37m[2.132][utils]-[Debug]-[DjiCore_RootTask:134) commandTask                     	1       	1        [0m
[37m[2.140][linker]-[Debug]-[DjiProtocol_v1Unpack:215) <0x6e39>V1-Recv: 0x0300->0x0A06 0x036C [0m
[37m[2.141][linker]-[Debug]-[DjiCommand_RecvWork:1066)  <0x6e39>Receive msg from linker, 0x0300->0x0A06 0x036C len:71 [0m
[37m[2.141][linker]-[Debug]-[DjiCommand_DealCmd:919) received unsupport request cmd that noneed ack, <0x6e39> cmdset: 0x03 cmdid: 0x6C [0m
[37m[2.159][linker]-[Debug]-[DjiProtocol_v1Unpack:215) <0x6e62>V1-Recv: 0x0300->0x0100 0x0405 [0m
[37m[2.159][linker]-[Debug]-[DjiProtocol_v1Unpack:215) <0x6e63>V1-Recv: 0x0300->0x0A06 0x4900 [0m
[37m[2.160][linker]-[Debug]-[DjiCommand_RecvWork:1066)  <0x6e62>Receive msg from linker, 0x0300->0x0100 0x0405 len:22 [0m
[37m[2.160][linker]-[Debug]-[DjiCommand_DealCmd:919) received unsupport request cmd that noneed ack, <0x6e62> cmdset: 0x04 cmdid: 0x05 [0m
[37m[2.162][linker]-[Debug]-[DjiCommand_RecvWork:1066)  <0x6e63>Receive msg from linker, 0x0300->0x0A06 0x4900 len:14 [0m
[37m[2.162][linker]-[Debug]-[DjiCommand_DealCmd:919) received unsupport request cmd that need ack, <0x6e63> cmdset: 0x49 cmdid: 0x00 [0m
[37m[2.198][linker]-[Debug]-[DjiProtocol_v1Unpack:215) <0x6eab>V1-Recv: 0x0300->0x0A06 0x221B [0m
[37m[2.199][linker]-[Debug]-[DjiCommand_RecvWork:1066)  <0x6eab>Receive msg from linker, 0x0300->0x0A06 0x221B len:9 [0m
[37m[2.199][linker]-[Debug]-[DjiCommand_DealCmd:919) received unsupport request cmd that noneed ack, <0x6eab> cmdset: 0x22 cmdid: 0x1B [0m
[37m[2.227][linker]-[Debug]-[DjiProtocol_v1Unpack:215) <0x6ee3>V1-Recv: 0x0306->0x0A06 0x03C1 [0m
[37m[2.228][linker]-[Debug]-[DjiCommand_RecvWork:1066)  <0x6ee3>Receive msg from linker, 0x0306->0x0A06 0x03C1 len:13 [0m
[37m[2.228][linker]-[Debug]-[DjiCommand_DealCmd:919) received unsupport request cmd that noneed ack, <0x6ee3> cmdset: 0x03 cmdid: 0xC1 [0m
[37m[2.240][linker]-[Debug]-[DjiProtocol_v1Unpack:215) <0x6ef3>V1-Recv: 0x0300->0x0A06 0x036C [0m
[37m[2.241][linker]-[Debug]-[DjiCommand_RecvWork:1066)  <0x6ef3>Receive msg from linker, 0x0300->0x0A06 0x036C len:71 [0m
[37m[2.241][linker]-[Debug]-[DjiCommand_DealCmd:919) received unsupport request cmd that noneed ack, <0x6ef3> cmdset: 0x03 cmdid: 0x6C [0m
[37m[2.259][linker]-[Debug]-[DjiProtocol_v1Unpack:215) <0x6f23>V1-Recv: 0x0300->0x0A06 0x4900 [0m
[37m[2.260][linker]-[Debug]-[DjiCommand_RecvWork:1066)  <0x6f23>Receive msg from linker, 0x0300->0x0A06 0x4900 len:14 [0m
[37m[2.260][linker]-[Debug]-[DjiCommand_DealCmd:919) received unsupport request cmd that need ack, <0x6f23> cmdset: 0x49 cmdid: 0x00 [0m
[37m[2.298][linker]-[Debug]-[DjiProtocol_v1Unpack:215) <0x6f70>V1-Recv: 0x0300->0x0A06 0x221B [0m
[37m[2.298][linker]-[Debug]-[DjiCommand_RecvWork:1066)  <0x6f70>Receive msg from linker, 0x0300->0x0A06 0x221B len:9 [0m
[37m[2.298][linker]-[Debug]-[DjiCommand_DealCmd:919) received unsupport request cmd that noneed ack, <0x6f70> cmdset: 0x22 cmdid: 0x1B [0m
[37m[2.326][linker]-[Debug]-[DjiProtocol_v1Unpack:215) <0x6fa5>V1-Recv: 0x0306->0x0A06 0x03C1 [0m
[37m[2.327][linker]-[Debug]-[DjiCommand_RecvWork:1066)  <0x6fa5>Receive msg from linker, 0x0306->0x0A06 0x03C1 len:13 [0m
[37m[2.327][linker]-[Debug]-[DjiCommand_DealCmd:919) received unsupport request cmd that noneed ack, <0x6fa5> cmdset: 0x03 cmdid: 0xC1 [0m
[37m[2.340][linker]-[Debug]-[DjiProtocol_v1Unpack:215) <0x6fb4>V1-Recv: 0x0300->0x0A06 0x036C [0m
[37m[2.341][linker]-[Debug]-[DjiCommand_RecvWork:1066)  <0x6fb4>Receive msg from linker, 0x0300->0x0A06 0x036C len:71 [0m
[37m[2.341][linker]-[Debug]-[DjiCommand_DealCmd:919) received unsupport request cmd that noneed ack, <0x6fb4> cmdset: 0x03 cmdid: 0x6C [0m
[37m[2.358][linker]-[Debug]-[DjiProtocol_v1Unpack:215) <0x6fdc>V1-Recv: 0x0300->0x0A06 0x4900 [0m
[37m[2.359][linker]-[Debug]-[DjiCommand_RecvWork:1066)  <0x6fdc>Receive msg from linker, 0x0300->0x0A06 0x4900 len:14 [0m
[37m[2.359][linker]-[Debug]-[DjiCommand_DealCmd:919) received unsupport request cmd that need ack, <0x6fdc> cmdset: 0x49 cmdid: 0x00 [0m
[37m[2.398][linker]-[Debug]-[DjiProtocol_v1Unpack:215) <0x7026>V1-Recv: 0x0300->0x0A06 0x221B [0m
[37m[2.398][linker]-[Debug]-[DjiCommand_RecvWork:1066)  <0x7026>Receive msg from linker, 0x0300->0x0A06 0x221B len:9 [0m
[37m[2.398][linker]-[Debug]-[DjiCommand_DealCmd:919) received unsupport request cmd that noneed ack, <0x7026> cmdset: 0x22 cmdid: 0x1B [0m
[37m[2.427][linker]-[Debug]-[DjiProtocol_v1Unpack:215) <0x7059>V1-Recv: 0x0306->0x0A06 0x03C1 [0m
[37m[2.427][linker]-[Debug]-[DjiCommand_RecvWork:1066)  <0x7059>Receive msg from linker, 0x0306->0x0A06 0x03C1 len:13 [0m
[37m[2.427][linker]-[Debug]-[DjiCommand_DealCmd:919) received unsupport request cmd that noneed ack, <0x7059> cmdset: 0x03 cmdid: 0xC1 [0m
[37m[2.440][linker]-[Debug]-[DjiProtocol_v1Unpack:215) <0x7069>V1-Recv: 0x0300->0x0A06 0x036C [0m
[37m[2.441][linker]-[Debug]-[DjiCommand_RecvWork:1066)  <0x7069>Receive msg from linker, 0x0300->0x0A06 0x036C len:71 [0m
[37m[2.441][linker]-[Debug]-[DjiCommand_DealCmd:919) received unsupport request cmd that noneed ack, <0x7069> cmdset: 0x03 cmdid: 0x6C [0m
[37m[2.449][linker]-[Debug]-[DjiProtocol_v1Unpack:215) <0x1737>V1-Recv: 0x1D07->0x0A06 0x2105 [0m
[37m[2.450][linker]-[Debug]-[DjiCommand_RecvWork:1066)  <0x1737>Receive msg from linker, 0x1D07->0x0A06 0x2105 len:1 [0m
[37m[2.450][linker]-[Debug]-[DjiCommand_DealCmd:919) received unsupport request cmd that need ack, <0x1737> cmdset: 0x21 cmdid: 0x05 [0m
[37m[2.459][linker]-[Debug]-[DjiProtocol_v1Unpack:215) <0x7090>V1-Recv: 0x0300->0x0A06 0x4900 [0m
[37m[2.459][linker]-[Debug]-[DjiCommand_RecvWork:1066)  <0x7090>Receive msg from linker, 0x0300->0x0A06 0x4900 len:14 [0m
[37m[2.459][linker]-[Debug]-[DjiCommand_DealCmd:919) received unsupport request cmd that need ack, <0x7090> cmdset: 0x49 cmdid: 0x00 [0m
[37m[2.498][linker]-[Debug]-[DjiProtocol_v1Unpack:215) <0x70d3>V1-Recv: 0x0300->0x0A06 0x221B [0m
[37m[2.499][linker]-[Debug]-[DjiCommand_RecvWork:1066)  <0x70d3>Receive msg from linker, 0x0300->0x0A06 0x221B len:9 [0m
[37m[2.499][linker]-[Debug]-[DjiCommand_DealCmd:919) received unsupport request cmd that noneed ack, <0x70d3> cmdset: 0x22 cmdid: 0x1B [0m
[37m[2.527][linker]-[Debug]-[DjiProtocol_v1Unpack:215) <0x7108>V1-Recv: 0x0306->0x0A06 0x03C1 [0m
[37m[2.527][linker]-[Debug]-[DjiCommand_RecvWork:1066)  <0x7108>Receive msg from linker, 0x0306->0x0A06 0x03C1 len:13 [0m
[37m[2.527][linker]-[Debug]-[DjiCommand_DealCmd:919) received unsupport request cmd that noneed ack, <0x7108> cmdset: 0x03 cmdid: 0xC1 [0m
[37m[2.541][linker]-[Debug]-[DjiProtocol_v1Unpack:215) <0x711a>V1-Recv: 0x0300->0x0A06 0x036C [0m
[37m[2.541][linker]-[Debug]-[DjiCommand_RecvWork:1066)  <0x711a>Receive msg from linker, 0x0300->0x0A06 0x036C len:71 [0m
[37m[2.541][linker]-[Debug]-[DjiCommand_DealCmd:919) received unsupport request cmd that noneed ack, <0x711a> cmdset: 0x03 cmdid: 0x6C [0m
[37m[2.559][linker]-[Debug]-[DjiProtocol_v1Unpack:215) <0x7144>V1-Recv: 0x0300->0x0A06 0x4900 [0m
[37m[2.559][linker]-[Debug]-[DjiCommand_RecvWork:1066)  <0x7144>Receive msg from linker, 0x0300->0x0A06 0x4900 len:14 [0m
[37m[2.559][linker]-[Debug]-[DjiCommand_DealCmd:919) received unsupport request cmd that need ack, <0x7144> cmdset: 0x49 cmdid: 0x00 [0m
[37m[2.597][linker]-[Debug]-[DjiProtocol_v1Unpack:215) <0x718c>V1-Recv: 0x0300->0x0A06 0x221B [0m
[37m[2.597][linker]-[Debug]-[DjiCommand_RecvWork:1066)  <0x718c>Receive msg from linker, 0x0300->0x0A06 0x221B len:9 [0m
[37m[2.597][linker]-[Debug]-[DjiCommand_DealCmd:919) received unsupport request cmd that noneed ack, <0x718c> cmdset: 0x22 cmdid: 0x1B [0m
[37m[2.627][linker]-[Debug]-[DjiProtocol_v1Unpack:215) <0x71bb>V1-Recv: 0x0306->0x0A06 0x03C1 [0m
[37m[2.627][linker]-[Debug]-[DjiCommand_RecvWork:1066)  <0x71bb>Receive msg from linker, 0x0306->0x0A06 0x03C1 len:13 [0m
[37m[2.627][linker]-[Debug]-[DjiCommand_DealCmd:919) received unsupport request cmd that noneed ack, <0x71bb> cmdset: 0x03 cmdid: 0xC1 [0m
[37m[2.640][linker]-[Debug]-[DjiProtocol_v1Unpack:215) <0x71ca>V1-Recv: 0x0300->0x0A06 0x036C [0m
[37m[2.640][linker]-[Debug]-[DjiCommand_RecvWork:1066)  <0x71ca>Receive msg from linker, 0x0300->0x0A06 0x036C len:71 [0m
[37m[2.640][linker]-[Debug]-[DjiCommand_DealCmd:919) received unsupport request cmd that noneed ack, <0x71ca> cmdset: 0x03 cmdid: 0x6C [0m
[37m[2.661][linker]-[Debug]-[DjiProtocol_v1Unpack:215) <0x71f2>V1-Recv: 0x0300->0x0A06 0x0F74 [0m
[37m[2.661][linker]-[Debug]-[DjiProtocol_v1Unpack:215) <0x71f5>V1-Recv: 0x0300->0x0100 0x0406 [0m
[37m[2.661][linker]-[Debug]-[DjiProtocol_v1Unpack:215) <0x71f6>V1-Recv: 0x0300->0x0100 0x0407 [0m
[37m[2.661][linker]-[Debug]-[DjiProtocol_v1Unpack:215) <0x71f7>V1-Recv: 0x0300->0x0A06 0x4900 [0m
[37m[2.662][linker]-[Debug]-[DjiCommand_RecvWork:1066)  <0x71f2>Receive msg from linker, 0x0300->0x0A06 0x0F74 len:28 [0m
[37m[2.662][linker]-[Debug]-[DjiCommand_DealCmd:919) received unsupport request cmd that noneed ack, <0x71f2> cmdset: 0x0F cmdid: 0x74 [0m
[37m[2.663][linker]-[Debug]-[DjiCommand_RecvWork:1066)  <0x71f5>Receive msg from linker, 0x0300->0x0100 0x0406 len:12 [0m
[37m[2.663][linker]-[Debug]-[DjiCommand_DealCmd:919) received unsupport request cmd that noneed ack, <0x71f5> cmdset: 0x04 cmdid: 0x06 [0m
[37m[2.664][linker]-[Debug]-[DjiCommand_RecvWork:1066)  <0x71f6>Receive msg from linker, 0x0300->0x0100 0x0407 len:1 [0m
[37m[2.664][linker]-[Debug]-[DjiCommand_DealCmd:919) received unsupport request cmd that noneed ack, <0x71f6> cmdset: 0x04 cmdid: 0x07 [0m
[37m[2.665][linker]-[Debug]-[DjiCommand_RecvWork:1066)  <0x71f7>Receive msg from linker, 0x0300->0x0A06 0x4900 len:14 [0m
[37m[2.665][linker]-[Debug]-[DjiCommand_DealCmd:919) received unsupport request cmd that need ack, <0x71f7> cmdset: 0x49 cmdid: 0x00 [0m
[37m[2.697][linker]-[Debug]-[DjiProtocol_v1Unpack:215) <0x7239>V1-Recv: 0x0300->0x0A06 0x221B [0m
[37m[2.698][linker]-[Debug]-[DjiCommand_RecvWork:1066)  <0x7239>Receive msg from linker, 0x0300->0x0A06 0x221B len:9 [0m
[37m[2.698][linker]-[Debug]-[DjiCommand_DealCmd:919) received unsupport request cmd that noneed ack, <0x7239> cmdset: 0x22 cmdid: 0x1B [0m
[37m[2.727][linker]-[Debug]-[DjiProtocol_v1Unpack:215) <0x726f>V1-Recv: 0x0306->0x0A06 0x03C1 [0m
[37m[2.728][linker]-[Debug]-[DjiCommand_RecvWork:1066)  <0x726f>Receive msg from linker, 0x0306->0x0A06 0x03C1 len:13 [0m
[37m[2.728][linker]-[Debug]-[DjiCommand_DealCmd:919) received unsupport request cmd that noneed ack, <0x726f> cmdset: 0x03 cmdid: 0xC1 [0m
[37m[2.740][linker]-[Debug]-[DjiProtocol_v1Unpack:215) <0x727e>V1-Recv: 0x0300->0x0A06 0x036C [0m
[37m[2.740][linker]-[Debug]-[DjiCommand_RecvWork:1066)  <0x727e>Receive msg from linker, 0x0300->0x0A06 0x036C len:71 [0m
[37m[2.740][linker]-[Debug]-[DjiCommand_DealCmd:919) received unsupport request cmd that noneed ack, <0x727e> cmdset: 0x03 cmdid: 0x6C [0m
[37m[2.759][linker]-[Debug]-[DjiProtocol_v1Unpack:215) <0x72b0>V1-Recv: 0x0300->0x0A06 0x4900 [0m
[37m[2.760][linker]-[Debug]-[DjiCommand_RecvWork:1066)  <0x72b0>Receive msg from linker, 0x0300->0x0A06 0x4900 len:14 [0m
[37m[2.760][linker]-[Debug]-[DjiCommand_DealCmd:919) received unsupport request cmd that need ack, <0x72b0> cmdset: 0x49 cmdid: 0x00 [0m
[37m[2.792][linker]-[Debug]-[DjiProtocol_v1Unpack:215) <0x72eb>V1-Recv: 0x0306->0x0A06 0x03C1 [0m
[37m[2.792][linker]-[Debug]-[DjiCommand_RecvWork:1066)  <0x72eb>Receive msg from linker, 0x0306->0x0A06 0x03C1 len:126 [0m
[37m[2.792][linker]-[Debug]-[DjiCommand_DealCmd:919) received unsupport request cmd that noneed ack, <0x72eb> cmdset: 0x03 cmdid: 0xC1 [0m
[37m[2.798][linker]-[Debug]-[DjiProtocol_v1Unpack:215) <0x7304>V1-Recv: 0x0300->0x0A06 0x221B [0m
[37m[2.798][linker]-[Debug]-[DjiCommand_RecvWork:1066)  <0x7304>Receive msg from linker, 0x0300->0x0A06 0x221B len:9 [0m
[37m[2.798][linker]-[Debug]-[DjiCommand_DealCmd:919) received unsupport request cmd that noneed ack, <0x7304> cmdset: 0x22 cmdid: 0x1B [0m
[37m[2.826][linker]-[Debug]-[DjiProtocol_v1Unpack:215) <0x7335>V1-Recv: 0x0306->0x0A06 0x03C1 [0m
[37m[2.828][linker]-[Debug]-[DjiCommand_RecvWork:1066)  <0x7335>Receive msg from linker, 0x0306->0x0A06 0x03C1 len:13 [0m
[37m[2.828][linker]-[Debug]-[DjiCommand_DealCmd:919) received unsupport request cmd that noneed ack, <0x7335> cmdset: 0x03 cmdid: 0xC1 [0m
[37m[2.840][linker]-[Debug]-[DjiProtocol_v1Unpack:215) <0x7344>V1-Recv: 0x0300->0x0A06 0x036C [0m
[37m[2.841][linker]-[Debug]-[DjiCommand_RecvWork:1066)  <0x7344>Receive msg from linker, 0x0300->0x0A06 0x036C len:71 [0m
[37m[2.841][linker]-[Debug]-[DjiCommand_DealCmd:919) received unsupport request cmd that noneed ack, <0x7344> cmdset: 0x03 cmdid: 0x6C [0m
[37m[2.858][linker]-[Debug]-[DjiProtocol_v1Unpack:215) <0x736f>V1-Recv: 0x0300->0x0A06 0x4900 [0m
[37m[2.859][linker]-[Debug]-[DjiCommand_RecvWork:1066)  <0x736f>Receive msg from linker, 0x0300->0x0A06 0x4900 len:14 [0m
[37m[2.859][linker]-[Debug]-[DjiCommand_DealCmd:919) received unsupport request cmd that need ack, <0x736f> cmdset: 0x49 cmdid: 0x00 [0m
[37m[2.898][linker]-[Debug]-[DjiProtocol_v1Unpack:215) <0x73b2>V1-Recv: 0x0300->0x0A06 0x221B [0m
[37m[2.899][linker]-[Debug]-[DjiCommand_RecvWork:1066)  <0x73b2>Receive msg from linker, 0x0300->0x0A06 0x221B len:9 [0m
[37m[2.899][linker]-[Debug]-[DjiCommand_DealCmd:919) received unsupport request cmd that noneed ack, <0x73b2> cmdset: 0x22 cmdid: 0x1B [0m
[37m[2.927][linker]-[Debug]-[DjiProtocol_v1Unpack:215) <0x73e8>V1-Recv: 0x0306->0x0A06 0x03C1 [0m
[37m[2.928][linker]-[Debug]-[DjiCommand_RecvWork:1066)  <0x73e8>Receive msg from linker, 0x0306->0x0A06 0x03C1 len:13 [0m
[37m[2.928][linker]-[Debug]-[DjiCommand_DealCmd:919) received unsupport request cmd that noneed ack, <0x73e8> cmdset: 0x03 cmdid: 0xC1 [0m
[37m[2.941][linker]-[Debug]-[DjiProtocol_v1Unpack:215) <0x73f7>V1-Recv: 0x0300->0x0A06 0x036C [0m
[37m[2.941][linker]-[Debug]-[DjiCommand_RecvWork:1066)  <0x73f7>Receive msg from linker, 0x0300->0x0A06 0x036C len:71 [0m
[37m[2.941][linker]-[Debug]-[DjiCommand_DealCmd:919) received unsupport request cmd that noneed ack, <0x73f7> cmdset: 0x03 cmdid: 0x6C [0m
[37m[2.959][linker]-[Debug]-[DjiProtocol_v1Unpack:215) <0x7429>V1-Recv: 0x0300->0x0A06 0x4900 [0m
[37m[2.960][linker]-[Debug]-[DjiCommand_RecvWork:1066)  <0x7429>Receive msg from linker, 0x0300->0x0A06 0x4900 len:14 [0m
[37m[2.960][linker]-[Debug]-[DjiCommand_DealCmd:919) received unsupport request cmd that need ack, <0x7429> cmdset: 0x49 cmdid: 0x00 [0m
[37m[2.998][linker]-[Debug]-[DjiProtocol_v1Unpack:215) <0x7473>V1-Recv: 0x0300->0x0A06 0x221B [0m
[37m[2.999][linker]-[Debug]-[DjiCommand_RecvWork:1066)  <0x7473>Receive msg from linker, 0x0300->0x0A06 0x221B len:9 [0m
[37m[2.999][linker]-[Debug]-[DjiCommand_DealCmd:919) received unsupport request cmd that noneed ack, <0x7473> cmdset: 0x22 cmdid: 0x1B [0m
[37m[3.027][linker]-[Debug]-[DjiProtocol_v1Unpack:215) <0x74a5>V1-Recv: 0x0306->0x0A06 0x03C1 [0m
[37m[3.028][linker]-[Debug]-[DjiCommand_RecvWork:1066)  <0x74a5>Receive msg from linker, 0x0306->0x0A06 0x03C1 len:13 [0m
[37m[3.028][linker]-[Debug]-[DjiCommand_DealCmd:919) received unsupport request cmd that noneed ack, <0x74a5> cmdset: 0x03 cmdid: 0xC1 [0m
[37m[3.041][linker]-[Debug]-[DjiProtocol_v1Unpack:215) <0x74b4>V1-Recv: 0x0300->0x0A06 0x036C [0m
[37m[3.041][linker]-[Debug]-[DjiCommand_RecvWork:1066)  <0x74b4>Receive msg from linker, 0x0300->0x0A06 0x036C len:71 [0m
[37m[3.041][linker]-[Debug]-[DjiCommand_DealCmd:919) received unsupport request cmd that noneed ack, <0x74b4> cmdset: 0x03 cmdid: 0x6C [0m
[37m[3.059][linker]-[Debug]-[DjiProtocol_v1Unpack:215) <0x74db>V1-Recv: 0x0300->0x0A06 0x4900 [0m
[37m[3.059][linker]-[Debug]-[DjiCommand_RecvWork:1066)  <0x74db>Receive msg from linker, 0x0300->0x0A06 0x4900 len:14 [0m
[37m[3.059][linker]-[Debug]-[DjiCommand_DealCmd:919) received unsupport request cmd that need ack, <0x74db> cmdset: 0x49 cmdid: 0x00 [0m
[37m[3.098][linker]-[Debug]-[DjiProtocol_v1Unpack:215) <0x7523>V1-Recv: 0x0300->0x0A06 0x221B [0m
[37m[3.099][linker]-[Debug]-[DjiCommand_RecvWork:1066)  <0x7523>Receive msg from linker, 0x0300->0x0A06 0x221B len:9 [0m
[37m[3.099][linker]-[Debug]-[DjiCommand_DealCmd:919) received unsupport request cmd that noneed ack, <0x7523> cmdset: 0x22 cmdid: 0x1B [0m
[37m[3.127][linker]-[Debug]-[DjiProtocol_v1Unpack:215) <0x755e>V1-Recv: 0x0306->0x0A06 0x03C1 [0m
[37m[3.127][linker]-[Debug]-[DjiCommand_RecvWork:1066)  <0x755e>Receive msg from linker, 0x0306->0x0A06 0x03C1 len:13 [0m
[37m[3.127][linker]-[Debug]-[DjiCommand_DealCmd:919) received unsupport request cmd that noneed ack, <0x755e> cmdset: 0x03 cmdid: 0xC1 [0m
[37m[3.141][linker]-[Debug]-[DjiProtocol_v1Unpack:215) <0x756d>V1-Recv: 0x0300->0x0A06 0x036C [0m
[37m[3.141][linker]-[Debug]-[DjiCommand_RecvWork:1066)  <0x756d>Receive msg from linker, 0x0300->0x0A06 0x036C len:71 [0m
[37m[3.141][linker]-[Debug]-[DjiCommand_DealCmd:919) received unsupport request cmd that noneed ack, <0x756d> cmdset: 0x03 cmdid: 0x6C [0m
[37m[3.160][linker]-[Debug]-[DjiProtocol_v1Unpack:215) <0x7595>V1-Recv: 0x0300->0x0100 0x0405 [0m
[37m[3.160][linker]-[Debug]-[DjiProtocol_v1Unpack:215) <0x7596>V1-Recv: 0x0300->0x0A06 0x4900 [0m
[37m[3.160][linker]-[Debug]-[DjiCommand_RecvWork:1066)  <0x7595>Receive msg from linker, 0x0300->0x0100 0x0405 len:22 [0m
[37m[3.160][linker]-[Debug]-[DjiCommand_DealCmd:919) received unsupport request cmd that noneed ack, <0x7595> cmdset: 0x04 cmdid: 0x05 [0m
[37m[3.162][linker]-[Debug]-[DjiCommand_RecvWork:1066)  <0x7596>Receive msg from linker, 0x0300->0x0A06 0x4900 len:14 [0m
[37m[3.162][linker]-[Debug]-[DjiCommand_DealCmd:919) received unsupport request cmd that need ack, <0x7596> cmdset: 0x49 cmdid: 0x00 [0m
[37m[3.197][utils]-[Debug]-[DjiCore_RootTask:131) work execution time: [0m
[37m[3.197][utils]-[Debug]-[DjiCore_RootTask:132) name	                execution time (ms)	  max execution time (ms) [0m
[37m[3.197][utils]-[Debug]-[DjiCore_RootTask:134) recorderWork                    	0       	1        [0m
[37m[3.197][utils]-[Debug]-[DjiCore_RootTask:134) flowControllerTask              	0       	0        [0m
[37m[3.197][utils]-[Debug]-[DjiCore_RootTask:134) commandTask                     	1       	1        [0m
[37m[3.197][linker]-[Debug]-[DjiProtocol_v1Unpack:215) <0x75dd>V1-Recv: 0x0300->0x0A06 0x221B [0m
[37m[3.198][linker]-[Debug]-[DjiCommand_RecvWork:1066)  <0x75dd>Receive msg from linker, 0x0300->0x0A06 0x221B len:9 [0m
[37m[3.198][linker]-[Debug]-[DjiCommand_DealCmd:919) received unsupport request cmd that noneed ack, <0x75dd> cmdset: 0x22 cmdid: 0x1B [0m
[37m[3.227][linker]-[Debug]-[DjiProtocol_v1Unpack:215) <0x7617>V1-Recv: 0x0306->0x0A06 0x03C1 [0m
[37m[3.227][linker]-[Debug]-[DjiCommand_RecvWork:1066)  <0x7617>Receive msg from linker, 0x0306->0x0A06 0x03C1 len:13 [0m
[37m[3.227][linker]-[Debug]-[DjiCommand_DealCmd:919) received unsupport request cmd that noneed ack, <0x7617> cmdset: 0x03 cmdid: 0xC1 [0m
[37m[3.240][linker]-[Debug]-[DjiProtocol_v1Unpack:215) <0x7627>V1-Recv: 0x0300->0x0A06 0x036C [0m
[37m[3.240][linker]-[Debug]-[DjiCommand_RecvWork:1066)  <0x7627>Receive msg from linker, 0x0300->0x0A06 0x036C len:71 [0m
[37m[3.240][linker]-[Debug]-[DjiCommand_DealCmd:919) received unsupport request cmd that noneed ack, <0x7627> cmdset: 0x03 cmdid: 0x6C [0m
[37m[3.258][linker]-[Debug]-[DjiProtocol_v1Unpack:215) <0x7658>V1-Recv: 0x0300->0x0A06 0x4900 [0m
[37m[3.258][linker]-[Debug]-[DjiCommand_RecvWork:1066)  <0x7658>Receive msg from linker, 0x0300->0x0A06 0x4900 len:14 [0m
[37m[3.258][linker]-[Debug]-[DjiCommand_DealCmd:919) received unsupport request cmd that need ack, <0x7658> cmdset: 0x49 cmdid: 0x00 [0m
[37m[3.298][linker]-[Debug]-[DjiProtocol_v1Unpack:215) <0x76a5>V1-Recv: 0x0300->0x0A06 0x221B [0m
[37m[3.298][linker]-[Debug]-[DjiCommand_RecvWork:1066)  <0x76a5>Receive msg from linker, 0x0300->0x0A06 0x221B len:9 [0m
[37m[3.298][linker]-[Debug]-[DjiCommand_DealCmd:919) received unsupport request cmd that noneed ack, <0x76a5> cmdset: 0x22 cmdid: 0x1B [0m
[37m[3.327][linker]-[Debug]-[DjiProtocol_v1Unpack:215) <0x76de>V1-Recv: 0x0306->0x0A06 0x03C1 [0m
[37m[3.328][linker]-[Debug]-[DjiCommand_RecvWork:1066)  <0x76de>Receive msg from linker, 0x0306->0x0A06 0x03C1 len:13 [0m
[37m[3.328][linker]-[Debug]-[DjiCommand_DealCmd:919) received unsupport request cmd that noneed ack, <0x76de> cmdset: 0x03 cmdid: 0xC1 [0m
[37m[3.340][linker]-[Debug]-[DjiProtocol_v1Unpack:215) <0x76ee>V1-Recv: 0x0300->0x0A06 0x036C [0m
[37m[3.340][linker]-[Debug]-[DjiCommand_RecvWork:1066)  <0x76ee>Receive msg from linker, 0x0300->0x0A06 0x036C len:71 [0m
[37m[3.340][linker]-[Debug]-[DjiCommand_DealCmd:919) received unsupport request cmd that noneed ack, <0x76ee> cmdset: 0x03 cmdid: 0x6C [0m
[37m[3.358][linker]-[Debug]-[DjiProtocol_v1Unpack:215) <0x7719>V1-Recv: 0x0300->0x0A06 0x4900 [0m
[37m[3.359][linker]-[Debug]-[DjiCommand_RecvWork:1066)  <0x7719>Receive msg from linker, 0x0300->0x0A06 0x4900 len:14 [0m
[37m[3.359][linker]-[Debug]-[DjiCommand_DealCmd:919) received unsupport request cmd that need ack, <0x7719> cmdset: 0x49 cmdid: 0x00 [0m
[37m[3.398][linker]-[Debug]-[DjiProtocol_v1Unpack:215) <0x7762>V1-Recv: 0x0300->0x0A06 0x221B [0m
[37m[3.398][linker]-[Debug]-[DjiCommand_RecvWork:1066)  <0x7762>Receive msg from linker, 0x0300->0x0A06 0x221B len:9 [0m
[37m[3.398][linker]-[Debug]-[DjiCommand_DealCmd:919) received unsupport request cmd that noneed ack, <0x7762> cmdset: 0x22 cmdid: 0x1B [0m
[37m[3.426][linker]-[Debug]-[DjiProtocol_v1Unpack:215) <0x7791>V1-Recv: 0x0306->0x0A06 0x03C1 [0m
[37m[3.427][linker]-[Debug]-[DjiCommand_RecvWork:1066)  <0x7791>Receive msg from linker, 0x0306->0x0A06 0x03C1 len:13 [0m
[37m[3.427][linker]-[Debug]-[DjiCommand_DealCmd:919) received unsupport request cmd that noneed ack, <0x7791> cmdset: 0x03 cmdid: 0xC1 [0m
[37m[3.440][linker]-[Debug]-[DjiProtocol_v1Unpack:215) <0x77a0>V1-Recv: 0x0300->0x0A06 0x036C [0m
[37m[3.440][linker]-[Debug]-[DjiCommand_RecvWork:1066)  <0x77a0>Receive msg from linker, 0x0300->0x0A06 0x036C len:71 [0m
[37m[3.440][linker]-[Debug]-[DjiCommand_DealCmd:919) received unsupport request cmd that noneed ack, <0x77a0> cmdset: 0x03 cmdid: 0x6C [0m
[37m[3.449][linker]-[Debug]-[DjiProtocol_v1Unpack:215) <0x1738>V1-Recv: 0x1D07->0x0A06 0x2105 [0m
[37m[3.449][linker]-[Debug]-[DjiCommand_RecvWork:1066)  <0x1738>Receive msg from linker, 0x1D07->0x0A06 0x2105 len:1 [0m
[37m[3.449][linker]-[Debug]-[DjiCommand_DealCmd:919) received unsupport request cmd that need ack, <0x1738> cmdset: 0x21 cmdid: 0x05 [0m
[37m[3.459][linker]-[Debug]-[DjiProtocol_v1Unpack:215) <0x77c6>V1-Recv: 0x0300->0x0A06 0x4900 [0m
[37m[3.460][linker]-[Debug]-[DjiCommand_RecvWork:1066)  <0x77c6>Receive msg from linker, 0x0300->0x0A06 0x4900 len:14 [0m
[37m[3.460][linker]-[Debug]-[DjiCommand_DealCmd:919) received unsupport request cmd that need ack, <0x77c6> cmdset: 0x49 cmdid: 0x00 [0m
[37m[3.498][linker]-[Debug]-[DjiProtocol_v1Unpack:215) <0x780a>V1-Recv: 0x0300->0x0A06 0x221B [0m
[37m[3.499][linker]-[Debug]-[DjiCommand_RecvWork:1066)  <0x780a>Receive msg from linker, 0x0300->0x0A06 0x221B len:9 [0m
[37m[3.499][linker]-[Debug]-[DjiCommand_DealCmd:919) received unsupport request cmd that noneed ack, <0x780a> cmdset: 0x22 cmdid: 0x1B [0m
[37m[3.527][linker]-[Debug]-[DjiProtocol_v1Unpack:215) <0x7846>V1-Recv: 0x0306->0x0A06 0x03C1 [0m
[37m[3.528][linker]-[Debug]-[DjiCommand_RecvWork:1066)  <0x7846>Receive msg from linker, 0x0306->0x0A06 0x03C1 len:13 [0m
[37m[3.528][linker]-[Debug]-[DjiCommand_DealCmd:919) received unsupport request cmd that noneed ack, <0x7846> cmdset: 0x03 cmdid: 0xC1 [0m
[37m[3.541][linker]-[Debug]-[DjiProtocol_v1Unpack:215) <0x7857>V1-Recv: 0x0300->0x0A06 0x036C [0m
[37m[3.542][linker]-[Debug]-[DjiCommand_RecvWork:1066)  <0x7857>Receive msg from linker, 0x0300->0x0A06 0x036C len:71 [0m
[37m[3.542][linker]-[Debug]-[DjiCommand_DealCmd:919) received unsupport request cmd that noneed ack, <0x7857> cmdset: 0x03 cmdid: 0x6C [0m
[37m[3.559][linker]-[Debug]-[DjiProtocol_v1Unpack:215) <0x7881>V1-Recv: 0x0300->0x0A06 0x4900 [0m
[37m[3.560][linker]-[Debug]-[DjiCommand_RecvWork:1066)  <0x7881>Receive msg from linker, 0x0300->0x0A06 0x4900 len:14 [0m
[37m[3.560][linker]-[Debug]-[DjiCommand_DealCmd:919) received unsupport request cmd that need ack, <0x7881> cmdset: 0x49 cmdid: 0x00 [0m
[37m[3.598][linker]-[Debug]-[DjiProtocol_v1Unpack:215) <0x78cb>V1-Recv: 0x0300->0x0A06 0x221B [0m
[37m[3.598][linker]-[Debug]-[DjiCommand_RecvWork:1066)  <0x78cb>Receive msg from linker, 0x0300->0x0A06 0x221B len:9 [0m
[37m[3.598][linker]-[Debug]-[DjiCommand_DealCmd:919) received unsupport request cmd that noneed ack, <0x78cb> cmdset: 0x22 cmdid: 0x1B [0m
[37m[3.627][linker]-[Debug]-[DjiProtocol_v1Unpack:215) <0x78fb>V1-Recv: 0x0306->0x0A06 0x03C1 [0m
[37m[3.628][linker]-[Debug]-[DjiCommand_RecvWork:1066)  <0x78fb>Receive msg from linker, 0x0306->0x0A06 0x03C1 len:13 [0m
[37m[3.628][linker]-[Debug]-[DjiCommand_DealCmd:919) received unsupport request cmd that noneed ack, <0x78fb> cmdset: 0x03 cmdid: 0xC1 [0m
[37m[3.631][linker]-[Debug]-[DjiProtocol_v1Pack:123) <0xdcf0>V1-Send: 0x0A06->0x0701 0x0087 [0m
[37m[3.641][linker]-[Debug]-[DjiProtocol_v1Unpack:215) <0x790a>V1-Recv: 0x0300->0x0A06 0x036C [0m
[37m[3.641][linker]-[Debug]-[DjiProtocol_v1Unpack:215) <0xdcf0>V1-Recv: 0x0701->0x0A06 0x0087 [0m
[37m[3.642][linker]-[Debug]-[DjiCommand_RecvWork:1066)  <0x790a>Receive msg from linker, 0x0300->0x0A06 0x036C len:71 [0m
[37m[3.642][linker]-[Debug]-[DjiCommand_DealCmd:919) received unsupport request cmd that noneed ack, <0x790a> cmdset: 0x03 cmdid: 0x6C [0m
[37m[3.643][linker]-[Debug]-[DjiCommand_RecvWork:1066)  <0xdcf0>Receive msg from linker, 0x0701->0x0A06 0x0087 len:4 [0m
[37m[3.643][linker]-[Debug]-[DjiCommand_SendSyncCallback:1014) PsdkCommand_SendSyncCallback success [0m
[37m[3.643][linker]-[Debug]-[DjiCommand_DealCmd:830) callback function (cmdset: 0x00 cmdid: 0x87) deal time: 0 ms [0m
[37m[3.643][linker]-[Debug]-[DjiCommand_SendSync:553) sendSync callback success [0m
[32m[3.643][adapter]-[Info]-[DjiPayloadNegotiate_Init:228) Waiting payload negotiate finish. [0m
[37m[3.661][linker]-[Debug]-[DjiProtocol_v1Unpack:215) <0x7936>V1-Recv: 0x0300->0x0A06 0x0F74 [0m
[37m[3.661][linker]-[Debug]-[DjiProtocol_v1Unpack:215) <0x7939>V1-Recv: 0x0300->0x0100 0x0406 [0m
[37m[3.661][linker]-[Debug]-[DjiProtocol_v1Unpack:215) <0x793a>V1-Recv: 0x0300->0x0100 0x0407 [0m
[37m[3.661][linker]-[Debug]-[DjiProtocol_v1Unpack:215) <0x793b>V1-Recv: 0x0300->0x0A06 0x4900 [0m
[37m[3.662][linker]-[Debug]-[DjiCommand_RecvWork:1066)  <0x7936>Receive msg from linker, 0x0300->0x0A06 0x0F74 len:28 [0m
[37m[3.662][linker]-[Debug]-[DjiCommand_DealCmd:919) received unsupport request cmd that noneed ack, <0x7936> cmdset: 0x0F cmdid: 0x74 [0m
[37m[3.663][linker]-[Debug]-[DjiCommand_RecvWork:1066)  <0x7939>Receive msg from linker, 0x0300->0x0100 0x0406 len:12 [0m
[37m[3.663][linker]-[Debug]-[DjiCommand_DealCmd:919) received unsupport request cmd that noneed ack, <0x7939> cmdset: 0x04 cmdid: 0x06 [0m
[37m[3.665][linker]-[Debug]-[DjiCommand_RecvWork:1066)  <0x793a>Receive msg from linker, 0x0300->0x0100 0x0407 len:1 [0m
[37m[3.665][linker]-[Debug]-[DjiCommand_DealCmd:919) received unsupport request cmd that noneed ack, <0x793a> cmdset: 0x04 cmdid: 0x07 [0m
[37m[3.666][linker]-[Debug]-[DjiCommand_RecvWork:1066)  <0x793b>Receive msg from linker, 0x0300->0x0A06 0x4900 len:14 [0m
[37m[3.666][linker]-[Debug]-[DjiCommand_DealCmd:919) received unsupport request cmd that need ack, <0x793b> cmdset: 0x49 cmdid: 0x00 [0m
[37m[3.679][linker]-[Debug]-[DjiProtocol_v1Unpack:215) <0x587>V1-Recv: 0x0701->0x0A06 0x0087 [0m
[37m[3.680][linker]-[Debug]-[DjiCommand_RecvWork:1066)  <0x587>Receive msg from linker, 0x0701->0x0A06 0x0087 len:4 [0m
[37m[3.680][adapter]-[Debug]-[DjiPayloadNegotiate_PayloadNegotiateHandle:1073) receive payload negotiate notify, cmd = 1 [0m
[37m[3.680][adapter]-[Debug]-[DjiPayloadNegotiate_VersionHandle:503) Payload negotiate use dynamic ip config [0m
[37m[3.680][linker]-[Debug]-[DjiProtocol_v1Pack:123) <0x587>V1-Send: 0x0A06->0x0701 0x0087 [0m
[37m[3.698][linker]-[Debug]-[DjiProtocol_v1Unpack:215) <0x7980>V1-Recv: 0x0300->0x0A06 0x221B [0m
[37m[3.698][linker]-[Debug]-[DjiCommand_RecvWork:1066)  <0x7980>Receive msg from linker, 0x0300->0x0A06 0x221B len:9 [0m
[37m[3.698][linker]-[Debug]-[DjiCommand_DealCmd:919) received unsupport request cmd that noneed ack, <0x7980> cmdset: 0x22 cmdid: 0x1B [0m
[37m[3.703][linker]-[Debug]-[DjiProtocol_v1Unpack:215) <0x588>V1-Recv: 0x0701->0x0A06 0x0087 [0m
[37m[3.703][linker]-[Debug]-[DjiCommand_RecvWork:1066)  <0x588>Receive msg from linker, 0x0701->0x0A06 0x0087 len:96 [0m
[37m[3.703][adapter]-[Debug]-[DjiPayloadNegotiate_PayloadNegotiateHandle:1073) receive payload negotiate notify, cmd = 3 [0m
[37m[3.703][adapter]-[Debug]-[DjiDeviceInfoParse_ParseCommand:396) command:3 [0m
[37m[3.703][adapter]-[Debug]-[DjiDeviceInfoParse_ParseAllInfo:65) command: 3 aciton: 0 [0m
[37m[3.703][adapter]-[Debug]-[DjiDeviceInfoParse_ParseAllInfo:75) info:DEV len:28 [0m
[37m[3.703][adapter]-[Debug]-[DjiDeviceInfoParse_ParseChannelInfo:276) parse 32 byte chnl_info [0m
[37m[3.703][adapter]-[Debug]-[DjiDeviceInfoParse_ParseAllInfo:85) info:CHN len:30 [0m
[37m[3.703][adapter]-[Debug]-[DjiDeviceInfoParse_ParseAllInfo:95) info:HST len:21 [0m
[37m[3.703][adapter]-[Debug]-[DjiDeviceInfoParse_ParseAllInfo:104) info:DAT len:5 [0m
[37m[3.703][adapter]-[Debug]-[DjiPayloadNegotiate_DeviceInfoHandle:944) generate device info:24 72 17 67, total size 208 [0m
[37m[3.703][linker]-[Debug]-[DjiProtocol_v1Pack:123) <0x588>V1-Send: 0x0A06->0x0701 0x0087 [0m
[37m[3.726][linker]-[Debug]-[DjiProtocol_v1Unpack:215) <0x79b9>V1-Recv: 0x0306->0x0A06 0x03C1 [0m
[37m[3.726][linker]-[Debug]-[DjiCommand_RecvWork:1066)  <0x79b9>Receive msg from linker, 0x0306->0x0A06 0x03C1 len:13 [0m
[37m[3.727][linker]-[Debug]-[DjiCommand_DealCmd:919) received unsupport request cmd that noneed ack, <0x79b9> cmdset: 0x03 cmdid: 0xC1 [0m
[37m[3.740][linker]-[Debug]-[DjiProtocol_v1Unpack:215) <0x79c8>V1-Recv: 0x0300->0x0A06 0x036C [0m
[37m[3.741][linker]-[Debug]-[DjiCommand_RecvWork:1066)  <0x79c8>Receive msg from linker, 0x0300->0x0A06 0x036C len:71 [0m
[37m[3.741][linker]-[Debug]-[DjiCommand_DealCmd:919) received unsupport request cmd that noneed ack, <0x79c8> cmdset: 0x03 cmdid: 0x6C [0m
[37m[3.758][linker]-[Debug]-[DjiProtocol_v1Unpack:215) <0x79fa>V1-Recv: 0x0300->0x0A06 0x4900 [0m
[37m[3.759][linker]-[Debug]-[DjiCommand_RecvWork:1066)  <0x79fa>Receive msg from linker, 0x0300->0x0A06 0x4900 len:14 [0m
[37m[3.759][linker]-[Debug]-[DjiCommand_DealCmd:919) received unsupport request cmd that need ack, <0x79fa> cmdset: 0x49 cmdid: 0x00 [0m
[37m[3.791][linker]-[Debug]-[DjiProtocol_v1Unpack:215) <0x7a30>V1-Recv: 0x0306->0x0A06 0x03C1 [0m
[37m[3.791][linker]-[Debug]-[DjiCommand_RecvWork:1066)  <0x7a30>Receive msg from linker, 0x0306->0x0A06 0x03C1 len:126 [0m
[37m[3.791][linker]-[Debug]-[DjiCommand_DealCmd:919) received unsupport request cmd that noneed ack, <0x7a30> cmdset: 0x03 cmdid: 0xC1 [0m
[37m[3.798][linker]-[Debug]-[DjiProtocol_v1Unpack:215) <0x7a48>V1-Recv: 0x0300->0x0A06 0x221B [0m
[37m[3.799][linker]-[Debug]-[DjiCommand_RecvWork:1066)  <0x7a48>Receive msg from linker, 0x0300->0x0A06 0x221B len:9 [0m
[37m[3.799][linker]-[Debug]-[DjiCommand_DealCmd:919) received unsupport request cmd that noneed ack, <0x7a48> cmdset: 0x22 cmdid: 0x1B [0m
[37m[3.827][linker]-[Debug]-[DjiProtocol_v1Unpack:215) <0x7a77>V1-Recv: 0x0306->0x0A06 0x03C1 [0m
[37m[3.828][linker]-[Debug]-[DjiCommand_RecvWork:1066)  <0x7a77>Receive msg from linker, 0x0306->0x0A06 0x03C1 len:13 [0m
[37m[3.828][linker]-[Debug]-[DjiCommand_DealCmd:919) received unsupport request cmd that noneed ack, <0x7a77> cmdset: 0x03 cmdid: 0xC1 [0m
[37m[3.841][linker]-[Debug]-[DjiProtocol_v1Unpack:215) <0x7a86>V1-Recv: 0x0300->0x0A06 0x036C [0m
[37m[3.841][linker]-[Debug]-[DjiProtocol_v1Unpack:215) <0x589>V1-Recv: 0x0701->0x0A06 0x0087 [0m
[37m[3.842][linker]-[Debug]-[DjiCommand_RecvWork:1066)  <0x7a86>Receive msg from linker, 0x0300->0x0A06 0x036C len:71 [0m
[37m[3.842][linker]-[Debug]-[DjiCommand_DealCmd:919) received unsupport request cmd that noneed ack, <0x7a86> cmdset: 0x03 cmdid: 0x6C [0m
[37m[3.843][linker]-[Debug]-[DjiCommand_RecvWork:1066)  <0x589>Receive msg from linker, 0x0701->0x0A06 0x0087 len:6 [0m
[37m[3.843][adapter]-[Debug]-[DjiPayloadNegotiate_PayloadNegotiateHandle:1073) receive payload negotiate notify, cmd = 7 [0m
[37m[3.843][linker]-[Debug]-[DjiProtocol_v1Pack:123) <0x589>V1-Send: 0x0A06->0x0701 0x0087 [0m
[37m[3.859][linker]-[Debug]-[DjiProtocol_v1Unpack:215) <0x7ab0>V1-Recv: 0x0300->0x0A06 0x4900 [0m
[37m[3.859][linker]-[Debug]-[DjiCommand_RecvWork:1066)  <0x7ab0>Receive msg from linker, 0x0300->0x0A06 0x4900 len:14 [0m
[37m[3.859][linker]-[Debug]-[DjiCommand_DealCmd:919) received unsupport request cmd that need ack, <0x7ab0> cmdset: 0x49 cmdid: 0x00 [0m
[37m[3.898][linker]-[Debug]-[DjiProtocol_v1Unpack:215) <0x58a>V1-Recv: 0x0701->0x0A06 0x004A [0m
[37m[3.898][linker]-[Debug]-[DjiProtocol_v1Unpack:215) <0x7af2>V1-Recv: 0x0300->0x0A06 0x221B [0m
[37m[3.898][linker]-[Debug]-[DjiCommand_RecvWork:1066)  <0x58a>Receive msg from linker, 0x0701->0x0A06 0x004A len:15 [0m
[37m[3.898][linker]-[Debug]-[DjiCommand_DealCmd:919) received unsupport request cmd that need ack, <0x58a> cmdset: 0x00 cmdid: 0x4A [0m
[37m[3.899][linker]-[Debug]-[DjiCommand_RecvWork:1066)  <0x7af2>Receive msg from linker, 0x0300->0x0A06 0x221B len:9 [0m
[37m[3.899][linker]-[Debug]-[DjiCommand_DealCmd:919) received unsupport request cmd that noneed ack, <0x7af2> cmdset: 0x22 cmdid: 0x1B [0m
[37m[3.908][linker]-[Debug]-[DjiProtocol_v1Unpack:215) <0x58b>V1-Recv: 0x0701->0x0A06 0x0087 [0m
[37m[3.908][linker]-[Debug]-[DjiCommand_RecvWork:1066)  <0x58b>Receive msg from linker, 0x0701->0x0A06 0x0087 len:208 [0m
[37m[3.908][adapter]-[Debug]-[DjiPayloadNegotiate_PayloadNegotiateHandle:1073) receive payload negotiate notify, cmd = 5 [0m
[37m[3.908][adapter]-[Debug]-[DjiPayloadNegotiate_NotifyHandle:1012) notify device cap info length:208 [0m
[37m[3.908][adapter]-[Debug]-[DjiDeviceInfoParse_ParseCommand:396) command:5 [0m
[37m[3.908][adapter]-[Debug]-[DjiDeviceInfoParse_ParseAllInfo:65) command: 5 aciton: 17 [0m
[37m[3.908][adapter]-[Debug]-[DjiDeviceInfoParse_ParseAllInfo:75) info:DEV len:24 [0m
[37m[3.908][adapter]-[Debug]-[DjiDeviceInfoParse_ParseChannelInfo:276) parse 78 byte chnl_info [0m
[37m[3.908][adapter]-[Debug]-[DjiDeviceInfoParse_ParseAllInfo:85) info:CHN len:72 [0m
[37m[3.908][adapter]-[Debug]-[DjiDeviceInfoParse_ParseAllInfo:95) info:HST len:17 [0m
[37m[3.908][adapter]-[Debug]-[DjiDeviceInfoParse_ParseDataInfo:376) parse 73 byte data_info [0m
[37m[3.908][adapter]-[Debug]-[DjiDeviceInfoParse_ParseAllInfo:104) info:DAT len:67 [0m
[37m[3.908][adapter]-[Debug]-[DjiPayloadNegotiate_NotifyHandle:1032) uav ip addr:192.168.108.1 [0m
[37m[3.908][linker]-[Debug]-[DjiProtocol_v1Pack:123) <0x58b>V1-Send: 0x0A06->0x0701 0x0087 [0m
[37m[3.927][linker]-[Debug]-[DjiProtocol_v1Unpack:215) <0x7b27>V1-Recv: 0x0306->0x0A06 0x03C1 [0m
[37m[3.927][linker]-[Debug]-[DjiCommand_RecvWork:1066)  <0x7b27>Receive msg from linker, 0x0306->0x0A06 0x03C1 len:13 [0m
[37m[3.927][linker]-[Debug]-[DjiCommand_DealCmd:919) received unsupport request cmd that noneed ack, <0x7b27> cmdset: 0x03 cmdid: 0xC1 [0m
[37m[3.941][linker]-[Debug]-[DjiProtocol_v1Unpack:215) <0x7b36>V1-Recv: 0x0300->0x0A06 0x036C [0m
[37m[3.941][linker]-[Debug]-[DjiCommand_RecvWork:1066)  <0x7b36>Receive msg from linker, 0x0300->0x0A06 0x036C len:71 [0m
[37m[3.941][linker]-[Debug]-[DjiCommand_DealCmd:919) received unsupport request cmd that noneed ack, <0x7b36> cmdset: 0x03 cmdid: 0x6C [0m
[37m[3.959][linker]-[Debug]-[DjiProtocol_v1Unpack:215) <0x7b63>V1-Recv: 0x0300->0x0A06 0x4900 [0m
[37m[3.959][linker]-[Debug]-[DjiCommand_RecvWork:1066)  <0x7b63>Receive msg from linker, 0x0300->0x0A06 0x4900 len:14 [0m
[37m[3.959][linker]-[Debug]-[DjiCommand_DealCmd:919) received unsupport request cmd that need ack, <0x7b63> cmdset: 0x49 cmdid: 0x00 [0m
[37m[3.997][linker]-[Debug]-[DjiProtocol_v1Unpack:215) <0x7bab>V1-Recv: 0x0300->0x0A06 0x221B [0m
[37m[3.998][linker]-[Debug]-[DjiCommand_RecvWork:1066)  <0x7bab>Receive msg from linker, 0x0300->0x0A06 0x221B len:9 [0m
[37m[3.998][linker]-[Debug]-[DjiCommand_DealCmd:919) received unsupport request cmd that noneed ack, <0x7bab> cmdset: 0x22 cmdid: 0x1B [0m
[37m[4.027][linker]-[Debug]-[DjiProtocol_v1Unpack:215) <0x7bda>V1-Recv: 0x0306->0x0A06 0x03C1 [0m
[37m[4.028][linker]-[Debug]-[DjiCommand_RecvWork:1066)  <0x7bda>Receive msg from linker, 0x0306->0x0A06 0x03C1 len:13 [0m
[37m[4.028][linker]-[Debug]-[DjiCommand_DealCmd:919) received unsupport request cmd that noneed ack, <0x7bda> cmdset: 0x03 cmdid: 0xC1 [0m
[37m[4.041][linker]-[Debug]-[DjiProtocol_v1Unpack:215) <0x7be9>V1-Recv: 0x0300->0x0A06 0x036C [0m
[37m[4.041][linker]-[Debug]-[DjiCommand_RecvWork:1066)  <0x7be9>Receive msg from linker, 0x0300->0x0A06 0x036C len:71 [0m
[37m[4.041][linker]-[Debug]-[DjiCommand_DealCmd:919) received unsupport request cmd that noneed ack, <0x7be9> cmdset: 0x03 cmdid: 0x6C [0m
[37m[4.059][linker]-[Debug]-[DjiProtocol_v1Unpack:215) <0x7c10>V1-Recv: 0x0300->0x0A06 0x4900 [0m
[37m[4.060][linker]-[Debug]-[DjiCommand_RecvWork:1066)  <0x7c10>Receive msg from linker, 0x0300->0x0A06 0x4900 len:14 [0m
[37m[4.060][linker]-[Debug]-[DjiCommand_DealCmd:919) received unsupport request cmd that need ack, <0x7c10> cmdset: 0x49 cmdid: 0x00 [0m
[37m[4.098][linker]-[Debug]-[DjiProtocol_v1Unpack:215) <0x7c51>V1-Recv: 0x0300->0x0A06 0x221B [0m
[37m[4.099][linker]-[Debug]-[DjiCommand_RecvWork:1066)  <0x7c51>Receive msg from linker, 0x0300->0x0A06 0x221B len:9 [0m
[37m[4.099][linker]-[Debug]-[DjiCommand_DealCmd:919) received unsupport request cmd that noneed ack, <0x7c51> cmdset: 0x22 cmdid: 0x1B [0m
[37m[4.127][linker]-[Debug]-[DjiProtocol_v1Unpack:215) <0x7c88>V1-Recv: 0x0306->0x0A06 0x03C1 [0m
[37m[4.128][linker]-[Debug]-[DjiCommand_RecvWork:1066)  <0x7c88>Receive msg from linker, 0x0306->0x0A06 0x03C1 len:13 [0m
[37m[4.128][linker]-[Debug]-[DjiCommand_DealCmd:919) received unsupport request cmd that noneed ack, <0x7c88> cmdset: 0x03 cmdid: 0xC1 [0m
[37m[4.140][linker]-[Debug]-[DjiProtocol_v1Unpack:215) <0x7c97>V1-Recv: 0x0300->0x0A06 0x036C [0m
[37m[4.141][linker]-[Debug]-[DjiCommand_RecvWork:1066)  <0x7c97>Receive msg from linker, 0x0300->0x0A06 0x036C len:71 [0m
[37m[4.141][linker]-[Debug]-[DjiCommand_DealCmd:919) received unsupport request cmd that noneed ack, <0x7c97> cmdset: 0x03 cmdid: 0x6C [0m
[37m[4.159][linker]-[Debug]-[DjiProtocol_v1Unpack:215) <0x7cbf>V1-Recv: 0x0300->0x0100 0x0405 [0m
[37m[4.159][linker]-[Debug]-[DjiProtocol_v1Unpack:215) <0x7cc0>V1-Recv: 0x0300->0x0A06 0x4900 [0m
[37m[4.160][linker]-[Debug]-[DjiCommand_RecvWork:1066)  <0x7cbf>Receive msg from linker, 0x0300->0x0100 0x0405 len:22 [0m
[37m[4.160][linker]-[Debug]-[DjiCommand_DealCmd:919) received unsupport request cmd that noneed ack, <0x7cbf> cmdset: 0x04 cmdid: 0x05 [0m
[37m[4.161][linker]-[Debug]-[DjiCommand_RecvWork:1066)  <0x7cc0>Receive msg from linker, 0x0300->0x0A06 0x4900 len:14 [0m
[37m[4.161][linker]-[Debug]-[DjiCommand_DealCmd:919) received unsupport request cmd that need ack, <0x7cc0> cmdset: 0x49 cmdid: 0x00 [0m
[37m[4.197][linker]-[Debug]-[DjiProtocol_v1Unpack:215) <0x7d0b>V1-Recv: 0x0300->0x0A06 0x221B [0m
[37m[4.198][linker]-[Debug]-[DjiCommand_RecvWork:1066)  <0x7d0b>Receive msg from linker, 0x0300->0x0A06 0x221B len:9 [0m
[37m[4.198][linker]-[Debug]-[DjiCommand_DealCmd:919) received unsupport request cmd that noneed ack, <0x7d0b> cmdset: 0x22 cmdid: 0x1B [0m
[37m[4.227][linker]-[Debug]-[DjiProtocol_v1Unpack:215) <0x7d3e>V1-Recv: 0x0306->0x0A06 0x03C1 [0m
[37m[4.228][linker]-[Debug]-[DjiCommand_RecvWork:1066)  <0x7d3e>Receive msg from linker, 0x0306->0x0A06 0x03C1 len:13 [0m
[37m[4.228][linker]-[Debug]-[DjiCommand_DealCmd:919) received unsupport request cmd that noneed ack, <0x7d3e> cmdset: 0x03 cmdid: 0xC1 [0m
[37m[4.240][linker]-[Debug]-[DjiProtocol_v1Unpack:215) <0x7d4d>V1-Recv: 0x0300->0x0A06 0x036C [0m
[37m[4.241][linker]-[Debug]-[DjiCommand_RecvWork:1066)  <0x7d4d>Receive msg from linker, 0x0300->0x0A06 0x036C len:71 [0m
[37m[4.241][linker]-[Debug]-[DjiCommand_DealCmd:919) received unsupport request cmd that noneed ack, <0x7d4d> cmdset: 0x03 cmdid: 0x6C [0m
[37m[4.259][linker]-[Debug]-[DjiProtocol_v1Unpack:215) <0x7d7b>V1-Recv: 0x0300->0x0A06 0x4900 [0m
[37m[4.260][linker]-[Debug]-[DjiCommand_RecvWork:1066)  <0x7d7b>Receive msg from linker, 0x0300->0x0A06 0x4900 len:14 [0m
[37m[4.260][linker]-[Debug]-[DjiCommand_DealCmd:919) received unsupport request cmd that need ack, <0x7d7b> cmdset: 0x49 cmdid: 0x00 [0m
[37m[4.263][utils]-[Debug]-[DjiCore_RootTask:131) work execution time: [0m
[37m[4.263][utils]-[Debug]-[DjiCore_RootTask:132) name	                execution time (ms)	  max execution time (ms) [0m
[37m[4.263][utils]-[Debug]-[DjiCore_RootTask:134) recorderWork                    	0       	1        [0m
[37m[4.263][utils]-[Debug]-[DjiCore_RootTask:134) flowControllerTask              	0       	0        [0m
[37m[4.263][utils]-[Debug]-[DjiCore_RootTask:134) commandTask                     	1       	1        [0m
[37m[4.297][linker]-[Debug]-[DjiProtocol_v1Unpack:215) <0x7dcc>V1-Recv: 0x0300->0x0A06 0x221B [0m
[37m[4.298][linker]-[Debug]-[DjiCommand_RecvWork:1066)  <0x7dcc>Receive msg from linker, 0x0300->0x0A06 0x221B len:9 [0m
[37m[4.298][linker]-[Debug]-[DjiCommand_DealCmd:919) received unsupport request cmd that noneed ack, <0x7dcc> cmdset: 0x22 cmdid: 0x1B [0m
[37m[4.327][linker]-[Debug]-[DjiProtocol_v1Unpack:215) <0x7e05>V1-Recv: 0x0306->0x0A06 0x03C1 [0m
[37m[4.327][linker]-[Debug]-[DjiCommand_RecvWork:1066)  <0x7e05>Receive msg from linker, 0x0306->0x0A06 0x03C1 len:13 [0m
[37m[4.327][linker]-[Debug]-[DjiCommand_DealCmd:919) received unsupport request cmd that noneed ack, <0x7e05> cmdset: 0x03 cmdid: 0xC1 [0m
[37m[4.340][linker]-[Debug]-[DjiProtocol_v1Unpack:215) <0x7e14>V1-Recv: 0x0300->0x0A06 0x036C [0m
[37m[4.340][linker]-[Debug]-[DjiCommand_RecvWork:1066)  <0x7e14>Receive msg from linker, 0x0300->0x0A06 0x036C len:71 [0m
[37m[4.340][linker]-[Debug]-[DjiCommand_DealCmd:919) received unsupport request cmd that noneed ack, <0x7e14> cmdset: 0x03 cmdid: 0x6C [0m
[37m[4.358][linker]-[Debug]-[DjiProtocol_v1Unpack:215) <0x7e3c>V1-Recv: 0x0300->0x0A06 0x4900 [0m
[37m[4.359][linker]-[Debug]-[DjiCommand_RecvWork:1066)  <0x7e3c>Receive msg from linker, 0x0300->0x0A06 0x4900 len:14 [0m
[37m[4.359][linker]-[Debug]-[DjiCommand_DealCmd:919) received unsupport request cmd that need ack, <0x7e3c> cmdset: 0x49 cmdid: 0x00 [0m
[37m[4.397][linker]-[Debug]-[DjiProtocol_v1Unpack:215) <0x7e82>V1-Recv: 0x0300->0x0A06 0x221B [0m
[37m[4.399][linker]-[Debug]-[DjiCommand_RecvWork:1066)  <0x7e82>Receive msg from linker, 0x0300->0x0A06 0x221B len:9 [0m
[37m[4.399][linker]-[Debug]-[DjiCommand_DealCmd:919) received unsupport request cmd that noneed ack, <0x7e82> cmdset: 0x22 cmdid: 0x1B [0m
[37m[4.427][linker]-[Debug]-[DjiProtocol_v1Unpack:215) <0x7eb6>V1-Recv: 0x0306->0x0A06 0x03C1 [0m
[37m[4.427][linker]-[Debug]-[DjiCommand_RecvWork:1066)  <0x7eb6>Receive msg from linker, 0x0306->0x0A06 0x03C1 len:13 [0m
[37m[4.427][linker]-[Debug]-[DjiCommand_DealCmd:919) received unsupport request cmd that noneed ack, <0x7eb6> cmdset: 0x03 cmdid: 0xC1 [0m
[37m[4.440][linker]-[Debug]-[DjiProtocol_v1Unpack:215) <0x7ec5>V1-Recv: 0x0300->0x0A06 0x036C [0m
[37m[4.440][linker]-[Debug]-[DjiCommand_RecvWork:1066)  <0x7ec5>Receive msg from linker, 0x0300->0x0A06 0x036C len:71 [0m
[37m[4.440][linker]-[Debug]-[DjiCommand_DealCmd:919) received unsupport request cmd that noneed ack, <0x7ec5> cmdset: 0x03 cmdid: 0x6C [0m
[37m[4.452][linker]-[Debug]-[DjiProtocol_v1Unpack:215) <0x1739>V1-Recv: 0x1D07->0x0A06 0x2105 [0m
[37m[4.453][linker]-[Debug]-[DjiCommand_RecvWork:1066)  <0x1739>Receive msg from linker, 0x1D07->0x0A06 0x2105 len:1 [0m
[37m[4.453][linker]-[Debug]-[DjiCommand_DealCmd:919) received unsupport request cmd that need ack, <0x1739> cmdset: 0x21 cmdid: 0x05 [0m
[37m[4.458][linker]-[Debug]-[DjiProtocol_v1Unpack:215) <0x7eee>V1-Recv: 0x0300->0x0A06 0x4900 [0m
[37m[4.459][linker]-[Debug]-[DjiCommand_RecvWork:1066)  <0x7eee>Receive msg from linker, 0x0300->0x0A06 0x4900 len:14 [0m
[37m[4.459][linker]-[Debug]-[DjiCommand_DealCmd:919) received unsupport request cmd that need ack, <0x7eee> cmdset: 0x49 cmdid: 0x00 [0m
[37m[4.498][linker]-[Debug]-[DjiProtocol_v1Unpack:215) <0x7f32>V1-Recv: 0x0300->0x0A06 0x221B [0m
[37m[4.498][linker]-[Debug]-[DjiCommand_RecvWork:1066)  <0x7f32>Receive msg from linker, 0x0300->0x0A06 0x221B len:9 [0m
[37m[4.498][linker]-[Debug]-[DjiCommand_DealCmd:919) received unsupport request cmd that noneed ack, <0x7f32> cmdset: 0x22 cmdid: 0x1B [0m
[37m[4.526][linker]-[Debug]-[DjiProtocol_v1Unpack:215) <0x7f6b>V1-Recv: 0x0306->0x0A06 0x03C1 [0m
[37m[4.526][linker]-[Debug]-[DjiCommand_RecvWork:1066)  <0x7f6b>Receive msg from linker, 0x0306->0x0A06 0x03C1 len:13 [0m
[37m[4.527][linker]-[Debug]-[DjiCommand_DealCmd:919) received unsupport request cmd that noneed ack, <0x7f6b> cmdset: 0x03 cmdid: 0xC1 [0m
[37m[4.540][linker]-[Debug]-[DjiProtocol_v1Unpack:215) <0x7f7b>V1-Recv: 0x0300->0x0A06 0x036C [0m
[37m[4.540][linker]-[Debug]-[DjiCommand_RecvWork:1066)  <0x7f7b>Receive msg from linker, 0x0300->0x0A06 0x036C len:71 [0m
[37m[4.540][linker]-[Debug]-[DjiCommand_DealCmd:919) received unsupport request cmd that noneed ack, <0x7f7b> cmdset: 0x03 cmdid: 0x6C [0m
[37m[4.558][linker]-[Debug]-[DjiProtocol_v1Unpack:215) <0x7fa6>V1-Recv: 0x0300->0x0A06 0x4900 [0m
[37m[4.559][linker]-[Debug]-[DjiCommand_RecvWork:1066)  <0x7fa6>Receive msg from linker, 0x0300->0x0A06 0x4900 len:14 [0m
[37m[4.559][linker]-[Debug]-[DjiCommand_DealCmd:919) received unsupport request cmd that need ack, <0x7fa6> cmdset: 0x49 cmdid: 0x00 [0m
[37m[4.598][linker]-[Debug]-[DjiProtocol_v1Unpack:215) <0x7fef>V1-Recv: 0x0300->0x0A06 0x221B [0m
[37m[4.598][linker]-[Debug]-[DjiCommand_RecvWork:1066)  <0x7fef>Receive msg from linker, 0x0300->0x0A06 0x221B len:9 [0m
[37m[4.598][linker]-[Debug]-[DjiCommand_DealCmd:919) received unsupport request cmd that noneed ack, <0x7fef> cmdset: 0x22 cmdid: 0x1B [0m
[37m[4.627][linker]-[Debug]-[DjiProtocol_v1Unpack:215) <0x801e>V1-Recv: 0x0306->0x0A06 0x03C1 [0m
[37m[4.627][linker]-[Debug]-[DjiCommand_RecvWork:1066)  <0x801e>Receive msg from linker, 0x0306->0x0A06 0x03C1 len:13 [0m
[37m[4.627][linker]-[Debug]-[DjiCommand_DealCmd:919) received unsupport request cmd that noneed ack, <0x801e> cmdset: 0x03 cmdid: 0xC1 [0m
[37m[4.640][linker]-[Debug]-[DjiProtocol_v1Unpack:215) <0x802d>V1-Recv: 0x0300->0x0A06 0x036C [0m
[37m[4.640][linker]-[Debug]-[DjiCommand_RecvWork:1066)  <0x802d>Receive msg from linker, 0x0300->0x0A06 0x036C len:71 [0m
[37m[4.640][linker]-[Debug]-[DjiCommand_DealCmd:919) received unsupport request cmd that noneed ack, <0x802d> cmdset: 0x03 cmdid: 0x6C [0m
[37m[4.643][adapter]-[Debug]-[DjiPayloadNegotiate_Init:240) Payload negotiate has finished. [0m
[37m[4.649][linker]-[Debug]-[DjiCommand_AntiRegRecvCmdHandler:722) Anti reg command handle list success, index:0 [0m
[37m[4.670][linker]-[Debug]-[DjiLinker_DeInit:170) deinit linker success, protocol:2, channelId:0 [0m
[37m[4.670][linker]-[Debug]-[DjiCommand_UpdateConfig:289) config list channel id:2 [0m
[37m[4.674][linker]-[Debug]-[DjiLinker_Init:128) init linker success, protocol:2, channelId:0 [0m
[37m[4.674][linker]-[Debug]-[DjiCommand_UpdateConfig:298) add linker node count:1 [0m
[37m[4.674][linker]-[Debug]-[DjiCommand_UpdateConfig:289) config list channel id:2 [0m
[37m[4.676][linker]-[Debug]-[DjiLinker_Init:128) init linker success, protocol:2, channelId:2 [0m
[37m[4.676][linker]-[Debug]-[DjiCommand_UpdateConfig:298) add linker node count:2 [0m
[37m[4.676][linker]-[Debug]-[DjiCommand_RegRecvCmdHandler:674) Reg command handle list success, index:0 [0m
[37m[4.676][auth]-[Debug]-[DjiSdkActivate_ExtensionPortActivateSyncByV1:125) This is a OSDK port. Now need to do activation. [0m
[37m[4.676][linker]-[Debug]-[DjiProtocol_v1Pack:123) <0xdcf1>V1-Send: 0x0A06->0x0306 0x0001 [0m
[37m[4.677][linker]-[Debug]-[DjiProtocol_v1Pack:123) <0xdcf2>V1-Send: 0x0A06->0x1D01 0x00F0 [0m
[37m[4.688][linker]-[Debug]-[DjiProtocol_v1Pack:123) <0xdcf3>V1-Send: 0x0A06->0x1D01 0x00F0 [0m
[37m[4.699][linker]-[Debug]-[DjiProtocol_v1Pack:123) <0xdcf4>V1-Send: 0x0A06->0x1D01 0x00F0 [0m
[37m[4.700][linker]-[Debug]-[DjiProtocol_v1Unpack:215) <0xdcf1>V1-Recv: 0x0306->0x0A06 0x0001 [0m
[37m[4.700][linker]-[Debug]-[DjiProtocol_v1Unpack:215) <0x80a1>V1-Recv: 0x0300->0x0A06 0x221B [0m
[37m[4.701][linker]-[Debug]-[DjiCommand_RecvWork:1066)  <0xdcf1>Receive msg from linker, 0x0306->0x0A06 0x0001 len:31 [0m
[37m[4.701][linker]-[Debug]-[DjiCommand_SendSyncCallback:1014) PsdkCommand_SendSyncCallback success [0m
[37m[4.701][linker]-[Debug]-[DjiCommand_DealCmd:830) callback function (cmdset: 0x00 cmdid: 0x01) deal time: 0 ms [0m
[37m[4.701][linker]-[Debug]-[DjiCommand_SendSync:553) sendSync callback success [0m
[37m[4.701][linker]-[Debug]-[DjiCommand_SendSync:561) The ack data length is not equal with expect length, actual:31 exp:30. Probably because ack struct definition has changed. Please check command ack struct definition if changed. [0m
[37m[4.701][linker]-[Debug]-[DjiProtocol_v1Pack:123) <0xdcf5>V1-Send: 0x0A06->0x0306 0x0325 [0m
[37m[4.702][linker]-[Debug]-[DjiCommand_RecvWork:1066)  <0x80a1>Receive msg from linker, 0x0300->0x0A06 0x221B len:9 [0m
[37m[4.702][linker]-[Debug]-[DjiCommand_DealCmd:919) received unsupport request cmd that noneed ack, <0x80a1> cmdset: 0x22 cmdid: 0x1B [0m
[37m[4.709][linker]-[Debug]-[DjiProtocol_v1Pack:123) <0xdcf6>V1-Send: 0x0A06->0x1D01 0x00F0 [0m
[37m[4.718][linker]-[Debug]-[DjiProtocol_v1Unpack:215) <0xdcf5>V1-Recv: 0x0306->0x0A06 0x0325 [0m
[37m[4.719][linker]-[Debug]-[DjiCommand_RecvWork:1066)  <0xdcf5>Receive msg from linker, 0x0306->0x0A06 0x0325 len:2 [0m
[37m[4.719][linker]-[Debug]-[DjiCommand_SendSyncCallback:1014) PsdkCommand_SendSyncCallback success [0m
[37m[4.719][linker]-[Debug]-[DjiCommand_DealCmd:830) callback function (cmdset: 0x03 cmdid: 0x25) deal time: 0 ms [0m
[37m[4.719][linker]-[Debug]-[DjiCommand_SendSync:553) sendSync callback success [0m
[37m[4.719][linker]-[Debug]-[DjiCommand_SendSync:561) The ack data length is not equal with expect length, actual:2 exp:1. Probably because ack struct definition has changed. Please check command ack struct definition if changed. [0m
[37m[4.719][auth]-[Debug]-[DjiSdkActivate_OSDKActivateSyncByV1:307) Activate sdk successfully. [0m
[37m[4.719][auth]-[Debug]-[DjiSdkActivate_ExtensionPortActivateSyncByV1:140) Activate OSDK functions successfully. [0m
[37m[4.719][linker]-[Debug]-[DjiProtocol_v1Pack:123) <0xdcf7>V1-Send: 0x0A06->0x1104 0x4910 [0m
[37m[4.720][linker]-[Debug]-[DjiProtocol_v1Pack:123) <0xdcf8>V1-Send: 0x0A06->0x1D01 0x00F0 [0m
[37m[4.726][linker]-[Debug]-[DjiProtocol_v1Unpack:215) <0x80f2>V1-Recv: 0x0306->0x0A06 0x03C1 [0m
[37m[4.727][linker]-[Debug]-[DjiCommand_RecvWork:1066)  <0x80f2>Receive msg from linker, 0x0306->0x0A06 0x03C1 len:13 [0m
[37m[4.727][linker]-[Debug]-[DjiCommand_DealCmd:919) received unsupport request cmd that noneed ack, <0x80f2> cmdset: 0x03 cmdid: 0xC1 [0m
[37m[4.730][linker]-[Debug]-[DjiProtocol_v1Pack:123) <0xdcf9>V1-Send: 0x0A06->0x1D01 0x00F0 [0m
[37m[4.741][linker]-[Debug]-[DjiProtocol_v1Pack:123) <0xdcfa>V1-Send: 0x0A06->0x1D01 0x00F0 [0m
[37m[4.741][linker]-[Debug]-[DjiProtocol_v1Unpack:215) <0x8102>V1-Recv: 0x0300->0x0A06 0x036C [0m
[37m[4.741][linker]-[Debug]-[DjiProtocol_v1Unpack:215) <0xdcf7>V1-Recv: 0x1104->0x0A06 0x4910 [0m
[37m[4.742][linker]-[Debug]-[DjiCommand_RecvWork:1066)  <0x8102>Receive msg from linker, 0x0300->0x0A06 0x036C len:71 [0m
[37m[4.742][linker]-[Debug]-[DjiCommand_DealCmd:919) received unsupport request cmd that noneed ack, <0x8102> cmdset: 0x03 cmdid: 0x6C [0m
[37m[4.743][linker]-[Debug]-[DjiCommand_RecvWork:1066)  <0xdcf7>Receive msg from linker, 0x1104->0x0A06 0x4910 len:1 [0m
[37m[4.743][linker]-[Debug]-[DjiCommand_SendSyncCallback:1014) PsdkCommand_SendSyncCallback success [0m
[37m[4.743][linker]-[Debug]-[DjiCommand_DealCmd:830) callback function (cmdset: 0x49 cmdid: 0x10) deal time: 0 ms [0m
[37m[4.743][linker]-[Debug]-[DjiCommand_SendSync:553) sendSync callback success [0m
[37m[4.743][linker]-[Debug]-[DjiProtocol_v1Pack:123) <0xdcfb>V1-Send: 0x0A06->0x1104 0x4910 [0m
[37m[4.752][linker]-[Debug]-[DjiProtocol_v1Pack:123) <0xdcfc>V1-Send: 0x0A06->0x1D01 0x00F0 [0m
[37m[4.759][linker]-[Debug]-[DjiProtocol_v1Unpack:215) <0x8135>V1-Recv: 0x0300->0x0A06 0x4900 [0m
[37m[4.759][linker]-[Debug]-[DjiProtocol_v1Unpack:215) <0xdcfb>V1-Recv: 0x1104->0x0A06 0x4910 [0m
[37m[4.760][linker]-[Debug]-[DjiCommand_RecvWork:1066)  <0x8135>Receive msg from linker, 0x0300->0x0A06 0x4900 len:14 [0m
[37m[4.760][linker]-[Debug]-[DjiCommand_DealCmd:919) received unsupport request cmd that need ack, <0x8135> cmdset: 0x49 cmdid: 0x00 [0m
[37m[4.761][linker]-[Debug]-[DjiCommand_RecvWork:1066)  <0xdcfb>Receive msg from linker, 0x1104->0x0A06 0x4910 len:1 [0m
[37m[4.761][linker]-[Debug]-[DjiCommand_SendSyncCallback:1014) PsdkCommand_SendSyncCallback success [0m
[37m[4.761][linker]-[Debug]-[DjiCommand_DealCmd:830) callback function (cmdset: 0x49 cmdid: 0x10) deal time: 0 ms [0m
[37m[4.761][linker]-[Debug]-[DjiCommand_SendSync:553) sendSync callback success [0m
[37m[4.761][linker]-[Debug]-[DjiProtocol_v1Pack:123) <0xdcfd>V1-Send: 0x0A06->0x1104 0x4910 [0m
[37m[4.762][linker]-[Debug]-[DjiProtocol_v1Pack:123) <0xdcfe>V1-Send: 0x0A06->0x1D01 0x00F0 [0m
[37m[4.773][linker]-[Debug]-[DjiProtocol_v1Pack:123) <0xdcff>V1-Send: 0x0A06->0x1D01 0x00F0 [0m
[37m[4.779][linker]-[Debug]-[DjiProtocol_v1Unpack:215) <0xdcfd>V1-Recv: 0x1104->0x0A06 0x4910 [0m
[37m[4.780][linker]-[Debug]-[DjiCommand_RecvWork:1066)  <0xdcfd>Receive msg from linker, 0x1104->0x0A06 0x4910 len:1 [0m
[37m[4.780][linker]-[Debug]-[DjiCommand_SendSyncCallback:1014) PsdkCommand_SendSyncCallback success [0m
[37m[4.780][linker]-[Debug]-[DjiCommand_DealCmd:830) callback function (cmdset: 0x49 cmdid: 0x10) deal time: 0 ms [0m
[37m[4.780][linker]-[Debug]-[DjiCommand_SendSync:553) sendSync callback success [0m
[37m[4.780][linker]-[Debug]-[DjiProtocol_v1Pack:123) <0xdd00>V1-Send: 0x0A06->0x1104 0x4910 [0m
[37m[4.784][linker]-[Debug]-[DjiProtocol_v1Pack:123) <0xdd01>V1-Send: 0x0A06->0x1D01 0x00F0 [0m
[37m[4.792][linker]-[Debug]-[DjiProtocol_v1Unpack:215) <0x8169>V1-Recv: 0x0306->0x0A06 0x03C1 [0m
[37m[4.792][linker]-[Debug]-[DjiCommand_RecvWork:1066)  <0x8169>Receive msg from linker, 0x0306->0x0A06 0x03C1 len:126 [0m
[37m[4.792][linker]-[Debug]-[DjiCommand_DealCmd:919) received unsupport request cmd that noneed ack, <0x8169> cmdset: 0x03 cmdid: 0xC1 [0m
[37m[4.798][linker]-[Debug]-[DjiProtocol_v1Unpack:215) <0x8181>V1-Recv: 0x0300->0x0A06 0x221B [0m
[37m[4.798][linker]-[Debug]-[DjiCommand_RecvWork:1066)  <0x8181>Receive msg from linker, 0x0300->0x0A06 0x221B len:9 [0m
[37m[4.798][linker]-[Debug]-[DjiCommand_DealCmd:919) received unsupport request cmd that noneed ack, <0x8181> cmdset: 0x22 cmdid: 0x1B [0m
[37m[4.802][linker]-[Debug]-[DjiProtocol_v1Unpack:215) <0xdd00>V1-Recv: 0x1104->0x0A06 0x4910 [0m
[37m[4.802][linker]-[Debug]-[DjiCommand_RecvWork:1066)  <0xdd00>Receive msg from linker, 0x1104->0x0A06 0x4910 len:1 [0m
[37m[4.802][linker]-[Debug]-[DjiCommand_SendSyncCallback:1014) PsdkCommand_SendSyncCallback success [0m
[37m[4.802][linker]-[Debug]-[DjiCommand_DealCmd:830) callback function (cmdset: 0x49 cmdid: 0x10) deal time: 0 ms [0m
[37m[4.802][linker]-[Debug]-[DjiCommand_SendSync:553) sendSync callback success [0m
[37m[4.802][linker]-[Debug]-[DjiProtocol_v1Pack:123) <0xdd02>V1-Send: 0x0A06->0x1104 0x4910 [0m
[37m[4.819][linker]-[Debug]-[DjiProtocol_v1Unpack:215) <0xdd02>V1-Recv: 0x1104->0x0A06 0x4910 [0m
[37m[4.820][linker]-[Debug]-[DjiCommand_RecvWork:1066)  <0xdd02>Receive msg from linker, 0x1104->0x0A06 0x4910 len:1 [0m
[37m[4.820][linker]-[Debug]-[DjiCommand_SendSyncCallback:1014) PsdkCommand_SendSyncCallback success [0m
[37m[4.820][linker]-[Debug]-[DjiCommand_DealCmd:830) callback function (cmdset: 0x49 cmdid: 0x10) deal time: 0 ms [0m
[37m[4.820][linker]-[Debug]-[DjiCommand_SendSync:553) sendSync callback success [0m
[37m[4.820][linker]-[Debug]-[DjiProtocol_v1Pack:123) <0xdd03>V1-Send: 0x0A06->0x1104 0x4910 [0m
[37m[4.826][linker]-[Debug]-[DjiProtocol_v1Unpack:215) <0x81b3>V1-Recv: 0x0306->0x0A06 0x03C1 [0m
[37m[4.826][linker]-[Debug]-[DjiCommand_RecvWork:1066)  <0x81b3>Receive msg from linker, 0x0306->0x0A06 0x03C1 len:13 [0m
[37m[4.826][linker]-[Debug]-[DjiCommand_DealCmd:919) received unsupport request cmd that noneed ack, <0x81b3> cmdset: 0x03 cmdid: 0xC1 [0m
[37m[4.841][linker]-[Debug]-[DjiProtocol_v1Unpack:215) <0x81c3>V1-Recv: 0x0300->0x0A06 0x036C [0m
[37m[4.841][linker]-[Debug]-[DjiProtocol_v1Unpack:215) <0xdd03>V1-Recv: 0x1104->0x0A06 0x4910 [0m
[37m[4.841][linker]-[Debug]-[DjiCommand_RecvWork:1066)  <0x81c3>Receive msg from linker, 0x0300->0x0A06 0x036C len:71 [0m
[37m[4.841][linker]-[Debug]-[DjiCommand_DealCmd:919) received unsupport request cmd that noneed ack, <0x81c3> cmdset: 0x03 cmdid: 0x6C [0m
[37m[4.843][linker]-[Debug]-[DjiCommand_RecvWork:1066)  <0xdd03>Receive msg from linker, 0x1104->0x0A06 0x4910 len:1 [0m
[37m[4.843][linker]-[Debug]-[DjiCommand_SendSyncCallback:1014) PsdkCommand_SendSyncCallback success [0m
[37m[4.843][linker]-[Debug]-[DjiCommand_DealCmd:830) callback function (cmdset: 0x49 cmdid: 0x10) deal time: 0 ms [0m
[37m[4.843][linker]-[Debug]-[DjiCommand_SendSync:553) sendSync callback success [0m
[37m[4.858][linker]-[Debug]-[DjiProtocol_v1Unpack:215) <0x81ed>V1-Recv: 0x0300->0x0A06 0x4900 [0m
[37m[4.859][linker]-[Debug]-[DjiCommand_RecvWork:1066)  <0x81ed>Receive msg from linker, 0x0300->0x0A06 0x4900 len:14 [0m
[37m[4.859][linker]-[Debug]-[DjiCommand_DealCmd:919) received unsupport request cmd that need ack, <0x81ed> cmdset: 0x49 cmdid: 0x00 [0m
[37m[4.898][linker]-[Debug]-[DjiProtocol_v1Unpack:215) <0x58c>V1-Recv: 0x0701->0x0A06 0x0000 [0m
[37m[4.898][linker]-[Debug]-[DjiProtocol_v1Unpack:215) <0x8230>V1-Recv: 0x0300->0x0A06 0x221B [0m
[37m[4.898][linker]-[Debug]-[DjiCommand_RecvWork:1066)  <0x58c>Receive msg from linker, 0x0701->0x0A06 0x0000 len:16 [0m
[37m[4.898][linker]-[Debug]-[DjiProtocol_v1Pack:123) <0x58c>V1-Send: 0x0A06->0x0701 0x0000 [0m
[37m[4.899][linker]-[Debug]-[DjiCommand_RecvWork:1066)  <0x8230>Receive msg from linker, 0x0300->0x0A06 0x221B len:9 [0m
[37m[4.899][linker]-[Debug]-[DjiCommand_DealCmd:919) received unsupport request cmd that noneed ack, <0x8230> cmdset: 0x22 cmdid: 0x1B [0m
[37m[4.926][linker]-[Debug]-[DjiProtocol_v1Unpack:215) <0x8265>V1-Recv: 0x0306->0x0A06 0x03C1 [0m
[37m[4.927][linker]-[Debug]-[DjiCommand_RecvWork:1066)  <0x8265>Receive msg from linker, 0x0306->0x0A06 0x03C1 len:13 [0m
[37m[4.927][linker]-[Debug]-[DjiCommand_DealCmd:919) received unsupport request cmd that noneed ack, <0x8265> cmdset: 0x03 cmdid: 0xC1 [0m
[37m[4.940][linker]-[Debug]-[DjiProtocol_v1Unpack:215) <0x8274>V1-Recv: 0x0300->0x0A06 0x036C [0m
[37m[4.941][linker]-[Debug]-[DjiCommand_RecvWork:1066)  <0x8274>Receive msg from linker, 0x0300->0x0A06 0x036C len:71 [0m
[37m[4.941][linker]-[Debug]-[DjiCommand_DealCmd:919) received unsupport request cmd that noneed ack, <0x8274> cmdset: 0x03 cmdid: 0x6C [0m
[37m[4.958][linker]-[Debug]-[DjiProtocol_v1Unpack:215) <0x82a1>V1-Recv: 0x0300->0x0A06 0x4900 [0m
[37m[4.959][linker]-[Debug]-[DjiCommand_RecvWork:1066)  <0x82a1>Receive msg from linker, 0x0300->0x0A06 0x4900 len:14 [0m
[37m[4.959][linker]-[Debug]-[DjiCommand_DealCmd:919) received unsupport request cmd that need ack, <0x82a1> cmdset: 0x49 cmdid: 0x00 [0m
[37m[4.998][linker]-[Debug]-[DjiProtocol_v1Unpack:215) <0x82e7>V1-Recv: 0x0300->0x0A06 0x221B [0m
[37m[4.998][linker]-[Debug]-[DjiCommand_RecvWork:1066)  <0x82e7>Receive msg from linker, 0x0300->0x0A06 0x221B len:9 [0m
[37m[4.998][linker]-[Debug]-[DjiCommand_DealCmd:919) received unsupport request cmd that noneed ack, <0x82e7> cmdset: 0x22 cmdid: 0x1B [0m
[37m[5.027][linker]-[Debug]-[DjiProtocol_v1Unpack:215) <0x8319>V1-Recv: 0x0306->0x0A06 0x03C1 [0m
[37m[5.028][linker]-[Debug]-[DjiCommand_RecvWork:1066)  <0x8319>Receive msg from linker, 0x0306->0x0A06 0x03C1 len:13 [0m
[37m[5.028][linker]-[Debug]-[DjiCommand_DealCmd:919) received unsupport request cmd that noneed ack, <0x8319> cmdset: 0x03 cmdid: 0xC1 [0m
[37m[5.040][linker]-[Debug]-[DjiProtocol_v1Unpack:215) <0x8328>V1-Recv: 0x0300->0x0A06 0x036C [0m
[37m[5.041][linker]-[Debug]-[DjiCommand_RecvWork:1066)  <0x8328>Receive msg from linker, 0x0300->0x0A06 0x036C len:71 [0m
[37m[5.041][linker]-[Debug]-[DjiCommand_DealCmd:919) received unsupport request cmd that noneed ack, <0x8328> cmdset: 0x03 cmdid: 0x6C [0m
[37m[5.043][linker]-[Debug]-[DjiProtocol_v1Pack:123) <0xdd04>V1-Send: 0x0A06->0x1104 0x4910 [0m
[37m[5.059][linker]-[Debug]-[DjiProtocol_v1Unpack:215) <0x834f>V1-Recv: 0x0300->0x0A06 0x4900 [0m
[37m[5.059][linker]-[Debug]-[DjiProtocol_v1Unpack:215) <0xdd04>V1-Recv: 0x1104->0x0A06 0x4910 [0m
[37m[5.060][linker]-[Debug]-[DjiCommand_RecvWork:1066)  <0x834f>Receive msg from linker, 0x0300->0x0A06 0x4900 len:14 [0m
[37m[5.060][linker]-[Debug]-[DjiCommand_DealCmd:919) received unsupport request cmd that need ack, <0x834f> cmdset: 0x49 cmdid: 0x00 [0m
[37m[5.061][linker]-[Debug]-[DjiCommand_RecvWork:1066)  <0xdd04>Receive msg from linker, 0x1104->0x0A06 0x4910 len:1 [0m
[37m[5.061][linker]-[Debug]-[DjiCommand_SendSyncCallback:1014) PsdkCommand_SendSyncCallback success [0m
[37m[5.061][linker]-[Debug]-[DjiCommand_DealCmd:830) callback function (cmdset: 0x49 cmdid: 0x10) deal time: 0 ms [0m
[37m[5.061][linker]-[Debug]-[DjiCommand_SendSync:553) sendSync callback success [0m
[37m[5.061][linker]-[Debug]-[DjiProtocol_v1Pack:123) <0xdd05>V1-Send: 0x0A06->0x1104 0x4910 [0m
[37m[5.080][linker]-[Debug]-[DjiProtocol_v1Unpack:215) <0xdd05>V1-Recv: 0x1104->0x0A06 0x4910 [0m
[37m[5.080][linker]-[Debug]-[DjiCommand_RecvWork:1066)  <0xdd05>Receive msg from linker, 0x1104->0x0A06 0x4910 len:1 [0m
[37m[5.080][linker]-[Debug]-[DjiCommand_SendSyncCallback:1014) PsdkCommand_SendSyncCallback success [0m
[37m[5.080][linker]-[Debug]-[DjiCommand_DealCmd:830) callback function (cmdset: 0x49 cmdid: 0x10) deal time: 0 ms [0m
[37m[5.080][linker]-[Debug]-[DjiCommand_SendSync:553) sendSync callback success [0m
[37m[5.080][linker]-[Debug]-[DjiProtocol_v1Pack:123) <0xdd06>V1-Send: 0x0A06->0x1104 0x4910 [0m
[37m[5.098][linker]-[Debug]-[DjiProtocol_v1Unpack:215) <0x8390>V1-Recv: 0x0300->0x0A06 0x221B [0m
[37m[5.099][linker]-[Debug]-[DjiCommand_RecvWork:1066)  <0x8390>Receive msg from linker, 0x0300->0x0A06 0x221B len:9 [0m
[37m[5.099][linker]-[Debug]-[DjiCommand_DealCmd:919) received unsupport request cmd that noneed ack, <0x8390> cmdset: 0x22 cmdid: 0x1B [0m
[37m[5.099][linker]-[Debug]-[DjiProtocol_v1Unpack:215) <0xdd06>V1-Recv: 0x1104->0x0A06 0x4910 [0m
[37m[5.100][linker]-[Debug]-[DjiCommand_RecvWork:1066)  <0xdd06>Receive msg from linker, 0x1104->0x0A06 0x4910 len:1 [0m
[37m[5.100][linker]-[Debug]-[DjiCommand_SendSyncCallback:1014) PsdkCommand_SendSyncCallback success [0m
[37m[5.100][linker]-[Debug]-[DjiCommand_DealCmd:830) callback function (cmdset: 0x49 cmdid: 0x10) deal time: 0 ms [0m
[37m[5.100][linker]-[Debug]-[DjiCommand_SendSync:553) sendSync callback success [0m
[37m[5.100][linker]-[Debug]-[DjiProtocol_v1Pack:123) <0xdd07>V1-Send: 0x0A06->0x1104 0x4910 [0m
[37m[5.119][linker]-[Debug]-[DjiProtocol_v1Unpack:215) <0xdd07>V1-Recv: 0x1104->0x0A06 0x4910 [0m
[37m[5.120][linker]-[Debug]-[DjiCommand_RecvWork:1066)  <0xdd07>Receive msg from linker, 0x1104->0x0A06 0x4910 len:1 [0m
[37m[5.120][linker]-[Debug]-[DjiCommand_SendSyncCallback:1014) PsdkCommand_SendSyncCallback success [0m
[37m[5.120][linker]-[Debug]-[DjiCommand_DealCmd:830) callback function (cmdset: 0x49 cmdid: 0x10) deal time: 0 ms [0m
[37m[5.120][linker]-[Debug]-[DjiCommand_SendSync:553) sendSync callback success [0m
[37m[5.120][linker]-[Debug]-[DjiProtocol_v1Pack:123) <0xdd08>V1-Send: 0x0A06->0x1104 0x4910 [0m
[37m[5.126][linker]-[Debug]-[DjiProtocol_v1Unpack:215) <0x83ca>V1-Recv: 0x0306->0x0A06 0x03C1 [0m
[37m[5.127][linker]-[Debug]-[DjiCommand_RecvWork:1066)  <0x83ca>Receive msg from linker, 0x0306->0x0A06 0x03C1 len:13 [0m
[37m[5.127][linker]-[Debug]-[DjiCommand_DealCmd:919) received unsupport request cmd that noneed ack, <0x83ca> cmdset: 0x03 cmdid: 0xC1 [0m
[37m[5.141][linker]-[Debug]-[DjiProtocol_v1Unpack:215) <0x83da>V1-Recv: 0x0300->0x0A06 0x036C [0m
[37m[5.141][linker]-[Debug]-[DjiProtocol_v1Unpack:215) <0xdd08>V1-Recv: 0x1104->0x0A06 0x4910 [0m
[37m[5.142][linker]-[Debug]-[DjiCommand_RecvWork:1066)  <0x83da>Receive msg from linker, 0x0300->0x0A06 0x036C len:71 [0m
[37m[5.142][linker]-[Debug]-[DjiCommand_DealCmd:919) received unsupport request cmd that noneed ack, <0x83da> cmdset: 0x03 cmdid: 0x6C [0m
[37m[5.143][linker]-[Debug]-[DjiCommand_RecvWork:1066)  <0xdd08>Receive msg from linker, 0x1104->0x0A06 0x4910 len:1 [0m
[37m[5.143][linker]-[Debug]-[DjiCommand_SendSyncCallback:1014) PsdkCommand_SendSyncCallback success [0m
[37m[5.143][linker]-[Debug]-[DjiCommand_DealCmd:830) callback function (cmdset: 0x49 cmdid: 0x10) deal time: 0 ms [0m
[37m[5.143][linker]-[Debug]-[DjiCommand_SendSync:553) sendSync callback success [0m
[37m[5.143][linker]-[Debug]-[DjiProtocol_v1Pack:123) <0xdd09>V1-Send: 0x0A06->0x1104 0x4910 [0m
[37m[5.161][linker]-[Debug]-[DjiProtocol_v1Unpack:215) <0x8405>V1-Recv: 0x0300->0x0100 0x0405 [0m
[37m[5.161][linker]-[Debug]-[DjiProtocol_v1Unpack:215) <0x8406>V1-Recv: 0x0300->0x0A06 0x4900 [0m
[37m[5.161][linker]-[Debug]-[DjiProtocol_v1Unpack:215) <0xdd09>V1-Recv: 0x1104->0x0A06 0x4910 [0m
[37m[5.161][linker]-[Debug]-[DjiCommand_RecvWork:1066)  <0x8405>Receive msg from linker, 0x0300->0x0100 0x0405 len:22 [0m
[37m[5.161][linker]-[Debug]-[DjiCommand_DealCmd:919) received unsupport request cmd that noneed ack, <0x8405> cmdset: 0x04 cmdid: 0x05 [0m
[37m[5.162][linker]-[Debug]-[DjiCommand_RecvWork:1066)  <0x8406>Receive msg from linker, 0x0300->0x0A06 0x4900 len:14 [0m
[37m[5.162][linker]-[Debug]-[DjiCommand_DealCmd:919) received unsupport request cmd that need ack, <0x8406> cmdset: 0x49 cmdid: 0x00 [0m
[37m[5.164][linker]-[Debug]-[DjiCommand_RecvWork:1066)  <0xdd09>Receive msg from linker, 0x1104->0x0A06 0x4910 len:1 [0m
[37m[5.164][linker]-[Debug]-[DjiCommand_SendSyncCallback:1014) PsdkCommand_SendSyncCallback success [0m
[37m[5.164][linker]-[Debug]-[DjiCommand_DealCmd:830) callback function (cmdset: 0x49 cmdid: 0x10) deal time: 0 ms [0m
[37m[5.164][linker]-[Debug]-[DjiCommand_SendSync:553) sendSync callback success [0m
[37m[5.198][linker]-[Debug]-[DjiProtocol_v1Unpack:215) <0x844e>V1-Recv: 0x0300->0x0A06 0x221B [0m
[37m[5.199][linker]-[Debug]-[DjiCommand_RecvWork:1066)  <0x844e>Receive msg from linker, 0x0300->0x0A06 0x221B len:9 [0m
[37m[5.199][linker]-[Debug]-[DjiCommand_DealCmd:919) received unsupport request cmd that noneed ack, <0x844e> cmdset: 0x22 cmdid: 0x1B [0m
[37m[5.227][linker]-[Debug]-[DjiProtocol_v1Unpack:215) <0x8481>V1-Recv: 0x0306->0x0A06 0x03C1 [0m
[37m[5.227][linker]-[Debug]-[DjiCommand_RecvWork:1066)  <0x8481>Receive msg from linker, 0x0306->0x0A06 0x03C1 len:13 [0m
[37m[5.227][linker]-[Debug]-[DjiCommand_DealCmd:919) received unsupport request cmd that noneed ack, <0x8481> cmdset: 0x03 cmdid: 0xC1 [0m
[37m[5.240][linker]-[Debug]-[DjiProtocol_v1Unpack:215) <0x8490>V1-Recv: 0x0300->0x0A06 0x036C [0m
[37m[5.241][linker]-[Debug]-[DjiCommand_RecvWork:1066)  <0x8490>Receive msg from linker, 0x0300->0x0A06 0x036C len:71 [0m
[37m[5.241][linker]-[Debug]-[DjiCommand_DealCmd:919) received unsupport request cmd that noneed ack, <0x8490> cmdset: 0x03 cmdid: 0x6C [0m
[37m[5.259][linker]-[Debug]-[DjiProtocol_v1Unpack:215) <0x84c2>V1-Recv: 0x0300->0x0A06 0x4900 [0m
[37m[5.259][linker]-[Debug]-[DjiCommand_RecvWork:1066)  <0x84c2>Receive msg from linker, 0x0300->0x0A06 0x4900 len:14 [0m
[37m[5.259][linker]-[Debug]-[DjiCommand_DealCmd:919) received unsupport request cmd that need ack, <0x84c2> cmdset: 0x49 cmdid: 0x00 [0m
[37m[5.298][linker]-[Debug]-[DjiProtocol_v1Unpack:215) <0x8515>V1-Recv: 0x0300->0x0A06 0x221B [0m
[37m[5.299][linker]-[Debug]-[DjiCommand_RecvWork:1066)  <0x8515>Receive msg from linker, 0x0300->0x0A06 0x221B len:9 [0m
[37m[5.299][linker]-[Debug]-[DjiCommand_DealCmd:919) received unsupport request cmd that noneed ack, <0x8515> cmdset: 0x22 cmdid: 0x1B [0m
[37m[5.327][linker]-[Debug]-[DjiProtocol_v1Unpack:215) <0x854a>V1-Recv: 0x0306->0x0A06 0x03C1 [0m
[37m[5.327][linker]-[Debug]-[DjiCommand_RecvWork:1066)  <0x854a>Receive msg from linker, 0x0306->0x0A06 0x03C1 len:13 [0m
[37m[5.327][linker]-[Debug]-[DjiCommand_DealCmd:919) received unsupport request cmd that noneed ack, <0x854a> cmdset: 0x03 cmdid: 0xC1 [0m
[37m[5.328][utils]-[Debug]-[DjiCore_RootTask:131) work execution time: [0m
[37m[5.328][utils]-[Debug]-[DjiCore_RootTask:132) name	                execution time (ms)	  max execution time (ms) [0m
[37m[5.328][utils]-[Debug]-[DjiCore_RootTask:134) recorderWork                    	1       	1        [0m
[37m[5.328][utils]-[Debug]-[DjiCore_RootTask:134) flowControllerTask              	0       	0        [0m
[37m[5.328][utils]-[Debug]-[DjiCore_RootTask:134) commandTask                     	1       	1        [0m
[37m[5.340][linker]-[Debug]-[DjiProtocol_v1Unpack:215) <0x8559>V1-Recv: 0x0300->0x0A06 0x036C [0m
[37m[5.341][linker]-[Debug]-[DjiCommand_RecvWork:1066)  <0x8559>Receive msg from linker, 0x0300->0x0A06 0x036C len:71 [0m
[37m[5.341][linker]-[Debug]-[DjiCommand_DealCmd:919) received unsupport request cmd that noneed ack, <0x8559> cmdset: 0x03 cmdid: 0x6C [0m
[37m[5.359][linker]-[Debug]-[DjiProtocol_v1Unpack:215) <0x8582>V1-Recv: 0x0300->0x0A06 0x4900 [0m
[37m[5.359][linker]-[Debug]-[DjiCommand_RecvWork:1066)  <0x8582>Receive msg from linker, 0x0300->0x0A06 0x4900 len:14 [0m
[37m[5.359][linker]-[Debug]-[DjiCommand_DealCmd:919) received unsupport request cmd that need ack, <0x8582> cmdset: 0x49 cmdid: 0x00 [0m
[37m[5.364][linker]-[Debug]-[DjiProtocol_v1Pack:123) <0xdd0a>V1-Send: 0x0A06->0x1104 0x4910 [0m
[37m[5.379][linker]-[Debug]-[DjiProtocol_v1Unpack:215) <0xdd0a>V1-Recv: 0x1104->0x0A06 0x4910 [0m
[37m[5.380][linker]-[Debug]-[DjiCommand_RecvWork:1066)  <0xdd0a>Receive msg from linker, 0x1104->0x0A06 0x4910 len:1 [0m
[37m[5.380][linker]-[Debug]-[DjiCommand_SendSyncCallback:1014) PsdkCommand_SendSyncCallback success [0m
[37m[5.380][linker]-[Debug]-[DjiCommand_DealCmd:830) callback function (cmdset: 0x49 cmdid: 0x10) deal time: 0 ms [0m
[37m[5.380][linker]-[Debug]-[DjiCommand_SendSync:553) sendSync callback success [0m
[37m[5.380][linker]-[Debug]-[DjiProtocol_v1Pack:123) <0xdd0b>V1-Send: 0x0A06->0x1104 0x4910 [0m
[37m[5.398][linker]-[Debug]-[DjiProtocol_v1Unpack:215) <0x85cd>V1-Recv: 0x0300->0x0A06 0x221B [0m
[37m[5.399][linker]-[Debug]-[DjiCommand_RecvWork:1066)  <0x85cd>Receive msg from linker, 0x0300->0x0A06 0x221B len:9 [0m
[37m[5.399][linker]-[Debug]-[DjiCommand_DealCmd:919) received unsupport request cmd that noneed ack, <0x85cd> cmdset: 0x22 cmdid: 0x1B [0m
[37m[5.399][linker]-[Debug]-[DjiProtocol_v1Unpack:215) <0xdd0b>V1-Recv: 0x1104->0x0A06 0x4910 [0m
[37m[5.400][linker]-[Debug]-[DjiCommand_RecvWork:1066)  <0xdd0b>Receive msg from linker, 0x1104->0x0A06 0x4910 len:1 [0m
[37m[5.400][linker]-[Debug]-[DjiCommand_SendSyncCallback:1014) PsdkCommand_SendSyncCallback success [0m
[37m[5.400][linker]-[Debug]-[DjiCommand_DealCmd:830) callback function (cmdset: 0x49 cmdid: 0x10) deal time: 0 ms [0m
[37m[5.400][linker]-[Debug]-[DjiCommand_SendSync:553) sendSync callback success [0m
[37m[5.400][linker]-[Debug]-[DjiProtocol_v1Pack:123) <0xdd0c>V1-Send: 0x0A06->0x1104 0x4910 [0m
[37m[5.419][linker]-[Debug]-[DjiProtocol_v1Unpack:215) <0xdd0c>V1-Recv: 0x1104->0x0A06 0x4910 [0m
[37m[5.419][linker]-[Debug]-[DjiCommand_RecvWork:1066)  <0xdd0c>Receive msg from linker, 0x1104->0x0A06 0x4910 len:1 [0m
[37m[5.419][linker]-[Debug]-[DjiCommand_SendSyncCallback:1014) PsdkCommand_SendSyncCallback success [0m
[37m[5.419][linker]-[Debug]-[DjiCommand_DealCmd:830) callback function (cmdset: 0x49 cmdid: 0x10) deal time: 0 ms [0m
[37m[5.419][linker]-[Debug]-[DjiCommand_SendSync:553) sendSync callback success [0m
[37m[5.419][linker]-[Debug]-[DjiProtocol_v1Pack:123) <0xdd0d>V1-Send: 0x0A06->0x1104 0x4910 [0m
[37m[5.427][linker]-[Debug]-[DjiProtocol_v1Unpack:215) <0x85fd>V1-Recv: 0x0306->0x0A06 0x03C1 [0m
[37m[5.428][linker]-[Debug]-[DjiCommand_RecvWork:1066)  <0x85fd>Receive msg from linker, 0x0306->0x0A06 0x03C1 len:13 [0m
[37m[5.428][linker]-[Debug]-[DjiCommand_DealCmd:919) received unsupport request cmd that noneed ack, <0x85fd> cmdset: 0x03 cmdid: 0xC1 [0m
[37m[5.441][linker]-[Debug]-[DjiProtocol_v1Unpack:215) <0x860c>V1-Recv: 0x0300->0x0A06 0x036C [0m
[37m[5.441][linker]-[Debug]-[DjiProtocol_v1Unpack:215) <0xdd0d>V1-Recv: 0x1104->0x0A06 0x4910 [0m
[37m[5.442][linker]-[Debug]-[DjiCommand_RecvWork:1066)  <0x860c>Receive msg from linker, 0x0300->0x0A06 0x036C len:71 [0m
[37m[5.442][linker]-[Debug]-[DjiCommand_DealCmd:919) received unsupport request cmd that noneed ack, <0x860c> cmdset: 0x03 cmdid: 0x6C [0m
[37m[5.443][linker]-[Debug]-[DjiCommand_RecvWork:1066)  <0xdd0d>Receive msg from linker, 0x1104->0x0A06 0x4910 len:1 [0m
[37m[5.443][linker]-[Debug]-[DjiCommand_SendSyncCallback:1014) PsdkCommand_SendSyncCallback success [0m
[37m[5.443][linker]-[Debug]-[DjiCommand_DealCmd:830) callback function (cmdset: 0x49 cmdid: 0x10) deal time: 0 ms [0m
[37m[5.443][linker]-[Debug]-[DjiCommand_SendSync:553) sendSync callback success [0m
[37m[5.443][linker]-[Debug]-[DjiProtocol_v1Pack:123) <0xdd0e>V1-Send: 0x0A06->0x1104 0x4910 [0m
[37m[5.450][linker]-[Debug]-[DjiProtocol_v1Unpack:215) <0x173a>V1-Recv: 0x1D07->0x0A06 0x2105 [0m
[37m[5.450][linker]-[Debug]-[DjiCommand_RecvWork:1066)  <0x173a>Receive msg from linker, 0x1D07->0x0A06 0x2105 len:1 [0m
[37m[5.450][linker]-[Debug]-[DjiCommand_DealCmd:919) received unsupport request cmd that need ack, <0x173a> cmdset: 0x21 cmdid: 0x05 [0m
[37m[5.459][linker]-[Debug]-[DjiProtocol_v1Unpack:215) <0x8634>V1-Recv: 0x0300->0x0A06 0x4900 [0m
[37m[5.459][linker]-[Debug]-[DjiProtocol_v1Unpack:215) <0xdd0e>V1-Recv: 0x1104->0x0A06 0x4910 [0m
[37m[5.460][linker]-[Debug]-[DjiCommand_RecvWork:1066)  <0x8634>Receive msg from linker, 0x0300->0x0A06 0x4900 len:14 [0m
[37m[5.460][linker]-[Debug]-[DjiCommand_DealCmd:919) received unsupport request cmd that need ack, <0x8634> cmdset: 0x49 cmdid: 0x00 [0m
[37m[5.461][linker]-[Debug]-[DjiCommand_RecvWork:1066)  <0xdd0e>Receive msg from linker, 0x1104->0x0A06 0x4910 len:1 [0m
[37m[5.461][linker]-[Debug]-[DjiCommand_SendSyncCallback:1014) PsdkCommand_SendSyncCallback success [0m
[37m[5.461][linker]-[Debug]-[DjiCommand_DealCmd:830) callback function (cmdset: 0x49 cmdid: 0x10) deal time: 0 ms [0m
[37m[5.461][linker]-[Debug]-[DjiCommand_SendSync:553) sendSync callback success [0m
[37m[5.461][linker]-[Debug]-[DjiProtocol_v1Pack:123) <0xdd0f>V1-Send: 0x0A06->0x1104 0x4910 [0m
[37m[5.479][linker]-[Debug]-[DjiProtocol_v1Unpack:215) <0xdd0f>V1-Recv: 0x1104->0x0A06 0x4910 [0m
[37m[5.480][linker]-[Debug]-[DjiCommand_RecvWork:1066)  <0xdd0f>Receive msg from linker, 0x1104->0x0A06 0x4910 len:1 [0m
[37m[5.480][linker]-[Debug]-[DjiCommand_SendSyncCallback:1014) PsdkCommand_SendSyncCallback success [0m
[37m[5.480][linker]-[Debug]-[DjiCommand_DealCmd:830) callback function (cmdset: 0x49 cmdid: 0x10) deal time: 0 ms [0m
[37m[5.480][linker]-[Debug]-[DjiCommand_SendSync:553) sendSync callback success [0m
[37m[5.497][linker]-[Debug]-[DjiProtocol_v1Unpack:215) <0x867a>V1-Recv: 0x0300->0x0A06 0x221B [0m
[37m[5.498][linker]-[Debug]-[DjiCommand_RecvWork:1066)  <0x867a>Receive msg from linker, 0x0300->0x0A06 0x221B len:9 [0m
[37m[5.498][linker]-[Debug]-[DjiCommand_DealCmd:919) received unsupport request cmd that noneed ack, <0x867a> cmdset: 0x22 cmdid: 0x1B [0m
[37m[5.527][linker]-[Debug]-[DjiProtocol_v1Unpack:215) <0x86ae>V1-Recv: 0x0306->0x0A06 0x03C1 [0m
[37m[5.528][linker]-[Debug]-[DjiCommand_RecvWork:1066)  <0x86ae>Receive msg from linker, 0x0306->0x0A06 0x03C1 len:13 [0m
[37m[5.528][linker]-[Debug]-[DjiCommand_DealCmd:919) received unsupport request cmd that noneed ack, <0x86ae> cmdset: 0x03 cmdid: 0xC1 [0m
[37m[5.540][linker]-[Debug]-[DjiProtocol_v1Unpack:215) <0x86c1>V1-Recv: 0x0300->0x0A06 0x036C [0m
[37m[5.541][linker]-[Debug]-[DjiCommand_RecvWork:1066)  <0x86c1>Receive msg from linker, 0x0300->0x0A06 0x036C len:71 [0m
[37m[5.541][linker]-[Debug]-[DjiCommand_DealCmd:919) received unsupport request cmd that noneed ack, <0x86c1> cmdset: 0x03 cmdid: 0x6C [0m
[37m[5.559][linker]-[Debug]-[DjiProtocol_v1Unpack:215) <0x86e9>V1-Recv: 0x0300->0x0A06 0x4900 [0m
[37m[5.560][linker]-[Debug]-[DjiCommand_RecvWork:1066)  <0x86e9>Receive msg from linker, 0x0300->0x0A06 0x4900 len:14 [0m
[37m[5.560][linker]-[Debug]-[DjiCommand_DealCmd:919) received unsupport request cmd that need ack, <0x86e9> cmdset: 0x49 cmdid: 0x00 [0m
[37m[5.598][linker]-[Debug]-[DjiProtocol_v1Unpack:215) <0x8735>V1-Recv: 0x0300->0x0A06 0x221B [0m
[37m[5.598][linker]-[Debug]-[DjiCommand_RecvWork:1066)  <0x8735>Receive msg from linker, 0x0300->0x0A06 0x221B len:9 [0m
[37m[5.598][linker]-[Debug]-[DjiCommand_DealCmd:919) received unsupport request cmd that noneed ack, <0x8735> cmdset: 0x22 cmdid: 0x1B [0m
[37m[5.627][linker]-[Debug]-[DjiProtocol_v1Unpack:215) <0x8765>V1-Recv: 0x0306->0x0A06 0x03C1 [0m
[37m[5.628][linker]-[Debug]-[DjiCommand_RecvWork:1066)  <0x8765>Receive msg from linker, 0x0306->0x0A06 0x03C1 len:13 [0m
[37m[5.628][linker]-[Debug]-[DjiCommand_DealCmd:919) received unsupport request cmd that noneed ack, <0x8765> cmdset: 0x03 cmdid: 0xC1 [0m
[37m[5.640][linker]-[Debug]-[DjiProtocol_v1Unpack:215) <0x8774>V1-Recv: 0x0300->0x0A06 0x036C [0m
[37m[5.641][linker]-[Debug]-[DjiCommand_RecvWork:1066)  <0x8774>Receive msg from linker, 0x0300->0x0A06 0x036C len:71 [0m
[37m[5.641][linker]-[Debug]-[DjiCommand_DealCmd:919) received unsupport request cmd that noneed ack, <0x8774> cmdset: 0x03 cmdid: 0x6C [0m
[37m[5.661][linker]-[Debug]-[DjiProtocol_v1Unpack:215) <0x879d>V1-Recv: 0x0300->0x0A06 0x0F74 [0m
[37m[5.661][linker]-[Debug]-[DjiProtocol_v1Unpack:215) <0x87a0>V1-Recv: 0x0300->0x0100 0x0406 [0m
[37m[5.661][linker]-[Debug]-[DjiProtocol_v1Unpack:215) <0x87a1>V1-Recv: 0x0300->0x0100 0x0407 [0m
[37m[5.661][linker]-[Debug]-[DjiProtocol_v1Unpack:215) <0x87a2>V1-Recv: 0x0300->0x0A06 0x4900 [0m
[37m[5.662][linker]-[Debug]-[DjiCommand_RecvWork:1066)  <0x879d>Receive msg from linker, 0x0300->0x0A06 0x0F74 len:28 [0m
[37m[5.662][linker]-[Debug]-[DjiCommand_DealCmd:919) received unsupport request cmd that noneed ack, <0x879d> cmdset: 0x0F cmdid: 0x74 [0m
[37m[5.663][linker]-[Debug]-[DjiCommand_RecvWork:1066)  <0x87a0>Receive msg from linker, 0x0300->0x0100 0x0406 len:12 [0m
[37m[5.663][linker]-[Debug]-[DjiCommand_DealCmd:919) received unsupport request cmd that noneed ack, <0x87a0> cmdset: 0x04 cmdid: 0x06 [0m
[37m[5.664][linker]-[Debug]-[DjiCommand_RecvWork:1066)  <0x87a1>Receive msg from linker, 0x0300->0x0100 0x0407 len:1 [0m
[37m[5.664][linker]-[Debug]-[DjiCommand_DealCmd:919) received unsupport request cmd that noneed ack, <0x87a1> cmdset: 0x04 cmdid: 0x07 [0m
[37m[5.665][linker]-[Debug]-[DjiCommand_RecvWork:1066)  <0x87a2>Receive msg from linker, 0x0300->0x0A06 0x4900 len:14 [0m
[37m[5.665][linker]-[Debug]-[DjiCommand_DealCmd:919) received unsupport request cmd that need ack, <0x87a2> cmdset: 0x49 cmdid: 0x00 [0m
[37m[5.680][linker]-[Debug]-[DjiProtocol_v1Pack:123) <0xdd10>V1-Send: 0x0A06->0x1104 0x4910 [0m
[37m[5.698][linker]-[Debug]-[DjiProtocol_v1Unpack:215) <0x87e8>V1-Recv: 0x0300->0x0A06 0x221B [0m
[37m[5.699][linker]-[Debug]-[DjiCommand_RecvWork:1066)  <0x87e8>Receive msg from linker, 0x0300->0x0A06 0x221B len:9 [0m
[37m[5.699][linker]-[Debug]-[DjiCommand_DealCmd:919) received unsupport request cmd that noneed ack, <0x87e8> cmdset: 0x22 cmdid: 0x1B [0m
[37m[5.699][linker]-[Debug]-[DjiProtocol_v1Unpack:215) <0xdd10>V1-Recv: 0x1104->0x0A06 0x4910 [0m
[37m[5.700][linker]-[Debug]-[DjiCommand_RecvWork:1066)  <0xdd10>Receive msg from linker, 0x1104->0x0A06 0x4910 len:1 [0m
[37m[5.700][linker]-[Debug]-[DjiCommand_SendSyncCallback:1014) PsdkCommand_SendSyncCallback success [0m
[37m[5.700][linker]-[Debug]-[DjiCommand_DealCmd:830) callback function (cmdset: 0x49 cmdid: 0x10) deal time: 0 ms [0m
[37m[5.700][linker]-[Debug]-[DjiCommand_SendSync:553) sendSync callback success [0m
[37m[5.700][linker]-[Debug]-[DjiProtocol_v1Pack:123) <0xdd11>V1-Send: 0x0A06->0x1104 0x4910 [0m
[37m[5.719][linker]-[Debug]-[DjiProtocol_v1Unpack:215) <0xdd11>V1-Recv: 0x1104->0x0A06 0x4910 [0m
[37m[5.720][linker]-[Debug]-[DjiCommand_RecvWork:1066)  <0xdd11>Receive msg from linker, 0x1104->0x0A06 0x4910 len:1 [0m
[37m[5.720][linker]-[Debug]-[DjiCommand_SendSyncCallback:1014) PsdkCommand_SendSyncCallback success [0m
[37m[5.720][linker]-[Debug]-[DjiCommand_DealCmd:830) callback function (cmdset: 0x49 cmdid: 0x10) deal time: 0 ms [0m
[37m[5.720][linker]-[Debug]-[DjiCommand_SendSync:553) sendSync callback success [0m
[37m[5.720][linker]-[Debug]-[DjiProtocol_v1Pack:123) <0xdd12>V1-Send: 0x0A06->0x1104 0x4910 [0m
[37m[5.726][linker]-[Debug]-[DjiProtocol_v1Unpack:215) <0x8825>V1-Recv: 0x0306->0x0A06 0x03C1 [0m
[37m[5.727][linker]-[Debug]-[DjiCommand_RecvWork:1066)  <0x8825>Receive msg from linker, 0x0306->0x0A06 0x03C1 len:13 [0m
[37m[5.727][linker]-[Debug]-[DjiCommand_DealCmd:919) received unsupport request cmd that noneed ack, <0x8825> cmdset: 0x03 cmdid: 0xC1 [0m
[37m[5.741][linker]-[Debug]-[DjiProtocol_v1Unpack:215) <0x8834>V1-Recv: 0x0300->0x0A06 0x036C [0m
[37m[5.741][linker]-[Debug]-[DjiProtocol_v1Unpack:215) <0xdd12>V1-Recv: 0x1104->0x0A06 0x4910 [0m
[37m[5.741][linker]-[Debug]-[DjiCommand_RecvWork:1066)  <0x8834>Receive msg from linker, 0x0300->0x0A06 0x036C len:71 [0m
[37m[5.741][linker]-[Debug]-[DjiCommand_DealCmd:919) received unsupport request cmd that noneed ack, <0x8834> cmdset: 0x03 cmdid: 0x6C [0m
[37m[5.742][linker]-[Debug]-[DjiCommand_RecvWork:1066)  <0xdd12>Receive msg from linker, 0x1104->0x0A06 0x4910 len:1 [0m
[37m[5.742][linker]-[Debug]-[DjiCommand_SendSyncCallback:1014) PsdkCommand_SendSyncCallback success [0m
[37m[5.742][linker]-[Debug]-[DjiCommand_DealCmd:830) callback function (cmdset: 0x49 cmdid: 0x10) deal time: 0 ms [0m
[37m[5.742][linker]-[Debug]-[DjiCommand_SendSync:553) sendSync callback success [0m
[37m[5.742][linker]-[Debug]-[DjiProtocol_v1Pack:123) <0xdd13>V1-Send: 0x0A06->0x1104 0x4910 [0m
[37m[5.759][linker]-[Debug]-[DjiProtocol_v1Unpack:215) <0x8867>V1-Recv: 0x0300->0x0A06 0x4900 [0m
[37m[5.760][linker]-[Debug]-[DjiProtocol_v1Unpack:215) <0xdd13>V1-Recv: 0x1104->0x0A06 0x4910 [0m
[37m[5.760][linker]-[Debug]-[DjiCommand_RecvWork:1066)  <0x8867>Receive msg from linker, 0x0300->0x0A06 0x4900 len:14 [0m
[37m[5.760][linker]-[Debug]-[DjiCommand_DealCmd:919) received unsupport request cmd that need ack, <0x8867> cmdset: 0x49 cmdid: 0x00 [0m
[37m[5.761][linker]-[Debug]-[DjiCommand_RecvWork:1066)  <0xdd13>Receive msg from linker, 0x1104->0x0A06 0x4910 len:1 [0m
[37m[5.761][linker]-[Debug]-[DjiCommand_SendSyncCallback:1014) PsdkCommand_SendSyncCallback success [0m
[37m[5.761][linker]-[Debug]-[DjiCommand_DealCmd:830) callback function (cmdset: 0x49 cmdid: 0x10) deal time: 0 ms [0m
[37m[5.761][linker]-[Debug]-[DjiCommand_SendSync:553) sendSync callback success [0m
[37m[5.761][linker]-[Debug]-[DjiProtocol_v1Pack:123) <0xdd14>V1-Send: 0x0A06->0x1104 0x4910 [0m
[37m[5.779][linker]-[Debug]-[DjiProtocol_v1Unpack:215) <0xdd14>V1-Recv: 0x1104->0x0A06 0x4910 [0m
[37m[5.779][linker]-[Debug]-[DjiCommand_RecvWork:1066)  <0xdd14>Receive msg from linker, 0x1104->0x0A06 0x4910 len:1 [0m
[37m[5.779][linker]-[Debug]-[DjiCommand_SendSyncCallback:1014) PsdkCommand_SendSyncCallback success [0m
[37m[5.779][linker]-[Debug]-[DjiCommand_DealCmd:830) callback function (cmdset: 0x49 cmdid: 0x10) deal time: 0 ms [0m
[37m[5.779][linker]-[Debug]-[DjiCommand_SendSync:553) sendSync callback success [0m
[37m[5.779][linker]-[Debug]-[DjiProtocol_v1Pack:123) <0xdd15>V1-Send: 0x0A06->0x1104 0x4910 [0m
[37m[5.792][linker]-[Debug]-[DjiProtocol_v1Unpack:215) <0x889d>V1-Recv: 0x0306->0x0A06 0x03C1 [0m
[37m[5.792][linker]-[Debug]-[DjiCommand_RecvWork:1066)  <0x889d>Receive msg from linker, 0x0306->0x0A06 0x03C1 len:126 [0m
[37m[5.792][linker]-[Debug]-[DjiCommand_DealCmd:919) received unsupport request cmd that noneed ack, <0x889d> cmdset: 0x03 cmdid: 0xC1 [0m
[37m[5.798][linker]-[Debug]-[DjiProtocol_v1Unpack:215) <0x88b5>V1-Recv: 0x0300->0x0A06 0x221B [0m
[37m[5.798][linker]-[Debug]-[DjiCommand_RecvWork:1066)  <0x88b5>Receive msg from linker, 0x0300->0x0A06 0x221B len:9 [0m
[37m[5.798][linker]-[Debug]-[DjiCommand_DealCmd:919) received unsupport request cmd that noneed ack, <0x88b5> cmdset: 0x22 cmdid: 0x1B [0m
[37m[5.799][linker]-[Debug]-[DjiProtocol_v1Unpack:215) <0xdd15>V1-Recv: 0x1104->0x0A06 0x4910 [0m
[37m[5.799][linker]-[Debug]-[DjiCommand_RecvWork:1066)  <0xdd15>Receive msg from linker, 0x1104->0x0A06 0x4910 len:1 [0m
[37m[5.799][linker]-[Debug]-[DjiCommand_SendSyncCallback:1014) PsdkCommand_SendSyncCallback success [0m
[37m[5.799][linker]-[Debug]-[DjiCommand_DealCmd:830) callback function (cmdset: 0x49 cmdid: 0x10) deal time: 0 ms [0m
[37m[5.799][linker]-[Debug]-[DjiCommand_SendSync:553) sendSync callback success [0m
[37m[5.827][linker]-[Debug]-[DjiProtocol_v1Unpack:215) <0x88e5>V1-Recv: 0x0306->0x0A06 0x03C1 [0m
[37m[5.827][linker]-[Debug]-[DjiCommand_RecvWork:1066)  <0x88e5>Receive msg from linker, 0x0306->0x0A06 0x03C1 len:13 [0m
[37m[5.827][linker]-[Debug]-[DjiCommand_DealCmd:919) received unsupport request cmd that noneed ack, <0x88e5> cmdset: 0x03 cmdid: 0xC1 [0m
[37m[5.841][linker]-[Debug]-[DjiProtocol_v1Unpack:215) <0x88f4>V1-Recv: 0x0300->0x0A06 0x036C [0m
[37m[5.841][linker]-[Debug]-[DjiCommand_RecvWork:1066)  <0x88f4>Receive msg from linker, 0x0300->0x0A06 0x036C len:71 [0m
[37m[5.841][linker]-[Debug]-[DjiCommand_DealCmd:919) received unsupport request cmd that noneed ack, <0x88f4> cmdset: 0x03 cmdid: 0x6C [0m
[37m[5.859][linker]-[Debug]-[DjiProtocol_v1Unpack:215) <0x891e>V1-Recv: 0x0300->0x0A06 0x4900 [0m
[37m[5.859][linker]-[Debug]-[DjiCommand_RecvWork:1066)  <0x891e>Receive msg from linker, 0x0300->0x0A06 0x4900 len:14 [0m
[37m[5.859][linker]-[Debug]-[DjiCommand_DealCmd:919) received unsupport request cmd that need ack, <0x891e> cmdset: 0x49 cmdid: 0x00 [0m
[37m[5.898][linker]-[Debug]-[DjiProtocol_v1Unpack:215) <0x58d>V1-Recv: 0x0701->0x0A06 0x0000 [0m
[37m[5.898][linker]-[Debug]-[DjiProtocol_v1Unpack:215) <0x8964>V1-Recv: 0x0300->0x0A06 0x221B [0m
[37m[5.898][linker]-[Debug]-[DjiCommand_RecvWork:1066)  <0x58d>Receive msg from linker, 0x0701->0x0A06 0x0000 len:16 [0m
[37m[5.898][linker]-[Debug]-[DjiProtocol_v1Pack:123) <0x58d>V1-Send: 0x0A06->0x0701 0x0000 [0m
[37m[5.900][linker]-[Debug]-[DjiCommand_RecvWork:1066)  <0x8964>Receive msg from linker, 0x0300->0x0A06 0x221B len:9 [0m
[37m[5.900][linker]-[Debug]-[DjiCommand_DealCmd:919) received unsupport request cmd that noneed ack, <0x8964> cmdset: 0x22 cmdid: 0x1B [0m
[37m[5.927][linker]-[Debug]-[DjiProtocol_v1Unpack:215) <0x899b>V1-Recv: 0x0306->0x0A06 0x03C1 [0m
[37m[5.927][linker]-[Debug]-[DjiCommand_RecvWork:1066)  <0x899b>Receive msg from linker, 0x0306->0x0A06 0x03C1 len:13 [0m
[37m[5.927][linker]-[Debug]-[DjiCommand_DealCmd:919) received unsupport request cmd that noneed ack, <0x899b> cmdset: 0x03 cmdid: 0xC1 [0m
[37m[5.940][linker]-[Debug]-[DjiProtocol_v1Unpack:215) <0x89aa>V1-Recv: 0x0300->0x0A06 0x036C [0m
[37m[5.940][linker]-[Debug]-[DjiCommand_RecvWork:1066)  <0x89aa>Receive msg from linker, 0x0300->0x0A06 0x036C len:71 [0m
[37m[5.940][linker]-[Debug]-[DjiCommand_DealCmd:919) received unsupport request cmd that noneed ack, <0x89aa> cmdset: 0x03 cmdid: 0x6C [0m
[37m[5.959][linker]-[Debug]-[DjiProtocol_v1Unpack:215) <0x89d7>V1-Recv: 0x0300->0x0A06 0x4900 [0m
[37m[5.959][linker]-[Debug]-[DjiCommand_RecvWork:1066)  <0x89d7>Receive msg from linker, 0x0300->0x0A06 0x4900 len:14 [0m
[37m[5.959][linker]-[Debug]-[DjiCommand_DealCmd:919) received unsupport request cmd that need ack, <0x89d7> cmdset: 0x49 cmdid: 0x00 [0m
[37m[5.997][linker]-[Debug]-[DjiProtocol_v1Unpack:215) <0x8a23>V1-Recv: 0x0300->0x0A06 0x221B [0m
[37m[5.997][linker]-[Debug]-[DjiCommand_RecvWork:1066)  <0x8a23>Receive msg from linker, 0x0300->0x0A06 0x221B len:9 [0m
[37m[5.997][linker]-[Debug]-[DjiCommand_DealCmd:919) received unsupport request cmd that noneed ack, <0x8a23> cmdset: 0x22 cmdid: 0x1B [0m
[37m[5.999][linker]-[Debug]-[DjiProtocol_v1Pack:123) <0xdd16>V1-Send: 0x0A06->0x1104 0x4910 [0m
[37m[6.019][linker]-[Debug]-[DjiProtocol_v1Unpack:215) <0xdd16>V1-Recv: 0x1104->0x0A06 0x4910 [0m
[37m[6.020][linker]-[Debug]-[DjiCommand_RecvWork:1066)  <0xdd16>Receive msg from linker, 0x1104->0x0A06 0x4910 len:1 [0m
[37m[6.020][linker]-[Debug]-[DjiCommand_SendSyncCallback:1014) PsdkCommand_SendSyncCallback success [0m
[37m[6.020][linker]-[Debug]-[DjiCommand_DealCmd:830) callback function (cmdset: 0x49 cmdid: 0x10) deal time: 0 ms [0m
[37m[6.020][linker]-[Debug]-[DjiCommand_SendSync:553) sendSync callback success [0m
[37m[6.020][linker]-[Debug]-[DjiProtocol_v1Pack:123) <0xdd17>V1-Send: 0x0A06->0x1104 0x4910 [0m
[37m[6.027][linker]-[Debug]-[DjiProtocol_v1Unpack:215) <0x8a56>V1-Recv: 0x0306->0x0A06 0x03C1 [0m
[37m[6.027][linker]-[Debug]-[DjiCommand_RecvWork:1066)  <0x8a56>Receive msg from linker, 0x0306->0x0A06 0x03C1 len:13 [0m
[37m[6.027][linker]-[Debug]-[DjiCommand_DealCmd:919) received unsupport request cmd that noneed ack, <0x8a56> cmdset: 0x03 cmdid: 0xC1 [0m
[37m[6.041][linker]-[Debug]-[DjiProtocol_v1Unpack:215) <0x8a65>V1-Recv: 0x0300->0x0A06 0x036C [0m
[37m[6.041][linker]-[Debug]-[DjiProtocol_v1Unpack:215) <0xdd17>V1-Recv: 0x1104->0x0A06 0x4910 [0m
[37m[6.042][linker]-[Debug]-[DjiCommand_RecvWork:1066)  <0x8a65>Receive msg from linker, 0x0300->0x0A06 0x036C len:71 [0m
[37m[6.042][linker]-[Debug]-[DjiCommand_DealCmd:919) received unsupport request cmd that noneed ack, <0x8a65> cmdset: 0x03 cmdid: 0x6C [0m
[37m[6.043][linker]-[Debug]-[DjiCommand_RecvWork:1066)  <0xdd17>Receive msg from linker, 0x1104->0x0A06 0x4910 len:1 [0m
[37m[6.043][linker]-[Debug]-[DjiCommand_SendSyncCallback:1014) PsdkCommand_SendSyncCallback success [0m
[37m[6.043][linker]-[Debug]-[DjiCommand_SendSync:553) sendSync callback success [0m
[37m[6.043][linker]-[Debug]-[DjiProtocol_v1Pack:123) <0xdd18>V1-Send: 0x0A06->0x1104 0x4910 [0m
[37m[6.043][linker]-[Debug]-[DjiCommand_DealCmd:830) callback function (cmdset: 0x49 cmdid: 0x10) deal time: 0 ms [0m
[37m[6.059][linker]-[Debug]-[DjiProtocol_v1Unpack:215) <0x8a8c>V1-Recv: 0x0300->0x0A06 0x4900 [0m
[37m[6.059][linker]-[Debug]-[DjiProtocol_v1Unpack:215) <0xdd18>V1-Recv: 0x1104->0x0A06 0x4910 [0m
[37m[6.059][linker]-[Debug]-[DjiCommand_RecvWork:1066)  <0x8a8c>Receive msg from linker, 0x0300->0x0A06 0x4900 len:14 [0m
[37m[6.059][linker]-[Debug]-[DjiCommand_DealCmd:919) received unsupport request cmd that need ack, <0x8a8c> cmdset: 0x49 cmdid: 0x00 [0m
[37m[6.061][linker]-[Debug]-[DjiCommand_RecvWork:1066)  <0xdd18>Receive msg from linker, 0x1104->0x0A06 0x4910 len:1 [0m
[37m[6.061][linker]-[Debug]-[DjiCommand_SendSyncCallback:1014) PsdkCommand_SendSyncCallback success [0m
[37m[6.061][linker]-[Debug]-[DjiCommand_DealCmd:830) callback function (cmdset: 0x49 cmdid: 0x10) deal time: 0 ms [0m
[37m[6.061][linker]-[Debug]-[DjiCommand_SendSync:553) sendSync callback success [0m
[37m[6.061][linker]-[Debug]-[DjiProtocol_v1Pack:123) <0xdd19>V1-Send: 0x0A06->0x1104 0x4910 [0m
[37m[6.082][linker]-[Debug]-[DjiProtocol_v1Unpack:215) <0xdd19>V1-Recv: 0x1104->0x0A06 0x4910 [0m
[37m[6.082][linker]-[Debug]-[DjiCommand_RecvWork:1066)  <0xdd19>Receive msg from linker, 0x1104->0x0A06 0x4910 len:1 [0m
[37m[6.082][linker]-[Debug]-[DjiCommand_SendSyncCallback:1014) PsdkCommand_SendSyncCallback success [0m
[37m[6.082][linker]-[Debug]-[DjiCommand_DealCmd:830) callback function (cmdset: 0x49 cmdid: 0x10) deal time: 0 ms [0m
[37m[6.082][linker]-[Debug]-[DjiCommand_SendSync:553) sendSync callback success [0m
[37m[6.082][linker]-[Debug]-[DjiProtocol_v1Pack:123) <0xdd1a>V1-Send: 0x0A06->0x1104 0x4910 [0m
[37m[6.098][linker]-[Debug]-[DjiProtocol_v1Unpack:215) <0x8ad2>V1-Recv: 0x0300->0x0A06 0x221B [0m
[37m[6.098][linker]-[Debug]-[DjiCommand_RecvWork:1066)  <0x8ad2>Receive msg from linker, 0x0300->0x0A06 0x221B len:9 [0m
[37m[6.098][linker]-[Debug]-[DjiCommand_DealCmd:919) received unsupport request cmd that noneed ack, <0x8ad2> cmdset: 0x22 cmdid: 0x1B [0m
[37m[6.099][linker]-[Debug]-[DjiProtocol_v1Unpack:215) <0xdd1a>V1-Recv: 0x1104->0x0A06 0x4910 [0m
[37m[6.099][linker]-[Debug]-[DjiCommand_RecvWork:1066)  <0xdd1a>Receive msg from linker, 0x1104->0x0A06 0x4910 len:1 [0m
[37m[6.099][linker]-[Debug]-[DjiCommand_SendSyncCallback:1014) PsdkCommand_SendSyncCallback success [0m
[37m[6.099][linker]-[Debug]-[DjiCommand_DealCmd:830) callback function (cmdset: 0x49 cmdid: 0x10) deal time: 0 ms [0m
[37m[6.099][linker]-[Debug]-[DjiCommand_SendSync:553) sendSync callback success [0m
[37m[6.099][linker]-[Debug]-[DjiProtocol_v1Pack:123) <0xdd1b>V1-Send: 0x0A06->0x1104 0x4910 [0m
[37m[6.119][linker]-[Debug]-[DjiProtocol_v1Unpack:215) <0xdd1b>V1-Recv: 0x1104->0x0A06 0x4910 [0m
[37m[6.119][linker]-[Debug]-[DjiCommand_RecvWork:1066)  <0xdd1b>Receive msg from linker, 0x1104->0x0A06 0x4910 len:1 [0m
[37m[6.119][linker]-[Debug]-[DjiCommand_SendSyncCallback:1014) PsdkCommand_SendSyncCallback success [0m
[37m[6.119][linker]-[Debug]-[DjiCommand_DealCmd:830) callback function (cmdset: 0x49 cmdid: 0x10) deal time: 0 ms [0m
[37m[6.119][linker]-[Debug]-[DjiCommand_SendSync:553) sendSync callback success [0m
[37m[6.127][linker]-[Debug]-[DjiProtocol_v1Unpack:215) <0x8b0d>V1-Recv: 0x0306->0x0A06 0x03C1 [0m
[37m[6.127][linker]-[Debug]-[DjiCommand_RecvWork:1066)  <0x8b0d>Receive msg from linker, 0x0306->0x0A06 0x03C1 len:13 [0m
[37m[6.127][linker]-[Debug]-[DjiCommand_DealCmd:919) received unsupport request cmd that noneed ack, <0x8b0d> cmdset: 0x03 cmdid: 0xC1 [0m
[37m[6.140][linker]-[Debug]-[DjiProtocol_v1Unpack:215) <0x8b1d>V1-Recv: 0x0300->0x0A06 0x036C [0m
[37m[6.141][linker]-[Debug]-[DjiCommand_RecvWork:1066)  <0x8b1d>Receive msg from linker, 0x0300->0x0A06 0x036C len:71 [0m
[37m[6.141][linker]-[Debug]-[DjiCommand_DealCmd:919) received unsupport request cmd that noneed ack, <0x8b1d> cmdset: 0x03 cmdid: 0x6C [0m
[37m[6.160][linker]-[Debug]-[DjiProtocol_v1Unpack:215) <0x8b45>V1-Recv: 0x0300->0x0100 0x0405 [0m
[37m[6.160][linker]-[Debug]-[DjiProtocol_v1Unpack:215) <0x8b46>V1-Recv: 0x0300->0x0A06 0x4900 [0m
[37m[6.160][linker]-[Debug]-[DjiCommand_RecvWork:1066)  <0x8b45>Receive msg from linker, 0x0300->0x0100 0x0405 len:22 [0m
[37m[6.160][linker]-[Debug]-[DjiCommand_DealCmd:919) received unsupport request cmd that noneed ack, <0x8b45> cmdset: 0x04 cmdid: 0x05 [0m
[37m[6.161][linker]-[Debug]-[DjiCommand_RecvWork:1066)  <0x8b46>Receive msg from linker, 0x0300->0x0A06 0x4900 len:14 [0m
[37m[6.161][linker]-[Debug]-[DjiCommand_DealCmd:919) received unsupport request cmd that need ack, <0x8b46> cmdset: 0x49 cmdid: 0x00 [0m
[37m[6.198][linker]-[Debug]-[DjiProtocol_v1Unpack:215) <0x8b8e>V1-Recv: 0x0300->0x0A06 0x221B [0m
[37m[6.198][linker]-[Debug]-[DjiCommand_RecvWork:1066)  <0x8b8e>Receive msg from linker, 0x0300->0x0A06 0x221B len:9 [0m
[37m[6.198][linker]-[Debug]-[DjiCommand_DealCmd:919) received unsupport request cmd that noneed ack, <0x8b8e> cmdset: 0x22 cmdid: 0x1B [0m
[37m[6.227][linker]-[Debug]-[DjiProtocol_v1Unpack:215) <0x8bc6>V1-Recv: 0x0306->0x0A06 0x03C1 [0m
[37m[6.227][linker]-[Debug]-[DjiCommand_RecvWork:1066)  <0x8bc6>Receive msg from linker, 0x0306->0x0A06 0x03C1 len:13 [0m
[37m[6.227][linker]-[Debug]-[DjiCommand_DealCmd:919) received unsupport request cmd that noneed ack, <0x8bc6> cmdset: 0x03 cmdid: 0xC1 [0m
[37m[6.241][linker]-[Debug]-[DjiProtocol_v1Unpack:215) <0x8bd7>V1-Recv: 0x0300->0x0A06 0x036C [0m
[37m[6.241][linker]-[Debug]-[DjiCommand_RecvWork:1066)  <0x8bd7>Receive msg from linker, 0x0300->0x0A06 0x036C len:71 [0m
[37m[6.241][linker]-[Debug]-[DjiCommand_DealCmd:919) received unsupport request cmd that noneed ack, <0x8bd7> cmdset: 0x03 cmdid: 0x6C [0m
[37m[6.259][linker]-[Debug]-[DjiProtocol_v1Unpack:215) <0x8c08>V1-Recv: 0x0300->0x0A06 0x4900 [0m
[37m[6.259][linker]-[Debug]-[DjiCommand_RecvWork:1066)  <0x8c08>Receive msg from linker, 0x0300->0x0A06 0x4900 len:14 [0m
[37m[6.259][linker]-[Debug]-[DjiCommand_DealCmd:919) received unsupport request cmd that need ack, <0x8c08> cmdset: 0x49 cmdid: 0x00 [0m
[37m[6.297][linker]-[Debug]-[DjiProtocol_v1Unpack:215) <0x8c58>V1-Recv: 0x0300->0x0A06 0x221B [0m
[37m[6.298][linker]-[Debug]-[DjiCommand_RecvWork:1066)  <0x8c58>Receive msg from linker, 0x0300->0x0A06 0x221B len:9 [0m
[37m[6.298][linker]-[Debug]-[DjiCommand_DealCmd:919) received unsupport request cmd that noneed ack, <0x8c58> cmdset: 0x22 cmdid: 0x1B [0m
[37m[6.319][linker]-[Debug]-[DjiCommand_RegRecvCmdHandler:674) Reg command handle list success, index:2 [0m
[37m[6.319][linker]-[Debug]-[DjiCommand_RegRecvCmdHandler:674) Reg command handle list success, index:3 [0m
[37m[6.319][linker]-[Debug]-[DjiProtocol_v1Pack:123) <0xdd1c>V1-Send: 0x0A06->0x0306 0x3C40 [0m
[32m[6.319][core]-[Info]-[DjiIdentityVerify_UpdatePolicy:474) Updating dji sdk policy file... [0m
[37m[6.320][linker]-[Debug]-[DjiProtocol_v1Pack:123) <0xdd1d>V1-Send: 0x0A06->0x1D01 0x00F0 [0m
[37m[6.327][linker]-[Debug]-[DjiProtocol_v1Unpack:215) <0x8c8c>V1-Recv: 0x0306->0x0A06 0x03C1 [0m
[37m[6.327][linker]-[Debug]-[DjiCommand_RecvWork:1066)  <0x8c8c>Receive msg from linker, 0x0306->0x0A06 0x03C1 len:13 [0m
[37m[6.327][linker]-[Debug]-[DjiCommand_DealCmd:919) received unsupport request cmd that noneed ack, <0x8c8c> cmdset: 0x03 cmdid: 0xC1 [0m
[37m[6.342][linker]-[Debug]-[DjiProtocol_v1Unpack:215) <0xdd1c>V1-Recv: 0x0306->0x0A06 0x3C40 [0m
[37m[6.342][linker]-[Debug]-[DjiProtocol_v1Unpack:215) <0x8c9f>V1-Recv: 0x0300->0x0A06 0x036C [0m
[37m[6.342][linker]-[Debug]-[DjiProtocol_v1Unpack:215) <0x05>V1-Recv: 0x0801->0x0A06 0x3C40 [0m
[37m[6.342][linker]-[Debug]-[DjiCommand_RecvWork:1066)  <0xdd1c>Receive msg from linker, 0x0306->0x0A06 0x3C40 len:4 [0m
[37m[6.342][auth]-[Debug]-[DjiIdentityVerify_RequestUpdatePolicyAsyncCallback:429) request update policy file success [0m
[37m[6.342][linker]-[Debug]-[DjiCommand_DealCmd:830) callback function (cmdset: 0x3C cmdid: 0x40) deal time: 0 ms [0m
[37m[6.343][linker]-[Debug]-[DjiCommand_RecvWork:1066)  <0x8c9f>Receive msg from linker, 0x0300->0x0A06 0x036C len:71 [0m
[37m[6.343][linker]-[Debug]-[DjiCommand_DealCmd:919) received unsupport request cmd that noneed ack, <0x8c9f> cmdset: 0x03 cmdid: 0x6C [0m
[37m[6.344][linker]-[Debug]-[DjiCommand_RecvWork:1066)  <0x05>Receive msg from linker, 0x0801->0x0A06 0x3C40 len:12 [0m
[37m[6.344][auth]-[Debug]-[DjiIdentityVerify_RequestUploadPolicyFileHandle:300) request upload policy file type:0 [0m
[37m[6.344][auth]-[Debug]-[DjiIdentityVerify_RequestUploadPolicyFileHandle:313) upload policy file info md5 checksum and version [0m
[37m[6.344][linker]-[Debug]-[DjiProtocol_v1Pack:123) <0x05>V1-Send: 0x0A06->0x0801 0x3C40 [0m
[37m[6.359][linker]-[Debug]-[DjiProtocol_v1Unpack:215) <0x8cc8>V1-Recv: 0x0300->0x0A06 0x4900 [0m
[37m[6.359][linker]-[Debug]-[DjiProtocol_v1Unpack:215) <0x06>V1-Recv: 0x0801->0x0A06 0x3C40 [0m
[37m[6.359][linker]-[Debug]-[DjiCommand_RecvWork:1066)  <0x8cc8>Receive msg from linker, 0x0300->0x0A06 0x4900 len:14 [0m
[37m[6.359][linker]-[Debug]-[DjiCommand_DealCmd:919) received unsupport request cmd that need ack, <0x8cc8> cmdset: 0x49 cmdid: 0x00 [0m
[37m[6.360][linker]-[Debug]-[DjiCommand_RecvWork:1066)  <0x06>Receive msg from linker, 0x0801->0x0A06 0x3C40 len:12 [0m
[37m[6.361][auth]-[Debug]-[DjiIdentityVerify_RequestUploadPolicyFileHandle:300) request upload policy file type:1 [0m
[37m[6.361][auth]-[Debug]-[DjiIdentityVerify_RequestUploadPolicyFileHandle:332) request upload policy file data: 0 0 200 [0m
[37m[6.361][linker]-[Debug]-[DjiProtocol_v1Pack:123) <0x06>V1-Send: 0x0A06->0x0801 0x3C40 [0m
[37m[6.379][linker]-[Debug]-[DjiProtocol_v1Unpack:215) <0x07>V1-Recv: 0x0801->0x0A06 0x3C40 [0m
[37m[6.380][linker]-[Debug]-[DjiCommand_RecvWork:1066)  <0x07>Receive msg from linker, 0x0801->0x0A06 0x3C40 len:12 [0m
[37m[6.380][auth]-[Debug]-[DjiIdentityVerify_RequestUploadPolicyFileHandle:300) request upload policy file type:1 [0m
[37m[6.380][auth]-[Debug]-[DjiIdentityVerify_RequestUploadPolicyFileHandle:332) request upload policy file data: 1 200 200 [0m
[37m[6.380][linker]-[Debug]-[DjiProtocol_v1Pack:123) <0x07>V1-Send: 0x0A06->0x0801 0x3C40 [0m
[37m[6.396][utils]-[Debug]-[DjiCore_RootTask:131) work execution time: [0m
[37m[6.396][utils]-[Debug]-[DjiCore_RootTask:132) name	                execution time (ms)	  max execution time (ms) [0m
[37m[6.396][utils]-[Debug]-[DjiCore_RootTask:134) recorderWork                    	0       	1        [0m
[37m[6.396][utils]-[Debug]-[DjiCore_RootTask:134) flowControllerTask              	0       	0        [0m
[37m[6.396][utils]-[Debug]-[DjiCore_RootTask:134) commandTask                     	1       	1        [0m
[37m[6.398][linker]-[Debug]-[DjiProtocol_v1Unpack:215) <0x8d13>V1-Recv: 0x0300->0x0A06 0x221B [0m
[37m[6.398][linker]-[Debug]-[DjiCommand_RecvWork:1066)  <0x8d13>Receive msg from linker, 0x0300->0x0A06 0x221B len:9 [0m
[37m[6.398][linker]-[Debug]-[DjiCommand_DealCmd:919) received unsupport request cmd that noneed ack, <0x8d13> cmdset: 0x22 cmdid: 0x1B [0m
[37m[6.400][linker]-[Debug]-[DjiProtocol_v1Unpack:215) <0x08>V1-Recv: 0x0801->0x0A06 0x3C40 [0m
[37m[6.400][linker]-[Debug]-[DjiCommand_RecvWork:1066)  <0x08>Receive msg from linker, 0x0801->0x0A06 0x3C40 len:12 [0m
[37m[6.400][auth]-[Debug]-[DjiIdentityVerify_RequestUploadPolicyFileHandle:300) request upload policy file type:1 [0m
[37m[6.400][auth]-[Debug]-[DjiIdentityVerify_RequestUploadPolicyFileHandle:332) request upload policy file data: 2 400 111 [0m
[37m[6.400][linker]-[Debug]-[DjiProtocol_v1Pack:123) <0x08>V1-Send: 0x0A06->0x0801 0x3C40 [0m
[37m[6.420][linker]-[Debug]-[DjiProtocol_v1Unpack:215) <0x09>V1-Recv: 0x0801->0x0A06 0x3C40 [0m
[37m[6.420][linker]-[Debug]-[DjiCommand_RecvWork:1066)  <0x09>Receive msg from linker, 0x0801->0x0A06 0x3C40 len:12 [0m
[37m[6.420][auth]-[Debug]-[DjiIdentityVerify_RequestUploadPolicyFileHandle:300) request upload policy file type:2 [0m
[37m[6.420][auth]-[Debug]-[DjiIdentityVerify_RequestUploadPolicyFileHandle:354) request upload policy file success [0m
[37m[6.420][linker]-[Debug]-[DjiProtocol_v1Pack:123) <0x09>V1-Send: 0x0A06->0x0801 0x3C40 [0m
[37m[6.426][linker]-[Debug]-[DjiProtocol_v1Unpack:215) <0x8d45>V1-Recv: 0x0306->0x0A06 0x03C1 [0m
[37m[6.427][linker]-[Debug]-[DjiCommand_RecvWork:1066)  <0x8d45>Receive msg from linker, 0x0306->0x0A06 0x03C1 len:13 [0m
[37m[6.427][linker]-[Debug]-[DjiCommand_DealCmd:919) received unsupport request cmd that noneed ack, <0x8d45> cmdset: 0x03 cmdid: 0xC1 [0m
[37m[6.440][linker]-[Debug]-[DjiProtocol_v1Unpack:215) <0x8d56>V1-Recv: 0x0300->0x0A06 0x036C [0m
[37m[6.441][linker]-[Debug]-[DjiCommand_RecvWork:1066)  <0x8d56>Receive msg from linker, 0x0300->0x0A06 0x036C len:71 [0m
[37m[6.441][linker]-[Debug]-[DjiCommand_DealCmd:919) received unsupport request cmd that noneed ack, <0x8d56> cmdset: 0x03 cmdid: 0x6C [0m
[37m[6.449][linker]-[Debug]-[DjiProtocol_v1Unpack:215) <0x173b>V1-Recv: 0x1D07->0x0A06 0x2105 [0m
[37m[6.449][linker]-[Debug]-[DjiCommand_RecvWork:1066)  <0x173b>Receive msg from linker, 0x1D07->0x0A06 0x2105 len:1 [0m
[37m[6.449][linker]-[Debug]-[DjiCommand_DealCmd:919) received unsupport request cmd that need ack, <0x173b> cmdset: 0x21 cmdid: 0x05 [0m
[37m[6.459][linker]-[Debug]-[DjiProtocol_v1Unpack:215) <0x8d80>V1-Recv: 0x0300->0x0A06 0x4900 [0m
[37m[6.459][linker]-[Debug]-[DjiCommand_RecvWork:1066)  <0x8d80>Receive msg from linker, 0x0300->0x0A06 0x4900 len:14 [0m
[37m[6.459][linker]-[Debug]-[DjiCommand_DealCmd:919) received unsupport request cmd that need ack, <0x8d80> cmdset: 0x49 cmdid: 0x00 [0m
[37m[6.498][linker]-[Debug]-[DjiProtocol_v1Unpack:215) <0x8dc8>V1-Recv: 0x0300->0x0A06 0x221B [0m
[37m[6.498][linker]-[Debug]-[DjiCommand_RecvWork:1066)  <0x8dc8>Receive msg from linker, 0x0300->0x0A06 0x221B len:9 [0m
[37m[6.498][linker]-[Debug]-[DjiCommand_DealCmd:919) received unsupport request cmd that noneed ack, <0x8dc8> cmdset: 0x22 cmdid: 0x1B [0m
[37m[6.527][linker]-[Debug]-[DjiProtocol_v1Unpack:215) <0x8dfc>V1-Recv: 0x0306->0x0A06 0x03C1 [0m
[37m[6.528][linker]-[Debug]-[DjiCommand_RecvWork:1066)  <0x8dfc>Receive msg from linker, 0x0306->0x0A06 0x03C1 len:13 [0m
[37m[6.528][linker]-[Debug]-[DjiCommand_DealCmd:919) received unsupport request cmd that noneed ack, <0x8dfc> cmdset: 0x03 cmdid: 0xC1 [0m
[37m[6.541][linker]-[Debug]-[DjiProtocol_v1Unpack:215) <0x8e0e>V1-Recv: 0x0300->0x0A06 0x036C [0m
[37m[6.541][linker]-[Debug]-[DjiCommand_RecvWork:1066)  <0x8e0e>Receive msg from linker, 0x0300->0x0A06 0x036C len:71 [0m
[37m[6.541][linker]-[Debug]-[DjiCommand_DealCmd:919) received unsupport request cmd that noneed ack, <0x8e0e> cmdset: 0x03 cmdid: 0x6C [0m
[37m[6.559][linker]-[Debug]-[DjiProtocol_v1Unpack:215) <0x8e36>V1-Recv: 0x0300->0x0A06 0x4900 [0m
[37m[6.560][linker]-[Debug]-[DjiCommand_RecvWork:1066)  <0x8e36>Receive msg from linker, 0x0300->0x0A06 0x4900 len:14 [0m
[37m[6.560][linker]-[Debug]-[DjiCommand_DealCmd:919) received unsupport request cmd that need ack, <0x8e36> cmdset: 0x49 cmdid: 0x00 [0m
[37m[6.598][linker]-[Debug]-[DjiProtocol_v1Unpack:215) <0x8e7e>V1-Recv: 0x0300->0x0A06 0x221B [0m
[37m[6.599][linker]-[Debug]-[DjiCommand_RecvWork:1066)  <0x8e7e>Receive msg from linker, 0x0300->0x0A06 0x221B len:9 [0m
[37m[6.599][linker]-[Debug]-[DjiCommand_DealCmd:919) received unsupport request cmd that noneed ack, <0x8e7e> cmdset: 0x22 cmdid: 0x1B [0m
[37m[6.627][linker]-[Debug]-[DjiProtocol_v1Unpack:215) <0x8eae>V1-Recv: 0x0306->0x0A06 0x03C1 [0m
[37m[6.628][linker]-[Debug]-[DjiCommand_RecvWork:1066)  <0x8eae>Receive msg from linker, 0x0306->0x0A06 0x03C1 len:13 [0m
[37m[6.628][linker]-[Debug]-[DjiCommand_DealCmd:919) received unsupport request cmd that noneed ack, <0x8eae> cmdset: 0x03 cmdid: 0xC1 [0m
[37m[6.641][linker]-[Debug]-[DjiProtocol_v1Unpack:215) <0x8ebd>V1-Recv: 0x0300->0x0A06 0x036C [0m
[37m[6.642][linker]-[Debug]-[DjiCommand_RecvWork:1066)  <0x8ebd>Receive msg from linker, 0x0300->0x0A06 0x036C len:71 [0m
[37m[6.642][linker]-[Debug]-[DjiCommand_DealCmd:919) received unsupport request cmd that noneed ack, <0x8ebd> cmdset: 0x03 cmdid: 0x6C [0m
[37m[6.661][linker]-[Debug]-[DjiProtocol_v1Unpack:215) <0x8ee5>V1-Recv: 0x0300->0x0A06 0x0F74 [0m
[37m[6.661][linker]-[Debug]-[DjiProtocol_v1Unpack:215) <0x8ee8>V1-Recv: 0x0300->0x0100 0x0406 [0m
[37m[6.661][linker]-[Debug]-[DjiProtocol_v1Unpack:215) <0x8ee9>V1-Recv: 0x0300->0x0100 0x0407 [0m
[37m[6.661][linker]-[Debug]-[DjiProtocol_v1Unpack:215) <0x8eea>V1-Recv: 0x0300->0x0A06 0x4900 [0m
[37m[6.661][linker]-[Debug]-[DjiCommand_RecvWork:1066)  <0x8ee5>Receive msg from linker, 0x0300->0x0A06 0x0F74 len:28 [0m
[37m[6.661][linker]-[Debug]-[DjiCommand_DealCmd:919) received unsupport request cmd that noneed ack, <0x8ee5> cmdset: 0x0F cmdid: 0x74 [0m
[37m[6.662][linker]-[Debug]-[DjiCommand_RecvWork:1066)  <0x8ee8>Receive msg from linker, 0x0300->0x0100 0x0406 len:12 [0m
[37m[6.662][linker]-[Debug]-[DjiCommand_DealCmd:919) received unsupport request cmd that noneed ack, <0x8ee8> cmdset: 0x04 cmdid: 0x06 [0m
[37m[6.663][linker]-[Debug]-[DjiCommand_RecvWork:1066)  <0x8ee9>Receive msg from linker, 0x0300->0x0100 0x0407 len:1 [0m
[37m[6.663][linker]-[Debug]-[DjiCommand_DealCmd:919) received unsupport request cmd that noneed ack, <0x8ee9> cmdset: 0x04 cmdid: 0x07 [0m
[37m[6.664][linker]-[Debug]-[DjiCommand_RecvWork:1066)  <0x8eea>Receive msg from linker, 0x0300->0x0A06 0x4900 len:14 [0m
[37m[6.664][linker]-[Debug]-[DjiCommand_DealCmd:919) received unsupport request cmd that need ack, <0x8eea> cmdset: 0x49 cmdid: 0x00 [0m
[37m[6.697][linker]-[Debug]-[DjiProtocol_v1Unpack:215) <0x8f2c>V1-Recv: 0x0300->0x0A06 0x221B [0m
[37m[6.697][linker]-[Debug]-[DjiCommand_RecvWork:1066)  <0x8f2c>Receive msg from linker, 0x0300->0x0A06 0x221B len:9 [0m
[37m[6.697][linker]-[Debug]-[DjiCommand_DealCmd:919) received unsupport request cmd that noneed ack, <0x8f2c> cmdset: 0x22 cmdid: 0x1B [0m
[37m[6.727][linker]-[Debug]-[DjiProtocol_v1Unpack:215) <0x8f64>V1-Recv: 0x0306->0x0A06 0x03C1 [0m
[37m[6.727][linker]-[Debug]-[DjiCommand_RecvWork:1066)  <0x8f64>Receive msg from linker, 0x0306->0x0A06 0x03C1 len:13 [0m
[37m[6.727][linker]-[Debug]-[DjiCommand_DealCmd:919) received unsupport request cmd that noneed ack, <0x8f64> cmdset: 0x03 cmdid: 0xC1 [0m
[37m[6.740][linker]-[Debug]-[DjiProtocol_v1Unpack:215) <0x8f75>V1-Recv: 0x0300->0x0A06 0x036C [0m
[37m[6.740][linker]-[Debug]-[DjiCommand_RecvWork:1066)  <0x8f75>Receive msg from linker, 0x0300->0x0A06 0x036C len:71 [0m
[37m[6.740][linker]-[Debug]-[DjiCommand_DealCmd:919) received unsupport request cmd that noneed ack, <0x8f75> cmdset: 0x03 cmdid: 0x6C [0m
[37m[6.759][linker]-[Debug]-[DjiProtocol_v1Unpack:215) <0x8fa9>V1-Recv: 0x0300->0x0A06 0x4900 [0m
[37m[6.759][linker]-[Debug]-[DjiCommand_RecvWork:1066)  <0x8fa9>Receive msg from linker, 0x0300->0x0A06 0x4900 len:14 [0m
[37m[6.759][linker]-[Debug]-[DjiCommand_DealCmd:919) received unsupport request cmd that need ack, <0x8fa9> cmdset: 0x49 cmdid: 0x00 [0m
[37m[6.792][linker]-[Debug]-[DjiProtocol_v1Unpack:215) <0x8fdf>V1-Recv: 0x0306->0x0A06 0x03C1 [0m
[37m[6.792][linker]-[Debug]-[DjiCommand_RecvWork:1066)  <0x8fdf>Receive msg from linker, 0x0306->0x0A06 0x03C1 len:126 [0m
[37m[6.792][linker]-[Debug]-[DjiCommand_DealCmd:919) received unsupport request cmd that noneed ack, <0x8fdf> cmdset: 0x03 cmdid: 0xC1 [0m
[37m[6.797][linker]-[Debug]-[DjiProtocol_v1Unpack:215) <0x8ff7>V1-Recv: 0x0300->0x0A06 0x221B [0m
[37m[6.798][linker]-[Debug]-[DjiCommand_RecvWork:1066)  <0x8ff7>Receive msg from linker, 0x0300->0x0A06 0x221B len:9 [0m
[37m[6.798][linker]-[Debug]-[DjiCommand_DealCmd:919) received unsupport request cmd that noneed ack, <0x8ff7> cmdset: 0x22 cmdid: 0x1B [0m
[37m[6.827][linker]-[Debug]-[DjiProtocol_v1Unpack:215) <0x9026>V1-Recv: 0x0306->0x0A06 0x03C1 [0m
[37m[6.827][linker]-[Debug]-[DjiCommand_RecvWork:1066)  <0x9026>Receive msg from linker, 0x0306->0x0A06 0x03C1 len:13 [0m
[37m[6.827][linker]-[Debug]-[DjiCommand_DealCmd:919) received unsupport request cmd that noneed ack, <0x9026> cmdset: 0x03 cmdid: 0xC1 [0m
[37m[6.840][linker]-[Debug]-[DjiProtocol_v1Unpack:215) <0x9035>V1-Recv: 0x0300->0x0A06 0x036C [0m
[37m[6.840][linker]-[Debug]-[DjiCommand_RecvWork:1066)  <0x9035>Receive msg from linker, 0x0300->0x0A06 0x036C len:71 [0m
[37m[6.840][linker]-[Debug]-[DjiCommand_DealCmd:919) received unsupport request cmd that noneed ack, <0x9035> cmdset: 0x03 cmdid: 0x6C [0m
[37m[6.858][linker]-[Debug]-[DjiProtocol_v1Unpack:215) <0x905f>V1-Recv: 0x0300->0x0A06 0x4900 [0m
[37m[6.858][linker]-[Debug]-[DjiCommand_RecvWork:1066)  <0x905f>Receive msg from linker, 0x0300->0x0A06 0x4900 len:14 [0m
[37m[6.858][linker]-[Debug]-[DjiCommand_DealCmd:919) received unsupport request cmd that need ack, <0x905f> cmdset: 0x49 cmdid: 0x00 [0m
[37m[6.898][linker]-[Debug]-[DjiProtocol_v1Unpack:215) <0x58e>V1-Recv: 0x0701->0x0A06 0x0000 [0m
[37m[6.898][linker]-[Debug]-[DjiProtocol_v1Unpack:215) <0x90a4>V1-Recv: 0x0300->0x0A06 0x221B [0m
[37m[6.898][linker]-[Debug]-[DjiCommand_RecvWork:1066)  <0x58e>Receive msg from linker, 0x0701->0x0A06 0x0000 len:16 [0m
[37m[6.898][linker]-[Debug]-[DjiProtocol_v1Pack:123) <0x58e>V1-Send: 0x0A06->0x0701 0x0000 [0m
[37m[6.899][linker]-[Debug]-[DjiCommand_RecvWork:1066)  <0x90a4>Receive msg from linker, 0x0300->0x0A06 0x221B len:9 [0m
[37m[6.899][linker]-[Debug]-[DjiCommand_DealCmd:919) received unsupport request cmd that noneed ack, <0x90a4> cmdset: 0x22 cmdid: 0x1B [0m
[37m[6.926][linker]-[Debug]-[DjiProtocol_v1Unpack:215) <0x90d9>V1-Recv: 0x0306->0x0A06 0x03C1 [0m
[37m[6.926][linker]-[Debug]-[DjiCommand_RecvWork:1066)  <0x90d9>Receive msg from linker, 0x0306->0x0A06 0x03C1 len:13 [0m
[37m[6.926][linker]-[Debug]-[DjiCommand_DealCmd:919) received unsupport request cmd that noneed ack, <0x90d9> cmdset: 0x03 cmdid: 0xC1 [0m
[37m[6.940][linker]-[Debug]-[DjiProtocol_v1Unpack:215) <0x90e8>V1-Recv: 0x0300->0x0A06 0x036C [0m
[37m[6.940][linker]-[Debug]-[DjiCommand_RecvWork:1066)  <0x90e8>Receive msg from linker, 0x0300->0x0A06 0x036C len:71 [0m
[37m[6.940][linker]-[Debug]-[DjiCommand_DealCmd:919) received unsupport request cmd that noneed ack, <0x90e8> cmdset: 0x03 cmdid: 0x6C [0m
[37m[6.958][linker]-[Debug]-[DjiProtocol_v1Unpack:215) <0x9115>V1-Recv: 0x0300->0x0A06 0x4900 [0m
[37m[6.959][linker]-[Debug]-[DjiCommand_RecvWork:1066)  <0x9115>Receive msg from linker, 0x0300->0x0A06 0x4900 len:14 [0m
[37m[6.959][linker]-[Debug]-[DjiCommand_DealCmd:919) received unsupport request cmd that need ack, <0x9115> cmdset: 0x49 cmdid: 0x00 [0m
[37m[6.998][linker]-[Debug]-[DjiProtocol_v1Unpack:215) <0x9162>V1-Recv: 0x0300->0x0A06 0x221B [0m
[37m[6.998][linker]-[Debug]-[DjiCommand_RecvWork:1066)  <0x9162>Receive msg from linker, 0x0300->0x0A06 0x221B len:9 [0m
[37m[6.998][linker]-[Debug]-[DjiCommand_DealCmd:919) received unsupport request cmd that noneed ack, <0x9162> cmdset: 0x22 cmdid: 0x1B [0m
[37m[7.026][linker]-[Debug]-[DjiProtocol_v1Unpack:215) <0x9193>V1-Recv: 0x0306->0x0A06 0x03C1 [0m
[37m[7.027][linker]-[Debug]-[DjiCommand_RecvWork:1066)  <0x9193>Receive msg from linker, 0x0306->0x0A06 0x03C1 len:13 [0m
[37m[7.027][linker]-[Debug]-[DjiCommand_DealCmd:919) received unsupport request cmd that noneed ack, <0x9193> cmdset: 0x03 cmdid: 0xC1 [0m
[37m[7.040][linker]-[Debug]-[DjiProtocol_v1Unpack:215) <0x91a2>V1-Recv: 0x0300->0x0A06 0x036C [0m
[37m[7.041][linker]-[Debug]-[DjiCommand_RecvWork:1066)  <0x91a2>Receive msg from linker, 0x0300->0x0A06 0x036C len:71 [0m
[37m[7.041][linker]-[Debug]-[DjiCommand_DealCmd:919) received unsupport request cmd that noneed ack, <0x91a2> cmdset: 0x03 cmdid: 0x6C [0m
[37m[7.059][linker]-[Debug]-[DjiProtocol_v1Unpack:215) <0x91c9>V1-Recv: 0x0300->0x0A06 0x4900 [0m
[37m[7.059][linker]-[Debug]-[DjiCommand_RecvWork:1066)  <0x91c9>Receive msg from linker, 0x0300->0x0A06 0x4900 len:14 [0m
[37m[7.059][linker]-[Debug]-[DjiCommand_DealCmd:919) received unsupport request cmd that need ack, <0x91c9> cmdset: 0x49 cmdid: 0x00 [0m
[37m[7.098][linker]-[Debug]-[DjiProtocol_v1Unpack:215) <0x9216>V1-Recv: 0x0300->0x0A06 0x221B [0m
[37m[7.099][linker]-[Debug]-[DjiCommand_RecvWork:1066)  <0x9216>Receive msg from linker, 0x0300->0x0A06 0x221B len:9 [0m
[37m[7.099][linker]-[Debug]-[DjiCommand_DealCmd:919) received unsupport request cmd that noneed ack, <0x9216> cmdset: 0x22 cmdid: 0x1B [0m
[37m[7.127][linker]-[Debug]-[DjiProtocol_v1Unpack:215) <0x924f>V1-Recv: 0x0306->0x0A06 0x03C1 [0m
[37m[7.128][linker]-[Debug]-[DjiCommand_RecvWork:1066)  <0x924f>Receive msg from linker, 0x0306->0x0A06 0x03C1 len:13 [0m
[37m[7.128][linker]-[Debug]-[DjiCommand_DealCmd:919) received unsupport request cmd that noneed ack, <0x924f> cmdset: 0x03 cmdid: 0xC1 [0m
[37m[7.141][linker]-[Debug]-[DjiProtocol_v1Unpack:215) <0x925f>V1-Recv: 0x0300->0x0A06 0x036C [0m
[37m[7.142][linker]-[Debug]-[DjiCommand_RecvWork:1066)  <0x925f>Receive msg from linker, 0x0300->0x0A06 0x036C len:71 [0m
[37m[7.142][linker]-[Debug]-[DjiCommand_DealCmd:919) received unsupport request cmd that noneed ack, <0x925f> cmdset: 0x03 cmdid: 0x6C [0m
[37m[7.160][linker]-[Debug]-[DjiProtocol_v1Unpack:215) <0x9286>V1-Recv: 0x0300->0x0100 0x0405 [0m
[37m[7.160][linker]-[Debug]-[DjiProtocol_v1Unpack:215) <0x9287>V1-Recv: 0x0300->0x0A06 0x4900 [0m
[37m[7.161][linker]-[Debug]-[DjiCommand_RecvWork:1066)  <0x9286>Receive msg from linker, 0x0300->0x0100 0x0405 len:22 [0m
[37m[7.161][linker]-[Debug]-[DjiCommand_DealCmd:919) received unsupport request cmd that noneed ack, <0x9286> cmdset: 0x04 cmdid: 0x05 [0m
[37m[7.162][linker]-[Debug]-[DjiCommand_RecvWork:1066)  <0x9287>Receive msg from linker, 0x0300->0x0A06 0x4900 len:14 [0m
[37m[7.162][linker]-[Debug]-[DjiCommand_DealCmd:919) received unsupport request cmd that need ack, <0x9287> cmdset: 0x49 cmdid: 0x00 [0m
[37m[7.197][linker]-[Debug]-[DjiProtocol_v1Unpack:215) <0x92d1>V1-Recv: 0x0300->0x0A06 0x221B [0m
[37m[7.198][linker]-[Debug]-[DjiCommand_RecvWork:1066)  <0x92d1>Receive msg from linker, 0x0300->0x0A06 0x221B len:9 [0m
[37m[7.198][linker]-[Debug]-[DjiCommand_DealCmd:919) received unsupport request cmd that noneed ack, <0x92d1> cmdset: 0x22 cmdid: 0x1B [0m
[37m[7.227][linker]-[Debug]-[DjiProtocol_v1Unpack:215) <0x9306>V1-Recv: 0x0306->0x0A06 0x03C1 [0m
[37m[7.228][linker]-[Debug]-[DjiCommand_RecvWork:1066)  <0x9306>Receive msg from linker, 0x0306->0x0A06 0x03C1 len:13 [0m
[37m[7.228][linker]-[Debug]-[DjiCommand_DealCmd:919) received unsupport request cmd that noneed ack, <0x9306> cmdset: 0x03 cmdid: 0xC1 [0m
[37m[7.240][linker]-[Debug]-[DjiProtocol_v1Unpack:215) <0x9317>V1-Recv: 0x0300->0x0A06 0x036C [0m
[37m[7.241][linker]-[Debug]-[DjiCommand_RecvWork:1066)  <0x9317>Receive msg from linker, 0x0300->0x0A06 0x036C len:71 [0m
[37m[7.241][linker]-[Debug]-[DjiCommand_DealCmd:919) received unsupport request cmd that noneed ack, <0x9317> cmdset: 0x03 cmdid: 0x6C [0m
[37m[7.258][linker]-[Debug]-[DjiProtocol_v1Unpack:215) <0x9347>V1-Recv: 0x0300->0x0A06 0x4900 [0m
[37m[7.259][linker]-[Debug]-[DjiCommand_RecvWork:1066)  <0x9347>Receive msg from linker, 0x0300->0x0A06 0x4900 len:14 [0m
[37m[7.259][linker]-[Debug]-[DjiCommand_DealCmd:919) received unsupport request cmd that need ack, <0x9347> cmdset: 0x49 cmdid: 0x00 [0m
[37m[7.298][linker]-[Debug]-[DjiProtocol_v1Unpack:215) <0x9396>V1-Recv: 0x0300->0x0A06 0x221B [0m
[37m[7.299][linker]-[Debug]-[DjiCommand_RecvWork:1066)  <0x9396>Receive msg from linker, 0x0300->0x0A06 0x221B len:9 [0m
[37m[7.299][linker]-[Debug]-[DjiCommand_DealCmd:919) received unsupport request cmd that noneed ack, <0x9396> cmdset: 0x22 cmdid: 0x1B [0m
[32m[7.320][core]-[Info]-[DjiIdentityVerify_UpdatePolicy:482) Update dji sdk policy file successfully [0m
[37m[7.320][linker]-[Debug]-[DjiCommand_RegRecvCmdHandler:674) Reg command handle list success, index:4 [0m
[37m[7.320][linker]-[Debug]-[DjiCommand_RegRecvCmdHandler:674) Reg command handle list success, index:5 [0m
[37m[7.320][linker]-[Debug]-[DjiProtocol_v1Pack:123) <0xdd1e>V1-Send: 0x0A06->0x0300 0x03FD [0m
[37m[7.322][linker]-[Debug]-[DjiProtocol_v1Pack:123) <0xdd1f>V1-Send: 0x0A06->0x1D01 0x00F0 [0m
[37m[7.327][linker]-[Debug]-[DjiProtocol_v1Unpack:215) <0x93c8>V1-Recv: 0x0306->0x0A06 0x03C1 [0m
[37m[7.327][linker]-[Debug]-[DjiCommand_RecvWork:1066)  <0x93c8>Receive msg from linker, 0x0306->0x0A06 0x03C1 len:13 [0m
[37m[7.327][linker]-[Debug]-[DjiCommand_DealCmd:919) received unsupport request cmd that noneed ack, <0x93c8> cmdset: 0x03 cmdid: 0xC1 [0m
[37m[7.340][linker]-[Debug]-[DjiProtocol_v1Unpack:215) <0xdd1e>V1-Recv: 0x0300->0x0A06 0x03FD [0m
[37m[7.340][linker]-[Debug]-[DjiProtocol_v1Unpack:215) <0x93d7>V1-Recv: 0x0300->0x0A06 0x036C [0m
[37m[7.341][linker]-[Debug]-[DjiCommand_RecvWork:1066)  <0xdd1e>Receive msg from linker, 0x0300->0x0A06 0x03FD len:1 [0m
[37m[7.341][linker]-[Debug]-[DjiCommand_SendSyncCallback:1014) PsdkCommand_SendSyncCallback success [0m
[37m[7.341][linker]-[Debug]-[DjiCommand_DealCmd:830) callback function (cmdset: 0x03 cmdid: 0xFD) deal time: 0 ms [0m
[37m[7.341][linker]-[Debug]-[DjiCommand_SendSync:553) sendSync callback success [0m
[37m[7.341][linker]-[Debug]-[DjiCommand_RegRecvCmdHandler:674) Reg command handle list success, index:6 [0m
[37m[7.343][linker]-[Debug]-[DjiCommand_RecvWork:1066)  <0x93d7>Receive msg from linker, 0x0300->0x0A06 0x036C len:71 [0m
[37m[7.343][linker]-[Debug]-[DjiCommand_DealCmd:919) received unsupport request cmd that noneed ack, <0x93d7> cmdset: 0x03 cmdid: 0x6C [0m
[37m[7.343][linker]-[Debug]-[DjiProtocol_v1Pack:123) <0xdd20>V1-Send: 0x0A06->0x0300 0x0000 [0m
[37m[7.343][infor]-[Debug]-[DjiAircraftConnection_CheckExtensionPortConnectStatusByV1Protocol:170) check connect status:1 [0m
[37m[7.343][auth]-[Debug]-[DjiAuth_Sha256RsaVerify:84) Application info verify successfully, ID: 155832, Key: 809dc34f1c695a7e7d13eca29a70ba6 [0m
[32m[7.343][core]-[Info]-[DjiCore_Init:174) Identify AircraftType = Matrice 350 RTK, MountPosition = Extension Port, SdkAdapterType = None [0m
[37m[7.343][linker]-[Debug]-[DjiCommand_RegRecvCmdHandler:674) Reg command handle list success, index:7 [0m
[37m[7.343][linker]-[Debug]-[DjiCommand_RegRecvCmdHandler:674) Reg command handle list success, index:8 [0m
[37m[7.343][sub]-[Debug]-[DjiDataSubscription_Init:60) Init data subscription. [0m
[37m[7.343][sub]-[Debug]-[DjiDataSubscriptionPublisher_InitPublisher:195) verify publisher successfully : name=0x00, version=0x00000100 [0m
[37m[7.343][linker]-[Debug]-[DjiProtocol_v1Pack:123) <0xdd21>V1-Send: 0x0A06->0x0306 0x0315 [0m
[37m[7.344][linker]-[Debug]-[DjiProtocol_v1Pack:123) <0xdd22>V1-Send: 0x0A06->0x1D01 0x00F0 [0m
[37m[7.344][linker]-[Debug]-[DjiProtocol_v1Pack:123) <0xdd23>V1-Send: 0x0A06->0x0200 0x3C10 [0m
[37m[7.344][linker]-[Debug]-[DjiProtocol_v1Pack:123) <0xdd24>V1-Send: 0x0A06->0x0A01 0x3C10 [0m
[37m[7.344][linker]-[Debug]-[DjiProtocol_v1Pack:123) <0xdd25>V1-Send: 0x0A06->0x0300 0x3C10 [0m
[37m[7.359][linker]-[Debug]-[DjiProtocol_v1Unpack:215) <0xdd20>V1-Recv: 0x0300->0x0A06 0x0000 [0m
[37m[7.359][linker]-[Debug]-[DjiProtocol_v1Unpack:215) <0xdd21>V1-Recv: 0x0306->0x0A06 0x0315 [0m
[37m[7.359][linker]-[Debug]-[DjiProtocol_v1Unpack:215) <0x93ff>V1-Recv: 0x0300->0x0A06 0x4900 [0m
[37m[7.360][linker]-[Debug]-[DjiCommand_RecvWork:1066)  <0xdd20>Receive msg from linker, 0x0300->0x0A06 0x0000 len:0 [0m
[37m[7.360][infor]-[Debug]-[DjiAircraftInfo_CheckPingStatusAsyncCallback:269) connect status async sucess [0m
[37m[7.360][linker]-[Debug]-[DjiCommand_DealCmd:830) callback function (cmdset: 0x00 cmdid: 0x00) deal time: 0 ms [0m
[37m[7.361][linker]-[Debug]-[DjiCommand_RecvWork:1066)  <0xdd21>Receive msg from linker, 0x0306->0x0A06 0x0315 len:1 [0m
[37m[7.361][linker]-[Debug]-[DjiCommand_SendSyncCallback:1014) PsdkCommand_SendSyncCallback success [0m
[37m[7.361][linker]-[Debug]-[DjiCommand_DealCmd:830) callback function (cmdset: 0x03 cmdid: 0x15) deal time: 0 ms [0m
[37m[7.361][linker]-[Debug]-[DjiCommand_SendSync:553) sendSync callback success [0m
[37m[7.361][sub]-[Debug]-[DjiDataSubscriptionPublisher_InitPublisher:204) reset publisher successfully : name=0x00, version=0x00000100 [0m
[37m[7.361][linker]-[Debug]-[DjiCommand_RegRecvCmdHandler:674) Reg command handle list success, index:9 [0m
[37m[7.361][sub]-[Debug]-[DjiDataSubscription_Init:68) Init second type data subscription. [0m
[37m[7.361][sub]-[Debug]-[DjiDataSubscriptionDds_v3_XrceVersionCheck:55) Checking version is not yet supported on the DDS Agent 3.0. [0m
[37m[7.361][linker]-[Debug]-[DjiCommand_RegRecvCmdHandler:674) Reg command handle list success, index:10 [0m
[37m[7.361][linker]-[Debug]-[DjiCommand_RegRecvCmdHandler:674) Reg command handle list success, index:11 [0m
[37m[7.361][linker]-[Debug]-[DjiProtocol_v1Pack:123) <0xdd26>V1-Send: 0x0A06->0x0801 0x0088 [0m
[37m[7.362][linker]-[Debug]-[DjiCommand_RecvWork:1066)  <0x93ff>Receive msg from linker, 0x0300->0x0A06 0x4900 len:14 [0m
[37m[7.362][linker]-[Debug]-[DjiProtocol_v1Pack:123) <0x93ff>V1-Send: 0x0A06->0x0300 0x4900 [0m
[37m[7.379][linker]-[Debug]-[DjiProtocol_v1Unpack:215) <0xdd26>V1-Recv: 0x0801->0x0A06 0x0088 [0m
[37m[7.380][linker]-[Debug]-[DjiCommand_RecvWork:1066)  <0xdd26>Receive msg from linker, 0x0801->0x0A06 0x0088 len:4 [0m
[37m[7.380][linker]-[Debug]-[DjiCommand_SendSyncCallback:1014) PsdkCommand_SendSyncCallback success [0m
[37m[7.380][linker]-[Debug]-[DjiCommand_DealCmd:830) callback function (cmdset: 0x00 cmdid: 0x88) deal time: 0 ms [0m
[37m[7.380][linker]-[Debug]-[DjiCommand_SendSync:553) sendSync callback success [0m
[37m[7.380][adapter]-[Debug]-[DjiPayloadOnlinePerception_SubscribePayloadOnlineInfo:320) Successfully to subscribe payload online information. [0m
[37m[7.380][linker]-[Debug]-[DjiProtocol_v1Pack:123) <0xdd27>V1-Send: 0x0A06->0x0802 0x004F [0m
[37m[7.397][linker]-[Debug]-[DjiProtocol_v1Unpack:215) <0x944a>V1-Recv: 0x0300->0x0A06 0x221B [0m
[37m[7.398][linker]-[Debug]-[DjiCommand_RecvWork:1066)  <0x944a>Receive msg from linker, 0x0300->0x0A06 0x221B len:9 [0m
[37m[7.398][linker]-[Debug]-[DjiCommand_DealCmd:919) received unsupport request cmd that noneed ack, <0x944a> cmdset: 0x22 cmdid: 0x1B [0m
[37m[7.402][linker]-[Debug]-[DjiProtocol_v1Unpack:215) <0x173c>V1-Recv: 0x1D07->0x0A06 0x2105 [0m
[37m[7.403][linker]-[Debug]-[DjiCommand_RecvWork:1066)  <0x173c>Receive msg from linker, 0x1D07->0x0A06 0x2105 len:1 [0m
[37m[7.403][linker]-[Debug]-[DjiCommand_DealCmd:919) received unsupport request cmd that need ack, <0x173c> cmdset: 0x21 cmdid: 0x05 [0m
[37m[7.440][linker]-[Debug]-[DjiProtocol_v1Unpack:215) <0x948c>V1-Recv: 0x0300->0x0A06 0x036C [0m
[37m[7.441][linker]-[Debug]-[DjiCommand_RecvWork:1066)  <0x948c>Receive msg from linker, 0x0300->0x0A06 0x036C len:71 [0m
[37m[7.441][linker]-[Debug]-[DjiCommand_DealCmd:919) received unsupport request cmd that noneed ack, <0x948c> cmdset: 0x03 cmdid: 0x6C [0m
[37m[7.449][linker]-[Debug]-[DjiProtocol_v1Unpack:215) <0xdd27>V1-Recv: 0x0802->0x0A06 0x004F [0m
[37m[7.450][linker]-[Debug]-[DjiCommand_RecvWork:1066)  <0xdd27>Receive msg from linker, 0x0802->0x0A06 0x004F len:13 [0m
[37m[7.450][linker]-[Debug]-[DjiCommand_SendSyncCallback:1014) PsdkCommand_SendSyncCallback success [0m
[37m[7.450][linker]-[Debug]-[DjiCommand_DealCmd:830) callback function (cmdset: 0x00 cmdid: 0x4F) deal time: 0 ms [0m
[37m[7.450][linker]-[Debug]-[DjiCommand_SendSync:553) sendSync callback success [0m
[32m[7.450][user]-[Info]-[main:216) Aircraft version is V10.01.08.05 [0m
[37m[7.450][linker]-[Debug]-[DjiProtocol_v1Pack:123) <0xdd28>V1-Send: 0x0A06->0x0306 0x0316 [0m
[37m[7.457][linker]-[Debug]-[DjiProtocol_v1Unpack:215) <0xdd28>V1-Recv: 0x0306->0x0A06 0x0316 [0m
[37m[7.457][linker]-[Debug]-[DjiCommand_RecvWork:1066)  <0xdd28>Receive msg from linker, 0x0306->0x0A06 0x0316 len:1 [0m
[37m[7.457][linker]-[Debug]-[DjiCommand_SendSyncCallback:1014) PsdkCommand_SendSyncCallback success [0m
[37m[7.457][linker]-[Debug]-[DjiCommand_DealCmd:830) callback function (cmdset: 0x03 cmdid: 0x16) deal time: 0 ms [0m
[37m[7.457][linker]-[Debug]-[DjiCommand_SendSync:553) sendSync callback success [0m
[37m[7.457][linker]-[Debug]-[DjiProtocol_v1Pack:123) <0xdd29>V1-Send: 0x0A06->0x0306 0x0314 [0m
[37m[7.458][linker]-[Debug]-[DjiProtocol_v1Unpack:215) <0x94b3>V1-Recv: 0x0300->0x0A06 0x4900 [0m
[37m[7.458][linker]-[Debug]-[DjiCommand_RecvWork:1066)  <0x94b3>Receive msg from linker, 0x0300->0x0A06 0x4900 len:14 [0m
[37m[7.458][linker]-[Debug]-[DjiProtocol_v1Pack:123) <0x94b3>V1-Send: 0x0A06->0x0300 0x4900 [0m
[37m[7.463][utils]-[Debug]-[DjiCore_RootTask:131) work execution time: [0m
[37m[7.463][utils]-[Debug]-[DjiCore_RootTask:132) name	                execution time (ms)	  max execution time (ms) [0m
[37m[7.463][utils]-[Debug]-[DjiCore_RootTask:134) recorderWork                    	1       	1        [0m
[37m[7.463][utils]-[Debug]-[DjiCore_RootTask:134) flowControllerTask              	0       	0        [0m
[37m[7.463][utils]-[Debug]-[DjiCore_RootTask:134) commandTask                     	1       	1        [0m
[37m[7.463][utils]-[Debug]-[DjiCore_RootTask:134) aircraftWorkNode                	0       	0        [0m
[37m[7.463][utils]-[Debug]-[DjiCore_RootTask:134) StatePushWork                   	0       	0        [0m
[37m[7.477][linker]-[Debug]-[DjiProtocol_v1Unpack:215) <0xdd29>V1-Recv: 0x0306->0x0A06 0x0314 [0m
[37m[7.477][linker]-[Debug]-[DjiCommand_RecvWork:1066)  <0xdd29>Receive msg from linker, 0x0306->0x0A06 0x0314 len:5 [0m
[37m[7.477][linker]-[Debug]-[DjiCommand_SendSyncCallback:1014) PsdkCommand_SendSyncCallback success [0m
[37m[7.477][linker]-[Debug]-[DjiCommand_DealCmd:830) callback function (cmdset: 0x03 cmdid: 0x14) deal time: 0 ms [0m
[37m[7.477][linker]-[Debug]-[DjiCommand_SendSync:553) sendSync callback success [0m
[37m[7.477][user]-[Debug]-[DjiTest_FcSubscriptionStartService:154) Subscribe topic velocity success. [0m
[37m[7.478][linker]-[Debug]-[DjiProtocol_v1Pack:123) <0xdd2a>V1-Send: 0x0A06->0x0306 0x0316 [0m
[37m[7.499][linker]-[Debug]-[DjiProtocol_v1Unpack:215) <0xdd2a>V1-Recv: 0x0306->0x0A06 0x0316 [0m
[37m[7.499][linker]-[Debug]-[DjiProtocol_v1Unpack:215) <0x94fa>V1-Recv: 0x0300->0x0A06 0x221B [0m
[37m[7.499][linker]-[Debug]-[DjiCommand_RecvWork:1066)  <0xdd2a>Receive msg from linker, 0x0306->0x0A06 0x0316 len:1 [0m
[37m[7.499][linker]-[Debug]-[DjiCommand_SendSyncCallback:1014) PsdkCommand_SendSyncCallback success [0m
[37m[7.499][linker]-[Debug]-[DjiCommand_DealCmd:830) callback function (cmdset: 0x03 cmdid: 0x16) deal time: 0 ms [0m
[37m[7.499][linker]-[Debug]-[DjiCommand_SendSync:553) sendSync callback success [0m
[37m[7.499][linker]-[Debug]-[DjiProtocol_v1Pack:123) <0xdd2b>V1-Send: 0x0A06->0x0306 0x0314 [0m
[37m[7.500][linker]-[Debug]-[DjiCommand_RecvWork:1066)  <0x94fa>Receive msg from linker, 0x0300->0x0A06 0x221B len:9 [0m
[37m[7.500][linker]-[Debug]-[DjiCommand_DealCmd:919) received unsupport request cmd that noneed ack, <0x94fa> cmdset: 0x22 cmdid: 0x1B [0m
[37m[7.517][linker]-[Debug]-[DjiProtocol_v1Unpack:215) <0xdd2b>V1-Recv: 0x0306->0x0A06 0x0314 [0m
[37m[7.517][linker]-[Debug]-[DjiCommand_RecvWork:1066)  <0xdd2b>Receive msg from linker, 0x0306->0x0A06 0x0314 len:5 [0m
[37m[7.517][linker]-[Debug]-[DjiCommand_SendSyncCallback:1014) PsdkCommand_SendSyncCallback success [0m
[37m[7.517][linker]-[Debug]-[DjiCommand_DealCmd:830) callback function (cmdset: 0x03 cmdid: 0x14) deal time: 0 ms [0m
[37m[7.517][linker]-[Debug]-[DjiCommand_SendSync:553) sendSync callback success [0m
[37m[7.517][user]-[Debug]-[DjiTest_FcSubscriptionStartService:163) Subscribe topic gps position success. [0m
[37m[7.517][linker]-[Debug]-[DjiProtocol_v1Pack:123) <0xdd2c>V1-Send: 0x0A06->0x0306 0x0316 [0m
[37m[7.541][linker]-[Debug]-[DjiProtocol_v1Unpack:215) <0xdd2c>V1-Recv: 0x0306->0x0A06 0x0316 [0m
[37m[7.541][linker]-[Debug]-[DjiProtocol_v1Unpack:215) <0x9541>V1-Recv: 0x0300->0x0A06 0x036C [0m
[37m[7.541][linker]-[Debug]-[DjiCommand_RecvWork:1066)  <0xdd2c>Receive msg from linker, 0x0306->0x0A06 0x0316 len:1 [0m
[37m[7.541][linker]-[Debug]-[DjiCommand_SendSyncCallback:1014) PsdkCommand_SendSyncCallback success [0m
[37m[7.541][linker]-[Debug]-[DjiCommand_DealCmd:830) callback function (cmdset: 0x03 cmdid: 0x16) deal time: 0 ms [0m
[37m[7.541][linker]-[Debug]-[DjiCommand_SendSync:553) sendSync callback success [0m
[37m[7.541][linker]-[Debug]-[DjiProtocol_v1Pack:123) <0xdd2d>V1-Send: 0x0A06->0x0306 0x0314 [0m
[37m[7.542][linker]-[Debug]-[DjiCommand_RecvWork:1066)  <0x9541>Receive msg from linker, 0x0300->0x0A06 0x036C len:71 [0m
[37m[7.543][linker]-[Debug]-[DjiCommand_DealCmd:919) received unsupport request cmd that noneed ack, <0x9541> cmdset: 0x03 cmdid: 0x6C [0m
[37m[7.557][linker]-[Debug]-[DjiProtocol_v1Pack:123) <0xdd2e>V1-Send: 0x0A06->0x0200 0x3C10 [0m
[37m[7.557][linker]-[Debug]-[DjiProtocol_v1Pack:123) <0xdd2f>V1-Send: 0x0A06->0x0A01 0x3C10 [0m
[37m[7.557][linker]-[Debug]-[DjiProtocol_v1Pack:123) <0xdd30>V1-Send: 0x0A06->0x0300 0x3C10 [0m
[37m[7.558][linker]-[Debug]-[DjiProtocol_v1Unpack:215) <0xdd2d>V1-Recv: 0x0306->0x0A06 0x0314 [0m
[37m[7.558][linker]-[Debug]-[DjiProtocol_v1Unpack:215) <0x9568>V1-Recv: 0x0300->0x0A06 0x4900 [0m
[37m[7.559][linker]-[Debug]-[DjiCommand_RecvWork:1066)  <0xdd2d>Receive msg from linker, 0x0306->0x0A06 0x0314 len:5 [0m
[37m[7.559][linker]-[Debug]-[DjiCommand_SendSyncCallback:1014) PsdkCommand_SendSyncCallback success [0m
[37m[7.559][linker]-[Debug]-[DjiCommand_DealCmd:830) callback function (cmdset: 0x03 cmdid: 0x14) deal time: 0 ms [0m
[37m[7.559][linker]-[Debug]-[DjiCommand_SendSync:553) sendSync callback success [0m
[37m[7.559][user]-[Debug]-[DjiTest_FcSubscriptionStartService:172) Subscribe topic gps details success. [0m
[37m[7.559][linker]-[Debug]-[DjiProtocol_v1Pack:123) <0xdd31>V1-Send: 0x0A06->0x0306 0x0316 [0m
[37m[7.560][linker]-[Debug]-[DjiCommand_RecvWork:1066)  <0x9568>Receive msg from linker, 0x0300->0x0A06 0x4900 len:14 [0m
[37m[7.560][linker]-[Debug]-[DjiProtocol_v1Pack:123) <0x9568>V1-Send: 0x0A06->0x0300 0x4900 [0m
[37m[7.577][linker]-[Debug]-[DjiProtocol_v1Unpack:215) <0xdd31>V1-Recv: 0x0306->0x0A06 0x0316 [0m
[37m[7.578][linker]-[Debug]-[DjiCommand_RecvWork:1066)  <0xdd31>Receive msg from linker, 0x0306->0x0A06 0x0316 len:1 [0m
[37m[7.578][linker]-[Debug]-[DjiCommand_SendSyncCallback:1014) PsdkCommand_SendSyncCallback success [0m
[37m[7.578][linker]-[Debug]-[DjiCommand_DealCmd:830) callback function (cmdset: 0x03 cmdid: 0x16) deal time: 0 ms [0m
[37m[7.578][linker]-[Debug]-[DjiCommand_SendSync:553) sendSync callback success [0m
[37m[7.578][linker]-[Debug]-[DjiProtocol_v1Pack:123) <0xdd32>V1-Send: 0x0A06->0x0306 0x0314 [0m
[37m[7.599][linker]-[Debug]-[DjiProtocol_v1Unpack:215) <0xdd32>V1-Recv: 0x0306->0x0A06 0x0314 [0m
[37m[7.599][linker]-[Debug]-[DjiProtocol_v1Unpack:215) <0x95b1>V1-Recv: 0x0300->0x0A06 0x221B [0m
[37m[7.599][linker]-[Debug]-[DjiCommand_RecvWork:1066)  <0xdd32>Receive msg from linker, 0x0306->0x0A06 0x0314 len:5 [0m
[37m[7.599][linker]-[Debug]-[DjiCommand_SendSyncCallback:1014) PsdkCommand_SendSyncCallback success [0m
[37m[7.599][linker]-[Debug]-[DjiCommand_DealCmd:830) callback function (cmdset: 0x03 cmdid: 0x14) deal time: 0 ms [0m
[37m[7.599][linker]-[Debug]-[DjiCommand_SendSync:553) sendSync callback success [0m
[37m[7.599][user]-[Debug]-[DjiTest_FcSubscriptionStartService:181) Subscribe topic rtk position info success. [0m
[37m[7.599][linker]-[Debug]-[DjiProtocol_v1Pack:123) <0xdd33>V1-Send: 0x0A06->0x0306 0x0316 [0m
[37m[7.600][linker]-[Debug]-[DjiCommand_RecvWork:1066)  <0x95b1>Receive msg from linker, 0x0300->0x0A06 0x221B len:9 [0m
[37m[7.600][linker]-[Debug]-[DjiCommand_DealCmd:919) received unsupport request cmd that noneed ack, <0x95b1> cmdset: 0x22 cmdid: 0x1B [0m
[37m[7.617][linker]-[Debug]-[DjiProtocol_v1Unpack:215) <0xdd33>V1-Recv: 0x0306->0x0A06 0x0316 [0m
[37m[7.617][linker]-[Debug]-[DjiCommand_RecvWork:1066)  <0xdd33>Receive msg from linker, 0x0306->0x0A06 0x0316 len:1 [0m
[37m[7.617][linker]-[Debug]-[DjiCommand_SendSyncCallback:1014) PsdkCommand_SendSyncCallback success [0m
[37m[7.617][linker]-[Debug]-[DjiCommand_DealCmd:830) callback function (cmdset: 0x03 cmdid: 0x16) deal time: 0 ms [0m
[37m[7.617][linker]-[Debug]-[DjiCommand_SendSync:553) sendSync callback success [0m
[37m[7.617][linker]-[Debug]-[DjiProtocol_v1Pack:123) <0xdd34>V1-Send: 0x0A06->0x0306 0x0314 [0m
[37m[7.641][linker]-[Debug]-[DjiProtocol_v1Unpack:215) <0xdd34>V1-Recv: 0x0306->0x0A06 0x0314 [0m
[37m[7.641][linker]-[Debug]-[DjiProtocol_v1Unpack:215) <0x95ee>V1-Recv: 0x0300->0x0A06 0x036C [0m
[37m[7.642][linker]-[Debug]-[DjiCommand_RecvWork:1066)  <0xdd34>Receive msg from linker, 0x0306->0x0A06 0x0314 len:5 [0m
[37m[7.642][linker]-[Debug]-[DjiCommand_SendSyncCallback:1014) PsdkCommand_SendSyncCallback success [0m
[37m[7.642][linker]-[Debug]-[DjiCommand_DealCmd:830) callback function (cmdset: 0x03 cmdid: 0x14) deal time: 0 ms [0m
[37m[7.642][linker]-[Debug]-[DjiCommand_SendSync:553) sendSync callback success [0m
[37m[7.642][user]-[Debug]-[DjiTest_FcSubscriptionStartService:190) Subscribe topic rtk position success. [0m
[37m[7.642][linker]-[Debug]-[DjiProtocol_v1Pack:123) <0xdd35>V1-Send: 0x0A06->0x0306 0x0316 [0m
[37m[7.643][linker]-[Debug]-[DjiCommand_RecvWork:1066)  <0x95ee>Receive msg from linker, 0x0300->0x0A06 0x036C len:71 [0m
[37m[7.643][linker]-[Debug]-[DjiCommand_DealCmd:919) received unsupport request cmd that noneed ack, <0x95ee> cmdset: 0x03 cmdid: 0x6C [0m
[37m[7.662][linker]-[Debug]-[DjiProtocol_v1Unpack:215) <0xdd35>V1-Recv: 0x0306->0x0A06 0x0316 [0m
[37m[7.662][linker]-[Debug]-[DjiProtocol_v1Unpack:215) <0x9616>V1-Recv: 0x0300->0x0A06 0x0F74 [0m
[37m[7.662][linker]-[Debug]-[DjiProtocol_v1Unpack:215) <0x9619>V1-Recv: 0x0300->0x0100 0x0406 [0m
[37m[7.662][linker]-[Debug]-[DjiProtocol_v1Unpack:215) <0x961a>V1-Recv: 0x0300->0x0100 0x0407 [0m
[37m[7.662][linker]-[Debug]-[DjiProtocol_v1Unpack:215) <0x961b>V1-Recv: 0x0300->0x0A06 0x4900 [0m
[37m[7.662][linker]-[Debug]-[DjiCommand_RecvWork:1066)  <0xdd35>Receive msg from linker, 0x0306->0x0A06 0x0316 len:1 [0m
[37m[7.662][linker]-[Debug]-[DjiCommand_SendSyncCallback:1014) PsdkCommand_SendSyncCallback success [0m
[37m[7.662][linker]-[Debug]-[DjiCommand_DealCmd:830) callback function (cmdset: 0x03 cmdid: 0x16) deal time: 0 ms [0m
[37m[7.662][linker]-[Debug]-[DjiCommand_SendSync:553) sendSync callback success [0m
[37m[7.662][linker]-[Debug]-[DjiProtocol_v1Pack:123) <0xdd36>V1-Send: 0x0A06->0x0306 0x0314 [0m
[37m[7.663][linker]-[Debug]-[DjiCommand_RecvWork:1066)  <0x9616>Receive msg from linker, 0x0300->0x0A06 0x0F74 len:28 [0m
[37m[7.663][linker]-[Debug]-[DjiCommand_DealCmd:919) received unsupport request cmd that noneed ack, <0x9616> cmdset: 0x0F cmdid: 0x74 [0m
[37m[7.664][linker]-[Debug]-[DjiCommand_RecvWork:1066)  <0x9619>Receive msg from linker, 0x0300->0x0100 0x0406 len:12 [0m
[37m[7.664][linker]-[Debug]-[DjiCommand_DealCmd:919) received unsupport request cmd that noneed ack, <0x9619> cmdset: 0x04 cmdid: 0x06 [0m
[37m[7.665][linker]-[Debug]-[DjiCommand_RecvWork:1066)  <0x961a>Receive msg from linker, 0x0300->0x0100 0x0407 len:1 [0m
[37m[7.665][linker]-[Debug]-[DjiCommand_DealCmd:919) received unsupport request cmd that noneed ack, <0x961a> cmdset: 0x04 cmdid: 0x07 [0m
[37m[7.666][linker]-[Debug]-[DjiCommand_RecvWork:1066)  <0x961b>Receive msg from linker, 0x0300->0x0A06 0x4900 len:14 [0m
[37m[7.666][linker]-[Debug]-[DjiProtocol_v1Pack:123) <0x961b>V1-Send: 0x0A06->0x0300 0x4900 [0m
[37m[7.678][linker]-[Debug]-[DjiProtocol_v1Unpack:215) <0xdd36>V1-Recv: 0x0306->0x0A06 0x0314 [0m
[37m[7.678][linker]-[Debug]-[DjiCommand_RecvWork:1066)  <0xdd36>Receive msg from linker, 0x0306->0x0A06 0x0314 len:5 [0m
[37m[7.678][linker]-[Debug]-[DjiCommand_SendSyncCallback:1014) PsdkCommand_SendSyncCallback success [0m
[37m[7.678][linker]-[Debug]-[DjiCommand_DealCmd:830) callback function (cmdset: 0x03 cmdid: 0x14) deal time: 0 ms [0m
[37m[7.678][linker]-[Debug]-[DjiCommand_SendSync:553) sendSync callback success [0m
[37m[7.678][user]-[Debug]-[DjiTest_FcSubscriptionStartService:199) Subscribe topic altitude of homepoint success. [0m
[37m[7.678][linker]-[Debug]-[DjiProtocol_v1Pack:123) <0xdd37>V1-Send: 0x0A06->0x0306 0x0316 [0m
[37m[7.698][linker]-[Debug]-[DjiProtocol_v1Unpack:215) <0xdd37>V1-Recv: 0x0306->0x0A06 0x0316 [0m
[37m[7.698][linker]-[Debug]-[DjiProtocol_v1Unpack:215) <0x965d>V1-Recv: 0x0300->0x0A06 0x221B [0m
[37m[7.698][linker]-[Debug]-[DjiCommand_RecvWork:1066)  <0xdd37>Receive msg from linker, 0x0306->0x0A06 0x0316 len:1 [0m
[37m[7.698][linker]-[Debug]-[DjiCommand_SendSyncCallback:1014) PsdkCommand_SendSyncCallback success [0m
[37m[7.698][linker]-[Debug]-[DjiCommand_DealCmd:830) callback function (cmdset: 0x03 cmdid: 0x16) deal time: 0 ms [0m
[37m[7.698][linker]-[Debug]-[DjiCommand_SendSync:553) sendSync callback success [0m
[37m[7.698][linker]-[Debug]-[DjiProtocol_v1Pack:123) <0xdd38>V1-Send: 0x0A06->0x0306 0x0314 [0m
[37m[7.699][linker]-[Debug]-[DjiCommand_RecvWork:1066)  <0x965d>Receive msg from linker, 0x0300->0x0A06 0x221B len:9 [0m
[37m[7.699][linker]-[Debug]-[DjiCommand_DealCmd:919) received unsupport request cmd that noneed ack, <0x965d> cmdset: 0x22 cmdid: 0x1B [0m
[37m[7.717][linker]-[Debug]-[DjiProtocol_v1Unpack:215) <0xdd38>V1-Recv: 0x0306->0x0A06 0x0314 [0m
[37m[7.718][linker]-[Debug]-[DjiCommand_RecvWork:1066)  <0xdd38>Receive msg from linker, 0x0306->0x0A06 0x0314 len:5 [0m
[37m[7.718][linker]-[Debug]-[DjiCommand_SendSyncCallback:1014) PsdkCommand_SendSyncCallback success [0m
[37m[7.718][linker]-[Debug]-[DjiCommand_DealCmd:830) callback function (cmdset: 0x03 cmdid: 0x14) deal time: 0 ms [0m
[37m[7.718][linker]-[Debug]-[DjiCommand_SendSync:553) sendSync callback success [0m
[37m[7.718][user]-[Debug]-[DjiTest_FcSubscriptionStartService:208) Subscribe topic battery info success. [0m
[37m[7.718][linker]-[Debug]-[DjiProtocol_v1Pack:123) <0xdd39>V1-Send: 0x0A06->0x0306 0x0316 [0m
[37m[7.741][linker]-[Debug]-[DjiProtocol_v1Unpack:215) <0xdd39>V1-Recv: 0x0306->0x0A06 0x0316 [0m
[37m[7.741][linker]-[Debug]-[DjiProtocol_v1Unpack:215) <0x96a1>V1-Recv: 0x0300->0x0A06 0x036C [0m
[37m[7.741][linker]-[Debug]-[DjiCommand_RecvWork:1066)  <0xdd39>Receive msg from linker, 0x0306->0x0A06 0x0316 len:1 [0m
[37m[7.741][linker]-[Debug]-[DjiCommand_SendSyncCallback:1014) PsdkCommand_SendSyncCallback success [0m
[37m[7.741][linker]-[Debug]-[DjiCommand_DealCmd:830) callback function (cmdset: 0x03 cmdid: 0x16) deal time: 0 ms [0m
[37m[7.741][linker]-[Debug]-[DjiCommand_SendSync:553) sendSync callback success [0m
[37m[7.741][linker]-[Debug]-[DjiProtocol_v1Pack:123) <0xdd3a>V1-Send: 0x0A06->0x0306 0x0314 [0m
[37m[7.742][linker]-[Debug]-[DjiCommand_RecvWork:1066)  <0x96a1>Receive msg from linker, 0x0300->0x0A06 0x036C len:71 [0m
[37m[7.742][linker]-[Debug]-[DjiCommand_DealCmd:919) received unsupport request cmd that noneed ack, <0x96a1> cmdset: 0x03 cmdid: 0x6C [0m
[37m[7.758][linker]-[Debug]-[DjiProtocol_v1Unpack:215) <0xdd3a>V1-Recv: 0x0306->0x0A06 0x0314 [0m
[37m[7.758][linker]-[Debug]-[DjiCommand_RecvWork:1066)  <0xdd3a>Receive msg from linker, 0x0306->0x0A06 0x0314 len:5 [0m
[37m[7.758][linker]-[Debug]-[DjiCommand_SendSyncCallback:1014) PsdkCommand_SendSyncCallback success [0m
[37m[7.758][linker]-[Debug]-[DjiCommand_DealCmd:830) callback function (cmdset: 0x03 cmdid: 0x14) deal time: 0 ms [0m
[37m[7.758][linker]-[Debug]-[DjiCommand_SendSync:553) sendSync callback success [0m
[37m[7.758][user]-[Debug]-[DjiTest_FcSubscriptionStartService:217) Subscribe topic home point info success. [0m
[37m[7.758][linker]-[Debug]-[DjiProtocol_v1Pack:123) <0xdd3b>V1-Send: 0x0A06->0x0306 0x0316 [0m
[37m[7.759][linker]-[Debug]-[DjiProtocol_v1Unpack:215) <0x96d2>V1-Recv: 0x0300->0x0A06 0x4900 [0m
[37m[7.759][linker]-[Debug]-[DjiCommand_RecvWork:1066)  <0x96d2>Receive msg from linker, 0x0300->0x0A06 0x4900 len:14 [0m
[37m[7.759][linker]-[Debug]-[DjiProtocol_v1Pack:123) <0x96d2>V1-Send: 0x0A06->0x0300 0x4900 [0m
[37m[7.771][linker]-[Debug]-[DjiProtocol_v1Pack:123) <0xdd3c>V1-Send: 0x0A06->0x0200 0x3C10 [0m
[37m[7.771][linker]-[Debug]-[DjiProtocol_v1Pack:123) <0xdd3d>V1-Send: 0x0A06->0x0A01 0x3C10 [0m
[37m[7.771][linker]-[Debug]-[DjiProtocol_v1Pack:123) <0xdd3e>V1-Send: 0x0A06->0x0300 0x3C10 [0m
[37m[7.777][linker]-[Debug]-[DjiProtocol_v1Unpack:215) <0xdd3b>V1-Recv: 0x0306->0x0A06 0x0316 [0m
[37m[7.777][linker]-[Debug]-[DjiCommand_RecvWork:1066)  <0xdd3b>Receive msg from linker, 0x0306->0x0A06 0x0316 len:1 [0m
[37m[7.777][linker]-[Debug]-[DjiCommand_SendSyncCallback:1014) PsdkCommand_SendSyncCallback success [0m
[37m[7.777][linker]-[Debug]-[DjiCommand_DealCmd:830) callback function (cmdset: 0x03 cmdid: 0x16) deal time: 0 ms [0m
[37m[7.777][linker]-[Debug]-[DjiCommand_SendSync:553) sendSync callback success [0m
[37m[7.777][linker]-[Debug]-[DjiProtocol_v1Pack:123) <0xdd3f>V1-Send: 0x0A06->0x0306 0x0314 [0m
[37m[7.798][linker]-[Debug]-[DjiProtocol_v1Unpack:215) <0xdd3f>V1-Recv: 0x0306->0x0A06 0x0314 [0m
[37m[7.798][linker]-[Debug]-[DjiProtocol_v1Unpack:215) <0x9724>V1-Recv: 0x0300->0x0A06 0x221B [0m
[37m[7.799][linker]-[Debug]-[DjiCommand_RecvWork:1066)  <0xdd3f>Receive msg from linker, 0x0306->0x0A06 0x0314 len:5 [0m
[37m[7.799][linker]-[Debug]-[DjiCommand_SendSyncCallback:1014) PsdkCommand_SendSyncCallback success [0m
[37m[7.799][linker]-[Debug]-[DjiCommand_DealCmd:830) callback function (cmdset: 0x03 cmdid: 0x14) deal time: 0 ms [0m
[37m[7.799][linker]-[Debug]-[DjiCommand_SendSync:553) sendSync callback success [0m
[37m[7.799][user]-[Debug]-[DjiTest_FcSubscriptionStartService:226) Subscribe topic status flight success. [0m
[37m[7.799][linker]-[Debug]-[DjiProtocol_v1Pack:123) <0xdd40>V1-Send: 0x0A06->0x0306 0x0316 [0m
[37m[7.800][linker]-[Debug]-[DjiCommand_RecvWork:1066)  <0x9724>Receive msg from linker, 0x0300->0x0A06 0x221B len:9 [0m
[37m[7.800][linker]-[Debug]-[DjiCommand_DealCmd:919) received unsupport request cmd that noneed ack, <0x9724> cmdset: 0x22 cmdid: 0x1B [0m
[37m[7.818][linker]-[Debug]-[DjiProtocol_v1Unpack:215) <0xdd40>V1-Recv: 0x0306->0x0A06 0x0316 [0m
[37m[7.818][linker]-[Debug]-[DjiCommand_RecvWork:1066)  <0xdd40>Receive msg from linker, 0x0306->0x0A06 0x0316 len:1 [0m
[37m[7.818][linker]-[Debug]-[DjiCommand_SendSyncCallback:1014) PsdkCommand_SendSyncCallback success [0m
[37m[7.818][linker]-[Debug]-[DjiCommand_DealCmd:830) callback function (cmdset: 0x03 cmdid: 0x16) deal time: 0 ms [0m
[37m[7.818][linker]-[Debug]-[DjiCommand_SendSync:553) sendSync callback success [0m
[37m[7.818][linker]-[Debug]-[DjiProtocol_v1Pack:123) <0xdd41>V1-Send: 0x0A06->0x0306 0x0314 [0m
[37m[7.841][linker]-[Debug]-[DjiProtocol_v1Unpack:215) <0xdd41>V1-Recv: 0x0306->0x0A06 0x0314 [0m
[37m[7.841][linker]-[Debug]-[DjiProtocol_v1Unpack:215) <0x9763>V1-Recv: 0x0300->0x0A06 0x036C [0m
[37m[7.841][linker]-[Debug]-[DjiCommand_RecvWork:1066)  <0xdd41>Receive msg from linker, 0x0306->0x0A06 0x0314 len:5 [0m
[37m[7.841][linker]-[Debug]-[DjiCommand_SendSyncCallback:1014) PsdkCommand_SendSyncCallback success [0m
[37m[7.841][linker]-[Debug]-[DjiCommand_DealCmd:830) callback function (cmdset: 0x03 cmdid: 0x14) deal time: 0 ms [0m
[37m[7.841][linker]-[Debug]-[DjiCommand_SendSync:553) sendSync callback success [0m
[37m[7.841][user]-[Debug]-[DjiTest_FcSubscriptionStartService:235) Subscribe topic status displaymode success. [0m
[37m[7.841][linker]-[Debug]-[DjiProtocol_v1Pack:123) <0xdd42>V1-Send: 0x0A06->0x0306 0x0316 [0m
[37m[7.842][linker]-[Debug]-[DjiCommand_RecvWork:1066)  <0x9763>Receive msg from linker, 0x0300->0x0A06 0x036C len:71 [0m
[37m[7.843][linker]-[Debug]-[DjiCommand_DealCmd:919) received unsupport request cmd that noneed ack, <0x9763> cmdset: 0x03 cmdid: 0x6C [0m
[37m[7.857][linker]-[Debug]-[DjiProtocol_v1Unpack:215) <0xdd42>V1-Recv: 0x0306->0x0A06 0x0316 [0m
[37m[7.857][linker]-[Debug]-[DjiCommand_RecvWork:1066)  <0xdd42>Receive msg from linker, 0x0306->0x0A06 0x0316 len:1 [0m
[37m[7.857][linker]-[Debug]-[DjiCommand_SendSyncCallback:1014) PsdkCommand_SendSyncCallback success [0m
[37m[7.857][linker]-[Debug]-[DjiCommand_DealCmd:830) callback function (cmdset: 0x03 cmdid: 0x16) deal time: 0 ms [0m
[37m[7.857][linker]-[Debug]-[DjiCommand_SendSync:553) sendSync callback success [0m
[37m[7.857][linker]-[Debug]-[DjiProtocol_v1Pack:123) <0xdd43>V1-Send: 0x0A06->0x0306 0x0314 [0m
[37m[7.858][linker]-[Debug]-[DjiProtocol_v1Unpack:215) <0x978e>V1-Recv: 0x0300->0x0A06 0x4900 [0m
[37m[7.859][linker]-[Debug]-[DjiCommand_RecvWork:1066)  <0x978e>Receive msg from linker, 0x0300->0x0A06 0x4900 len:14 [0m
[37m[7.859][linker]-[Debug]-[DjiProtocol_v1Pack:123) <0x978e>V1-Send: 0x0A06->0x0300 0x4900 [0m
[37m[7.877][linker]-[Debug]-[DjiProtocol_v1Unpack:215) <0xdd43>V1-Recv: 0x0306->0x0A06 0x0314 [0m
[37m[7.878][linker]-[Debug]-[DjiCommand_RecvWork:1066)  <0xdd43>Receive msg from linker, 0x0306->0x0A06 0x0314 len:5 [0m
[37m[7.878][linker]-[Debug]-[DjiCommand_SendSyncCallback:1014) PsdkCommand_SendSyncCallback success [0m
[37m[7.878][linker]-[Debug]-[DjiCommand_DealCmd:830) callback function (cmdset: 0x03 cmdid: 0x14) deal time: 0 ms [0m
[37m[7.878][linker]-[Debug]-[DjiCommand_SendSync:553) sendSync callback success [0m
[37m[7.880][linker]-[Debug]-[DjiCommand_RegRecvCmdHandler:674) Reg command handle list success, index:12 [0m
[32m[7.880][upgrade]-[Info]-[DjiUpgrade_Init:120) Upgrade transfer type is common [0m
[37m[7.880][linker]-[Debug]-[DjiCommand_RegRecvCmdHandler:674) Reg command handle list success, index:13 [0m
[32m[7.880][upgrade]-[Info]-[DjiUpgrade_EnableLocalUpgrade:138) Enable local upgrade [0m
[32m[7.880][core]-[Info]-[DjiCore_ApplicationStart:238) Start dji sdk application [0m
[37m[7.888][linker]-[Debug]-[DjiProtocol_v1Pack:123) <0xdd44>V1-Send: 0x0A06->0x1D01 0x00F0 [0m
[37m[7.898][linker]-[Debug]-[DjiProtocol_v1Unpack:215) <0x58f>V1-Recv: 0x0701->0x0A06 0x0000 [0m
[37m[7.898][linker]-[Debug]-[DjiProtocol_v1Unpack:215) <0x97d2>V1-Recv: 0x0300->0x0A06 0x221B [0m
[37m[7.898][linker]-[Debug]-[DjiCommand_RecvWork:1066)  <0x58f>Receive msg from linker, 0x0701->0x0A06 0x0000 len:16 [0m
[37m[7.898][linker]-[Debug]-[DjiProtocol_v1Pack:123) <0x58f>V1-Send: 0x0A06->0x0701 0x0000 [0m
[37m[7.899][linker]-[Debug]-[DjiProtocol_v1Pack:123) <0xdd45>V1-Send: 0x0A06->0x1D01 0x00F0 [0m
[37m[7.899][linker]-[Debug]-[DjiCommand_RecvWork:1066)  <0x97d2>Receive msg from linker, 0x0300->0x0A06 0x221B len:9 [0m
[37m[7.899][linker]-[Debug]-[DjiCommand_DealCmd:919) received unsupport request cmd that noneed ack, <0x97d2> cmdset: 0x22 cmdid: 0x1B [0m
[37m[7.910][linker]-[Debug]-[DjiProtocol_v1Pack:123) <0xdd46>V1-Send: 0x0A06->0x1D01 0x00F0 [0m
[37m[7.940][linker]-[Debug]-[DjiProtocol_v1Unpack:215) <0x9815>V1-Recv: 0x0300->0x0A06 0x036C [0m
[37m[7.941][linker]-[Debug]-[DjiCommand_RecvWork:1066)  <0x9815>Receive msg from linker, 0x0300->0x0A06 0x036C len:71 [0m
[37m[7.941][linker]-[Debug]-[DjiCommand_DealCmd:919) received unsupport request cmd that noneed ack, <0x9815> cmdset: 0x03 cmdid: 0x6C [0m
[37m[7.947][user]-[Debug]-[DjiUser_MonitorTask:803) thread pcpu: [0m
[37m[7.947][user]-[Debug]-[DjiUser_MonitorTask:804) tid	name	pcpu [0m
[37m[7.958][linker]-[Debug]-[DjiProtocol_v1Unpack:215) <0x9846>V1-Recv: 0x0300->0x0A06 0x4900 [0m
[37m[7.959][linker]-[Debug]-[DjiCommand_RecvWork:1066)  <0x9846>Receive msg from linker, 0x0300->0x0A06 0x4900 len:14 [0m
[37m[7.959][linker]-[Debug]-[DjiProtocol_v1Pack:123) <0x9846>V1-Send: 0x0A06->0x0300 0x4900 [0m
[37m[7.965][user]-[Debug]-[DjiUser_MonitorTask:808) 11779	dji_sdk_demo_on	2.700000 %. [0m
[37m[7.976][linker]-[Debug]-[DjiProtocol_v1Unpack:215) <0x9867>V1-Recv: 0x0306->0x0A06 0x03C1 [0m
[37m[7.977][linker]-[Debug]-[DjiCommand_RecvWork:1066)  <0x9867>Receive msg from linker, 0x0306->0x0A06 0x03C1 len:13 [0m
[37m[7.984][user]-[Debug]-[DjiUser_MonitorTask:808) 11780	 MQTTAsync_send	0.000000 %. [0m
[37m[7.984][linker]-[Debug]-[DjiProtocol_v1Pack:123) <0xdd47>V1-Send: 0x0A06->0x0200 0x3C10 [0m
[37m[7.984][linker]-[Debug]-[DjiProtocol_v1Pack:123) <0xdd48>V1-Send: 0x0A06->0x0A01 0x3C10 [0m
[37m[7.984][linker]-[Debug]-[DjiProtocol_v1Pack:123) <0xdd49>V1-Send: 0x0A06->0x0300 0x3C10 [0m
[37m[7.998][linker]-[Debug]-[DjiProtocol_v1Unpack:215) <0x9893>V1-Recv: 0x0300->0x0A06 0x221B [0m
[37m[7.998][linker]-[Debug]-[DjiCommand_RecvWork:1066)  <0x9893>Receive msg from linker, 0x0300->0x0A06 0x221B len:9 [0m
[37m[7.998][linker]-[Debug]-[DjiCommand_DealCmd:919) received unsupport request cmd that noneed ack, <0x9893> cmdset: 0x22 cmdid: 0x1B [0m
[37m[7.999][linker]-[Debug]-[DjiProtocol_v1Unpack:215) <0x3740>V1-Recv: 0x0A01->0x0A06 0x3C45 [0m
[37m[7.999][linker]-[Debug]-[DjiCommand_RecvWork:1066)  <0x3740>Receive msg from linker, 0x0A01->0x0A06 0x3C45 len:0 [0m
[37m[7.999][upgrade]-[Debug]-[DjiUpgrade_GetUpgradeServiceInfo:239) Get upgrade service info [0m
[37m[7.999][linker]-[Debug]-[DjiProtocol_v1Pack:123) <0x3740>V1-Send: 0x0A06->0x0A01 0x3C45 [0m
[37m[8.003][user]-[Debug]-[DjiUser_MonitorTask:808) 11781	  MQTTAsync_rcv	0.000000 %. [0m
[37m[8.022][user]-[Debug]-[DjiUser_MonitorTask:808) 11784	    logger_task	0.600000 %. [0m
[37m[8.040][linker]-[Debug]-[DjiProtocol_v1Unpack:215) <0x98d3>V1-Recv: 0x0300->0x0A06 0x036C [0m
[37m[8.041][linker]-[Debug]-[DjiCommand_RecvWork:1066)  <0x98d3>Receive msg from linker, 0x0300->0x0A06 0x036C len:71 [0m
[37m[8.041][linker]-[Debug]-[DjiCommand_DealCmd:919) received unsupport request cmd that noneed ack, <0x98d3> cmdset: 0x03 cmdid: 0x6C [0m
[37m[8.041][user]-[Debug]-[DjiUser_MonitorTask:808) 11785	      root_task	0.700000 %. [0m
[37m[8.059][user]-[Debug]-[DjiUser_MonitorTask:808) 11822	    linker_task	0.600000 %. [0m
[37m[8.059][linker]-[Debug]-[DjiProtocol_v1Unpack:215) <0x98fa>V1-Recv: 0x0300->0x0A06 0x4900 [0m
[37m[8.060][linker]-[Debug]-[DjiCommand_RecvWork:1066)  <0x98fa>Receive msg from linker, 0x0300->0x0A06 0x4900 len:14 [0m
[37m[8.060][linker]-[Debug]-[DjiProtocol_v1Pack:123) <0x98fa>V1-Send: 0x0A06->0x0300 0x4900 [0m
[37m[8.077][linker]-[Debug]-[DjiProtocol_v1Unpack:215) <0x9915>V1-Recv: 0x0306->0x0A06 0x03C1 [0m
[37m[8.077][user]-[Debug]-[DjiUser_MonitorTask:808) 11825	    linker_task	0.000000 %. [0m
[37m[8.078][linker]-[Debug]-[DjiCommand_RecvWork:1066)  <0x9915>Receive msg from linker, 0x0306->0x0A06 0x03C1 len:13 [0m
[37m[8.095][user]-[Debug]-[DjiUser_MonitorTask:808) 11827	user_subscripti	0.000000 %. [0m
[37m[8.097][linker]-[Debug]-[DjiProtocol_v1Unpack:215) <0x993c>V1-Recv: 0x0300->0x0A06 0x221B [0m
[37m[8.098][linker]-[Debug]-[DjiCommand_RecvWork:1066)  <0x993c>Receive msg from linker, 0x0300->0x0A06 0x221B len:9 [0m
[37m[8.098][linker]-[Debug]-[DjiCommand_DealCmd:919) received unsupport request cmd that noneed ack, <0x993c> cmdset: 0x22 cmdid: 0x1B [0m
[37m[8.114][user]-[Debug]-[DjiUser_MonitorTask:808) 11830	   upgrade_task	0.000000 %. [0m
[37m[8.133][user]-[Debug]-[DjiUser_MonitorTask:808) 11831	enter_upgrade_m	0.000000 %. [0m
[37m[8.141][linker]-[Debug]-[DjiProtocol_v1Unpack:215) <0x9987>V1-Recv: 0x0300->0x0A06 0x036C [0m
[37m[8.141][linker]-[Debug]-[DjiCommand_RecvWork:1066)  <0x9987>Receive msg from linker, 0x0300->0x0A06 0x036C len:71 [0m
[37m[8.141][linker]-[Debug]-[DjiCommand_DealCmd:919) received unsupport request cmd that noneed ack, <0x9987> cmdset: 0x03 cmdid: 0x6C [0m
[37m[8.152][user]-[Debug]-[DjiUser_MonitorTask:808) 11832	   monitor task	0.000000 %. [0m
[37m[8.155][user]-[Debug]-[DjiUser_MonitorTask:812) heap used: 180224 B. [0m
[37m[8.158][user]-[Debug]-[DjiUser_MonitorTask:813) stack used: 16384 B. [0m
[37m[8.160][linker]-[Debug]-[DjiProtocol_v1Unpack:215) <0x99b0>V1-Recv: 0x0300->0x0100 0x0405 [0m
[37m[8.160][linker]-[Debug]-[DjiProtocol_v1Unpack:215) <0x99b1>V1-Recv: 0x0300->0x0A06 0x4900 [0m
[37m[8.161][linker]-[Debug]-[DjiCommand_RecvWork:1066)  <0x99b0>Receive msg from linker, 0x0300->0x0100 0x0405 len:22 [0m
[37m[8.161][linker]-[Debug]-[DjiCommand_DealCmd:919) received unsupport request cmd that noneed ack, <0x99b0> cmdset: 0x04 cmdid: 0x05 [0m
[37m[8.162][linker]-[Debug]-[DjiCommand_RecvWork:1066)  <0x99b1>Receive msg from linker, 0x0300->0x0A06 0x4900 len:14 [0m
[37m[8.162][linker]-[Debug]-[DjiProtocol_v1Pack:123) <0x99b1>V1-Send: 0x0A06->0x0300 0x4900 [0m
[37m[8.177][linker]-[Debug]-[DjiProtocol_v1Unpack:215) <0x99cf>V1-Recv: 0x0306->0x0A06 0x03C1 [0m
[37m[8.178][linker]-[Debug]-[DjiCommand_RecvWork:1066)  <0x99cf>Receive msg from linker, 0x0306->0x0A06 0x03C1 len:13 [0m
[37m[8.197][linker]-[Debug]-[DjiProtocol_v1Pack:123) <0xdd4a>V1-Send: 0x0A06->0x0200 0x3C10 [0m
[37m[8.197][linker]-[Debug]-[DjiProtocol_v1Pack:123) <0xdd4b>V1-Send: 0x0A06->0x0A01 0x3C10 [0m
[37m[8.197][linker]-[Debug]-[DjiProtocol_v1Pack:123) <0xdd4c>V1-Send: 0x0A06->0x0300 0x3C10 [0m
[37m[8.197][linker]-[Debug]-[DjiProtocol_v1Unpack:215) <0x99fa>V1-Recv: 0x0300->0x0A06 0x221B [0m
[37m[8.198][linker]-[Debug]-[DjiCommand_RecvWork:1066)  <0x99fa>Receive msg from linker, 0x0300->0x0A06 0x221B len:9 [0m
[37m[8.198][linker]-[Debug]-[DjiCommand_DealCmd:919) received unsupport request cmd that noneed ack, <0x99fa> cmdset: 0x22 cmdid: 0x1B [0m
[37m[8.219][linker]-[Debug]-[DjiProtocol_v1Unpack:215) <0x3741>V1-Recv: 0x0A01->0x0A06 0x3C45 [0m
[37m[8.219][linker]-[Debug]-[DjiCommand_RecvWork:1066)  <0x3741>Receive msg from linker, 0x0A01->0x0A06 0x3C45 len:0 [0m
[37m[8.219][upgrade]-[Debug]-[DjiUpgrade_GetUpgradeServiceInfo:239) Get upgrade service info [0m
[37m[8.219][linker]-[Debug]-[DjiProtocol_v1Pack:123) <0x3741>V1-Send: 0x0A06->0x0A01 0x3C45 [0m
[37m[8.240][linker]-[Debug]-[DjiProtocol_v1Unpack:215) <0x9a40>V1-Recv: 0x0300->0x0A06 0x036C [0m
[37m[8.240][linker]-[Debug]-[DjiCommand_RecvWork:1066)  <0x9a40>Receive msg from linker, 0x0300->0x0A06 0x036C len:71 [0m
[37m[8.240][linker]-[Debug]-[DjiCommand_DealCmd:919) received unsupport request cmd that noneed ack, <0x9a40> cmdset: 0x03 cmdid: 0x6C [0m
[37m[8.259][linker]-[Debug]-[DjiProtocol_v1Unpack:215) <0x9a72>V1-Recv: 0x0300->0x0A06 0x4900 [0m
[37m[8.259][linker]-[Debug]-[DjiCommand_RecvWork:1066)  <0x9a72>Receive msg from linker, 0x0300->0x0A06 0x4900 len:14 [0m
[37m[8.259][linker]-[Debug]-[DjiProtocol_v1Pack:123) <0x9a72>V1-Send: 0x0A06->0x0300 0x4900 [0m
[37m[8.277][linker]-[Debug]-[DjiProtocol_v1Unpack:215) <0x9a92>V1-Recv: 0x0306->0x0A06 0x03C1 [0m
[37m[8.278][linker]-[Debug]-[DjiCommand_RecvWork:1066)  <0x9a92>Receive msg from linker, 0x0306->0x0A06 0x03C1 len:13 [0m
[37m[8.297][linker]-[Debug]-[DjiProtocol_v1Unpack:215) <0x9abf>V1-Recv: 0x0300->0x0A06 0x221B [0m
[37m[8.298][linker]-[Debug]-[DjiCommand_RecvWork:1066)  <0x9abf>Receive msg from linker, 0x0300->0x0A06 0x221B len:9 [0m
[37m[8.298][linker]-[Debug]-[DjiCommand_DealCmd:919) received unsupport request cmd that noneed ack, <0x9abf> cmdset: 0x22 cmdid: 0x1B [0m
[37m[8.340][linker]-[Debug]-[DjiProtocol_v1Unpack:215) <0x9b02>V1-Recv: 0x0300->0x0A06 0x036C [0m
[37m[8.340][linker]-[Debug]-[DjiCommand_RecvWork:1066)  <0x9b02>Receive msg from linker, 0x0300->0x0A06 0x036C len:71 [0m
[37m[8.340][linker]-[Debug]-[DjiCommand_DealCmd:919) received unsupport request cmd that noneed ack, <0x9b02> cmdset: 0x03 cmdid: 0x6C [0m
[37m[8.359][linker]-[Debug]-[DjiProtocol_v1Unpack:215) <0x9b2a>V1-Recv: 0x0300->0x0A06 0x4900 [0m
[37m[8.360][linker]-[Debug]-[DjiCommand_RecvWork:1066)  <0x9b2a>Receive msg from linker, 0x0300->0x0A06 0x4900 len:14 [0m
[37m[8.360][linker]-[Debug]-[DjiProtocol_v1Pack:123) <0x9b2a>V1-Send: 0x0A06->0x0300 0x4900 [0m
[37m[8.377][linker]-[Debug]-[DjiProtocol_v1Unpack:215) <0x9b47>V1-Recv: 0x0306->0x0A06 0x03C1 [0m
[37m[8.378][linker]-[Debug]-[DjiCommand_RecvWork:1066)  <0x9b47>Receive msg from linker, 0x0306->0x0A06 0x03C1 len:13 [0m
[37m[8.397][linker]-[Debug]-[DjiProtocol_v1Unpack:215) <0x9b75>V1-Recv: 0x0300->0x0A06 0x221B [0m
[37m[8.398][linker]-[Debug]-[DjiCommand_RecvWork:1066)  <0x9b75>Receive msg from linker, 0x0300->0x0A06 0x221B len:9 [0m
[37m[8.398][linker]-[Debug]-[DjiCommand_DealCmd:919) received unsupport request cmd that noneed ack, <0x9b75> cmdset: 0x22 cmdid: 0x1B [0m
[37m[8.410][linker]-[Debug]-[DjiProtocol_v1Pack:123) <0xdd4d>V1-Send: 0x0A06->0x0300 0x0000 [0m
[37m[8.410][infor]-[Debug]-[DjiAircraftConnection_CheckExtensionPortConnectStatusByV1Protocol:170) check connect status:1 [0m
[37m[8.411][linker]-[Debug]-[DjiProtocol_v1Pack:123) <0xdd4e>V1-Send: 0x0A06->0x0200 0x3C10 [0m
[37m[8.411][linker]-[Debug]-[DjiProtocol_v1Pack:123) <0xdd4f>V1-Send: 0x0A06->0x0A01 0x3C10 [0m
[37m[8.411][linker]-[Debug]-[DjiProtocol_v1Pack:123) <0xdd50>V1-Send: 0x0A06->0x0300 0x3C10 [0m
[37m[8.417][linker]-[Debug]-[DjiProtocol_v1Unpack:215) <0xdd4d>V1-Recv: 0x0300->0x0A06 0x0000 [0m
[37m[8.418][linker]-[Debug]-[DjiCommand_RecvWork:1066)  <0xdd4d>Receive msg from linker, 0x0300->0x0A06 0x0000 len:0 [0m
[37m[8.418][infor]-[Debug]-[DjiAircraftInfo_CheckPingStatusAsyncCallback:269) connect status async sucess [0m
[37m[8.418][linker]-[Debug]-[DjiCommand_DealCmd:830) callback function (cmdset: 0x00 cmdid: 0x00) deal time: 0 ms [0m
[37m[8.441][linker]-[Debug]-[DjiProtocol_v1Unpack:215) <0x9bb6>V1-Recv: 0x0300->0x0A06 0x036C [0m
[37m[8.441][linker]-[Debug]-[DjiProtocol_v1Unpack:215) <0x3744>V1-Recv: 0x0A01->0x0A06 0x3C45 [0m
[37m[8.441][linker]-[Debug]-[DjiCommand_RecvWork:1066)  <0x9bb6>Receive msg from linker, 0x0300->0x0A06 0x036C len:71 [0m
[37m[8.441][linker]-[Debug]-[DjiCommand_DealCmd:919) received unsupport request cmd that noneed ack, <0x9bb6> cmdset: 0x03 cmdid: 0x6C [0m
[37m[8.442][linker]-[Debug]-[DjiCommand_RecvWork:1066)  <0x3744>Receive msg from linker, 0x0A01->0x0A06 0x3C45 len:0 [0m
[37m[8.442][upgrade]-[Debug]-[DjiUpgrade_GetUpgradeServiceInfo:239) Get upgrade service info [0m
[37m[8.442][linker]-[Debug]-[DjiProtocol_v1Pack:123) <0x3744>V1-Send: 0x0A06->0x0A01 0x3C45 [0m
[37m[8.449][linker]-[Debug]-[DjiProtocol_v1Unpack:215) <0x173d>V1-Recv: 0x1D07->0x0A06 0x2105 [0m
[37m[8.450][linker]-[Debug]-[DjiCommand_RecvWork:1066)  <0x173d>Receive msg from linker, 0x1D07->0x0A06 0x2105 len:1 [0m
[37m[8.450][linker]-[Debug]-[DjiCommand_DealCmd:919) received unsupport request cmd that need ack, <0x173d> cmdset: 0x21 cmdid: 0x05 [0m
[37m[8.460][linker]-[Debug]-[DjiProtocol_v1Unpack:215) <0x9bde>V1-Recv: 0x0300->0x0A06 0x4900 [0m
[37m[8.460][linker]-[Debug]-[DjiProtocol_v1Unpack:215) <0xad26>V1-Recv: 0x0202->0x0A06 0x3C3C [0m
[37m[8.460][linker]-[Debug]-[DjiProtocol_v1Unpack:215) <0xad27>V1-Recv: 0x0202->0x0A06 0x0051 [0m
[37m[8.460][linker]-[Debug]-[DjiCommand_RecvWork:1066)  <0x9bde>Receive msg from linker, 0x0300->0x0A06 0x4900 len:14 [0m
[37m[8.460][linker]-[Debug]-[DjiProtocol_v1Pack:123) <0x9bde>V1-Send: 0x0A06->0x0300 0x4900 [0m
[37m[8.462][linker]-[Debug]-[DjiCommand_RecvWork:1066)  <0xad26>Receive msg from linker, 0x0202->0x0A06 0x3C3C len:2 [0m
[32m[8.462][infor]-[Info]-[DjiAircraftInfo_NotifyMobileAppInfoHandle:715) Set mobile app info, language is Chinese, screen type is Big Screen [0m
[37m[8.462][linker]-[Debug]-[DjiProtocol_v1Pack:123) <0xad26>V1-Send: 0x0A06->0x0202 0x3C3C [0m
[37m[8.463][linker]-[Debug]-[DjiCommand_RecvWork:1066)  <0xad27>Receive msg from linker, 0x0202->0x0A06 0x0051 len:1 [0m
[37m[8.463][linker]-[Debug]-[DjiProtocol_v1Pack:123) <0xad27>V1-Send: 0x0A06->0x0202 0x0051 [0m
[37m[8.464][linker]-[Debug]-[DjiProtocol_v1Unpack:215) <0xad28>V1-Recv: 0x0202->0x0A06 0x3C50 [0m
[37m[8.465][linker]-[Debug]-[DjiProtocol_v1Pack:123) <0xdd51>V1-Send: 0x0A06->0x1D01 0x00F0 [0m
[37m[8.465][linker]-[Debug]-[DjiCommand_RecvWork:1066)  <0xad28>Receive msg from linker, 0x0202->0x0A06 0x3C50 len:0 [0m
[37m[8.465][core]-[Debug]-[DjiApplicationReadyState_GetPayloadCapabilitySetHandle:303) Get payload capability set handle, ver: 1, support: 0 0 0 0 [0m
[37m[8.465][linker]-[Debug]-[DjiProtocol_v1Pack:123) <0xad28>V1-Send: 0x0A06->0x0202 0x3C50 [0m
[37m[8.477][linker]-[Debug]-[DjiProtocol_v1Unpack:215) <0x9bf9>V1-Recv: 0x0306->0x0A06 0x03C1 [0m
[37m[8.478][linker]-[Debug]-[DjiCommand_RecvWork:1066)  <0x9bf9>Receive msg from linker, 0x0306->0x0A06 0x03C1 len:13 [0m
[37m[8.497][linker]-[Debug]-[DjiProtocol_v1Unpack:215) <0x9c22>V1-Recv: 0x0300->0x0A06 0x221B [0m
[37m[8.498][linker]-[Debug]-[DjiCommand_RecvWork:1066)  <0x9c22>Receive msg from linker, 0x0300->0x0A06 0x221B len:9 [0m
[37m[8.498][linker]-[Debug]-[DjiCommand_DealCmd:919) received unsupport request cmd that noneed ack, <0x9c22> cmdset: 0x22 cmdid: 0x1B [0m
[37m[8.530][utils]-[Debug]-[DjiCore_RootTask:131) work execution time: [0m
[37m[8.530][utils]-[Debug]-[DjiCore_RootTask:132) name	                execution time (ms)	  max execution time (ms) [0m
[37m[8.530][utils]-[Debug]-[DjiCore_RootTask:134) recorderWork                    	0       	1        [0m
[37m[8.530][utils]-[Debug]-[DjiCore_RootTask:134) flowControllerTask              	0       	0        [0m
[37m[8.530][utils]-[Debug]-[DjiCore_RootTask:134) commandTask                     	1       	1        [0m
[37m[8.530][utils]-[Debug]-[DjiCore_RootTask:134) aircraftWorkNode                	0       	0        [0m
[37m[8.530][utils]-[Debug]-[DjiCore_RootTask:134) StatePushWork                   	0       	0        [0m
[37m[8.530][linker]-[Debug]-[DjiProtocol_v1Unpack:215) <0xad2a>V1-Recv: 0x0202->0x0A06 0x0026 [0m
[37m[8.531][linker]-[Debug]-[DjiCommand_RecvWork:1066)  <0xad2a>Receive msg from linker, 0x0202->0x0A06 0x0026 len:37 [0m
[37m[8.531][linker]-[Debug]-[DjiCommand_DealCmd:919) received unsupport request cmd that need ack, <0xad2a> cmdset: 0x00 cmdid: 0x26 [0m
[37m[8.540][linker]-[Debug]-[DjiProtocol_v1Unpack:215) <0x9c6a>V1-Recv: 0x0300->0x0A06 0x036C [0m
[37m[8.541][linker]-[Debug]-[DjiCommand_RecvWork:1066)  <0x9c6a>Receive msg from linker, 0x0300->0x0A06 0x036C len:71 [0m
[37m[8.541][linker]-[Debug]-[DjiCommand_DealCmd:919) received unsupport request cmd that noneed ack, <0x9c6a> cmdset: 0x03 cmdid: 0x6C [0m
[37m[8.559][linker]-[Debug]-[DjiProtocol_v1Unpack:215) <0x9c95>V1-Recv: 0x0300->0x0A06 0x4900 [0m
[37m[8.560][linker]-[Debug]-[DjiCommand_RecvWork:1066)  <0x9c95>Receive msg from linker, 0x0300->0x0A06 0x4900 len:14 [0m
[37m[8.560][linker]-[Debug]-[DjiProtocol_v1Pack:123) <0x9c95>V1-Send: 0x0A06->0x0300 0x4900 [0m
[37m[8.577][linker]-[Debug]-[DjiProtocol_v1Unpack:215) <0x9cb4>V1-Recv: 0x0306->0x0A06 0x03C1 [0m
[37m[8.578][linker]-[Debug]-[DjiCommand_RecvWork:1066)  <0x9cb4>Receive msg from linker, 0x0306->0x0A06 0x03C1 len:13 [0m
[37m[8.598][linker]-[Debug]-[DjiProtocol_v1Unpack:215) <0x9cdf>V1-Recv: 0x0300->0x0A06 0x221B [0m
[37m[8.598][linker]-[Debug]-[DjiCommand_RecvWork:1066)  <0x9cdf>Receive msg from linker, 0x0300->0x0A06 0x221B len:9 [0m
[37m[8.598][linker]-[Debug]-[DjiCommand_DealCmd:919) received unsupport request cmd that noneed ack, <0x9cdf> cmdset: 0x22 cmdid: 0x1B [0m
[37m[8.625][linker]-[Debug]-[DjiProtocol_v1Pack:123) <0xdd52>V1-Send: 0x0A06->0x0200 0x3C10 [0m
[37m[8.625][linker]-[Debug]-[DjiProtocol_v1Pack:123) <0xdd53>V1-Send: 0x0A06->0x0A01 0x3C10 [0m
[37m[8.625][linker]-[Debug]-[DjiProtocol_v1Pack:123) <0xdd54>V1-Send: 0x0A06->0x0300 0x3C10 [0m
[37m[8.641][linker]-[Debug]-[DjiProtocol_v1Unpack:215) <0x9d1e>V1-Recv: 0x0300->0x0A06 0x036C [0m
[37m[8.641][linker]-[Debug]-[DjiProtocol_v1Unpack:215) <0x3745>V1-Recv: 0x0A01->0x0A06 0x3C45 [0m
[37m[8.642][linker]-[Debug]-[DjiCommand_RecvWork:1066)  <0x9d1e>Receive msg from linker, 0x0300->0x0A06 0x036C len:71 [0m
[37m[8.642][linker]-[Debug]-[DjiCommand_DealCmd:919) received unsupport request cmd that noneed ack, <0x9d1e> cmdset: 0x03 cmdid: 0x6C [0m
[37m[8.643][linker]-[Debug]-[DjiCommand_RecvWork:1066)  <0x3745>Receive msg from linker, 0x0A01->0x0A06 0x3C45 len:0 [0m
[37m[8.643][upgrade]-[Debug]-[DjiUpgrade_GetUpgradeServiceInfo:239) Get upgrade service info [0m
[37m[8.643][linker]-[Debug]-[DjiProtocol_v1Pack:123) <0x3745>V1-Send: 0x0A06->0x0A01 0x3C45 [0m
[37m[8.661][linker]-[Debug]-[DjiProtocol_v1Unpack:215) <0x9d47>V1-Recv: 0x0300->0x0A06 0x0F74 [0m
[37m[8.661][linker]-[Debug]-[DjiProtocol_v1Unpack:215) <0x9d4a>V1-Recv: 0x0300->0x0100 0x0406 [0m
[37m[8.661][linker]-[Debug]-[DjiProtocol_v1Unpack:215) <0x9d4b>V1-Recv: 0x0300->0x0100 0x0407 [0m
[37m[8.661][linker]-[Debug]-[DjiProtocol_v1Unpack:215) <0x9d4c>V1-Recv: 0x0300->0x0A06 0x4900 [0m
[37m[8.662][linker]-[Debug]-[DjiCommand_RecvWork:1066)  <0x9d47>Receive msg from linker, 0x0300->0x0A06 0x0F74 len:28 [0m
[37m[8.662][linker]-[Debug]-[DjiCommand_DealCmd:919) received unsupport request cmd that noneed ack, <0x9d47> cmdset: 0x0F cmdid: 0x74 [0m
[37m[8.663][linker]-[Debug]-[DjiCommand_RecvWork:1066)  <0x9d4a>Receive msg from linker, 0x0300->0x0100 0x0406 len:12 [0m
[37m[8.663][linker]-[Debug]-[DjiCommand_DealCmd:919) received unsupport request cmd that noneed ack, <0x9d4a> cmdset: 0x04 cmdid: 0x06 [0m
[37m[8.664][linker]-[Debug]-[DjiCommand_RecvWork:1066)  <0x9d4b>Receive msg from linker, 0x0300->0x0100 0x0407 len:1 [0m
[37m[8.664][linker]-[Debug]-[DjiCommand_DealCmd:919) received unsupport request cmd that noneed ack, <0x9d4b> cmdset: 0x04 cmdid: 0x07 [0m
[37m[8.665][linker]-[Debug]-[DjiCommand_RecvWork:1066)  <0x9d4c>Receive msg from linker, 0x0300->0x0A06 0x4900 len:14 [0m
[37m[8.665][linker]-[Debug]-[DjiProtocol_v1Pack:123) <0x9d4c>V1-Send: 0x0A06->0x0300 0x4900 [0m
[37m[8.676][linker]-[Debug]-[DjiProtocol_v1Unpack:215) <0x9d68>V1-Recv: 0x0306->0x0A06 0x03C1 [0m
[37m[8.677][linker]-[Debug]-[DjiCommand_RecvWork:1066)  <0x9d68>Receive msg from linker, 0x0306->0x0A06 0x03C1 len:13 [0m
[37m[8.698][linker]-[Debug]-[DjiProtocol_v1Unpack:215) <0x9d91>V1-Recv: 0x0300->0x0A06 0x221B [0m
[37m[8.698][linker]-[Debug]-[DjiCommand_RecvWork:1066)  <0x9d91>Receive msg from linker, 0x0300->0x0A06 0x221B len:9 [0m
[37m[8.698][linker]-[Debug]-[DjiCommand_DealCmd:919) received unsupport request cmd that noneed ack, <0x9d91> cmdset: 0x22 cmdid: 0x1B [0m
[37m[8.740][linker]-[Debug]-[DjiProtocol_v1Unpack:215) <0x9dd5>V1-Recv: 0x0300->0x0A06 0x036C [0m
[37m[8.741][linker]-[Debug]-[DjiCommand_RecvWork:1066)  <0x9dd5>Receive msg from linker, 0x0300->0x0A06 0x036C len:71 [0m
[37m[8.741][linker]-[Debug]-[DjiCommand_DealCmd:919) received unsupport request cmd that noneed ack, <0x9dd5> cmdset: 0x03 cmdid: 0x6C [0m
[37m[8.759][linker]-[Debug]-[DjiProtocol_v1Unpack:215) <0x9e0c>V1-Recv: 0x0300->0x0A06 0x4900 [0m
[37m[8.759][linker]-[Debug]-[DjiCommand_RecvWork:1066)  <0x9e0c>Receive msg from linker, 0x0300->0x0A06 0x4900 len:14 [0m
[37m[8.759][linker]-[Debug]-[DjiProtocol_v1Pack:123) <0x9e0c>V1-Send: 0x0A06->0x0300 0x4900 [0m
[37m[8.777][linker]-[Debug]-[DjiProtocol_v1Unpack:215) <0x9e2b>V1-Recv: 0x0306->0x0A06 0x03C1 [0m
[37m[8.777][linker]-[Debug]-[DjiCommand_RecvWork:1066)  <0x9e2b>Receive msg from linker, 0x0306->0x0A06 0x03C1 len:13 [0m
[37m[8.798][linker]-[Debug]-[DjiProtocol_v1Unpack:215) <0x9e59>V1-Recv: 0x0300->0x0A06 0x221B [0m
[37m[8.799][linker]-[Debug]-[DjiCommand_RecvWork:1066)  <0x9e59>Receive msg from linker, 0x0300->0x0A06 0x221B len:9 [0m
[37m[8.799][linker]-[Debug]-[DjiCommand_DealCmd:919) received unsupport request cmd that noneed ack, <0x9e59> cmdset: 0x22 cmdid: 0x1B [0m
[37m[8.839][linker]-[Debug]-[DjiProtocol_v1Pack:123) <0xdd55>V1-Send: 0x0A06->0x0200 0x3C10 [0m
[37m[8.839][linker]-[Debug]-[DjiProtocol_v1Pack:123) <0xdd56>V1-Send: 0x0A06->0x0A01 0x3C10 [0m
[37m[8.839][linker]-[Debug]-[DjiProtocol_v1Pack:123) <0xdd57>V1-Send: 0x0A06->0x0300 0x3C10 [0m
[37m[8.845][linker]-[Debug]-[DjiProtocol_v1Unpack:215) <0x9e96>V1-Recv: 0x0306->0x0A06 0x03C1 [0m
[37m[8.845][linker]-[Debug]-[DjiProtocol_v1Unpack:215) <0x9e98>V1-Recv: 0x0300->0x0A06 0x036C [0m
[37m[8.845][linker]-[Debug]-[DjiCommand_RecvWork:1066)  <0x9e96>Receive msg from linker, 0x0306->0x0A06 0x03C1 len:126 [0m
[37m[8.846][linker]-[Debug]-[DjiCommand_RecvWork:1066)  <0x9e98>Receive msg from linker, 0x0300->0x0A06 0x036C len:71 [0m
[37m[8.847][linker]-[Debug]-[DjiCommand_DealCmd:919) received unsupport request cmd that noneed ack, <0x9e98> cmdset: 0x03 cmdid: 0x6C [0m
[37m[8.859][linker]-[Debug]-[DjiProtocol_v1Unpack:215) <0x9ec1>V1-Recv: 0x0300->0x0A06 0x4900 [0m
[37m[8.859][linker]-[Debug]-[DjiProtocol_v1Unpack:215) <0x3746>V1-Recv: 0x0A01->0x0A06 0x3C45 [0m
[37m[8.859][linker]-[Debug]-[DjiCommand_RecvWork:1066)  <0x9ec1>Receive msg from linker, 0x0300->0x0A06 0x4900 len:14 [0m
[37m[8.859][linker]-[Debug]-[DjiProtocol_v1Pack:123) <0x9ec1>V1-Send: 0x0A06->0x0300 0x4900 [0m
[37m[8.860][linker]-[Debug]-[DjiCommand_RecvWork:1066)  <0x3746>Receive msg from linker, 0x0A01->0x0A06 0x3C45 len:0 [0m
[37m[8.860][upgrade]-[Debug]-[DjiUpgrade_GetUpgradeServiceInfo:239) Get upgrade service info [0m
[37m[8.860][linker]-[Debug]-[DjiProtocol_v1Pack:123) <0x3746>V1-Send: 0x0A06->0x0A01 0x3C45 [0m
[37m[8.877][linker]-[Debug]-[DjiProtocol_v1Unpack:215) <0x9edc>V1-Recv: 0x0306->0x0A06 0x03C1 [0m
[37m[8.877][linker]-[Debug]-[DjiCommand_RecvWork:1066)  <0x9edc>Receive msg from linker, 0x0306->0x0A06 0x03C1 len:13 [0m
[32m[8.878][user]-[Info]-[UserFcSubscription_Task:453) Current speed: 0.000000.
 [0m
[32m[8.878][user]-[Info]-[UserFcSubscription_Task:639) Displaymode status: 6. [0m
[37m[8.898][linker]-[Debug]-[DjiProtocol_v1Unpack:215) <0x590>V1-Recv: 0x0701->0x0A06 0x0000 [0m
[37m[8.898][linker]-[Debug]-[DjiProtocol_v1Unpack:215) <0x9f05>V1-Recv: 0x0300->0x0A06 0x221B [0m
[37m[8.899][linker]-[Debug]-[DjiCommand_RecvWork:1066)  <0x590>Receive msg from linker, 0x0701->0x0A06 0x0000 len:16 [0m
[37m[8.899][linker]-[Debug]-[DjiProtocol_v1Pack:123) <0x590>V1-Send: 0x0A06->0x0701 0x0000 [0m
[37m[8.900][linker]-[Debug]-[DjiCommand_RecvWork:1066)  <0x9f05>Receive msg from linker, 0x0300->0x0A06 0x221B len:9 [0m
[37m[8.900][linker]-[Debug]-[DjiCommand_DealCmd:919) received unsupport request cmd that noneed ack, <0x9f05> cmdset: 0x22 cmdid: 0x1B [0m
[37m[8.941][linker]-[Debug]-[DjiProtocol_v1Unpack:215) <0x9f4a>V1-Recv: 0x0300->0x0A06 0x036C [0m
[37m[8.941][linker]-[Debug]-[DjiCommand_RecvWork:1066)  <0x9f4a>Receive msg from linker, 0x0300->0x0A06 0x036C len:71 [0m
[37m[8.941][linker]-[Debug]-[DjiCommand_DealCmd:919) received unsupport request cmd that noneed ack, <0x9f4a> cmdset: 0x03 cmdid: 0x6C [0m
[37m[8.959][linker]-[Debug]-[DjiProtocol_v1Unpack:215) <0x9f78>V1-Recv: 0x0300->0x0A06 0x4900 [0m
[37m[8.959][linker]-[Debug]-[DjiCommand_RecvWork:1066)  <0x9f78>Receive msg from linker, 0x0300->0x0A06 0x4900 len:14 [0m
[37m[8.959][linker]-[Debug]-[DjiProtocol_v1Pack:123) <0x9f78>V1-Send: 0x0A06->0x0300 0x4900 [0m
[37m[8.977][linker]-[Debug]-[DjiProtocol_v1Unpack:215) <0x9f95>V1-Recv: 0x0306->0x0A06 0x03C1 [0m
[37m[8.977][linker]-[Debug]-[DjiCommand_RecvWork:1066)  <0x9f95>Receive msg from linker, 0x0306->0x0A06 0x03C1 len:13 [0m
[37m[8.997][linker]-[Debug]-[DjiProtocol_v1Unpack:215) <0x9fc1>V1-Recv: 0x0300->0x0A06 0x221B [0m
[37m[8.998][linker]-[Debug]-[DjiCommand_RecvWork:1066)  <0x9fc1>Receive msg from linker, 0x0300->0x0A06 0x221B len:9 [0m
[37m[8.998][linker]-[Debug]-[DjiCommand_DealCmd:919) received unsupport request cmd that noneed ack, <0x9fc1> cmdset: 0x22 cmdid: 0x1B [0m
[37m[9.040][linker]-[Debug]-[DjiProtocol_v1Unpack:215) <0xa002>V1-Recv: 0x0300->0x0A06 0x036C [0m
[37m[9.040][linker]-[Debug]-[DjiCommand_RecvWork:1066)  <0xa002>Receive msg from linker, 0x0300->0x0A06 0x036C len:71 [0m
[37m[9.040][linker]-[Debug]-[DjiCommand_DealCmd:919) received unsupport request cmd that noneed ack, <0xa002> cmdset: 0x03 cmdid: 0x6C [0m
[37m[9.052][linker]-[Debug]-[DjiProtocol_v1Pack:123) <0xdd58>V1-Send: 0x0A06->0x0200 0x3C10 [0m
[37m[9.052][linker]-[Debug]-[DjiProtocol_v1Pack:123) <0xdd59>V1-Send: 0x0A06->0x0A01 0x3C10 [0m
[37m[9.052][linker]-[Debug]-[DjiProtocol_v1Pack:123) <0xdd5a>V1-Send: 0x0A06->0x0300 0x3C10 [0m
[37m[9.058][linker]-[Debug]-[DjiProtocol_v1Unpack:215) <0xa029>V1-Recv: 0x0300->0x0A06 0x4900 [0m
[37m[9.059][linker]-[Debug]-[DjiCommand_RecvWork:1066)  <0xa029>Receive msg from linker, 0x0300->0x0A06 0x4900 len:14 [0m
[37m[9.059][linker]-[Debug]-[DjiProtocol_v1Pack:123) <0xa029>V1-Send: 0x0A06->0x0300 0x4900 [0m
[37m[9.077][linker]-[Debug]-[DjiProtocol_v1Unpack:215) <0xa044>V1-Recv: 0x0306->0x0A06 0x03C1 [0m
[37m[9.078][linker]-[Debug]-[DjiCommand_RecvWork:1066)  <0xa044>Receive msg from linker, 0x0306->0x0A06 0x03C1 len:13 [0m
[37m[9.080][linker]-[Debug]-[DjiProtocol_v1Unpack:215) <0x3747>V1-Recv: 0x0A01->0x0A06 0x3C45 [0m
[37m[9.080][linker]-[Debug]-[DjiCommand_RecvWork:1066)  <0x3747>Receive msg from linker, 0x0A01->0x0A06 0x3C45 len:0 [0m
[37m[9.080][upgrade]-[Debug]-[DjiUpgrade_GetUpgradeServiceInfo:239) Get upgrade service info [0m
[37m[9.080][linker]-[Debug]-[DjiProtocol_v1Pack:123) <0x3747>V1-Send: 0x0A06->0x0A01 0x3C45 [0m
[37m[9.098][linker]-[Debug]-[DjiProtocol_v1Unpack:215) <0xa06f>V1-Recv: 0x0300->0x0A06 0x221B [0m
[37m[9.098][linker]-[Debug]-[DjiCommand_RecvWork:1066)  <0xa06f>Receive msg from linker, 0x0300->0x0A06 0x221B len:9 [0m
[37m[9.098][linker]-[Debug]-[DjiCommand_DealCmd:919) received unsupport request cmd that noneed ack, <0xa06f> cmdset: 0x22 cmdid: 0x1B [0m
[37m[9.140][linker]-[Debug]-[DjiProtocol_v1Unpack:215) <0xa0ba>V1-Recv: 0x0300->0x0A06 0x036C [0m
[37m[9.141][linker]-[Debug]-[DjiCommand_RecvWork:1066)  <0xa0ba>Receive msg from linker, 0x0300->0x0A06 0x036C len:71 [0m
[37m[9.141][linker]-[Debug]-[DjiCommand_DealCmd:919) received unsupport request cmd that noneed ack, <0xa0ba> cmdset: 0x03 cmdid: 0x6C [0m
[37m[9.159][linker]-[Debug]-[DjiProtocol_v1Unpack:215) <0xa0e3>V1-Recv: 0x0300->0x0100 0x0405 [0m
[37m[9.159][linker]-[Debug]-[DjiProtocol_v1Unpack:215) <0xa0e4>V1-Recv: 0x0300->0x0A06 0x4900 [0m
[37m[9.160][linker]-[Debug]-[DjiCommand_RecvWork:1066)  <0xa0e3>Receive msg from linker, 0x0300->0x0100 0x0405 len:22 [0m
[37m[9.160][linker]-[Debug]-[DjiCommand_DealCmd:919) received unsupport request cmd that noneed ack, <0xa0e3> cmdset: 0x04 cmdid: 0x05 [0m
[37m[9.161][linker]-[Debug]-[DjiCommand_RecvWork:1066)  <0xa0e4>Receive msg from linker, 0x0300->0x0A06 0x4900 len:14 [0m
[37m[9.161][linker]-[Debug]-[DjiProtocol_v1Pack:123) <0xa0e4>V1-Send: 0x0A06->0x0300 0x4900 [0m
[37m[9.177][linker]-[Debug]-[DjiProtocol_v1Unpack:215) <0xa101>V1-Recv: 0x0306->0x0A06 0x03C1 [0m
[37m[9.177][linker]-[Debug]-[DjiCommand_RecvWork:1066)  <0xa101>Receive msg from linker, 0x0306->0x0A06 0x03C1 len:13 [0m
[37m[9.198][linker]-[Debug]-[DjiProtocol_v1Unpack:215) <0xa12c>V1-Recv: 0x0300->0x0A06 0x221B [0m
[37m[9.198][linker]-[Debug]-[DjiCommand_RecvWork:1066)  <0xa12c>Receive msg from linker, 0x0300->0x0A06 0x221B len:9 [0m
[37m[9.198][linker]-[Debug]-[DjiCommand_DealCmd:919) received unsupport request cmd that noneed ack, <0xa12c> cmdset: 0x22 cmdid: 0x1B [0m
[37m[9.241][linker]-[Debug]-[DjiProtocol_v1Unpack:215) <0xa171>V1-Recv: 0x0300->0x0A06 0x036C [0m
[37m[9.241][linker]-[Debug]-[DjiCommand_RecvWork:1066)  <0xa171>Receive msg from linker, 0x0300->0x0A06 0x036C len:71 [0m
[37m[9.241][linker]-[Debug]-[DjiCommand_DealCmd:919) received unsupport request cmd that noneed ack, <0xa171> cmdset: 0x03 cmdid: 0x6C [0m
[37m[9.259][linker]-[Debug]-[DjiProtocol_v1Unpack:215) <0xa1a2>V1-Recv: 0x0300->0x0A06 0x4900 [0m
[37m[9.259][linker]-[Debug]-[DjiCommand_RecvWork:1066)  <0xa1a2>Receive msg from linker, 0x0300->0x0A06 0x4900 len:14 [0m
[37m[9.259][linker]-[Debug]-[DjiProtocol_v1Pack:123) <0xa1a2>V1-Send: 0x0A06->0x0300 0x4900 [0m
[37m[9.266][linker]-[Debug]-[DjiProtocol_v1Pack:123) <0xdd5b>V1-Send: 0x0A06->0x0200 0x3C10 [0m
[37m[9.266][linker]-[Debug]-[DjiProtocol_v1Pack:123) <0xdd5c>V1-Send: 0x0A06->0x0A01 0x3C10 [0m
[37m[9.266][linker]-[Debug]-[DjiProtocol_v1Pack:123) <0xdd5d>V1-Send: 0x0A06->0x0300 0x3C10 [0m
[37m[9.277][linker]-[Debug]-[DjiProtocol_v1Unpack:215) <0xa1c3>V1-Recv: 0x0306->0x0A06 0x03C1 [0m
[37m[9.278][linker]-[Debug]-[DjiCommand_RecvWork:1066)  <0xa1c3>Receive msg from linker, 0x0306->0x0A06 0x03C1 len:13 [0m
[37m[9.279][linker]-[Debug]-[DjiProtocol_v1Unpack:215) <0x374b>V1-Recv: 0x0A01->0x0A06 0x3C45 [0m
[37m[9.280][linker]-[Debug]-[DjiCommand_RecvWork:1066)  <0x374b>Receive msg from linker, 0x0A01->0x0A06 0x3C45 len:0 [0m
[37m[9.280][upgrade]-[Debug]-[DjiUpgrade_GetUpgradeServiceInfo:239) Get upgrade service info [0m
[37m[9.280][linker]-[Debug]-[DjiProtocol_v1Pack:123) <0x374b>V1-Send: 0x0A06->0x0A01 0x3C45 [0m
[37m[9.298][linker]-[Debug]-[DjiProtocol_v1Unpack:215) <0xa1f2>V1-Recv: 0x0300->0x0A06 0x221B [0m
[37m[9.299][linker]-[Debug]-[DjiCommand_RecvWork:1066)  <0xa1f2>Receive msg from linker, 0x0300->0x0A06 0x221B len:9 [0m
[37m[9.299][linker]-[Debug]-[DjiCommand_DealCmd:919) received unsupport request cmd that noneed ack, <0xa1f2> cmdset: 0x22 cmdid: 0x1B [0m
[37m[9.340][linker]-[Debug]-[DjiProtocol_v1Unpack:215) <0xa23a>V1-Recv: 0x0300->0x0A06 0x036C [0m
[37m[9.341][linker]-[Debug]-[DjiCommand_RecvWork:1066)  <0xa23a>Receive msg from linker, 0x0300->0x0A06 0x036C len:71 [0m
[37m[9.342][linker]-[Debug]-[DjiCommand_DealCmd:919) received unsupport request cmd that noneed ack, <0xa23a> cmdset: 0x03 cmdid: 0x6C [0m
[37m[9.359][linker]-[Debug]-[DjiProtocol_v1Unpack:215) <0xa263>V1-Recv: 0x0300->0x0A06 0x4900 [0m
[37m[9.360][linker]-[Debug]-[DjiCommand_RecvWork:1066)  <0xa263>Receive msg from linker, 0x0300->0x0A06 0x4900 len:14 [0m
[37m[9.360][linker]-[Debug]-[DjiProtocol_v1Pack:123) <0xa263>V1-Send: 0x0A06->0x0300 0x4900 [0m
[37m[9.377][linker]-[Debug]-[DjiProtocol_v1Unpack:215) <0xa283>V1-Recv: 0x0306->0x0A06 0x03C1 [0m
[37m[9.378][linker]-[Debug]-[DjiCommand_RecvWork:1066)  <0xa283>Receive msg from linker, 0x0306->0x0A06 0x03C1 len:13 [0m
[37m[9.398][linker]-[Debug]-[DjiProtocol_v1Unpack:215) <0xa2b0>V1-Recv: 0x0300->0x0A06 0x221B [0m
[37m[9.399][linker]-[Debug]-[DjiCommand_RecvWork:1066)  <0xa2b0>Receive msg from linker, 0x0300->0x0A06 0x221B len:9 [0m
[37m[9.399][linker]-[Debug]-[DjiCommand_DealCmd:919) received unsupport request cmd that noneed ack, <0xa2b0> cmdset: 0x22 cmdid: 0x1B [0m
[37m[9.441][linker]-[Debug]-[DjiProtocol_v1Unpack:215) <0xa2ed>V1-Recv: 0x0300->0x0A06 0x036C [0m
[37m[9.441][linker]-[Debug]-[DjiCommand_RecvWork:1066)  <0xa2ed>Receive msg from linker, 0x0300->0x0A06 0x036C len:71 [0m
[37m[9.441][linker]-[Debug]-[DjiCommand_DealCmd:919) received unsupport request cmd that noneed ack, <0xa2ed> cmdset: 0x03 cmdid: 0x6C [0m
[37m[9.449][linker]-[Debug]-[DjiProtocol_v1Unpack:215) <0x173e>V1-Recv: 0x1D07->0x0A06 0x2105 [0m
[37m[9.449][linker]-[Debug]-[DjiCommand_RecvWork:1066)  <0x173e>Receive msg from linker, 0x1D07->0x0A06 0x2105 len:1 [0m
[37m[9.449][linker]-[Debug]-[DjiCommand_DealCmd:919) received unsupport request cmd that need ack, <0x173e> cmdset: 0x21 cmdid: 0x05 [0m
[37m[9.459][linker]-[Debug]-[DjiProtocol_v1Unpack:215) <0xa313>V1-Recv: 0x0300->0x0A06 0x4900 [0m
[37m[9.459][linker]-[Debug]-[DjiCommand_RecvWork:1066)  <0xa313>Receive msg from linker, 0x0300->0x0A06 0x4900 len:14 [0m
[37m[9.459][linker]-[Debug]-[DjiProtocol_v1Pack:123) <0xa313>V1-Send: 0x0A06->0x0300 0x4900 [0m
[37m[9.477][linker]-[Debug]-[DjiProtocol_v1Unpack:215) <0xa32e>V1-Recv: 0x0306->0x0A06 0x03C1 [0m
[37m[9.477][linker]-[Debug]-[DjiCommand_RecvWork:1066)  <0xa32e>Receive msg from linker, 0x0306->0x0A06 0x03C1 len:13 [0m
[37m[9.478][linker]-[Debug]-[DjiProtocol_v1Pack:123) <0xdd5e>V1-Send: 0x0A06->0x0300 0x0000 [0m
[37m[9.478][infor]-[Debug]-[DjiAircraftConnection_CheckExtensionPortConnectStatusByV1Protocol:170) check connect status:1 [0m
[37m[9.479][linker]-[Debug]-[DjiProtocol_v1Pack:123) <0xdd5f>V1-Send: 0x0A06->0x0200 0x3C10 [0m
[37m[9.479][linker]-[Debug]-[DjiProtocol_v1Pack:123) <0xdd60>V1-Send: 0x0A06->0x0A01 0x3C10 [0m
[37m[9.479][linker]-[Debug]-[DjiProtocol_v1Pack:123) <0xdd61>V1-Send: 0x0A06->0x0300 0x3C10 [0m
[37m[9.498][linker]-[Debug]-[DjiProtocol_v1Unpack:215) <0xdd5e>V1-Recv: 0x0300->0x0A06 0x0000 [0m
[37m[9.498][linker]-[Debug]-[DjiProtocol_v1Unpack:215) <0xa357>V1-Recv: 0x0300->0x0A06 0x221B [0m
[37m[9.498][linker]-[Debug]-[DjiCommand_RecvWork:1066)  <0xdd5e>Receive msg from linker, 0x0300->0x0A06 0x0000 len:0 [0m
[37m[9.498][infor]-[Debug]-[DjiAircraftInfo_CheckPingStatusAsyncCallback:269) connect status async sucess [0m
[37m[9.498][linker]-[Debug]-[DjiCommand_DealCmd:830) callback function (cmdset: 0x00 cmdid: 0x00) deal time: 0 ms [0m
[37m[9.499][linker]-[Debug]-[DjiCommand_RecvWork:1066)  <0xa357>Receive msg from linker, 0x0300->0x0A06 0x221B len:9 [0m
[37m[9.499][linker]-[Debug]-[DjiCommand_DealCmd:919) received unsupport request cmd that noneed ack, <0xa357> cmdset: 0x22 cmdid: 0x1B [0m
[37m[9.501][linker]-[Debug]-[DjiProtocol_v1Unpack:215) <0x374c>V1-Recv: 0x0A01->0x0A06 0x3C45 [0m
[37m[9.501][linker]-[Debug]-[DjiCommand_RecvWork:1066)  <0x374c>Receive msg from linker, 0x0A01->0x0A06 0x3C45 len:0 [0m
[37m[9.501][upgrade]-[Debug]-[DjiUpgrade_GetUpgradeServiceInfo:239) Get upgrade service info [0m
[37m[9.501][linker]-[Debug]-[DjiProtocol_v1Pack:123) <0x374c>V1-Send: 0x0A06->0x0A01 0x3C45 [0m
[37m[9.541][linker]-[Debug]-[DjiProtocol_v1Unpack:215) <0xa3a0>V1-Recv: 0x0300->0x0A06 0x036C [0m
[37m[9.541][linker]-[Debug]-[DjiCommand_RecvWork:1066)  <0xa3a0>Receive msg from linker, 0x0300->0x0A06 0x036C len:71 [0m
[37m[9.541][linker]-[Debug]-[DjiCommand_DealCmd:919) received unsupport request cmd that noneed ack, <0xa3a0> cmdset: 0x03 cmdid: 0x6C [0m
[37m[9.559][linker]-[Debug]-[DjiProtocol_v1Unpack:215) <0xa3cb>V1-Recv: 0x0300->0x0A06 0x4900 [0m
[37m[9.559][linker]-[Debug]-[DjiCommand_RecvWork:1066)  <0xa3cb>Receive msg from linker, 0x0300->0x0A06 0x4900 len:14 [0m
[37m[9.559][linker]-[Debug]-[DjiProtocol_v1Pack:123) <0xa3cb>V1-Send: 0x0A06->0x0300 0x4900 [0m
[37m[9.577][linker]-[Debug]-[DjiProtocol_v1Unpack:215) <0xa3e9>V1-Recv: 0x0306->0x0A06 0x03C1 [0m
[37m[9.577][linker]-[Debug]-[DjiCommand_RecvWork:1066)  <0xa3e9>Receive msg from linker, 0x0306->0x0A06 0x03C1 len:13 [0m
[37m[9.597][utils]-[Debug]-[DjiCore_RootTask:131) work execution time: [0m
[37m[9.597][utils]-[Debug]-[DjiCore_RootTask:132) name	                execution time (ms)	  max execution time (ms) [0m
[37m[9.597][utils]-[Debug]-[DjiCore_RootTask:134) recorderWork                    	0       	1        [0m
[37m[9.597][utils]-[Debug]-[DjiCore_RootTask:134) flowControllerTask              	0       	0        [0m
[37m[9.597][utils]-[Debug]-[DjiCore_RootTask:134) commandTask                     	1       	1        [0m
[37m[9.597][utils]-[Debug]-[DjiCore_RootTask:134) aircraftWorkNode                	0       	0        [0m
[37m[9.597][utils]-[Debug]-[DjiCore_RootTask:134) StatePushWork                   	0       	0        [0m
[37m[9.598][linker]-[Debug]-[DjiProtocol_v1Unpack:215) <0xa415>V1-Recv: 0x0300->0x0A06 0x221B [0m
[37m[9.599][linker]-[Debug]-[DjiCommand_RecvWork:1066)  <0xa415>Receive msg from linker, 0x0300->0x0A06 0x221B len:9 [0m
[37m[9.599][linker]-[Debug]-[DjiCommand_DealCmd:919) received unsupport request cmd that noneed ack, <0xa415> cmdset: 0x22 cmdid: 0x1B [0m
[37m[9.641][linker]-[Debug]-[DjiProtocol_v1Unpack:215) <0xa452>V1-Recv: 0x0300->0x0A06 0x036C [0m
[37m[9.641][linker]-[Debug]-[DjiCommand_RecvWork:1066)  <0xa452>Receive msg from linker, 0x0300->0x0A06 0x036C len:71 [0m
[37m[9.641][linker]-[Debug]-[DjiCommand_DealCmd:919) received unsupport request cmd that noneed ack, <0xa452> cmdset: 0x03 cmdid: 0x6C [0m
[37m[9.661][linker]-[Debug]-[DjiProtocol_v1Unpack:215) <0xa47e>V1-Recv: 0x0300->0x0A06 0x0F74 [0m
[37m[9.661][linker]-[Debug]-[DjiProtocol_v1Unpack:215) <0xa481>V1-Recv: 0x0300->0x0100 0x0406 [0m
[37m[9.661][linker]-[Debug]-[DjiProtocol_v1Unpack:215) <0xa482>V1-Recv: 0x0300->0x0100 0x0407 [0m
[37m[9.661][linker]-[Debug]-[DjiProtocol_v1Unpack:215) <0xa483>V1-Recv: 0x0300->0x0A06 0x4900 [0m
[37m[9.662][linker]-[Debug]-[DjiCommand_RecvWork:1066)  <0xa47e>Receive msg from linker, 0x0300->0x0A06 0x0F74 len:28 [0m
[37m[9.662][linker]-[Debug]-[DjiCommand_DealCmd:919) received unsupport request cmd that noneed ack, <0xa47e> cmdset: 0x0F cmdid: 0x74 [0m
[37m[9.663][linker]-[Debug]-[DjiCommand_RecvWork:1066)  <0xa481>Receive msg from linker, 0x0300->0x0100 0x0406 len:12 [0m
[37m[9.663][linker]-[Debug]-[DjiCommand_DealCmd:919) received unsupport request cmd that noneed ack, <0xa481> cmdset: 0x04 cmdid: 0x06 [0m
[37m[9.664][linker]-[Debug]-[DjiCommand_RecvWork:1066)  <0xa482>Receive msg from linker, 0x0300->0x0100 0x0407 len:1 [0m
[37m[9.664][linker]-[Debug]-[DjiCommand_DealCmd:919) received unsupport request cmd that noneed ack, <0xa482> cmdset: 0x04 cmdid: 0x07 [0m
[37m[9.665][linker]-[Debug]-[DjiCommand_RecvWork:1066)  <0xa483>Receive msg from linker, 0x0300->0x0A06 0x4900 len:14 [0m
[37m[9.665][linker]-[Debug]-[DjiProtocol_v1Pack:123) <0xa483>V1-Send: 0x0A06->0x0300 0x4900 [0m
[37m[9.677][linker]-[Debug]-[DjiProtocol_v1Unpack:215) <0xa49f>V1-Recv: 0x0306->0x0A06 0x03C1 [0m
[37m[9.678][linker]-[Debug]-[DjiCommand_RecvWork:1066)  <0xa49f>Receive msg from linker, 0x0306->0x0A06 0x03C1 len:13 [0m
[37m[9.693][linker]-[Debug]-[DjiProtocol_v1Pack:123) <0xdd62>V1-Send: 0x0A06->0x0200 0x3C10 [0m
[37m[9.693][linker]-[Debug]-[DjiProtocol_v1Pack:123) <0xdd63>V1-Send: 0x0A06->0x0A01 0x3C10 [0m
[37m[9.693][linker]-[Debug]-[DjiProtocol_v1Pack:123) <0xdd64>V1-Send: 0x0A06->0x0300 0x3C10 [0m
[37m[9.697][linker]-[Debug]-[DjiProtocol_v1Unpack:215) <0xa4c7>V1-Recv: 0x0300->0x0A06 0x221B [0m
[37m[9.698][linker]-[Debug]-[DjiCommand_RecvWork:1066)  <0xa4c7>Receive msg from linker, 0x0300->0x0A06 0x221B len:9 [0m
[37m[9.698][linker]-[Debug]-[DjiCommand_DealCmd:919) received unsupport request cmd that noneed ack, <0xa4c7> cmdset: 0x22 cmdid: 0x1B [0m
[37m[9.720][linker]-[Debug]-[DjiProtocol_v1Unpack:215) <0x374d>V1-Recv: 0x0A01->0x0A06 0x3C45 [0m
[37m[9.720][linker]-[Debug]-[DjiCommand_RecvWork:1066)  <0x374d>Receive msg from linker, 0x0A01->0x0A06 0x3C45 len:0 [0m
[37m[9.720][upgrade]-[Debug]-[DjiUpgrade_GetUpgradeServiceInfo:239) Get upgrade service info [0m
[37m[9.720][linker]-[Debug]-[DjiProtocol_v1Pack:123) <0x374d>V1-Send: 0x0A06->0x0A01 0x3C45 [0m
[37m[9.740][linker]-[Debug]-[DjiProtocol_v1Unpack:215) <0xa510>V1-Recv: 0x0300->0x0A06 0x036C [0m
[37m[9.740][linker]-[Debug]-[DjiCommand_RecvWork:1066)  <0xa510>Receive msg from linker, 0x0300->0x0A06 0x036C len:71 [0m
[37m[9.740][linker]-[Debug]-[DjiCommand_DealCmd:919) received unsupport request cmd that noneed ack, <0xa510> cmdset: 0x03 cmdid: 0x6C [0m
[37m[9.759][linker]-[Debug]-[DjiProtocol_v1Unpack:215) <0xa543>V1-Recv: 0x0300->0x0A06 0x4900 [0m
[37m[9.759][linker]-[Debug]-[DjiCommand_RecvWork:1066)  <0xa543>Receive msg from linker, 0x0300->0x0A06 0x4900 len:14 [0m
[37m[9.759][linker]-[Debug]-[DjiProtocol_v1Pack:123) <0xa543>V1-Send: 0x0A06->0x0300 0x4900 [0m
[37m[9.777][linker]-[Debug]-[DjiProtocol_v1Unpack:215) <0xa562>V1-Recv: 0x0306->0x0A06 0x03C1 [0m
[37m[9.777][linker]-[Debug]-[DjiCommand_RecvWork:1066)  <0xa562>Receive msg from linker, 0x0306->0x0A06 0x03C1 len:13 [0m
[37m[9.797][linker]-[Debug]-[DjiProtocol_v1Unpack:215) <0xa58f>V1-Recv: 0x0300->0x0A06 0x221B [0m
[37m[9.798][linker]-[Debug]-[DjiCommand_RecvWork:1066)  <0xa58f>Receive msg from linker, 0x0300->0x0A06 0x221B len:9 [0m
[37m[9.798][linker]-[Debug]-[DjiCommand_DealCmd:919) received unsupport request cmd that noneed ack, <0xa58f> cmdset: 0x22 cmdid: 0x1B [0m
[37m[9.801][linker]-[Debug]-[DjiProtocol_v1Unpack:215) <0xad2a>V1-Recv: 0x0202->0x0A06 0x0026 [0m
[37m[9.801][linker]-[Debug]-[DjiCommand_RecvWork:1066)  <0xad2a>Receive msg from linker, 0x0202->0x0A06 0x0026 len:37 [0m
[37m[9.801][linker]-[Debug]-[DjiCommand_DealCmd:919) received unsupport request cmd that need ack, <0xad2a> cmdset: 0x00 cmdid: 0x26 [0m
[37m[9.845][linker]-[Debug]-[DjiProtocol_v1Unpack:215) <0xa5cd>V1-Recv: 0x0306->0x0A06 0x03C1 [0m
[37m[9.845][linker]-[Debug]-[DjiProtocol_v1Unpack:215) <0xa5cf>V1-Recv: 0x0300->0x0A06 0x036C [0m
[37m[9.846][linker]-[Debug]-[DjiCommand_RecvWork:1066)  <0xa5cd>Receive msg from linker, 0x0306->0x0A06 0x03C1 len:126 [0m
[37m[9.847][linker]-[Debug]-[DjiCommand_RecvWork:1066)  <0xa5cf>Receive msg from linker, 0x0300->0x0A06 0x036C len:71 [0m
[37m[9.847][linker]-[Debug]-[DjiCommand_DealCmd:919) received unsupport request cmd that noneed ack, <0xa5cf> cmdset: 0x03 cmdid: 0x6C [0m
[37m[9.858][linker]-[Debug]-[DjiProtocol_v1Unpack:215) <0xa5f8>V1-Recv: 0x0300->0x0A06 0x4900 [0m
[37m[9.859][linker]-[Debug]-[DjiCommand_RecvWork:1066)  <0xa5f8>Receive msg from linker, 0x0300->0x0A06 0x4900 len:14 [0m
[37m[9.859][linker]-[Debug]-[DjiProtocol_v1Pack:123) <0xa5f8>V1-Send: 0x0A06->0x0300 0x4900 [0m
[37m[9.876][linker]-[Debug]-[DjiProtocol_v1Unpack:215) <0xa614>V1-Recv: 0x0306->0x0A06 0x03C1 [0m
[37m[9.877][linker]-[Debug]-[DjiCommand_RecvWork:1066)  <0xa614>Receive msg from linker, 0x0306->0x0A06 0x03C1 len:13 [0m
[32m[9.878][user]-[Info]-[UserFcSubscription_Task:453) Current speed: 0.000000.
 [0m
[32m[9.878][user]-[Info]-[UserFcSubscription_Task:639) Displaymode status: 6. [0m
[37m[9.898][linker]-[Debug]-[DjiProtocol_v1Unpack:215) <0x591>V1-Recv: 0x0701->0x0A06 0x0000 [0m
[37m[9.898][linker]-[Debug]-[DjiProtocol_v1Unpack:215) <0xa63d>V1-Recv: 0x0300->0x0A06 0x221B [0m
[37m[9.898][linker]-[Debug]-[DjiCommand_RecvWork:1066)  <0x591>Receive msg from linker, 0x0701->0x0A06 0x0000 len:16 [0m
[37m[9.898][linker]-[Debug]-[DjiProtocol_v1Pack:123) <0x591>V1-Send: 0x0A06->0x0701 0x0000 [0m
[37m[9.899][linker]-[Debug]-[DjiCommand_RecvWork:1066)  <0xa63d>Receive msg from linker, 0x0300->0x0A06 0x221B len:9 [0m
[37m[9.899][linker]-[Debug]-[DjiCommand_DealCmd:919) received unsupport request cmd that noneed ack, <0xa63d> cmdset: 0x22 cmdid: 0x1B [0m
[37m[9.907][linker]-[Debug]-[DjiProtocol_v1Pack:123) <0xdd65>V1-Send: 0x0A06->0x0200 0x3C10 [0m
[37m[9.907][linker]-[Debug]-[DjiProtocol_v1Pack:123) <0xdd66>V1-Send: 0x0A06->0x0A01 0x3C10 [0m
[37m[9.907][linker]-[Debug]-[DjiProtocol_v1Pack:123) <0xdd67>V1-Send: 0x0A06->0x0300 0x3C10 [0m
[37m[9.919][linker]-[Debug]-[DjiProtocol_v1Unpack:215) <0x374e>V1-Recv: 0x0A01->0x0A06 0x3C45 [0m
[37m[9.920][linker]-[Debug]-[DjiCommand_RecvWork:1066)  <0x374e>Receive msg from linker, 0x0A01->0x0A06 0x3C45 len:0 [0m
[37m[9.920][upgrade]-[Debug]-[DjiUpgrade_GetUpgradeServiceInfo:239) Get upgrade service info [0m
[37m[9.920][linker]-[Debug]-[DjiProtocol_v1Pack:123) <0x374e>V1-Send: 0x0A06->0x0A01 0x3C45 [0m
[37m[9.940][linker]-[Debug]-[DjiProtocol_v1Unpack:215) <0xa682>V1-Recv: 0x0300->0x0A06 0x036C [0m
[37m[9.941][linker]-[Debug]-[DjiCommand_RecvWork:1066)  <0xa682>Receive msg from linker, 0x0300->0x0A06 0x036C len:71 [0m
[37m[9.941][linker]-[Debug]-[DjiCommand_DealCmd:919) received unsupport request cmd that noneed ack, <0xa682> cmdset: 0x03 cmdid: 0x6C [0m
[37m[9.959][linker]-[Debug]-[DjiProtocol_v1Unpack:215) <0xa6af>V1-Recv: 0x0300->0x0A06 0x4900 [0m
[37m[9.959][linker]-[Debug]-[DjiCommand_RecvWork:1066)  <0xa6af>Receive msg from linker, 0x0300->0x0A06 0x4900 len:14 [0m
[37m[9.959][linker]-[Debug]-[DjiProtocol_v1Pack:123) <0xa6af>V1-Send: 0x0A06->0x0300 0x4900 [0m
[37m[9.977][linker]-[Debug]-[DjiProtocol_v1Unpack:215) <0xa6cc>V1-Recv: 0x0306->0x0A06 0x03C1 [0m
[37m[9.977][linker]-[Debug]-[DjiCommand_RecvWork:1066)  <0xa6cc>Receive msg from linker, 0x0306->0x0A06 0x03C1 len:13 [0m
[37m[9.998][linker]-[Debug]-[DjiProtocol_v1Unpack:215) <0xa6f7>V1-Recv: 0x0300->0x0A06 0x221B [0m
[37m[9.999][linker]-[Debug]-[DjiCommand_RecvWork:1066)  <0xa6f7>Receive msg from linker, 0x0300->0x0A06 0x221B len:9 [0m
[37m[9.999][linker]-[Debug]-[DjiCommand_DealCmd:919) received unsupport request cmd that noneed ack, <0xa6f7> cmdset: 0x22 cmdid: 0x1B [0m
[37m[10.040][linker]-[Debug]-[DjiProtocol_v1Unpack:215) <0xa73b>V1-Recv: 0x0300->0x0A06 0x036C [0m
[37m[10.041][linker]-[Debug]-[DjiCommand_RecvWork:1066)  <0xa73b>Receive msg from linker, 0x0300->0x0A06 0x036C len:71 [0m
[37m[10.041][linker]-[Debug]-[DjiCommand_DealCmd:919) received unsupport request cmd that noneed ack, <0xa73b> cmdset: 0x03 cmdid: 0x6C [0m
[37m[10.058][linker]-[Debug]-[DjiProtocol_v1Unpack:215) <0xa764>V1-Recv: 0x0300->0x0A06 0x4900 [0m
[37m[10.059][linker]-[Debug]-[DjiCommand_RecvWork:1066)  <0xa764>Receive msg from linker, 0x0300->0x0A06 0x4900 len:14 [0m
[37m[10.059][linker]-[Debug]-[DjiProtocol_v1Pack:123) <0xa764>V1-Send: 0x0A06->0x0300 0x4900 [0m
[37m[10.077][linker]-[Debug]-[DjiProtocol_v1Unpack:215) <0xa77f>V1-Recv: 0x0306->0x0A06 0x03C1 [0m
[37m[10.078][linker]-[Debug]-[DjiCommand_RecvWork:1066)  <0xa77f>Receive msg from linker, 0x0306->0x0A06 0x03C1 len:13 [0m
[37m[10.098][linker]-[Debug]-[DjiProtocol_v1Unpack:215) <0xa7a6>V1-Recv: 0x0300->0x0A06 0x221B [0m
[37m[10.099][linker]-[Debug]-[DjiCommand_RecvWork:1066)  <0xa7a6>Receive msg from linker, 0x0300->0x0A06 0x221B len:9 [0m
[37m[10.099][linker]-[Debug]-[DjiCommand_DealCmd:919) received unsupport request cmd that noneed ack, <0xa7a6> cmdset: 0x22 cmdid: 0x1B [0m
[37m[10.120][linker]-[Debug]-[DjiProtocol_v1Pack:123) <0xdd68>V1-Send: 0x0A06->0x0200 0x3C10 [0m
[37m[10.120][linker]-[Debug]-[DjiProtocol_v1Pack:123) <0xdd69>V1-Send: 0x0A06->0x0A01 0x3C10 [0m
[37m[10.120][linker]-[Debug]-[DjiProtocol_v1Pack:123) <0xdd6a>V1-Send: 0x0A06->0x0300 0x3C10 [0m
[37m[10.140][linker]-[Debug]-[DjiProtocol_v1Unpack:215) <0xa7ed>V1-Recv: 0x0300->0x0A06 0x036C [0m
[37m[10.140][linker]-[Debug]-[DjiProtocol_v1Unpack:215) <0x374f>V1-Recv: 0x0A01->0x0A06 0x3C45 [0m
[37m[10.141][linker]-[Debug]-[DjiCommand_RecvWork:1066)  <0xa7ed>Receive msg from linker, 0x0300->0x0A06 0x036C len:71 [0m
[37m[10.141][linker]-[Debug]-[DjiCommand_DealCmd:919) received unsupport request cmd that noneed ack, <0xa7ed> cmdset: 0x03 cmdid: 0x6C [0m
[37m[10.143][linker]-[Debug]-[DjiCommand_RecvWork:1066)  <0x374f>Receive msg from linker, 0x0A01->0x0A06 0x3C45 len:0 [0m
[37m[10.143][upgrade]-[Debug]-[DjiUpgrade_GetUpgradeServiceInfo:239) Get upgrade service info [0m
[37m[10.143][linker]-[Debug]-[DjiProtocol_v1Pack:123) <0x374f>V1-Send: 0x0A06->0x0A01 0x3C45 [0m
[37m[10.160][linker]-[Debug]-[DjiProtocol_v1Unpack:215) <0xa816>V1-Recv: 0x0300->0x0100 0x0405 [0m
[37m[10.160][linker]-[Debug]-[DjiProtocol_v1Unpack:215) <0xa817>V1-Recv: 0x0300->0x0A06 0x4900 [0m
[37m[10.161][linker]-[Debug]-[DjiCommand_RecvWork:1066)  <0xa816>Receive msg from linker, 0x0300->0x0100 0x0405 len:22 [0m
[37m[10.161][linker]-[Debug]-[DjiCommand_DealCmd:919) received unsupport request cmd that noneed ack, <0xa816> cmdset: 0x04 cmdid: 0x05 [0m
[37m[10.162][linker]-[Debug]-[DjiCommand_RecvWork:1066)  <0xa817>Receive msg from linker, 0x0300->0x0A06 0x4900 len:14 [0m
[37m[10.162][linker]-[Debug]-[DjiProtocol_v1Pack:123) <0xa817>V1-Send: 0x0A06->0x0300 0x4900 [0m
[37m[10.177][linker]-[Debug]-[DjiProtocol_v1Unpack:215) <0xa837>V1-Recv: 0x0306->0x0A06 0x03C1 [0m
[37m[10.178][linker]-[Debug]-[DjiCommand_RecvWork:1066)  <0xa837>Receive msg from linker, 0x0306->0x0A06 0x03C1 len:13 [0m
[37m[10.198][linker]-[Debug]-[DjiProtocol_v1Unpack:215) <0xa863>V1-Recv: 0x0300->0x0A06 0x221B [0m
[37m[10.199][linker]-[Debug]-[DjiCommand_RecvWork:1066)  <0xa863>Receive msg from linker, 0x0300->0x0A06 0x221B len:9 [0m
[37m[10.199][linker]-[Debug]-[DjiCommand_DealCmd:919) received unsupport request cmd that noneed ack, <0xa863> cmdset: 0x22 cmdid: 0x1B [0m
[37m[10.240][linker]-[Debug]-[DjiProtocol_v1Unpack:215) <0xa8a5>V1-Recv: 0x0300->0x0A06 0x036C [0m
[37m[10.240][linker]-[Debug]-[DjiCommand_RecvWork:1066)  <0xa8a5>Receive msg from linker, 0x0300->0x0A06 0x036C len:71 [0m
[37m[10.240][linker]-[Debug]-[DjiCommand_DealCmd:919) received unsupport request cmd that noneed ack, <0xa8a5> cmdset: 0x03 cmdid: 0x6C [0m
[37m[10.259][linker]-[Debug]-[DjiProtocol_v1Unpack:215) <0xa8d7>V1-Recv: 0x0300->0x0A06 0x4900 [0m
[37m[10.259][linker]-[Debug]-[DjiCommand_RecvWork:1066)  <0xa8d7>Receive msg from linker, 0x0300->0x0A06 0x4900 len:14 [0m
[37m[10.259][linker]-[Debug]-[DjiProtocol_v1Pack:123) <0xa8d7>V1-Send: 0x0A06->0x0300 0x4900 [0m
[37m[10.277][linker]-[Debug]-[DjiProtocol_v1Unpack:215) <0xa8f7>V1-Recv: 0x0306->0x0A06 0x03C1 [0m
[37m[10.277][linker]-[Debug]-[DjiCommand_RecvWork:1066)  <0xa8f7>Receive msg from linker, 0x0306->0x0A06 0x03C1 len:13 [0m
[37m[10.297][linker]-[Debug]-[DjiProtocol_v1Unpack:215) <0xa927>V1-Recv: 0x0300->0x0A06 0x221B [0m
[37m[10.298][linker]-[Debug]-[DjiCommand_RecvWork:1066)  <0xa927>Receive msg from linker, 0x0300->0x0A06 0x221B len:9 [0m
[37m[10.298][linker]-[Debug]-[DjiCommand_DealCmd:919) received unsupport request cmd that noneed ack, <0xa927> cmdset: 0x22 cmdid: 0x1B [0m
[37m[10.334][linker]-[Debug]-[DjiProtocol_v1Pack:123) <0xdd6b>V1-Send: 0x0A06->0x0200 0x3C10 [0m
[37m[10.334][linker]-[Debug]-[DjiProtocol_v1Pack:123) <0xdd6c>V1-Send: 0x0A06->0x0A01 0x3C10 [0m
[37m[10.334][linker]-[Debug]-[DjiProtocol_v1Pack:123) <0xdd6d>V1-Send: 0x0A06->0x0300 0x3C10 [0m
[37m[10.340][linker]-[Debug]-[DjiProtocol_v1Unpack:215) <0xa96b>V1-Recv: 0x0300->0x0A06 0x036C [0m
[37m[10.340][linker]-[Debug]-[DjiCommand_RecvWork:1066)  <0xa96b>Receive msg from linker, 0x0300->0x0A06 0x036C len:71 [0m
[37m[10.340][linker]-[Debug]-[DjiCommand_DealCmd:919) received unsupport request cmd that noneed ack, <0xa96b> cmdset: 0x03 cmdid: 0x6C [0m
[37m[10.359][linker]-[Debug]-[DjiProtocol_v1Unpack:215) <0xa993>V1-Recv: 0x0300->0x0A06 0x4900 [0m
[37m[10.359][linker]-[Debug]-[DjiProtocol_v1Unpack:215) <0x3752>V1-Recv: 0x0A01->0x0A06 0x3C45 [0m
[37m[10.359][linker]-[Debug]-[DjiCommand_RecvWork:1066)  <0xa993>Receive msg from linker, 0x0300->0x0A06 0x4900 len:14 [0m
[37m[10.359][linker]-[Debug]-[DjiProtocol_v1Pack:123) <0xa993>V1-Send: 0x0A06->0x0300 0x4900 [0m
[37m[10.360][linker]-[Debug]-[DjiCommand_RecvWork:1066)  <0x3752>Receive msg from linker, 0x0A01->0x0A06 0x3C45 len:0 [0m
[37m[10.360][upgrade]-[Debug]-[DjiUpgrade_GetUpgradeServiceInfo:239) Get upgrade service info [0m
[37m[10.360][linker]-[Debug]-[DjiProtocol_v1Pack:123) <0x3752>V1-Send: 0x0A06->0x0A01 0x3C45 [0m
[37m[10.377][linker]-[Debug]-[DjiProtocol_v1Unpack:215) <0xa9b0>V1-Recv: 0x0306->0x0A06 0x03C1 [0m
[37m[10.377][linker]-[Debug]-[DjiCommand_RecvWork:1066)  <0xa9b0>Receive msg from linker, 0x0306->0x0A06 0x03C1 len:13 [0m
[37m[10.397][linker]-[Debug]-[DjiProtocol_v1Unpack:215) <0xa9da>V1-Recv: 0x0300->0x0A06 0x221B [0m
[37m[10.398][linker]-[Debug]-[DjiCommand_RecvWork:1066)  <0xa9da>Receive msg from linker, 0x0300->0x0A06 0x221B len:9 [0m
[37m[10.398][linker]-[Debug]-[DjiCommand_DealCmd:919) received unsupport request cmd that noneed ack, <0xa9da> cmdset: 0x22 cmdid: 0x1B [0m
[37m[10.440][linker]-[Debug]-[DjiProtocol_v1Unpack:215) <0xaa1b>V1-Recv: 0x0300->0x0A06 0x036C [0m
[37m[10.440][linker]-[Debug]-[DjiCommand_RecvWork:1066)  <0xaa1b>Receive msg from linker, 0x0300->0x0A06 0x036C len:71 [0m
[37m[10.440][linker]-[Debug]-[DjiCommand_DealCmd:919) received unsupport request cmd that noneed ack, <0xaa1b> cmdset: 0x03 cmdid: 0x6C [0m
[37m[10.450][linker]-[Debug]-[DjiProtocol_v1Unpack:215) <0x173f>V1-Recv: 0x1D07->0x0A06 0x2105 [0m
[37m[10.450][linker]-[Debug]-[DjiCommand_RecvWork:1066)  <0x173f>Receive msg from linker, 0x1D07->0x0A06 0x2105 len:1 [0m
[37m[10.450][linker]-[Debug]-[DjiCommand_DealCmd:919) received unsupport request cmd that need ack, <0x173f> cmdset: 0x21 cmdid: 0x05 [0m
[37m[10.458][linker]-[Debug]-[DjiProtocol_v1Unpack:215) <0xaa43>V1-Recv: 0x0300->0x0A06 0x4900 [0m
[37m[10.458][linker]-[Debug]-[DjiCommand_RecvWork:1066)  <0xaa43>Receive msg from linker, 0x0300->0x0A06 0x4900 len:14 [0m
[37m[10.458][linker]-[Debug]-[DjiProtocol_v1Pack:123) <0xaa43>V1-Send: 0x0A06->0x0300 0x4900 [0m
[37m[10.477][linker]-[Debug]-[DjiProtocol_v1Unpack:215) <0xaa61>V1-Recv: 0x0306->0x0A06 0x03C1 [0m
[37m[10.478][linker]-[Debug]-[DjiCommand_RecvWork:1066)  <0xaa61>Receive msg from linker, 0x0306->0x0A06 0x03C1 len:13 [0m
[37m[10.498][linker]-[Debug]-[DjiProtocol_v1Unpack:215) <0xaa8b>V1-Recv: 0x0300->0x0A06 0x221B [0m
[37m[10.498][linker]-[Debug]-[DjiCommand_RecvWork:1066)  <0xaa8b>Receive msg from linker, 0x0300->0x0A06 0x221B len:9 [0m
[37m[10.498][linker]-[Debug]-[DjiCommand_DealCmd:919) received unsupport request cmd that noneed ack, <0xaa8b> cmdset: 0x22 cmdid: 0x1B [0m
[37m[10.540][linker]-[Debug]-[DjiProtocol_v1Unpack:215) <0xaace>V1-Recv: 0x0300->0x0A06 0x036C [0m
[37m[10.540][linker]-[Debug]-[DjiCommand_RecvWork:1066)  <0xaace>Receive msg from linker, 0x0300->0x0A06 0x036C len:71 [0m
[37m[10.540][linker]-[Debug]-[DjiCommand_DealCmd:919) received unsupport request cmd that noneed ack, <0xaace> cmdset: 0x03 cmdid: 0x6C [0m
[37m[10.546][linker]-[Debug]-[DjiProtocol_v1Pack:123) <0xdd6e>V1-Send: 0x0A06->0x0300 0x0000 [0m
[37m[10.546][infor]-[Debug]-[DjiAircraftConnection_CheckExtensionPortConnectStatusByV1Protocol:170) check connect status:1 [0m
[37m[10.547][linker]-[Debug]-[DjiProtocol_v1Pack:123) <0xdd6f>V1-Send: 0x0A06->0x0200 0x3C10 [0m
[37m[10.547][linker]-[Debug]-[DjiProtocol_v1Pack:123) <0xdd70>V1-Send: 0x0A06->0x0A01 0x3C10 [0m
[37m[10.547][linker]-[Debug]-[DjiProtocol_v1Pack:123) <0xdd71>V1-Send: 0x0A06->0x0300 0x3C10 [0m
[37m[10.557][linker]-[Debug]-[DjiProtocol_v1Unpack:215) <0xdd6e>V1-Recv: 0x0300->0x0A06 0x0000 [0m
[37m[10.558][linker]-[Debug]-[DjiCommand_RecvWork:1066)  <0xdd6e>Receive msg from linker, 0x0300->0x0A06 0x0000 len:0 [0m
[37m[10.558][infor]-[Debug]-[DjiAircraftInfo_CheckPingStatusAsyncCallback:269) connect status async sucess [0m
[37m[10.559][linker]-[Debug]-[DjiCommand_DealCmd:830) callback function (cmdset: 0x00 cmdid: 0x00) deal time: 0 ms [0m
[37m[10.560][linker]-[Debug]-[DjiProtocol_v1Unpack:215) <0xaaf6>V1-Recv: 0x0300->0x0A06 0x4900 [0m
[37m[10.560][linker]-[Debug]-[DjiProtocol_v1Unpack:215) <0x3753>V1-Recv: 0x0A01->0x0A06 0x3C45 [0m
[37m[10.561][linker]-[Debug]-[DjiCommand_RecvWork:1066)  <0xaaf6>Receive msg from linker, 0x0300->0x0A06 0x4900 len:14 [0m
[37m[10.561][linker]-[Debug]-[DjiProtocol_v1Pack:123) <0xaaf6>V1-Send: 0x0A06->0x0300 0x4900 [0m
[37m[10.562][linker]-[Debug]-[DjiCommand_RecvWork:1066)  <0x3753>Receive msg from linker, 0x0A01->0x0A06 0x3C45 len:0 [0m
[37m[10.562][upgrade]-[Debug]-[DjiUpgrade_GetUpgradeServiceInfo:239) Get upgrade service info [0m
[37m[10.562][linker]-[Debug]-[DjiProtocol_v1Pack:123) <0x3753>V1-Send: 0x0A06->0x0A01 0x3C45 [0m
[37m[10.577][linker]-[Debug]-[DjiProtocol_v1Unpack:215) <0xab16>V1-Recv: 0x0306->0x0A06 0x03C1 [0m
[37m[10.578][linker]-[Debug]-[DjiCommand_RecvWork:1066)  <0xab16>Receive msg from linker, 0x0306->0x0A06 0x03C1 len:13 [0m
[37m[10.598][linker]-[Debug]-[DjiProtocol_v1Unpack:215) <0xab43>V1-Recv: 0x0300->0x0A06 0x221B [0m
[37m[10.598][linker]-[Debug]-[DjiCommand_RecvWork:1066)  <0xab43>Receive msg from linker, 0x0300->0x0A06 0x221B len:9 [0m
[37m[10.598][linker]-[Debug]-[DjiCommand_DealCmd:919) received unsupport request cmd that noneed ack, <0xab43> cmdset: 0x22 cmdid: 0x1B [0m
[37m[10.640][linker]-[Debug]-[DjiProtocol_v1Unpack:215) <0xab81>V1-Recv: 0x0300->0x0A06 0x036C [0m
[37m[10.641][linker]-[Debug]-[DjiCommand_RecvWork:1066)  <0xab81>Receive msg from linker, 0x0300->0x0A06 0x036C len:71 [0m
[37m[10.641][linker]-[Debug]-[DjiCommand_DealCmd:919) received unsupport request cmd that noneed ack, <0xab81> cmdset: 0x03 cmdid: 0x6C [0m
[37m[10.662][linker]-[Debug]-[DjiProtocol_v1Unpack:215) <0xaba9>V1-Recv: 0x0300->0x0A06 0x0F74 [0m
[37m[10.662][linker]-[Debug]-[DjiProtocol_v1Unpack:215) <0xabac>V1-Recv: 0x0300->0x0100 0x0406 [0m
[37m[10.662][linker]-[Debug]-[DjiProtocol_v1Unpack:215) <0xabad>V1-Recv: 0x0300->0x0100 0x0407 [0m
[37m[10.662][linker]-[Debug]-[DjiProtocol_v1Unpack:215) <0xabae>V1-Recv: 0x0300->0x0A06 0x4900 [0m
[37m[10.662][linker]-[Debug]-[DjiCommand_RecvWork:1066)  <0xaba9>Receive msg from linker, 0x0300->0x0A06 0x0F74 len:28 [0m
[37m[10.662][linker]-[Debug]-[DjiCommand_DealCmd:919) received unsupport request cmd that noneed ack, <0xaba9> cmdset: 0x0F cmdid: 0x74 [0m
[37m[10.663][linker]-[Debug]-[DjiCommand_RecvWork:1066)  <0xabac>Receive msg from linker, 0x0300->0x0100 0x0406 len:12 [0m
[37m[10.663][linker]-[Debug]-[DjiCommand_DealCmd:919) received unsupport request cmd that noneed ack, <0xabac> cmdset: 0x04 cmdid: 0x06 [0m
[37m[10.664][linker]-[Debug]-[DjiCommand_RecvWork:1066)  <0xabad>Receive msg from linker, 0x0300->0x0100 0x0407 len:1 [0m
[37m[10.664][linker]-[Debug]-[DjiCommand_DealCmd:919) received unsupport request cmd that noneed ack, <0xabad> cmdset: 0x04 cmdid: 0x07 [0m
[37m[10.665][linker]-[Debug]-[DjiCommand_RecvWork:1066)  <0xabae>Receive msg from linker, 0x0300->0x0A06 0x4900 len:14 [0m
[37m[10.665][linker]-[Debug]-[DjiProtocol_v1Pack:123) <0xabae>V1-Send: 0x0A06->0x0300 0x4900 [0m
[37m[10.665][utils]-[Debug]-[DjiCore_RootTask:131) work execution time: [0m
[37m[10.665][utils]-[Debug]-[DjiCore_RootTask:132) name	                execution time (ms)	  max execution time (ms) [0m
[37m[10.665][utils]-[Debug]-[DjiCore_RootTask:134) recorderWork                    	0       	1        [0m
[37m[10.665][utils]-[Debug]-[DjiCore_RootTask:134) flowControllerTask              	0       	0        [0m
[37m[10.665][utils]-[Debug]-[DjiCore_RootTask:134) commandTask                     	1       	1        [0m
[37m[10.665][utils]-[Debug]-[DjiCore_RootTask:134) aircraftWorkNode                	0       	0        [0m
[37m[10.665][utils]-[Debug]-[DjiCore_RootTask:134) StatePushWork                   	0       	0        [0m
[37m[10.676][linker]-[Debug]-[DjiProtocol_v1Unpack:215) <0xabc9>V1-Recv: 0x0306->0x0A06 0x03C1 [0m
[37m[10.677][linker]-[Debug]-[DjiCommand_RecvWork:1066)  <0xabc9>Receive msg from linker, 0x0306->0x0A06 0x03C1 len:13 [0m
[37m[10.698][linker]-[Debug]-[DjiProtocol_v1Unpack:215) <0xabf1>V1-Recv: 0x0300->0x0A06 0x221B [0m
[37m[10.698][linker]-[Debug]-[DjiCommand_RecvWork:1066)  <0xabf1>Receive msg from linker, 0x0300->0x0A06 0x221B len:9 [0m
[37m[10.698][linker]-[Debug]-[DjiCommand_DealCmd:919) received unsupport request cmd that noneed ack, <0xabf1> cmdset: 0x22 cmdid: 0x1B [0m
[37m[10.740][linker]-[Debug]-[DjiProtocol_v1Unpack:215) <0xac35>V1-Recv: 0x0300->0x0A06 0x036C [0m
[37m[10.741][linker]-[Debug]-[DjiCommand_RecvWork:1066)  <0xac35>Receive msg from linker, 0x0300->0x0A06 0x036C len:71 [0m
[37m[10.741][linker]-[Debug]-[DjiCommand_DealCmd:919) received unsupport request cmd that noneed ack, <0xac35> cmdset: 0x03 cmdid: 0x6C [0m
[37m[10.758][linker]-[Debug]-[DjiProtocol_v1Unpack:215) <0xac67>V1-Recv: 0x0300->0x0A06 0x4900 [0m
[37m[10.759][linker]-[Debug]-[DjiCommand_RecvWork:1066)  <0xac67>Receive msg from linker, 0x0300->0x0A06 0x4900 len:14 [0m
[37m[10.759][linker]-[Debug]-[DjiProtocol_v1Pack:123) <0xac67>V1-Send: 0x0A06->0x0300 0x4900 [0m
[37m[10.760][linker]-[Debug]-[DjiProtocol_v1Pack:123) <0xdd72>V1-Send: 0x0A06->0x0200 0x3C10 [0m
[37m[10.761][linker]-[Debug]-[DjiProtocol_v1Pack:123) <0xdd73>V1-Send: 0x0A06->0x0A01 0x3C10 [0m
[37m[10.761][linker]-[Debug]-[DjiProtocol_v1Pack:123) <0xdd74>V1-Send: 0x0A06->0x0300 0x3C10 [0m
[37m[10.776][linker]-[Debug]-[DjiProtocol_v1Unpack:215) <0xac86>V1-Recv: 0x0306->0x0A06 0x03C1 [0m
[37m[10.777][linker]-[Debug]-[DjiCommand_RecvWork:1066)  <0xac86>Receive msg from linker, 0x0306->0x0A06 0x03C1 len:13 [0m
[37m[10.779][linker]-[Debug]-[DjiProtocol_v1Unpack:215) <0x3755>V1-Recv: 0x0A01->0x0A06 0x3C45 [0m
[37m[10.779][linker]-[Debug]-[DjiCommand_RecvWork:1066)  <0x3755>Receive msg from linker, 0x0A01->0x0A06 0x3C45 len:0 [0m
[37m[10.779][upgrade]-[Debug]-[DjiUpgrade_GetUpgradeServiceInfo:239) Get upgrade service info [0m
[37m[10.779][linker]-[Debug]-[DjiProtocol_v1Pack:123) <0x3755>V1-Send: 0x0A06->0x0A01 0x3C45 [0m
[37m[10.798][linker]-[Debug]-[DjiProtocol_v1Unpack:215) <0xacb7>V1-Recv: 0x0300->0x0A06 0x221B [0m
[37m[10.798][linker]-[Debug]-[DjiCommand_RecvWork:1066)  <0xacb7>Receive msg from linker, 0x0300->0x0A06 0x221B len:9 [0m
[37m[10.798][linker]-[Debug]-[DjiCommand_DealCmd:919) received unsupport request cmd that noneed ack, <0xacb7> cmdset: 0x22 cmdid: 0x1B [0m
[37m[10.810][linker]-[Debug]-[DjiProtocol_v1Unpack:215) <0xad2a>V1-Recv: 0x0202->0x0A06 0x0026 [0m
[37m[10.811][linker]-[Debug]-[DjiCommand_RecvWork:1066)  <0xad2a>Receive msg from linker, 0x0202->0x0A06 0x0026 len:37 [0m
[37m[10.811][linker]-[Debug]-[DjiCommand_DealCmd:919) received unsupport request cmd that need ack, <0xad2a> cmdset: 0x00 cmdid: 0x26 [0m
[37m[10.846][linker]-[Debug]-[DjiProtocol_v1Unpack:215) <0xacf3>V1-Recv: 0x0306->0x0A06 0x03C1 [0m
[37m[10.846][linker]-[Debug]-[DjiProtocol_v1Unpack:215) <0xacf5>V1-Recv: 0x0300->0x0A06 0x036C [0m
[37m[10.846][linker]-[Debug]-[DjiCommand_RecvWork:1066)  <0xacf3>Receive msg from linker, 0x0306->0x0A06 0x03C1 len:126 [0m
[37m[10.847][linker]-[Debug]-[DjiCommand_RecvWork:1066)  <0xacf5>Receive msg from linker, 0x0300->0x0A06 0x036C len:71 [0m
[37m[10.847][linker]-[Debug]-[DjiCommand_DealCmd:919) received unsupport request cmd that noneed ack, <0xacf5> cmdset: 0x03 cmdid: 0x6C [0m
[37m[10.858][linker]-[Debug]-[DjiProtocol_v1Unpack:215) <0xad1e>V1-Recv: 0x0300->0x0A06 0x4900 [0m
[37m[10.859][linker]-[Debug]-[DjiCommand_RecvWork:1066)  <0xad1e>Receive msg from linker, 0x0300->0x0A06 0x4900 len:14 [0m
[37m[10.859][linker]-[Debug]-[DjiProtocol_v1Pack:123) <0xad1e>V1-Send: 0x0A06->0x0300 0x4900 [0m
[37m[10.876][linker]-[Debug]-[DjiProtocol_v1Unpack:215) <0xad39>V1-Recv: 0x0306->0x0A06 0x03C1 [0m
[37m[10.877][linker]-[Debug]-[DjiCommand_RecvWork:1066)  <0xad39>Receive msg from linker, 0x0306->0x0A06 0x03C1 len:13 [0m
[32m[10.878][user]-[Info]-[UserFcSubscription_Task:453) Current speed: 0.000000.
 [0m
[32m[10.878][user]-[Info]-[UserFcSubscription_Task:639) Displaymode status: 6. [0m
[37m[10.898][linker]-[Debug]-[DjiProtocol_v1Unpack:215) <0x592>V1-Recv: 0x0701->0x0A06 0x0000 [0m
[37m[10.898][linker]-[Debug]-[DjiProtocol_v1Unpack:215) <0xad61>V1-Recv: 0x0300->0x0A06 0x221B [0m
[37m[10.898][linker]-[Debug]-[DjiCommand_RecvWork:1066)  <0x592>Receive msg from linker, 0x0701->0x0A06 0x0000 len:16 [0m
[37m[10.898][linker]-[Debug]-[DjiProtocol_v1Pack:123) <0x592>V1-Send: 0x0A06->0x0701 0x0000 [0m
[37m[10.899][linker]-[Debug]-[DjiCommand_RecvWork:1066)  <0xad61>Receive msg from linker, 0x0300->0x0A06 0x221B len:9 [0m
[37m[10.899][linker]-[Debug]-[DjiCommand_DealCmd:919) received unsupport request cmd that noneed ack, <0xad61> cmdset: 0x22 cmdid: 0x1B [0m
[37m[10.940][linker]-[Debug]-[DjiProtocol_v1Unpack:215) <0xada4>V1-Recv: 0x0300->0x0A06 0x036C [0m
[37m[10.941][linker]-[Debug]-[DjiCommand_RecvWork:1066)  <0xada4>Receive msg from linker, 0x0300->0x0A06 0x036C len:71 [0m
[37m[10.941][linker]-[Debug]-[DjiCommand_DealCmd:919) received unsupport request cmd that noneed ack, <0xada4> cmdset: 0x03 cmdid: 0x6C [0m
[37m[10.959][linker]-[Debug]-[DjiProtocol_v1Unpack:215) <0xadd3>V1-Recv: 0x0300->0x0A06 0x4900 [0m
[37m[10.959][linker]-[Debug]-[DjiCommand_RecvWork:1066)  <0xadd3>Receive msg from linker, 0x0300->0x0A06 0x4900 len:14 [0m
[37m[10.959][linker]-[Debug]-[DjiProtocol_v1Pack:123) <0xadd3>V1-Send: 0x0A06->0x0300 0x4900 [0m
[37m[10.974][linker]-[Debug]-[DjiProtocol_v1Pack:123) <0xdd75>V1-Send: 0x0A06->0x0200 0x3C10 [0m
[37m[10.974][linker]-[Debug]-[DjiProtocol_v1Pack:123) <0xdd76>V1-Send: 0x0A06->0x0A01 0x3C10 [0m
[37m[10.974][linker]-[Debug]-[DjiProtocol_v1Pack:123) <0xdd77>V1-Send: 0x0A06->0x0300 0x3C10 [0m
[37m[10.977][linker]-[Debug]-[DjiProtocol_v1Unpack:215) <0xadf3>V1-Recv: 0x0306->0x0A06 0x03C1 [0m
[37m[10.977][linker]-[Debug]-[DjiCommand_RecvWork:1066)  <0xadf3>Receive msg from linker, 0x0306->0x0A06 0x03C1 len:13 [0m
[37m[10.998][linker]-[Debug]-[DjiProtocol_v1Unpack:215) <0xae1f>V1-Recv: 0x0300->0x0A06 0x221B [0m
[37m[10.999][linker]-[Debug]-[DjiCommand_RecvWork:1066)  <0xae1f>Receive msg from linker, 0x0300->0x0A06 0x221B len:9 [0m
[37m[10.999][linker]-[Debug]-[DjiCommand_DealCmd:919) received unsupport request cmd that noneed ack, <0xae1f> cmdset: 0x22 cmdid: 0x1B [0m
[37m[10.999][linker]-[Debug]-[DjiProtocol_v1Unpack:215) <0x3756>V1-Recv: 0x0A01->0x0A06 0x3C45 [0m
[37m[11.000][linker]-[Debug]-[DjiCommand_RecvWork:1066)  <0x3756>Receive msg from linker, 0x0A01->0x0A06 0x3C45 len:0 [0m
[37m[11.000][upgrade]-[Debug]-[DjiUpgrade_GetUpgradeServiceInfo:239) Get upgrade service info [0m
[37m[11.000][linker]-[Debug]-[DjiProtocol_v1Pack:123) <0x3756>V1-Send: 0x0A06->0x0A01 0x3C45 [0m
[37m[11.041][linker]-[Debug]-[DjiProtocol_v1Unpack:215) <0xae5c>V1-Recv: 0x0300->0x0A06 0x036C [0m
[37m[11.041][linker]-[Debug]-[DjiCommand_RecvWork:1066)  <0xae5c>Receive msg from linker, 0x0300->0x0A06 0x036C len:71 [0m
[37m[11.041][linker]-[Debug]-[DjiCommand_DealCmd:919) received unsupport request cmd that noneed ack, <0xae5c> cmdset: 0x03 cmdid: 0x6C [0m
[37m[11.059][linker]-[Debug]-[DjiProtocol_v1Unpack:215) <0xae83>V1-Recv: 0x0300->0x0A06 0x4900 [0m
[37m[11.059][linker]-[Debug]-[DjiCommand_RecvWork:1066)  <0xae83>Receive msg from linker, 0x0300->0x0A06 0x4900 len:14 [0m
[37m[11.059][linker]-[Debug]-[DjiProtocol_v1Pack:123) <0xae83>V1-Send: 0x0A06->0x0300 0x4900 [0m
[37m[11.077][linker]-[Debug]-[DjiProtocol_v1Unpack:215) <0xae9e>V1-Recv: 0x0306->0x0A06 0x03C1 [0m
[37m[11.078][linker]-[Debug]-[DjiCommand_RecvWork:1066)  <0xae9e>Receive msg from linker, 0x0306->0x0A06 0x03C1 len:13 [0m
[37m[11.098][linker]-[Debug]-[DjiProtocol_v1Unpack:215) <0xaec9>V1-Recv: 0x0300->0x0A06 0x221B [0m
[37m[11.099][linker]-[Debug]-[DjiCommand_RecvWork:1066)  <0xaec9>Receive msg from linker, 0x0300->0x0A06 0x221B len:9 [0m
[37m[11.099][linker]-[Debug]-[DjiCommand_DealCmd:919) received unsupport request cmd that noneed ack, <0xaec9> cmdset: 0x22 cmdid: 0x1B [0m
[37m[11.140][linker]-[Debug]-[DjiProtocol_v1Unpack:215) <0xaf11>V1-Recv: 0x0300->0x0A06 0x036C [0m
[37m[11.140][linker]-[Debug]-[DjiCommand_RecvWork:1066)  <0xaf11>Receive msg from linker, 0x0300->0x0A06 0x036C len:71 [0m
[37m[11.140][linker]-[Debug]-[DjiCommand_DealCmd:919) received unsupport request cmd that noneed ack, <0xaf11> cmdset: 0x03 cmdid: 0x6C [0m
[37m[11.159][linker]-[Debug]-[DjiProtocol_v1Unpack:215) <0xaf3a>V1-Recv: 0x0300->0x0100 0x0405 [0m
[37m[11.159][linker]-[Debug]-[DjiProtocol_v1Unpack:215) <0xaf3b>V1-Recv: 0x0300->0x0A06 0x4900 [0m
[37m[11.160][linker]-[Debug]-[DjiCommand_RecvWork:1066)  <0xaf3a>Receive msg from linker, 0x0300->0x0100 0x0405 len:22 [0m
[37m[11.160][linker]-[Debug]-[DjiCommand_DealCmd:919) received unsupport request cmd that noneed ack, <0xaf3a> cmdset: 0x04 cmdid: 0x05 [0m
[37m[11.161][linker]-[Debug]-[DjiCommand_RecvWork:1066)  <0xaf3b>Receive msg from linker, 0x0300->0x0A06 0x4900 len:14 [0m
[37m[11.161][linker]-[Debug]-[DjiProtocol_v1Pack:123) <0xaf3b>V1-Send: 0x0A06->0x0300 0x4900 [0m
[37m[11.176][linker]-[Debug]-[DjiProtocol_v1Unpack:215) <0xaf58>V1-Recv: 0x0306->0x0A06 0x03C1 [0m
[37m[11.177][linker]-[Debug]-[DjiCommand_RecvWork:1066)  <0xaf58>Receive msg from linker, 0x0306->0x0A06 0x03C1 len:13 [0m
[37m[11.187][linker]-[Debug]-[DjiProtocol_v1Pack:123) <0xdd78>V1-Send: 0x0A06->0x0200 0x3C10 [0m
[37m[11.187][linker]-[Debug]-[DjiProtocol_v1Pack:123) <0xdd79>V1-Send: 0x0A06->0x0A01 0x3C10 [0m
[37m[11.187][linker]-[Debug]-[DjiProtocol_v1Pack:123) <0xdd7a>V1-Send: 0x0A06->0x0300 0x3C10 [0m
[37m[11.198][linker]-[Debug]-[DjiProtocol_v1Unpack:215) <0xaf83>V1-Recv: 0x0300->0x0A06 0x221B [0m
[37m[11.198][linker]-[Debug]-[DjiCommand_RecvWork:1066)  <0xaf83>Receive msg from linker, 0x0300->0x0A06 0x221B len:9 [0m
[37m[11.198][linker]-[Debug]-[DjiCommand_DealCmd:919) received unsupport request cmd that noneed ack, <0xaf83> cmdset: 0x22 cmdid: 0x1B [0m
[37m[11.199][linker]-[Debug]-[DjiProtocol_v1Unpack:215) <0x3757>V1-Recv: 0x0A01->0x0A06 0x3C45 [0m
[37m[11.199][linker]-[Debug]-[DjiCommand_RecvWork:1066)  <0x3757>Receive msg from linker, 0x0A01->0x0A06 0x3C45 len:0 [0m
[37m[11.199][upgrade]-[Debug]-[DjiUpgrade_GetUpgradeServiceInfo:239) Get upgrade service info [0m
[37m[11.199][linker]-[Debug]-[DjiProtocol_v1Pack:123) <0x3757>V1-Send: 0x0A06->0x0A01 0x3C45 [0m
[37m[11.240][linker]-[Debug]-[DjiProtocol_v1Unpack:215) <0xafc9>V1-Recv: 0x0300->0x0A06 0x036C [0m
[37m[11.240][linker]-[Debug]-[DjiCommand_RecvWork:1066)  <0xafc9>Receive msg from linker, 0x0300->0x0A06 0x036C len:71 [0m
[37m[11.240][linker]-[Debug]-[DjiCommand_DealCmd:919) received unsupport request cmd that noneed ack, <0xafc9> cmdset: 0x03 cmdid: 0x6C [0m
[37m[11.258][linker]-[Debug]-[DjiProtocol_v1Unpack:215) <0xaffa>V1-Recv: 0x0300->0x0A06 0x4900 [0m
[37m[11.259][linker]-[Debug]-[DjiCommand_RecvWork:1066)  <0xaffa>Receive msg from linker, 0x0300->0x0A06 0x4900 len:14 [0m
[37m[11.259][linker]-[Debug]-[DjiProtocol_v1Pack:123) <0xaffa>V1-Send: 0x0A06->0x0300 0x4900 [0m
[37m[11.277][linker]-[Debug]-[DjiProtocol_v1Unpack:215) <0xb01b>V1-Recv: 0x0306->0x0A06 0x03C1 [0m
[37m[11.277][linker]-[Debug]-[DjiCommand_RecvWork:1066)  <0xb01b>Receive msg from linker, 0x0306->0x0A06 0x03C1 len:13 [0m
[37m[11.298][linker]-[Debug]-[DjiProtocol_v1Unpack:215) <0xb048>V1-Recv: 0x0300->0x0A06 0x221B [0m
[37m[11.299][linker]-[Debug]-[DjiCommand_RecvWork:1066)  <0xb048>Receive msg from linker, 0x0300->0x0A06 0x221B len:9 [0m
[37m[11.299][linker]-[Debug]-[DjiCommand_DealCmd:919) received unsupport request cmd that noneed ack, <0xb048> cmdset: 0x22 cmdid: 0x1B [0m
[37m[11.341][linker]-[Debug]-[DjiProtocol_v1Unpack:215) <0xb08f>V1-Recv: 0x0300->0x0A06 0x036C [0m
[37m[11.342][linker]-[Debug]-[DjiCommand_RecvWork:1066)  <0xb08f>Receive msg from linker, 0x0300->0x0A06 0x036C len:71 [0m
[37m[11.342][linker]-[Debug]-[DjiCommand_DealCmd:919) received unsupport request cmd that noneed ack, <0xb08f> cmdset: 0x03 cmdid: 0x6C [0m
[37m[11.359][linker]-[Debug]-[DjiProtocol_v1Unpack:215) <0xb0bc>V1-Recv: 0x0300->0x0A06 0x4900 [0m
[37m[11.360][linker]-[Debug]-[DjiCommand_RecvWork:1066)  <0xb0bc>Receive msg from linker, 0x0300->0x0A06 0x4900 len:14 [0m
[37m[11.360][linker]-[Debug]-[DjiProtocol_v1Pack:123) <0xb0bc>V1-Send: 0x0A06->0x0300 0x4900 [0m
[37m[11.377][linker]-[Debug]-[DjiProtocol_v1Unpack:215) <0xb0db>V1-Recv: 0x0306->0x0A06 0x03C1 [0m
[37m[11.378][linker]-[Debug]-[DjiCommand_RecvWork:1066)  <0xb0db>Receive msg from linker, 0x0306->0x0A06 0x03C1 len:13 [0m
[37m[11.397][linker]-[Debug]-[DjiProtocol_v1Unpack:215) <0xb107>V1-Recv: 0x0300->0x0A06 0x221B [0m
[37m[11.398][linker]-[Debug]-[DjiCommand_RecvWork:1066)  <0xb107>Receive msg from linker, 0x0300->0x0A06 0x221B len:9 [0m
[37m[11.398][linker]-[Debug]-[DjiCommand_DealCmd:919) received unsupport request cmd that noneed ack, <0xb107> cmdset: 0x22 cmdid: 0x1B [0m
[37m[11.400][linker]-[Debug]-[DjiProtocol_v1Pack:123) <0xdd7b>V1-Send: 0x0A06->0x0200 0x3C10 [0m
[37m[11.400][linker]-[Debug]-[DjiProtocol_v1Pack:123) <0xdd7c>V1-Send: 0x0A06->0x0A01 0x3C10 [0m
[37m[11.400][linker]-[Debug]-[DjiProtocol_v1Pack:123) <0xdd7d>V1-Send: 0x0A06->0x0300 0x3C10 [0m
[37m[11.419][linker]-[Debug]-[DjiProtocol_v1Unpack:215) <0x375a>V1-Recv: 0x0A01->0x0A06 0x3C45 [0m
[37m[11.419][linker]-[Debug]-[DjiCommand_RecvWork:1066)  <0x375a>Receive msg from linker, 0x0A01->0x0A06 0x3C45 len:0 [0m
[37m[11.419][upgrade]-[Debug]-[DjiUpgrade_GetUpgradeServiceInfo:239) Get upgrade service info [0m
[37m[11.419][linker]-[Debug]-[DjiProtocol_v1Pack:123) <0x375a>V1-Send: 0x0A06->0x0A01 0x3C45 [0m
[37m[11.440][linker]-[Debug]-[DjiProtocol_v1Unpack:215) <0xb145>V1-Recv: 0x0300->0x0A06 0x036C [0m
[37m[11.441][linker]-[Debug]-[DjiCommand_RecvWork:1066)  <0xb145>Receive msg from linker, 0x0300->0x0A06 0x036C len:71 [0m
[37m[11.441][linker]-[Debug]-[DjiCommand_DealCmd:919) received unsupport request cmd that noneed ack, <0xb145> cmdset: 0x03 cmdid: 0x6C [0m
[37m[11.449][linker]-[Debug]-[DjiProtocol_v1Unpack:215) <0x1740>V1-Recv: 0x1D07->0x0A06 0x2105 [0m
[37m[11.449][linker]-[Debug]-[DjiCommand_RecvWork:1066)  <0x1740>Receive msg from linker, 0x1D07->0x0A06 0x2105 len:1 [0m
[37m[11.449][linker]-[Debug]-[DjiCommand_DealCmd:919) received unsupport request cmd that need ack, <0x1740> cmdset: 0x21 cmdid: 0x05 [0m
[37m[11.458][linker]-[Debug]-[DjiProtocol_v1Unpack:215) <0xb16b>V1-Recv: 0x0300->0x0A06 0x4900 [0m
[37m[11.459][linker]-[Debug]-[DjiCommand_RecvWork:1066)  <0xb16b>Receive msg from linker, 0x0300->0x0A06 0x4900 len:14 [0m
[37m[11.459][linker]-[Debug]-[DjiProtocol_v1Pack:123) <0xb16b>V1-Send: 0x0A06->0x0300 0x4900 [0m
[37m[11.476][linker]-[Debug]-[DjiProtocol_v1Unpack:215) <0xb186>V1-Recv: 0x0306->0x0A06 0x03C1 [0m
[37m[11.477][linker]-[Debug]-[DjiCommand_RecvWork:1066)  <0xb186>Receive msg from linker, 0x0306->0x0A06 0x03C1 len:13 [0m
[37m[11.498][linker]-[Debug]-[DjiProtocol_v1Unpack:215) <0xb1af>V1-Recv: 0x0300->0x0A06 0x221B [0m
[37m[11.498][linker]-[Debug]-[DjiCommand_RecvWork:1066)  <0xb1af>Receive msg from linker, 0x0300->0x0A06 0x221B len:9 [0m
[37m[11.498][linker]-[Debug]-[DjiCommand_DealCmd:919) received unsupport request cmd that noneed ack, <0xb1af> cmdset: 0x22 cmdid: 0x1B [0m
[37m[11.540][linker]-[Debug]-[DjiProtocol_v1Unpack:215) <0xb1fa>V1-Recv: 0x0300->0x0A06 0x036C [0m
[37m[11.541][linker]-[Debug]-[DjiCommand_RecvWork:1066)  <0xb1fa>Receive msg from linker, 0x0300->0x0A06 0x036C len:71 [0m
[37m[11.541][linker]-[Debug]-[DjiCommand_DealCmd:919) received unsupport request cmd that noneed ack, <0xb1fa> cmdset: 0x03 cmdid: 0x6C [0m
[37m[11.559][linker]-[Debug]-[DjiProtocol_v1Unpack:215) <0xb226>V1-Recv: 0x0300->0x0A06 0x4900 [0m
[37m[11.559][linker]-[Debug]-[DjiCommand_RecvWork:1066)  <0xb226>Receive msg from linker, 0x0300->0x0A06 0x4900 len:14 [0m
[37m[11.559][linker]-[Debug]-[DjiProtocol_v1Pack:123) <0xb226>V1-Send: 0x0A06->0x0300 0x4900 [0m
[37m[11.577][linker]-[Debug]-[DjiProtocol_v1Unpack:215) <0xb245>V1-Recv: 0x0306->0x0A06 0x03C1 [0m
[37m[11.577][linker]-[Debug]-[DjiCommand_RecvWork:1066)  <0xb245>Receive msg from linker, 0x0306->0x0A06 0x03C1 len:13 [0m
[37m[11.598][linker]-[Debug]-[DjiProtocol_v1Unpack:215) <0xb270>V1-Recv: 0x0300->0x0A06 0x221B [0m
[37m[11.598][linker]-[Debug]-[DjiCommand_RecvWork:1066)  <0xb270>Receive msg from linker, 0x0300->0x0A06 0x221B len:9 [0m
[37m[11.598][linker]-[Debug]-[DjiCommand_DealCmd:919) received unsupport request cmd that noneed ack, <0xb270> cmdset: 0x22 cmdid: 0x1B [0m
[37m[11.612][linker]-[Debug]-[DjiProtocol_v1Pack:123) <0xdd7e>V1-Send: 0x0A06->0x0300 0x0000 [0m
[37m[11.612][infor]-[Debug]-[DjiAircraftConnection_CheckExtensionPortConnectStatusByV1Protocol:170) check connect status:1 [0m
[37m[11.613][linker]-[Debug]-[DjiProtocol_v1Pack:123) <0xdd7f>V1-Send: 0x0A06->0x0200 0x3C10 [0m
[37m[11.613][linker]-[Debug]-[DjiProtocol_v1Pack:123) <0xdd80>V1-Send: 0x0A06->0x0A01 0x3C10 [0m
[37m[11.613][linker]-[Debug]-[DjiProtocol_v1Pack:123) <0xdd81>V1-Send: 0x0A06->0x0300 0x3C10 [0m
[37m[11.617][linker]-[Debug]-[DjiProtocol_v1Unpack:215) <0xdd7e>V1-Recv: 0x0300->0x0A06 0x0000 [0m
[37m[11.617][linker]-[Debug]-[DjiCommand_RecvWork:1066)  <0xdd7e>Receive msg from linker, 0x0300->0x0A06 0x0000 len:0 [0m
[37m[11.617][infor]-[Debug]-[DjiAircraftInfo_CheckPingStatusAsyncCallback:269) connect status async sucess [0m
[37m[11.617][linker]-[Debug]-[DjiCommand_DealCmd:830) callback function (cmdset: 0x00 cmdid: 0x00) deal time: 0 ms [0m
[37m[11.640][linker]-[Debug]-[DjiProtocol_v1Unpack:215) <0xb2ae>V1-Recv: 0x0300->0x0A06 0x036C [0m
[37m[11.640][linker]-[Debug]-[DjiProtocol_v1Unpack:215) <0x375b>V1-Recv: 0x0A01->0x0A06 0x3C45 [0m
[37m[11.641][linker]-[Debug]-[DjiCommand_RecvWork:1066)  <0xb2ae>Receive msg from linker, 0x0300->0x0A06 0x036C len:71 [0m
[37m[11.641][linker]-[Debug]-[DjiCommand_DealCmd:919) received unsupport request cmd that noneed ack, <0xb2ae> cmdset: 0x03 cmdid: 0x6C [0m
[37m[11.642][linker]-[Debug]-[DjiCommand_RecvWork:1066)  <0x375b>Receive msg from linker, 0x0A01->0x0A06 0x3C45 len:0 [0m
[37m[11.642][upgrade]-[Debug]-[DjiUpgrade_GetUpgradeServiceInfo:239) Get upgrade service info [0m
[37m[11.642][linker]-[Debug]-[DjiProtocol_v1Pack:123) <0x375b>V1-Send: 0x0A06->0x0A01 0x3C45 [0m
[37m[11.662][linker]-[Debug]-[DjiProtocol_v1Unpack:215) <0xb2db>V1-Recv: 0x0300->0x0A06 0x0F74 [0m
[37m[11.662][linker]-[Debug]-[DjiProtocol_v1Unpack:215) <0xb2de>V1-Recv: 0x0300->0x0100 0x0406 [0m
[37m[11.662][linker]-[Debug]-[DjiProtocol_v1Unpack:215) <0xb2df>V1-Recv: 0x0300->0x0100 0x0407 [0m
[37m[11.662][linker]-[Debug]-[DjiProtocol_v1Unpack:215) <0xb2e0>V1-Recv: 0x0300->0x0A06 0x4900 [0m
[37m[11.662][linker]-[Debug]-[DjiCommand_RecvWork:1066)  <0xb2db>Receive msg from linker, 0x0300->0x0A06 0x0F74 len:28 [0m
[37m[11.662][linker]-[Debug]-[DjiCommand_DealCmd:919) received unsupport request cmd that noneed ack, <0xb2db> cmdset: 0x0F cmdid: 0x74 [0m
[37m[11.663][linker]-[Debug]-[DjiCommand_RecvWork:1066)  <0xb2de>Receive msg from linker, 0x0300->0x0100 0x0406 len:12 [0m
[37m[11.663][linker]-[Debug]-[DjiCommand_DealCmd:919) received unsupport request cmd that noneed ack, <0xb2de> cmdset: 0x04 cmdid: 0x06 [0m
[37m[11.664][linker]-[Debug]-[DjiCommand_RecvWork:1066)  <0xb2df>Receive msg from linker, 0x0300->0x0100 0x0407 len:1 [0m
[37m[11.664][linker]-[Debug]-[DjiCommand_DealCmd:919) received unsupport request cmd that noneed ack, <0xb2df> cmdset: 0x04 cmdid: 0x07 [0m
[37m[11.665][linker]-[Debug]-[DjiCommand_RecvWork:1066)  <0xb2e0>Receive msg from linker, 0x0300->0x0A06 0x4900 len:14 [0m
[37m[11.665][linker]-[Debug]-[DjiProtocol_v1Pack:123) <0xb2e0>V1-Send: 0x0A06->0x0300 0x4900 [0m
[37m[11.677][linker]-[Debug]-[DjiProtocol_v1Unpack:215) <0xb2fe>V1-Recv: 0x0306->0x0A06 0x03C1 [0m
[37m[11.677][linker]-[Debug]-[DjiCommand_RecvWork:1066)  <0xb2fe>Receive msg from linker, 0x0306->0x0A06 0x03C1 len:13 [0m
[37m[11.698][linker]-[Debug]-[DjiProtocol_v1Unpack:215) <0xb325>V1-Recv: 0x0300->0x0A06 0x221B [0m
[37m[11.698][linker]-[Debug]-[DjiCommand_RecvWork:1066)  <0xb325>Receive msg from linker, 0x0300->0x0A06 0x221B len:9 [0m
[37m[11.698][linker]-[Debug]-[DjiCommand_DealCmd:919) received unsupport request cmd that noneed ack, <0xb325> cmdset: 0x22 cmdid: 0x1B [0m
[37m[11.731][utils]-[Debug]-[DjiCore_RootTask:131) work execution time: [0m
[37m[11.731][utils]-[Debug]-[DjiCore_RootTask:132) name	                execution time (ms)	  max execution time (ms) [0m
[37m[11.731][utils]-[Debug]-[DjiCore_RootTask:134) recorderWork                    	0       	1        [0m
[37m[11.731][utils]-[Debug]-[DjiCore_RootTask:134) flowControllerTask              	0       	0        [0m
[37m[11.731][utils]-[Debug]-[DjiCore_RootTask:134) commandTask                     	1       	1        [0m
[37m[11.731][utils]-[Debug]-[DjiCore_RootTask:134) aircraftWorkNode                	0       	0        [0m
[37m[11.731][utils]-[Debug]-[DjiCore_RootTask:134) StatePushWork                   	1       	1        [0m
[37m[11.741][linker]-[Debug]-[DjiProtocol_v1Unpack:215) <0xb36d>V1-Recv: 0x0300->0x0A06 0x036C [0m
[37m[11.741][linker]-[Debug]-[DjiCommand_RecvWork:1066)  <0xb36d>Receive msg from linker, 0x0300->0x0A06 0x036C len:71 [0m
[37m[11.741][linker]-[Debug]-[DjiCommand_DealCmd:919) received unsupport request cmd that noneed ack, <0xb36d> cmdset: 0x03 cmdid: 0x6C [0m
[37m[11.759][linker]-[Debug]-[DjiProtocol_v1Unpack:215) <0xb39f>V1-Recv: 0x0300->0x0A06 0x4900 [0m
[37m[11.759][linker]-[Debug]-[DjiCommand_RecvWork:1066)  <0xb39f>Receive msg from linker, 0x0300->0x0A06 0x4900 len:14 [0m
[37m[11.759][linker]-[Debug]-[DjiProtocol_v1Pack:123) <0xb39f>V1-Send: 0x0A06->0x0300 0x4900 [0m
[37m[11.777][linker]-[Debug]-[DjiProtocol_v1Unpack:215) <0xb3c0>V1-Recv: 0x0306->0x0A06 0x03C1 [0m
[37m[11.777][linker]-[Debug]-[DjiCommand_RecvWork:1066)  <0xb3c0>Receive msg from linker, 0x0306->0x0A06 0x03C1 len:13 [0m
[37m[11.798][linker]-[Debug]-[DjiProtocol_v1Unpack:215) <0xb3ee>V1-Recv: 0x0300->0x0A06 0x221B [0m
[37m[11.799][linker]-[Debug]-[DjiCommand_RecvWork:1066)  <0xb3ee>Receive msg from linker, 0x0300->0x0A06 0x221B len:9 [0m
[37m[11.799][linker]-[Debug]-[DjiCommand_DealCmd:919) received unsupport request cmd that noneed ack, <0xb3ee> cmdset: 0x22 cmdid: 0x1B [0m
[37m[11.826][linker]-[Debug]-[DjiProtocol_v1Pack:123) <0xdd82>V1-Send: 0x0A06->0x0200 0x3C10 [0m
[37m[11.826][linker]-[Debug]-[DjiProtocol_v1Pack:123) <0xdd83>V1-Send: 0x0A06->0x0A01 0x3C10 [0m
[37m[11.826][linker]-[Debug]-[DjiProtocol_v1Pack:123) <0xdd84>V1-Send: 0x0A06->0x0300 0x3C10 [0m
[37m[11.846][linker]-[Debug]-[DjiProtocol_v1Unpack:215) <0xb42a>V1-Recv: 0x0306->0x0A06 0x03C1 [0m
[37m[11.846][linker]-[Debug]-[DjiProtocol_v1Unpack:215) <0xb42c>V1-Recv: 0x0300->0x0A06 0x036C [0m
[37m[11.846][linker]-[Debug]-[DjiProtocol_v1Unpack:215) <0x375c>V1-Recv: 0x0A01->0x0A06 0x3C45 [0m
[37m[11.847][linker]-[Debug]-[DjiCommand_RecvWork:1066)  <0xb42a>Receive msg from linker, 0x0306->0x0A06 0x03C1 len:126 [0m
[37m[11.848][linker]-[Debug]-[DjiCommand_RecvWork:1066)  <0xb42c>Receive msg from linker, 0x0300->0x0A06 0x036C len:71 [0m
[37m[11.848][linker]-[Debug]-[DjiCommand_DealCmd:919) received unsupport request cmd that noneed ack, <0xb42c> cmdset: 0x03 cmdid: 0x6C [0m
[37m[11.849][linker]-[Debug]-[DjiCommand_RecvWork:1066)  <0x375c>Receive msg from linker, 0x0A01->0x0A06 0x3C45 len:0 [0m
[37m[11.849][upgrade]-[Debug]-[DjiUpgrade_GetUpgradeServiceInfo:239) Get upgrade service info [0m
[37m[11.849][linker]-[Debug]-[DjiProtocol_v1Pack:123) <0x375c>V1-Send: 0x0A06->0x0A01 0x3C45 [0m
[37m[11.859][linker]-[Debug]-[DjiProtocol_v1Unpack:215) <0xb455>V1-Recv: 0x0300->0x0A06 0x4900 [0m
[37m[11.860][linker]-[Debug]-[DjiCommand_RecvWork:1066)  <0xb455>Receive msg from linker, 0x0300->0x0A06 0x4900 len:14 [0m
[37m[11.860][linker]-[Debug]-[DjiProtocol_v1Pack:123) <0xb455>V1-Send: 0x0A06->0x0300 0x4900 [0m
[37m[11.877][linker]-[Debug]-[DjiProtocol_v1Unpack:215) <0xb471>V1-Recv: 0x0306->0x0A06 0x03C1 [0m
[37m[11.878][linker]-[Debug]-[DjiCommand_RecvWork:1066)  <0xb471>Receive msg from linker, 0x0306->0x0A06 0x03C1 len:13 [0m
[32m[11.879][user]-[Info]-[UserFcSubscription_Task:453) Current speed: 0.000000.
 [0m
[32m[11.879][user]-[Info]-[UserFcSubscription_Task:639) Displaymode status: 6. [0m
[37m[11.898][linker]-[Debug]-[DjiProtocol_v1Unpack:215) <0x593>V1-Recv: 0x0701->0x0A06 0x0000 [0m
[37m[11.898][linker]-[Debug]-[DjiProtocol_v1Unpack:215) <0xb499>V1-Recv: 0x0300->0x0A06 0x221B [0m
[37m[11.899][linker]-[Debug]-[DjiCommand_RecvWork:1066)  <0x593>Receive msg from linker, 0x0701->0x0A06 0x0000 len:16 [0m
[37m[11.899][linker]-[Debug]-[DjiProtocol_v1Pack:123) <0x593>V1-Send: 0x0A06->0x0701 0x0000 [0m
[37m[11.900][linker]-[Debug]-[DjiCommand_RecvWork:1066)  <0xb499>Receive msg from linker, 0x0300->0x0A06 0x221B len:9 [0m
[37m[11.900][linker]-[Debug]-[DjiCommand_DealCmd:919) received unsupport request cmd that noneed ack, <0xb499> cmdset: 0x22 cmdid: 0x1B [0m
[37m[11.940][linker]-[Debug]-[DjiProtocol_v1Unpack:215) <0xb4dd>V1-Recv: 0x0300->0x0A06 0x036C [0m
[37m[11.941][linker]-[Debug]-[DjiCommand_RecvWork:1066)  <0xb4dd>Receive msg from linker, 0x0300->0x0A06 0x036C len:71 [0m
[37m[11.941][linker]-[Debug]-[DjiCommand_DealCmd:919) received unsupport request cmd that noneed ack, <0xb4dd> cmdset: 0x03 cmdid: 0x6C [0m
[37m[11.958][linker]-[Debug]-[DjiProtocol_v1Unpack:215) <0xb50a>V1-Recv: 0x0300->0x0A06 0x4900 [0m
[37m[11.959][linker]-[Debug]-[DjiCommand_RecvWork:1066)  <0xb50a>Receive msg from linker, 0x0300->0x0A06 0x4900 len:14 [0m
[37m[11.959][linker]-[Debug]-[DjiProtocol_v1Pack:123) <0xb50a>V1-Send: 0x0A06->0x0300 0x4900 [0m
[37m[11.976][linker]-[Debug]-[DjiProtocol_v1Unpack:215) <0xb527>V1-Recv: 0x0306->0x0A06 0x03C1 [0m
[37m[11.977][linker]-[Debug]-[DjiCommand_RecvWork:1066)  <0xb527>Receive msg from linker, 0x0306->0x0A06 0x03C1 len:13 [0m
[37m[11.998][linker]-[Debug]-[DjiProtocol_v1Unpack:215) <0xb551>V1-Recv: 0x0300->0x0A06 0x221B [0m
[37m[11.999][linker]-[Debug]-[DjiCommand_RecvWork:1066)  <0xb551>Receive msg from linker, 0x0300->0x0A06 0x221B len:9 [0m
[37m[11.999][linker]-[Debug]-[DjiCommand_DealCmd:919) received unsupport request cmd that noneed ack, <0xb551> cmdset: 0x22 cmdid: 0x1B [0m
[37m[12.040][linker]-[Debug]-[DjiProtocol_v1Pack:123) <0xdd85>V1-Send: 0x0A06->0x0200 0x3C10 [0m
[37m[12.040][linker]-[Debug]-[DjiProtocol_v1Pack:123) <0xdd86>V1-Send: 0x0A06->0x0A01 0x3C10 [0m
[37m[12.040][linker]-[Debug]-[DjiProtocol_v1Pack:123) <0xdd87>V1-Send: 0x0A06->0x0300 0x3C10 [0m
[37m[12.040][linker]-[Debug]-[DjiProtocol_v1Unpack:215) <0xb58e>V1-Recv: 0x0300->0x0A06 0x036C [0m
[37m[12.041][linker]-[Debug]-[DjiCommand_RecvWork:1066)  <0xb58e>Receive msg from linker, 0x0300->0x0A06 0x036C len:71 [0m
[37m[12.041][linker]-[Debug]-[DjiCommand_DealCmd:919) received unsupport request cmd that noneed ack, <0xb58e> cmdset: 0x03 cmdid: 0x6C [0m
[37m[12.059][linker]-[Debug]-[DjiProtocol_v1Unpack:215) <0xb5b6>V1-Recv: 0x0300->0x0A06 0x4900 [0m
[37m[12.059][linker]-[Debug]-[DjiProtocol_v1Unpack:215) <0x375d>V1-Recv: 0x0A01->0x0A06 0x3C45 [0m
[37m[12.059][linker]-[Debug]-[DjiCommand_RecvWork:1066)  <0xb5b6>Receive msg from linker, 0x0300->0x0A06 0x4900 len:14 [0m
[37m[12.060][linker]-[Debug]-[DjiProtocol_v1Pack:123) <0xb5b6>V1-Send: 0x0A06->0x0300 0x4900 [0m
[37m[12.061][linker]-[Debug]-[DjiCommand_RecvWork:1066)  <0x375d>Receive msg from linker, 0x0A01->0x0A06 0x3C45 len:0 [0m
[37m[12.061][upgrade]-[Debug]-[DjiUpgrade_GetUpgradeServiceInfo:239) Get upgrade service info [0m
[37m[12.061][linker]-[Debug]-[DjiProtocol_v1Pack:123) <0x375d>V1-Send: 0x0A06->0x0A01 0x3C45 [0m
[37m[12.076][linker]-[Debug]-[DjiProtocol_v1Unpack:215) <0xb5d1>V1-Recv: 0x0306->0x0A06 0x03C1 [0m
[37m[12.077][linker]-[Debug]-[DjiCommand_RecvWork:1066)  <0xb5d1>Receive msg from linker, 0x0306->0x0A06 0x03C1 len:13 [0m
[37m[12.098][linker]-[Debug]-[DjiProtocol_v1Unpack:215) <0xb5f8>V1-Recv: 0x0300->0x0A06 0x221B [0m
[37m[12.098][linker]-[Debug]-[DjiCommand_RecvWork:1066)  <0xb5f8>Receive msg from linker, 0x0300->0x0A06 0x221B len:9 [0m
[37m[12.098][linker]-[Debug]-[DjiCommand_DealCmd:919) received unsupport request cmd that noneed ack, <0xb5f8> cmdset: 0x22 cmdid: 0x1B [0m
[37m[12.140][linker]-[Debug]-[DjiProtocol_v1Unpack:215) <0xb63c>V1-Recv: 0x0300->0x0A06 0x036C [0m
[37m[12.141][linker]-[Debug]-[DjiCommand_RecvWork:1066)  <0xb63c>Receive msg from linker, 0x0300->0x0A06 0x036C len:71 [0m
[37m[12.141][linker]-[Debug]-[DjiCommand_DealCmd:919) received unsupport request cmd that noneed ack, <0xb63c> cmdset: 0x03 cmdid: 0x6C [0m
[37m[12.160][linker]-[Debug]-[DjiProtocol_v1Unpack:215) <0xb665>V1-Recv: 0x0300->0x0100 0x0405 [0m
[37m[12.160][linker]-[Debug]-[DjiProtocol_v1Unpack:215) <0xb666>V1-Recv: 0x0300->0x0A06 0x4900 [0m
[37m[12.160][linker]-[Debug]-[DjiCommand_RecvWork:1066)  <0xb665>Receive msg from linker, 0x0300->0x0100 0x0405 len:22 [0m
[37m[12.160][linker]-[Debug]-[DjiCommand_DealCmd:919) received unsupport request cmd that noneed ack, <0xb665> cmdset: 0x04 cmdid: 0x05 [0m
[37m[12.161][linker]-[Debug]-[DjiCommand_RecvWork:1066)  <0xb666>Receive msg from linker, 0x0300->0x0A06 0x4900 len:14 [0m
[37m[12.161][linker]-[Debug]-[DjiProtocol_v1Pack:123) <0xb666>V1-Send: 0x0A06->0x0300 0x4900 [0m
[37m[12.177][linker]-[Debug]-[DjiProtocol_v1Unpack:215) <0xb683>V1-Recv: 0x0306->0x0A06 0x03C1 [0m
[37m[12.177][linker]-[Debug]-[DjiCommand_RecvWork:1066)  <0xb683>Receive msg from linker, 0x0306->0x0A06 0x03C1 len:13 [0m
[37m[12.198][linker]-[Debug]-[DjiProtocol_v1Unpack:215) <0xb6ae>V1-Recv: 0x0300->0x0A06 0x221B [0m
[37m[12.199][linker]-[Debug]-[DjiCommand_RecvWork:1066)  <0xb6ae>Receive msg from linker, 0x0300->0x0A06 0x221B len:9 [0m
[37m[12.199][linker]-[Debug]-[DjiCommand_DealCmd:919) received unsupport request cmd that noneed ack, <0xb6ae> cmdset: 0x22 cmdid: 0x1B [0m
[37m[12.241][linker]-[Debug]-[DjiProtocol_v1Unpack:215) <0xb6f1>V1-Recv: 0x0300->0x0A06 0x036C [0m
[37m[12.241][linker]-[Debug]-[DjiCommand_RecvWork:1066)  <0xb6f1>Receive msg from linker, 0x0300->0x0A06 0x036C len:71 [0m
[37m[12.241][linker]-[Debug]-[DjiCommand_DealCmd:919) received unsupport request cmd that noneed ack, <0xb6f1> cmdset: 0x03 cmdid: 0x6C [0m
[37m[12.254][linker]-[Debug]-[DjiProtocol_v1Pack:123) <0xdd88>V1-Send: 0x0A06->0x0200 0x3C10 [0m
[37m[12.254][linker]-[Debug]-[DjiProtocol_v1Pack:123) <0xdd89>V1-Send: 0x0A06->0x0A01 0x3C10 [0m
[37m[12.254][linker]-[Debug]-[DjiProtocol_v1Pack:123) <0xdd8a>V1-Send: 0x0A06->0x0300 0x3C10 [0m
[37m[12.259][linker]-[Debug]-[DjiProtocol_v1Unpack:215) <0xb720>V1-Recv: 0x0300->0x0A06 0x4900 [0m
[37m[12.260][linker]-[Debug]-[DjiCommand_RecvWork:1066)  <0xb720>Receive msg from linker, 0x0300->0x0A06 0x4900 len:14 [0m
[37m[12.260][linker]-[Debug]-[DjiProtocol_v1Pack:123) <0xb720>V1-Send: 0x0A06->0x0300 0x4900 [0m
[37m[12.277][linker]-[Debug]-[DjiProtocol_v1Unpack:215) <0xb73f>V1-Recv: 0x0306->0x0A06 0x03C1 [0m
[37m[12.278][linker]-[Debug]-[DjiCommand_RecvWork:1066)  <0xb73f>Receive msg from linker, 0x0306->0x0A06 0x03C1 len:13 [0m
[37m[12.279][linker]-[Debug]-[DjiProtocol_v1Unpack:215) <0x3761>V1-Recv: 0x0A01->0x0A06 0x3C45 [0m
[37m[12.280][linker]-[Debug]-[DjiCommand_RecvWork:1066)  <0x3761>Receive msg from linker, 0x0A01->0x0A06 0x3C45 len:0 [0m
[37m[12.280][upgrade]-[Debug]-[DjiUpgrade_GetUpgradeServiceInfo:239) Get upgrade service info [0m
[37m[12.280][linker]-[Debug]-[DjiProtocol_v1Pack:123) <0x3761>V1-Send: 0x0A06->0x0A01 0x3C45 [0m
[37m[12.297][linker]-[Debug]-[DjiProtocol_v1Unpack:215) <0xb76d>V1-Recv: 0x0300->0x0A06 0x221B [0m
[37m[12.297][linker]-[Debug]-[DjiCommand_RecvWork:1066)  <0xb76d>Receive msg from linker, 0x0300->0x0A06 0x221B len:9 [0m
[37m[12.298][linker]-[Debug]-[DjiCommand_DealCmd:919) received unsupport request cmd that noneed ack, <0xb76d> cmdset: 0x22 cmdid: 0x1B [0m
[37m[12.301][linker]-[Debug]-[DjiProtocol_v1Unpack:215) <0xad2a>V1-Recv: 0x0202->0x0A06 0x0026 [0m
[37m[12.301][linker]-[Debug]-[DjiCommand_RecvWork:1066)  <0xad2a>Receive msg from linker, 0x0202->0x0A06 0x0026 len:37 [0m
[37m[12.301][linker]-[Debug]-[DjiCommand_DealCmd:919) received unsupport request cmd that need ack, <0xad2a> cmdset: 0x00 cmdid: 0x26 [0m
[37m[12.340][linker]-[Debug]-[DjiProtocol_v1Unpack:215) <0xb7b0>V1-Recv: 0x0300->0x0A06 0x036C [0m
[37m[12.340][linker]-[Debug]-[DjiCommand_RecvWork:1066)  <0xb7b0>Receive msg from linker, 0x0300->0x0A06 0x036C len:71 [0m
[37m[12.340][linker]-[Debug]-[DjiCommand_DealCmd:919) received unsupport request cmd that noneed ack, <0xb7b0> cmdset: 0x03 cmdid: 0x6C [0m
[37m[12.358][linker]-[Debug]-[DjiProtocol_v1Unpack:215) <0xb7d8>V1-Recv: 0x0300->0x0A06 0x4900 [0m
[37m[12.358][linker]-[Debug]-[DjiCommand_RecvWork:1066)  <0xb7d8>Receive msg from linker, 0x0300->0x0A06 0x4900 len:14 [0m
[37m[12.358][linker]-[Debug]-[DjiProtocol_v1Pack:123) <0xb7d8>V1-Send: 0x0A06->0x0300 0x4900 [0m
[37m[12.377][linker]-[Debug]-[DjiProtocol_v1Unpack:215) <0xb7f5>V1-Recv: 0x0306->0x0A06 0x03C1 [0m
[37m[12.377][linker]-[Debug]-[DjiCommand_RecvWork:1066)  <0xb7f5>Receive msg from linker, 0x0306->0x0A06 0x03C1 len:13 [0m
[37m[12.397][linker]-[Debug]-[DjiProtocol_v1Unpack:215) <0xb821>V1-Recv: 0x0300->0x0A06 0x221B [0m
[37m[12.398][linker]-[Debug]-[DjiCommand_RecvWork:1066)  <0xb821>Receive msg from linker, 0x0300->0x0A06 0x221B len:9 [0m
[37m[12.398][linker]-[Debug]-[DjiCommand_DealCmd:919) received unsupport request cmd that noneed ack, <0xb821> cmdset: 0x22 cmdid: 0x1B [0m
[37m[12.440][linker]-[Debug]-[DjiProtocol_v1Unpack:215) <0xb860>V1-Recv: 0x0300->0x0A06 0x036C [0m
[37m[12.440][linker]-[Debug]-[DjiCommand_RecvWork:1066)  <0xb860>Receive msg from linker, 0x0300->0x0A06 0x036C len:71 [0m
[37m[12.440][linker]-[Debug]-[DjiCommand_DealCmd:919) received unsupport request cmd that noneed ack, <0xb860> cmdset: 0x03 cmdid: 0x6C [0m
[37m[12.452][linker]-[Debug]-[DjiProtocol_v1Unpack:215) <0x1741>V1-Recv: 0x1D07->0x0A06 0x2105 [0m
[37m[12.452][linker]-[Debug]-[DjiCommand_RecvWork:1066)  <0x1741>Receive msg from linker, 0x1D07->0x0A06 0x2105 len:1 [0m
[37m[12.452][linker]-[Debug]-[DjiCommand_DealCmd:919) received unsupport request cmd that need ack, <0x1741> cmdset: 0x21 cmdid: 0x05 [0m
[37m[12.458][linker]-[Debug]-[DjiProtocol_v1Unpack:215) <0xb886>V1-Recv: 0x0300->0x0A06 0x4900 [0m
[37m[12.458][linker]-[Debug]-[DjiCommand_RecvWork:1066)  <0xb886>Receive msg from linker, 0x0300->0x0A06 0x4900 len:14 [0m
[37m[12.458][linker]-[Debug]-[DjiProtocol_v1Pack:123) <0xb886>V1-Send: 0x0A06->0x0300 0x4900 [0m
[37m[12.468][linker]-[Debug]-[DjiProtocol_v1Pack:123) <0xdd8b>V1-Send: 0x0A06->0x0200 0x3C10 [0m
[37m[12.468][linker]-[Debug]-[DjiProtocol_v1Pack:123) <0xdd8c>V1-Send: 0x0A06->0x0A01 0x3C10 [0m
[37m[12.468][linker]-[Debug]-[DjiProtocol_v1Pack:123) <0xdd8d>V1-Send: 0x0A06->0x0300 0x3C10 [0m
[37m[12.477][linker]-[Debug]-[DjiProtocol_v1Unpack:215) <0xb8a1>V1-Recv: 0x0306->0x0A06 0x03C1 [0m
[37m[12.478][linker]-[Debug]-[DjiCommand_RecvWork:1066)  <0xb8a1>Receive msg from linker, 0x0306->0x0A06 0x03C1 len:13 [0m
[37m[12.479][linker]-[Debug]-[DjiProtocol_v1Unpack:215) <0x3762>V1-Recv: 0x0A01->0x0A06 0x3C45 [0m
[37m[12.480][linker]-[Debug]-[DjiCommand_RecvWork:1066)  <0x3762>Receive msg from linker, 0x0A01->0x0A06 0x3C45 len:0 [0m
[37m[12.480][upgrade]-[Debug]-[DjiUpgrade_GetUpgradeServiceInfo:239) Get upgrade service info [0m
[37m[12.480][linker]-[Debug]-[DjiProtocol_v1Pack:123) <0x3762>V1-Send: 0x0A06->0x0A01 0x3C45 [0m
[37m[12.498][linker]-[Debug]-[DjiProtocol_v1Unpack:215) <0xb8ce>V1-Recv: 0x0300->0x0A06 0x221B [0m
[37m[12.498][linker]-[Debug]-[DjiCommand_RecvWork:1066)  <0xb8ce>Receive msg from linker, 0x0300->0x0A06 0x221B len:9 [0m
[37m[12.498][linker]-[Debug]-[DjiCommand_DealCmd:919) received unsupport request cmd that noneed ack, <0xb8ce> cmdset: 0x22 cmdid: 0x1B [0m
[37m[12.540][linker]-[Debug]-[DjiProtocol_v1Unpack:215) <0xb915>V1-Recv: 0x0300->0x0A06 0x036C [0m
[37m[12.540][linker]-[Debug]-[DjiCommand_RecvWork:1066)  <0xb915>Receive msg from linker, 0x0300->0x0A06 0x036C len:71 [0m
[37m[12.540][linker]-[Debug]-[DjiCommand_DealCmd:919) received unsupport request cmd that noneed ack, <0xb915> cmdset: 0x03 cmdid: 0x6C [0m
[37m[12.559][linker]-[Debug]-[DjiProtocol_v1Unpack:215) <0xb93f>V1-Recv: 0x0300->0x0A06 0x4900 [0m
[37m[12.559][linker]-[Debug]-[DjiCommand_RecvWork:1066)  <0xb93f>Receive msg from linker, 0x0300->0x0A06 0x4900 len:14 [0m
[37m[12.559][linker]-[Debug]-[DjiProtocol_v1Pack:123) <0xb93f>V1-Send: 0x0A06->0x0300 0x4900 [0m
[37m[12.577][linker]-[Debug]-[DjiProtocol_v1Unpack:215) <0xb95c>V1-Recv: 0x0306->0x0A06 0x03C1 [0m
[37m[12.578][linker]-[Debug]-[DjiCommand_RecvWork:1066)  <0xb95c>Receive msg from linker, 0x0306->0x0A06 0x03C1 len:13 [0m
[37m[12.598][linker]-[Debug]-[DjiProtocol_v1Unpack:215) <0xb987>V1-Recv: 0x0300->0x0A06 0x221B [0m
[37m[12.598][linker]-[Debug]-[DjiCommand_RecvWork:1066)  <0xb987>Receive msg from linker, 0x0300->0x0A06 0x221B len:9 [0m
[37m[12.598][linker]-[Debug]-[DjiCommand_DealCmd:919) received unsupport request cmd that noneed ack, <0xb987> cmdset: 0x22 cmdid: 0x1B [0m
[37m[12.640][linker]-[Debug]-[DjiProtocol_v1Unpack:215) <0xb9c8>V1-Recv: 0x0300->0x0A06 0x036C [0m
[37m[12.640][linker]-[Debug]-[DjiCommand_RecvWork:1066)  <0xb9c8>Receive msg from linker, 0x0300->0x0A06 0x036C len:71 [0m
[37m[12.640][linker]-[Debug]-[DjiCommand_DealCmd:919) received unsupport request cmd that noneed ack, <0xb9c8> cmdset: 0x03 cmdid: 0x6C [0m
[37m[12.661][linker]-[Debug]-[DjiProtocol_v1Unpack:215) <0xb9f3>V1-Recv: 0x0300->0x0A06 0x0F74 [0m
[37m[12.661][linker]-[Debug]-[DjiProtocol_v1Unpack:215) <0xb9f6>V1-Recv: 0x0300->0x0100 0x0406 [0m
[37m[12.661][linker]-[Debug]-[DjiProtocol_v1Unpack:215) <0xb9f7>V1-Recv: 0x0300->0x0100 0x0407 [0m
[37m[12.661][linker]-[Debug]-[DjiProtocol_v1Unpack:215) <0xb9f8>V1-Recv: 0x0300->0x0A06 0x4900 [0m
[37m[12.662][linker]-[Debug]-[DjiCommand_RecvWork:1066)  <0xb9f3>Receive msg from linker, 0x0300->0x0A06 0x0F74 len:28 [0m
[37m[12.662][linker]-[Debug]-[DjiCommand_DealCmd:919) received unsupport request cmd that noneed ack, <0xb9f3> cmdset: 0x0F cmdid: 0x74 [0m
[37m[12.663][linker]-[Debug]-[DjiCommand_RecvWork:1066)  <0xb9f6>Receive msg from linker, 0x0300->0x0100 0x0406 len:12 [0m
[37m[12.663][linker]-[Debug]-[DjiCommand_DealCmd:919) received unsupport request cmd that noneed ack, <0xb9f6> cmdset: 0x04 cmdid: 0x06 [0m
[37m[12.664][linker]-[Debug]-[DjiCommand_RecvWork:1066)  <0xb9f7>Receive msg from linker, 0x0300->0x0100 0x0407 len:1 [0m
[37m[12.664][linker]-[Debug]-[DjiCommand_DealCmd:919) received unsupport request cmd that noneed ack, <0xb9f7> cmdset: 0x04 cmdid: 0x07 [0m
[37m[12.665][linker]-[Debug]-[DjiCommand_RecvWork:1066)  <0xb9f8>Receive msg from linker, 0x0300->0x0A06 0x4900 len:14 [0m
[37m[12.665][linker]-[Debug]-[DjiProtocol_v1Pack:123) <0xb9f8>V1-Send: 0x0A06->0x0300 0x4900 [0m
[37m[12.676][linker]-[Debug]-[DjiProtocol_v1Unpack:215) <0xba14>V1-Recv: 0x0306->0x0A06 0x03C1 [0m
[37m[12.677][linker]-[Debug]-[DjiCommand_RecvWork:1066)  <0xba14>Receive msg from linker, 0x0306->0x0A06 0x03C1 len:13 [0m
[37m[12.680][linker]-[Debug]-[DjiProtocol_v1Pack:123) <0xdd8e>V1-Send: 0x0A06->0x0300 0x0000 [0m
[37m[12.680][infor]-[Debug]-[DjiAircraftConnection_CheckExtensionPortConnectStatusByV1Protocol:170) check connect status:1 [0m
[37m[12.681][linker]-[Debug]-[DjiProtocol_v1Pack:123) <0xdd8f>V1-Send: 0x0A06->0x0200 0x3C10 [0m
[37m[12.681][linker]-[Debug]-[DjiProtocol_v1Pack:123) <0xdd90>V1-Send: 0x0A06->0x0A01 0x3C10 [0m
[37m[12.681][linker]-[Debug]-[DjiProtocol_v1Pack:123) <0xdd91>V1-Send: 0x0A06->0x0300 0x3C10 [0m
[37m[12.698][linker]-[Debug]-[DjiProtocol_v1Unpack:215) <0xdd8e>V1-Recv: 0x0300->0x0A06 0x0000 [0m
[37m[12.698][linker]-[Debug]-[DjiProtocol_v1Unpack:215) <0xba3e>V1-Recv: 0x0300->0x0A06 0x221B [0m
[37m[12.698][linker]-[Debug]-[DjiCommand_RecvWork:1066)  <0xdd8e>Receive msg from linker, 0x0300->0x0A06 0x0000 len:0 [0m
[37m[12.698][infor]-[Debug]-[DjiAircraftInfo_CheckPingStatusAsyncCallback:269) connect status async sucess [0m
[37m[12.698][linker]-[Debug]-[DjiCommand_DealCmd:830) callback function (cmdset: 0x00 cmdid: 0x00) deal time: 0 ms [0m
[37m[12.699][linker]-[Debug]-[DjiProtocol_v1Unpack:215) <0x3763>V1-Recv: 0x0A01->0x0A06 0x3C45 [0m
[37m[12.699][linker]-[Debug]-[DjiCommand_RecvWork:1066)  <0xba3e>Receive msg from linker, 0x0300->0x0A06 0x221B len:9 [0m
[37m[12.699][linker]-[Debug]-[DjiCommand_DealCmd:919) received unsupport request cmd that noneed ack, <0xba3e> cmdset: 0x22 cmdid: 0x1B [0m
[37m[12.700][linker]-[Debug]-[DjiCommand_RecvWork:1066)  <0x3763>Receive msg from linker, 0x0A01->0x0A06 0x3C45 len:0 [0m
[37m[12.700][upgrade]-[Debug]-[DjiUpgrade_GetUpgradeServiceInfo:239) Get upgrade service info [0m
[37m[12.700][linker]-[Debug]-[DjiProtocol_v1Pack:123) <0x3763>V1-Send: 0x0A06->0x0A01 0x3C45 [0m
[37m[12.740][linker]-[Debug]-[DjiProtocol_v1Unpack:215) <0xba8a>V1-Recv: 0x0300->0x0A06 0x036C [0m
[37m[12.741][linker]-[Debug]-[DjiCommand_RecvWork:1066)  <0xba8a>Receive msg from linker, 0x0300->0x0A06 0x036C len:71 [0m
[37m[12.741][linker]-[Debug]-[DjiCommand_DealCmd:919) received unsupport request cmd that noneed ack, <0xba8a> cmdset: 0x03 cmdid: 0x6C [0m
[37m[12.759][linker]-[Debug]-[DjiProtocol_v1Unpack:215) <0xbaba>V1-Recv: 0x0300->0x0A06 0x4900 [0m
[37m[12.759][linker]-[Debug]-[DjiCommand_RecvWork:1066)  <0xbaba>Receive msg from linker, 0x0300->0x0A06 0x4900 len:14 [0m
[37m[12.759][linker]-[Debug]-[DjiProtocol_v1Pack:123) <0xbaba>V1-Send: 0x0A06->0x0300 0x4900 [0m
[37m[12.777][linker]-[Debug]-[DjiProtocol_v1Unpack:215) <0xbadb>V1-Recv: 0x0306->0x0A06 0x03C1 [0m
[37m[12.777][linker]-[Debug]-[DjiCommand_RecvWork:1066)  <0xbadb>Receive msg from linker, 0x0306->0x0A06 0x03C1 len:13 [0m
[37m[12.798][linker]-[Debug]-[DjiProtocol_v1Unpack:215) <0xbb0f>V1-Recv: 0x0300->0x0A06 0x221B [0m
[37m[12.798][linker]-[Debug]-[DjiCommand_RecvWork:1066)  <0xbb0f>Receive msg from linker, 0x0300->0x0A06 0x221B len:9 [0m
[37m[12.798][linker]-[Debug]-[DjiCommand_DealCmd:919) received unsupport request cmd that noneed ack, <0xbb0f> cmdset: 0x22 cmdid: 0x1B [0m
[37m[12.799][utils]-[Debug]-[DjiCore_RootTask:131) work execution time: [0m
[37m[12.799][utils]-[Debug]-[DjiCore_RootTask:132) name	                execution time (ms)	  max execution time (ms) [0m
[37m[12.799][utils]-[Debug]-[DjiCore_RootTask:134) recorderWork                    	1       	1        [0m
[37m[12.799][utils]-[Debug]-[DjiCore_RootTask:134) flowControllerTask              	0       	0        [0m
[37m[12.799][utils]-[Debug]-[DjiCore_RootTask:134) commandTask                     	1       	1        [0m
[37m[12.799][utils]-[Debug]-[DjiCore_RootTask:134) aircraftWorkNode                	0       	0        [0m
[37m[12.799][utils]-[Debug]-[DjiCore_RootTask:134) StatePushWork                   	1       	1        [0m
[37m[12.846][linker]-[Debug]-[DjiProtocol_v1Unpack:215) <0xbb4f>V1-Recv: 0x0306->0x0A06 0x03C1 [0m
[37m[12.846][linker]-[Debug]-[DjiProtocol_v1Unpack:215) <0xbb51>V1-Recv: 0x0300->0x0A06 0x036C [0m
[37m[12.846][linker]-[Debug]-[DjiCommand_RecvWork:1066)  <0xbb4f>Receive msg from linker, 0x0306->0x0A06 0x03C1 len:126 [0m
[37m[12.847][linker]-[Debug]-[DjiCommand_RecvWork:1066)  <0xbb51>Receive msg from linker, 0x0300->0x0A06 0x036C len:71 [0m
[37m[12.847][linker]-[Debug]-[DjiCommand_DealCmd:919) received unsupport request cmd that noneed ack, <0xbb51> cmdset: 0x03 cmdid: 0x6C [0m
[37m[12.859][linker]-[Debug]-[DjiProtocol_v1Unpack:215) <0xbb7a>V1-Recv: 0x0300->0x0A06 0x4900 [0m
[37m[12.859][linker]-[Debug]-[DjiCommand_RecvWork:1066)  <0xbb7a>Receive msg from linker, 0x0300->0x0A06 0x4900 len:14 [0m
[37m[12.859][linker]-[Debug]-[DjiProtocol_v1Pack:123) <0xbb7a>V1-Send: 0x0A06->0x0300 0x4900 [0m
[37m[12.877][linker]-[Debug]-[DjiProtocol_v1Unpack:215) <0xbb95>V1-Recv: 0x0306->0x0A06 0x03C1 [0m
[37m[12.877][linker]-[Debug]-[DjiCommand_RecvWork:1066)  <0xbb95>Receive msg from linker, 0x0306->0x0A06 0x03C1 len:13 [0m
[32m[12.879][user]-[Info]-[UserFcSubscription_Task:453) Current speed: 0.000000.
 [0m
[32m[12.879][user]-[Info]-[UserFcSubscription_Task:639) Displaymode status: 6. [0m
[37m[12.894][linker]-[Debug]-[DjiProtocol_v1Pack:123) <0xdd92>V1-Send: 0x0A06->0x0200 0x3C10 [0m
[37m[12.894][linker]-[Debug]-[DjiProtocol_v1Pack:123) <0xdd93>V1-Send: 0x0A06->0x0A01 0x3C10 [0m
[37m[12.894][linker]-[Debug]-[DjiProtocol_v1Pack:123) <0xdd94>V1-Send: 0x0A06->0x0300 0x3C10 [0m
[37m[12.898][linker]-[Debug]-[DjiProtocol_v1Unpack:215) <0x594>V1-Recv: 0x0701->0x0A06 0x0000 [0m
[37m[12.898][linker]-[Debug]-[DjiProtocol_v1Unpack:215) <0xbbbd>V1-Recv: 0x0300->0x0A06 0x221B [0m
[37m[12.898][linker]-[Debug]-[DjiCommand_RecvWork:1066)  <0x594>Receive msg from linker, 0x0701->0x0A06 0x0000 len:16 [0m
[37m[12.898][linker]-[Debug]-[DjiProtocol_v1Pack:123) <0x594>V1-Send: 0x0A06->0x0701 0x0000 [0m
[37m[12.900][linker]-[Debug]-[DjiCommand_RecvWork:1066)  <0xbbbd>Receive msg from linker, 0x0300->0x0A06 0x221B len:9 [0m
[37m[12.900][linker]-[Debug]-[DjiCommand_DealCmd:919) received unsupport request cmd that noneed ack, <0xbbbd> cmdset: 0x22 cmdid: 0x1B [0m
[37m[12.920][linker]-[Debug]-[DjiProtocol_v1Unpack:215) <0x3764>V1-Recv: 0x0A01->0x0A06 0x3C45 [0m
[37m[12.920][linker]-[Debug]-[DjiCommand_RecvWork:1066)  <0x3764>Receive msg from linker, 0x0A01->0x0A06 0x3C45 len:0 [0m
[37m[12.920][upgrade]-[Debug]-[DjiUpgrade_GetUpgradeServiceInfo:239) Get upgrade service info [0m
[37m[12.920][linker]-[Debug]-[DjiProtocol_v1Pack:123) <0x3764>V1-Send: 0x0A06->0x0A01 0x3C45 [0m
[37m[12.940][linker]-[Debug]-[DjiProtocol_v1Unpack:215) <0xbc06>V1-Recv: 0x0300->0x0A06 0x036C [0m
[37m[12.940][linker]-[Debug]-[DjiCommand_RecvWork:1066)  <0xbc06>Receive msg from linker, 0x0300->0x0A06 0x036C len:71 [0m
[37m[12.940][linker]-[Debug]-[DjiCommand_DealCmd:919) received unsupport request cmd that noneed ack, <0xbc06> cmdset: 0x03 cmdid: 0x6C [0m
[37m[12.958][linker]-[Debug]-[DjiProtocol_v1Unpack:215) <0xbc38>V1-Recv: 0x0300->0x0A06 0x4900 [0m
[37m[12.958][linker]-[Debug]-[DjiCommand_RecvWork:1066)  <0xbc38>Receive msg from linker, 0x0300->0x0A06 0x4900 len:14 [0m
[37m[12.958][linker]-[Debug]-[DjiProtocol_v1Pack:123) <0xbc38>V1-Send: 0x0A06->0x0300 0x4900 [0m
[37m[12.977][linker]-[Debug]-[DjiProtocol_v1Unpack:215) <0xbc57>V1-Recv: 0x0306->0x0A06 0x03C1 [0m
[37m[12.978][linker]-[Debug]-[DjiCommand_RecvWork:1066)  <0xbc57>Receive msg from linker, 0x0306->0x0A06 0x03C1 len:13 [0m
[37m[12.998][linker]-[Debug]-[DjiProtocol_v1Unpack:215) <0xbc81>V1-Recv: 0x0300->0x0A06 0x221B [0m
[37m[12.998][linker]-[Debug]-[DjiCommand_RecvWork:1066)  <0xbc81>Receive msg from linker, 0x0300->0x0A06 0x221B len:9 [0m
[37m[12.998][linker]-[Debug]-[DjiCommand_DealCmd:919) received unsupport request cmd that noneed ack, <0xbc81> cmdset: 0x22 cmdid: 0x1B [0m
[37m[13.040][linker]-[Debug]-[DjiProtocol_v1Unpack:215) <0xbcbe>V1-Recv: 0x0300->0x0A06 0x036C [0m
[37m[13.040][linker]-[Debug]-[DjiCommand_RecvWork:1066)  <0xbcbe>Receive msg from linker, 0x0300->0x0A06 0x036C len:71 [0m
[37m[13.040][linker]-[Debug]-[DjiCommand_DealCmd:919) received unsupport request cmd that noneed ack, <0xbcbe> cmdset: 0x03 cmdid: 0x6C [0m
[37m[13.058][linker]-[Debug]-[DjiProtocol_v1Unpack:215) <0xbce8>V1-Recv: 0x0300->0x0A06 0x4900 [0m
[37m[13.059][linker]-[Debug]-[DjiCommand_RecvWork:1066)  <0xbce8>Receive msg from linker, 0x0300->0x0A06 0x4900 len:14 [0m
[37m[13.059][linker]-[Debug]-[DjiProtocol_v1Pack:123) <0xbce8>V1-Send: 0x0A06->0x0300 0x4900 [0m
[37m[13.076][linker]-[Debug]-[DjiProtocol_v1Unpack:215) <0xbd04>V1-Recv: 0x0306->0x0A06 0x03C1 [0m
[37m[13.077][linker]-[Debug]-[DjiCommand_RecvWork:1066)  <0xbd04>Receive msg from linker, 0x0306->0x0A06 0x03C1 len:13 [0m
[37m[13.098][linker]-[Debug]-[DjiProtocol_v1Unpack:215) <0xbd2d>V1-Recv: 0x0300->0x0A06 0x221B [0m
[37m[13.098][linker]-[Debug]-[DjiCommand_RecvWork:1066)  <0xbd2d>Receive msg from linker, 0x0300->0x0A06 0x221B len:9 [0m
[37m[13.098][linker]-[Debug]-[DjiCommand_DealCmd:919) received unsupport request cmd that noneed ack, <0xbd2d> cmdset: 0x22 cmdid: 0x1B [0m
[37m[13.108][linker]-[Debug]-[DjiProtocol_v1Pack:123) <0xdd95>V1-Send: 0x0A06->0x0200 0x3C10 [0m
[37m[13.108][linker]-[Debug]-[DjiProtocol_v1Pack:123) <0xdd96>V1-Send: 0x0A06->0x0A01 0x3C10 [0m
[37m[13.108][linker]-[Debug]-[DjiProtocol_v1Pack:123) <0xdd97>V1-Send: 0x0A06->0x0300 0x3C10 [0m
[37m[13.119][linker]-[Debug]-[DjiProtocol_v1Unpack:215) <0x3765>V1-Recv: 0x0A01->0x0A06 0x3C45 [0m
[37m[13.119][linker]-[Debug]-[DjiCommand_RecvWork:1066)  <0x3765>Receive msg from linker, 0x0A01->0x0A06 0x3C45 len:0 [0m
[37m[13.119][upgrade]-[Debug]-[DjiUpgrade_GetUpgradeServiceInfo:239) Get upgrade service info [0m
[37m[13.119][linker]-[Debug]-[DjiProtocol_v1Pack:123) <0x3765>V1-Send: 0x0A06->0x0A01 0x3C45 [0m
[37m[13.140][linker]-[Debug]-[DjiProtocol_v1Unpack:215) <0xbd71>V1-Recv: 0x0300->0x0A06 0x036C [0m
[37m[13.141][linker]-[Debug]-[DjiCommand_RecvWork:1066)  <0xbd71>Receive msg from linker, 0x0300->0x0A06 0x036C len:71 [0m
[37m[13.141][linker]-[Debug]-[DjiCommand_DealCmd:919) received unsupport request cmd that noneed ack, <0xbd71> cmdset: 0x03 cmdid: 0x6C [0m
[37m[13.159][linker]-[Debug]-[DjiProtocol_v1Unpack:215) <0xbd99>V1-Recv: 0x0300->0x0100 0x0405 [0m
[37m[13.159][linker]-[Debug]-[DjiProtocol_v1Unpack:215) <0xbd9a>V1-Recv: 0x0300->0x0A06 0x4900 [0m
[37m[13.160][linker]-[Debug]-[DjiCommand_RecvWork:1066)  <0xbd99>Receive msg from linker, 0x0300->0x0100 0x0405 len:22 [0m
[37m[13.160][linker]-[Debug]-[DjiCommand_DealCmd:919) received unsupport request cmd that noneed ack, <0xbd99> cmdset: 0x04 cmdid: 0x05 [0m
[37m[13.161][linker]-[Debug]-[DjiCommand_RecvWork:1066)  <0xbd9a>Receive msg from linker, 0x0300->0x0A06 0x4900 len:14 [0m
[37m[13.161][linker]-[Debug]-[DjiProtocol_v1Pack:123) <0xbd9a>V1-Send: 0x0A06->0x0300 0x4900 [0m
[37m[13.177][linker]-[Debug]-[DjiProtocol_v1Unpack:215) <0xbdb7>V1-Recv: 0x0306->0x0A06 0x03C1 [0m
[37m[13.178][linker]-[Debug]-[DjiCommand_RecvWork:1066)  <0xbdb7>Receive msg from linker, 0x0306->0x0A06 0x03C1 len:13 [0m
[37m[13.197][linker]-[Debug]-[DjiProtocol_v1Unpack:215) <0xbde2>V1-Recv: 0x0300->0x0A06 0x221B [0m
[37m[13.198][linker]-[Debug]-[DjiCommand_RecvWork:1066)  <0xbde2>Receive msg from linker, 0x0300->0x0A06 0x221B len:9 [0m
[37m[13.198][linker]-[Debug]-[DjiCommand_DealCmd:919) received unsupport request cmd that noneed ack, <0xbde2> cmdset: 0x22 cmdid: 0x1B [0m
[37m[13.240][linker]-[Debug]-[DjiProtocol_v1Unpack:215) <0xbe23>V1-Recv: 0x0300->0x0A06 0x036C [0m
[37m[13.241][linker]-[Debug]-[DjiCommand_RecvWork:1066)  <0xbe23>Receive msg from linker, 0x0300->0x0A06 0x036C len:71 [0m
[37m[13.241][linker]-[Debug]-[DjiCommand_DealCmd:919) received unsupport request cmd that noneed ack, <0xbe23> cmdset: 0x03 cmdid: 0x6C [0m
[37m[13.259][linker]-[Debug]-[DjiProtocol_v1Unpack:215) <0xbe52>V1-Recv: 0x0300->0x0A06 0x4900 [0m
[37m[13.260][linker]-[Debug]-[DjiCommand_RecvWork:1066)  <0xbe52>Receive msg from linker, 0x0300->0x0A06 0x4900 len:14 [0m
[37m[13.260][linker]-[Debug]-[DjiProtocol_v1Pack:123) <0xbe52>V1-Send: 0x0A06->0x0300 0x4900 [0m
[37m[13.276][linker]-[Debug]-[DjiProtocol_v1Unpack:215) <0xbe72>V1-Recv: 0x0306->0x0A06 0x03C1 [0m
[37m[13.277][linker]-[Debug]-[DjiCommand_RecvWork:1066)  <0xbe72>Receive msg from linker, 0x0306->0x0A06 0x03C1 len:13 [0m
[37m[13.298][linker]-[Debug]-[DjiProtocol_v1Unpack:215) <0xbea0>V1-Recv: 0x0300->0x0A06 0x221B [0m
[37m[13.299][linker]-[Debug]-[DjiCommand_RecvWork:1066)  <0xbea0>Receive msg from linker, 0x0300->0x0A06 0x221B len:9 [0m
[37m[13.299][linker]-[Debug]-[DjiCommand_DealCmd:919) received unsupport request cmd that noneed ack, <0xbea0> cmdset: 0x22 cmdid: 0x1B [0m
[37m[13.321][linker]-[Debug]-[DjiProtocol_v1Pack:123) <0xdd98>V1-Send: 0x0A06->0x0200 0x3C10 [0m
[37m[13.321][linker]-[Debug]-[DjiProtocol_v1Pack:123) <0xdd99>V1-Send: 0x0A06->0x0A01 0x3C10 [0m
[37m[13.321][linker]-[Debug]-[DjiProtocol_v1Pack:123) <0xdd9a>V1-Send: 0x0A06->0x0300 0x3C10 [0m
[37m[13.341][linker]-[Debug]-[DjiProtocol_v1Unpack:215) <0xbee4>V1-Recv: 0x0300->0x0A06 0x036C [0m
[37m[13.341][linker]-[Debug]-[DjiProtocol_v1Unpack:215) <0x3768>V1-Recv: 0x0A01->0x0A06 0x3C45 [0m
[37m[13.342][linker]-[Debug]-[DjiCommand_RecvWork:1066)  <0xbee4>Receive msg from linker, 0x0300->0x0A06 0x036C len:71 [0m
[37m[13.342][linker]-[Debug]-[DjiCommand_DealCmd:919) received unsupport request cmd that noneed ack, <0xbee4> cmdset: 0x03 cmdid: 0x6C [0m
[37m[13.343][linker]-[Debug]-[DjiCommand_RecvWork:1066)  <0x3768>Receive msg from linker, 0x0A01->0x0A06 0x3C45 len:0 [0m
[37m[13.343][upgrade]-[Debug]-[DjiUpgrade_GetUpgradeServiceInfo:239) Get upgrade service info [0m
[37m[13.343][linker]-[Debug]-[DjiProtocol_v1Pack:123) <0x3768>V1-Send: 0x0A06->0x0A01 0x3C45 [0m
[37m[13.358][linker]-[Debug]-[DjiProtocol_v1Unpack:215) <0xbf0c>V1-Recv: 0x0300->0x0A06 0x4900 [0m
[37m[13.359][linker]-[Debug]-[DjiCommand_RecvWork:1066)  <0xbf0c>Receive msg from linker, 0x0300->0x0A06 0x4900 len:14 [0m
[37m[13.359][linker]-[Debug]-[DjiProtocol_v1Pack:123) <0xbf0c>V1-Send: 0x0A06->0x0300 0x4900 [0m
[37m[13.377][linker]-[Debug]-[DjiProtocol_v1Unpack:215) <0xbf2d>V1-Recv: 0x0306->0x0A06 0x03C1 [0m
[37m[13.377][linker]-[Debug]-[DjiCommand_RecvWork:1066)  <0xbf2d>Receive msg from linker, 0x0306->0x0A06 0x03C1 len:13 [0m
[37m[13.398][linker]-[Debug]-[DjiProtocol_v1Unpack:215) <0xbf59>V1-Recv: 0x0300->0x0A06 0x221B [0m
[37m[13.399][linker]-[Debug]-[DjiCommand_RecvWork:1066)  <0xbf59>Receive msg from linker, 0x0300->0x0A06 0x221B len:9 [0m
[37m[13.399][linker]-[Debug]-[DjiCommand_DealCmd:919) received unsupport request cmd that noneed ack, <0xbf59> cmdset: 0x22 cmdid: 0x1B [0m
[37m[13.440][linker]-[Debug]-[DjiProtocol_v1Unpack:215) <0xbf99>V1-Recv: 0x0300->0x0A06 0x036C [0m
[37m[13.440][linker]-[Debug]-[DjiCommand_RecvWork:1066)  <0xbf99>Receive msg from linker, 0x0300->0x0A06 0x036C len:71 [0m
[37m[13.440][linker]-[Debug]-[DjiCommand_DealCmd:919) received unsupport request cmd that noneed ack, <0xbf99> cmdset: 0x03 cmdid: 0x6C [0m
[37m[13.452][linker]-[Debug]-[DjiProtocol_v1Unpack:215) <0x1742>V1-Recv: 0x1D07->0x0A06 0x2105 [0m
[37m[13.452][linker]-[Debug]-[DjiCommand_RecvWork:1066)  <0x1742>Receive msg from linker, 0x1D07->0x0A06 0x2105 len:1 [0m
[37m[13.452][linker]-[Debug]-[DjiCommand_DealCmd:919) received unsupport request cmd that need ack, <0x1742> cmdset: 0x21 cmdid: 0x05 [0m
[37m[13.458][linker]-[Debug]-[DjiProtocol_v1Unpack:215) <0xbfbf>V1-Recv: 0x0300->0x0A06 0x4900 [0m
[37m[13.459][linker]-[Debug]-[DjiCommand_RecvWork:1066)  <0xbfbf>Receive msg from linker, 0x0300->0x0A06 0x4900 len:14 [0m
[37m[13.459][linker]-[Debug]-[DjiProtocol_v1Pack:123) <0xbfbf>V1-Send: 0x0A06->0x0300 0x4900 [0m
[37m[13.476][linker]-[Debug]-[DjiProtocol_v1Unpack:215) <0xbfda>V1-Recv: 0x0306->0x0A06 0x03C1 [0m
[37m[13.477][linker]-[Debug]-[DjiCommand_RecvWork:1066)  <0xbfda>Receive msg from linker, 0x0306->0x0A06 0x03C1 len:13 [0m
[37m[13.498][linker]-[Debug]-[DjiProtocol_v1Unpack:215) <0xc003>V1-Recv: 0x0300->0x0A06 0x221B [0m
[37m[13.498][linker]-[Debug]-[DjiCommand_RecvWork:1066)  <0xc003>Receive msg from linker, 0x0300->0x0A06 0x221B len:9 [0m
[37m[13.498][linker]-[Debug]-[DjiCommand_DealCmd:919) received unsupport request cmd that noneed ack, <0xc003> cmdset: 0x22 cmdid: 0x1B [0m
[37m[13.534][linker]-[Debug]-[DjiProtocol_v1Pack:123) <0xdd9b>V1-Send: 0x0A06->0x0200 0x3C10 [0m
[37m[13.534][linker]-[Debug]-[DjiProtocol_v1Pack:123) <0xdd9c>V1-Send: 0x0A06->0x0A01 0x3C10 [0m
[37m[13.534][linker]-[Debug]-[DjiProtocol_v1Pack:123) <0xdd9d>V1-Send: 0x0A06->0x0300 0x3C10 [0m
[37m[13.540][linker]-[Debug]-[DjiProtocol_v1Unpack:215) <0xc04d>V1-Recv: 0x0300->0x0A06 0x036C [0m
[37m[13.541][linker]-[Debug]-[DjiCommand_RecvWork:1066)  <0xc04d>Receive msg from linker, 0x0300->0x0A06 0x036C len:71 [0m
[37m[13.541][linker]-[Debug]-[DjiCommand_DealCmd:919) received unsupport request cmd that noneed ack, <0xc04d> cmdset: 0x03 cmdid: 0x6C [0m
[37m[13.560][linker]-[Debug]-[DjiProtocol_v1Unpack:215) <0xc079>V1-Recv: 0x0300->0x0A06 0x4900 [0m
[37m[13.560][linker]-[Debug]-[DjiProtocol_v1Unpack:215) <0x3769>V1-Recv: 0x0A01->0x0A06 0x3C45 [0m
[37m[13.560][linker]-[Debug]-[DjiCommand_RecvWork:1066)  <0xc079>Receive msg from linker, 0x0300->0x0A06 0x4900 len:14 [0m
[37m[13.560][linker]-[Debug]-[DjiProtocol_v1Pack:123) <0xc079>V1-Send: 0x0A06->0x0300 0x4900 [0m
[37m[13.561][linker]-[Debug]-[DjiCommand_RecvWork:1066)  <0x3769>Receive msg from linker, 0x0A01->0x0A06 0x3C45 len:0 [0m
[37m[13.561][upgrade]-[Debug]-[DjiUpgrade_GetUpgradeServiceInfo:239) Get upgrade service info [0m
[37m[13.561][linker]-[Debug]-[DjiProtocol_v1Pack:123) <0x3769>V1-Send: 0x0A06->0x0A01 0x3C45 [0m
[37m[13.577][linker]-[Debug]-[DjiProtocol_v1Unpack:215) <0xc096>V1-Recv: 0x0306->0x0A06 0x03C1 [0m
[37m[13.577][linker]-[Debug]-[DjiCommand_RecvWork:1066)  <0xc096>Receive msg from linker, 0x0306->0x0A06 0x03C1 len:13 [0m
[37m[13.598][linker]-[Debug]-[DjiProtocol_v1Unpack:215) <0xc0c1>V1-Recv: 0x0300->0x0A06 0x221B [0m
[37m[13.598][linker]-[Debug]-[DjiCommand_RecvWork:1066)  <0xc0c1>Receive msg from linker, 0x0300->0x0A06 0x221B len:9 [0m
[37m[13.599][linker]-[Debug]-[DjiCommand_DealCmd:919) received unsupport request cmd that noneed ack, <0xc0c1> cmdset: 0x22 cmdid: 0x1B [0m
[37m[13.640][linker]-[Debug]-[DjiProtocol_v1Unpack:215) <0xc105>V1-Recv: 0x0300->0x0A06 0x036C [0m
[37m[13.641][linker]-[Debug]-[DjiCommand_RecvWork:1066)  <0xc105>Receive msg from linker, 0x0300->0x0A06 0x036C len:71 [0m
[37m[13.641][linker]-[Debug]-[DjiCommand_DealCmd:919) received unsupport request cmd that noneed ack, <0xc105> cmdset: 0x03 cmdid: 0x6C [0m
[37m[13.662][linker]-[Debug]-[DjiProtocol_v1Unpack:215) <0xc12e>V1-Recv: 0x0300->0x0A06 0x0F74 [0m
[37m[13.662][linker]-[Debug]-[DjiProtocol_v1Unpack:215) <0xc131>V1-Recv: 0x0300->0x0100 0x0406 [0m
[37m[13.662][linker]-[Debug]-[DjiProtocol_v1Unpack:215) <0xc132>V1-Recv: 0x0300->0x0100 0x0407 [0m
[37m[13.662][linker]-[Debug]-[DjiProtocol_v1Unpack:215) <0xc133>V1-Recv: 0x0300->0x0A06 0x4900 [0m
[37m[13.662][linker]-[Debug]-[DjiCommand_RecvWork:1066)  <0xc12e>Receive msg from linker, 0x0300->0x0A06 0x0F74 len:28 [0m
[37m[13.662][linker]-[Debug]-[DjiCommand_DealCmd:919) received unsupport request cmd that noneed ack, <0xc12e> cmdset: 0x0F cmdid: 0x74 [0m
[37m[13.663][linker]-[Debug]-[DjiCommand_RecvWork:1066)  <0xc131>Receive msg from linker, 0x0300->0x0100 0x0406 len:12 [0m
[37m[13.663][linker]-[Debug]-[DjiCommand_DealCmd:919) received unsupport request cmd that noneed ack, <0xc131> cmdset: 0x04 cmdid: 0x06 [0m
[37m[13.665][linker]-[Debug]-[DjiCommand_RecvWork:1066)  <0xc132>Receive msg from linker, 0x0300->0x0100 0x0407 len:1 [0m
[37m[13.665][linker]-[Debug]-[DjiCommand_DealCmd:919) received unsupport request cmd that noneed ack, <0xc132> cmdset: 0x04 cmdid: 0x07 [0m
[37m[13.666][linker]-[Debug]-[DjiCommand_RecvWork:1066)  <0xc133>Receive msg from linker, 0x0300->0x0A06 0x4900 len:14 [0m
[37m[13.666][linker]-[Debug]-[DjiProtocol_v1Pack:123) <0xc133>V1-Send: 0x0A06->0x0300 0x4900 [0m
[37m[13.677][linker]-[Debug]-[DjiProtocol_v1Unpack:215) <0xc14f>V1-Recv: 0x0306->0x0A06 0x03C1 [0m
[37m[13.677][linker]-[Debug]-[DjiCommand_RecvWork:1066)  <0xc14f>Receive msg from linker, 0x0306->0x0A06 0x03C1 len:13 [0m
[37m[13.698][linker]-[Debug]-[DjiProtocol_v1Unpack:215) <0xc176>V1-Recv: 0x0300->0x0A06 0x221B [0m
[37m[13.699][linker]-[Debug]-[DjiCommand_RecvWork:1066)  <0xc176>Receive msg from linker, 0x0300->0x0A06 0x221B len:9 [0m
[37m[13.699][linker]-[Debug]-[DjiCommand_DealCmd:919) received unsupport request cmd that noneed ack, <0xc176> cmdset: 0x22 cmdid: 0x1B [0m
[37m[13.740][linker]-[Debug]-[DjiProtocol_v1Unpack:215) <0xc1be>V1-Recv: 0x0300->0x0A06 0x036C [0m
[37m[13.741][linker]-[Debug]-[DjiCommand_RecvWork:1066)  <0xc1be>Receive msg from linker, 0x0300->0x0A06 0x036C len:71 [0m
[37m[13.741][linker]-[Debug]-[DjiCommand_DealCmd:919) received unsupport request cmd that noneed ack, <0xc1be> cmdset: 0x03 cmdid: 0x6C [0m
[37m[13.747][linker]-[Debug]-[DjiProtocol_v1Pack:123) <0xdd9e>V1-Send: 0x0A06->0x0300 0x0000 [0m
[37m[13.747][infor]-[Debug]-[DjiAircraftConnection_CheckExtensionPortConnectStatusByV1Protocol:170) check connect status:1 [0m
[37m[13.748][linker]-[Debug]-[DjiProtocol_v1Pack:123) <0xdd9f>V1-Send: 0x0A06->0x0200 0x3C10 [0m
[37m[13.748][linker]-[Debug]-[DjiProtocol_v1Pack:123) <0xdda0>V1-Send: 0x0A06->0x0A01 0x3C10 [0m
[37m[13.748][linker]-[Debug]-[DjiProtocol_v1Pack:123) <0xdda1>V1-Send: 0x0A06->0x0300 0x3C10 [0m
[37m[13.757][linker]-[Debug]-[DjiProtocol_v1Unpack:215) <0xdd9e>V1-Recv: 0x0300->0x0A06 0x0000 [0m
[37m[13.758][linker]-[Debug]-[DjiCommand_RecvWork:1066)  <0xdd9e>Receive msg from linker, 0x0300->0x0A06 0x0000 len:0 [0m
[37m[13.758][infor]-[Debug]-[DjiAircraftInfo_CheckPingStatusAsyncCallback:269) connect status async sucess [0m
[37m[13.758][linker]-[Debug]-[DjiCommand_DealCmd:830) callback function (cmdset: 0x00 cmdid: 0x00) deal time: 0 ms [0m
[37m[13.760][linker]-[Debug]-[DjiProtocol_v1Unpack:215) <0xc1f0>V1-Recv: 0x0300->0x0A06 0x4900 [0m
[37m[13.760][linker]-[Debug]-[DjiProtocol_v1Unpack:215) <0x376a>V1-Recv: 0x0A01->0x0A06 0x3C45 [0m
[37m[13.761][linker]-[Debug]-[DjiCommand_RecvWork:1066)  <0xc1f0>Receive msg from linker, 0x0300->0x0A06 0x4900 len:14 [0m
[37m[13.761][linker]-[Debug]-[DjiProtocol_v1Pack:123) <0xc1f0>V1-Send: 0x0A06->0x0300 0x4900 [0m
[37m[13.762][linker]-[Debug]-[DjiCommand_RecvWork:1066)  <0x376a>Receive msg from linker, 0x0A01->0x0A06 0x3C45 len:0 [0m
[37m[13.762][upgrade]-[Debug]-[DjiUpgrade_GetUpgradeServiceInfo:239) Get upgrade service info [0m
[37m[13.762][linker]-[Debug]-[DjiProtocol_v1Pack:123) <0x376a>V1-Send: 0x0A06->0x0A01 0x3C45 [0m
[37m[13.777][linker]-[Debug]-[DjiProtocol_v1Unpack:215) <0xc20f>V1-Recv: 0x0306->0x0A06 0x03C1 [0m
[37m[13.778][linker]-[Debug]-[DjiCommand_RecvWork:1066)  <0xc20f>Receive msg from linker, 0x0306->0x0A06 0x03C1 len:13 [0m
[37m[13.797][linker]-[Debug]-[DjiProtocol_v1Unpack:215) <0xc241>V1-Recv: 0x0300->0x0A06 0x221B [0m
[37m[13.798][linker]-[Debug]-[DjiCommand_RecvWork:1066)  <0xc241>Receive msg from linker, 0x0300->0x0A06 0x221B len:9 [0m
[37m[13.798][linker]-[Debug]-[DjiCommand_DealCmd:919) received unsupport request cmd that noneed ack, <0xc241> cmdset: 0x22 cmdid: 0x1B [0m
[37m[13.800][linker]-[Debug]-[DjiProtocol_v1Unpack:215) <0xad2a>V1-Recv: 0x0202->0x0A06 0x0026 [0m
[37m[13.801][linker]-[Debug]-[DjiCommand_RecvWork:1066)  <0xad2a>Receive msg from linker, 0x0202->0x0A06 0x0026 len:37 [0m
[37m[13.802][linker]-[Debug]-[DjiCommand_DealCmd:919) received unsupport request cmd that need ack, <0xad2a> cmdset: 0x00 cmdid: 0x26 [0m
[37m[13.845][linker]-[Debug]-[DjiProtocol_v1Unpack:215) <0xc280>V1-Recv: 0x0306->0x0A06 0x03C1 [0m
[37m[13.845][linker]-[Debug]-[DjiProtocol_v1Unpack:215) <0xc283>V1-Recv: 0x0300->0x0A06 0x036C [0m
[37m[13.845][linker]-[Debug]-[DjiCommand_RecvWork:1066)  <0xc280>Receive msg from linker, 0x0306->0x0A06 0x03C1 len:126 [0m
[37m[13.846][linker]-[Debug]-[DjiCommand_RecvWork:1066)  <0xc283>Receive msg from linker, 0x0300->0x0A06 0x036C len:71 [0m
[37m[13.846][linker]-[Debug]-[DjiCommand_DealCmd:919) received unsupport request cmd that noneed ack, <0xc283> cmdset: 0x03 cmdid: 0x6C [0m
[37m[13.859][linker]-[Debug]-[DjiProtocol_v1Unpack:215) <0xc2ad>V1-Recv: 0x0300->0x0A06 0x4900 [0m
[37m[13.860][linker]-[Debug]-[DjiCommand_RecvWork:1066)  <0xc2ad>Receive msg from linker, 0x0300->0x0A06 0x4900 len:14 [0m
[37m[13.860][linker]-[Debug]-[DjiProtocol_v1Pack:123) <0xc2ad>V1-Send: 0x0A06->0x0300 0x4900 [0m
[37m[13.867][utils]-[Debug]-[DjiCore_RootTask:131) work execution time: [0m
[37m[13.867][utils]-[Debug]-[DjiCore_RootTask:132) name	                execution time (ms)	  max execution time (ms) [0m
[37m[13.867][utils]-[Debug]-[DjiCore_RootTask:134) recorderWork                    	0       	1        [0m
[37m[13.867][utils]-[Debug]-[DjiCore_RootTask:134) flowControllerTask              	0       	0        [0m
[37m[13.867][utils]-[Debug]-[DjiCore_RootTask:134) commandTask                     	1       	1        [0m
[37m[13.867][utils]-[Debug]-[DjiCore_RootTask:134) aircraftWorkNode                	0       	0        [0m
[37m[13.867][utils]-[Debug]-[DjiCore_RootTask:134) StatePushWork                   	1       	1        [0m
[37m[13.877][linker]-[Debug]-[DjiProtocol_v1Unpack:215) <0xc2c9>V1-Recv: 0x0306->0x0A06 0x03C1 [0m
[37m[13.877][linker]-[Debug]-[DjiCommand_RecvWork:1066)  <0xc2c9>Receive msg from linker, 0x0306->0x0A06 0x03C1 len:13 [0m
[32m[13.879][user]-[Info]-[UserFcSubscription_Task:453) Current speed: 0.000000.
 [0m
[32m[13.879][user]-[Info]-[UserFcSubscription_Task:639) Displaymode status: 6. [0m
[37m[13.898][linker]-[Debug]-[DjiProtocol_v1Unpack:215) <0x595>V1-Recv: 0x0701->0x0A06 0x0000 [0m
[37m[13.898][linker]-[Debug]-[DjiProtocol_v1Unpack:215) <0xc2f1>V1-Recv: 0x0300->0x0A06 0x221B [0m
[37m[13.899][linker]-[Debug]-[DjiCommand_RecvWork:1066)  <0x595>Receive msg from linker, 0x0701->0x0A06 0x0000 len:16 [0m
[37m[13.899][linker]-[Debug]-[DjiProtocol_v1Pack:123) <0x595>V1-Send: 0x0A06->0x0701 0x0000 [0m
[37m[13.900][linker]-[Debug]-[DjiCommand_RecvWork:1066)  <0xc2f1>Receive msg from linker, 0x0300->0x0A06 0x221B len:9 [0m
[37m[13.900][linker]-[Debug]-[DjiCommand_DealCmd:919) received unsupport request cmd that noneed ack, <0xc2f1> cmdset: 0x22 cmdid: 0x1B [0m
[37m[13.940][linker]-[Debug]-[DjiProtocol_v1Unpack:215) <0xc337>V1-Recv: 0x0300->0x0A06 0x036C [0m
[37m[13.941][linker]-[Debug]-[DjiCommand_RecvWork:1066)  <0xc337>Receive msg from linker, 0x0300->0x0A06 0x036C len:71 [0m
[37m[13.941][linker]-[Debug]-[DjiCommand_DealCmd:919) received unsupport request cmd that noneed ack, <0xc337> cmdset: 0x03 cmdid: 0x6C [0m
[37m[13.958][linker]-[Debug]-[DjiProtocol_v1Unpack:215) <0xc365>V1-Recv: 0x0300->0x0A06 0x4900 [0m
[37m[13.959][linker]-[Debug]-[DjiCommand_RecvWork:1066)  <0xc365>Receive msg from linker, 0x0300->0x0A06 0x4900 len:14 [0m
[37m[13.959][linker]-[Debug]-[DjiProtocol_v1Pack:123) <0xc365>V1-Send: 0x0A06->0x0300 0x4900 [0m
[37m[13.961][linker]-[Debug]-[DjiProtocol_v1Pack:123) <0xdda2>V1-Send: 0x0A06->0x0200 0x3C10 [0m
[37m[13.961][linker]-[Debug]-[DjiProtocol_v1Pack:123) <0xdda3>V1-Send: 0x0A06->0x0A01 0x3C10 [0m
[37m[13.961][linker]-[Debug]-[DjiProtocol_v1Pack:123) <0xdda4>V1-Send: 0x0A06->0x0300 0x3C10 [0m
[37m[13.976][linker]-[Debug]-[DjiProtocol_v1Unpack:215) <0xc384>V1-Recv: 0x0306->0x0A06 0x03C1 [0m
[37m[13.977][linker]-[Debug]-[DjiCommand_RecvWork:1066)  <0xc384>Receive msg from linker, 0x0306->0x0A06 0x03C1 len:13 [0m
[37m[13.982][linker]-[Debug]-[DjiProtocol_v1Unpack:215) <0x376c>V1-Recv: 0x0A01->0x0A06 0x3C45 [0m
[37m[13.983][linker]-[Debug]-[DjiCommand_RecvWork:1066)  <0x376c>Receive msg from linker, 0x0A01->0x0A06 0x3C45 len:0 [0m
[37m[13.983][upgrade]-[Debug]-[DjiUpgrade_GetUpgradeServiceInfo:239) Get upgrade service info [0m
[37m[13.983][linker]-[Debug]-[DjiProtocol_v1Pack:123) <0x376c>V1-Send: 0x0A06->0x0A01 0x3C45 [0m
[37m[13.998][linker]-[Debug]-[DjiProtocol_v1Unpack:215) <0xc3ae>V1-Recv: 0x0300->0x0A06 0x221B [0m
[37m[13.999][linker]-[Debug]-[DjiCommand_RecvWork:1066)  <0xc3ae>Receive msg from linker, 0x0300->0x0A06 0x221B len:9 [0m
[37m[13.999][linker]-[Debug]-[DjiCommand_DealCmd:919) received unsupport request cmd that noneed ack, <0xc3ae> cmdset: 0x22 cmdid: 0x1B [0m
[37m[14.040][linker]-[Debug]-[DjiProtocol_v1Unpack:215) <0xc3eb>V1-Recv: 0x0300->0x0A06 0x036C [0m
[37m[14.041][linker]-[Debug]-[DjiCommand_RecvWork:1066)  <0xc3eb>Receive msg from linker, 0x0300->0x0A06 0x036C len:71 [0m
[37m[14.041][linker]-[Debug]-[DjiCommand_DealCmd:919) received unsupport request cmd that noneed ack, <0xc3eb> cmdset: 0x03 cmdid: 0x6C [0m
[37m[14.058][linker]-[Debug]-[DjiProtocol_v1Unpack:215) <0xc413>V1-Recv: 0x0300->0x0A06 0x4900 [0m
[37m[14.059][linker]-[Debug]-[DjiCommand_RecvWork:1066)  <0xc413>Receive msg from linker, 0x0300->0x0A06 0x4900 len:14 [0m
[37m[14.059][linker]-[Debug]-[DjiProtocol_v1Pack:123) <0xc413>V1-Send: 0x0A06->0x0300 0x4900 [0m
[37m[14.076][linker]-[Debug]-[DjiProtocol_v1Unpack:215) <0xc42e>V1-Recv: 0x0306->0x0A06 0x03C1 [0m
[37m[14.077][linker]-[Debug]-[DjiCommand_RecvWork:1066)  <0xc42e>Receive msg from linker, 0x0306->0x0A06 0x03C1 len:13 [0m
[37m[14.098][linker]-[Debug]-[DjiProtocol_v1Unpack:215) <0xc455>V1-Recv: 0x0300->0x0A06 0x221B [0m
[37m[14.099][linker]-[Debug]-[DjiCommand_RecvWork:1066)  <0xc455>Receive msg from linker, 0x0300->0x0A06 0x221B len:9 [0m
[37m[14.099][linker]-[Debug]-[DjiCommand_DealCmd:919) received unsupport request cmd that noneed ack, <0xc455> cmdset: 0x22 cmdid: 0x1B [0m
[37m[14.140][linker]-[Debug]-[DjiProtocol_v1Unpack:215) <0xc49a>V1-Recv: 0x0300->0x0A06 0x036C [0m
[37m[14.141][linker]-[Debug]-[DjiCommand_RecvWork:1066)  <0xc49a>Receive msg from linker, 0x0300->0x0A06 0x036C len:71 [0m
[37m[14.141][linker]-[Debug]-[DjiCommand_DealCmd:919) received unsupport request cmd that noneed ack, <0xc49a> cmdset: 0x03 cmdid: 0x6C [0m
[37m[14.160][linker]-[Debug]-[DjiProtocol_v1Unpack:215) <0xc4c2>V1-Recv: 0x0300->0x0100 0x0405 [0m
[37m[14.160][linker]-[Debug]-[DjiProtocol_v1Unpack:215) <0xc4c3>V1-Recv: 0x0300->0x0A06 0x4900 [0m
[37m[14.160][linker]-[Debug]-[DjiCommand_RecvWork:1066)  <0xc4c2>Receive msg from linker, 0x0300->0x0100 0x0405 len:22 [0m
[37m[14.160][linker]-[Debug]-[DjiCommand_DealCmd:919) received unsupport request cmd that noneed ack, <0xc4c2> cmdset: 0x04 cmdid: 0x05 [0m
[37m[14.162][linker]-[Debug]-[DjiCommand_RecvWork:1066)  <0xc4c3>Receive msg from linker, 0x0300->0x0A06 0x4900 len:14 [0m
[37m[14.162][linker]-[Debug]-[DjiProtocol_v1Pack:123) <0xc4c3>V1-Send: 0x0A06->0x0300 0x4900 [0m
[37m[14.174][linker]-[Debug]-[DjiProtocol_v1Pack:123) <0xdda5>V1-Send: 0x0A06->0x0200 0x3C10 [0m
[37m[14.174][linker]-[Debug]-[DjiProtocol_v1Pack:123) <0xdda6>V1-Send: 0x0A06->0x0A01 0x3C10 [0m
[37m[14.174][linker]-[Debug]-[DjiProtocol_v1Pack:123) <0xdda7>V1-Send: 0x0A06->0x0300 0x3C10 [0m
[37m[14.177][linker]-[Debug]-[DjiProtocol_v1Unpack:215) <0xc4e0>V1-Recv: 0x0306->0x0A06 0x03C1 [0m
[37m[14.178][linker]-[Debug]-[DjiCommand_RecvWork:1066)  <0xc4e0>Receive msg from linker, 0x0306->0x0A06 0x03C1 len:13 [0m
[37m[14.198][linker]-[Debug]-[DjiProtocol_v1Unpack:215) <0xc50c>V1-Recv: 0x0300->0x0A06 0x221B [0m
[37m[14.199][linker]-[Debug]-[DjiCommand_RecvWork:1066)  <0xc50c>Receive msg from linker, 0x0300->0x0A06 0x221B len:9 [0m
[37m[14.199][linker]-[Debug]-[DjiCommand_DealCmd:919) received unsupport request cmd that noneed ack, <0xc50c> cmdset: 0x22 cmdid: 0x1B [0m
[37m[14.199][linker]-[Debug]-[DjiProtocol_v1Unpack:215) <0x376d>V1-Recv: 0x0A01->0x0A06 0x3C45 [0m
[37m[14.200][linker]-[Debug]-[DjiCommand_RecvWork:1066)  <0x376d>Receive msg from linker, 0x0A01->0x0A06 0x3C45 len:0 [0m
[37m[14.200][upgrade]-[Debug]-[DjiUpgrade_GetUpgradeServiceInfo:239) Get upgrade service info [0m
[37m[14.200][linker]-[Debug]-[DjiProtocol_v1Pack:123) <0x376d>V1-Send: 0x0A06->0x0A01 0x3C45 [0m
[37m[14.240][linker]-[Debug]-[DjiProtocol_v1Unpack:215) <0xc551>V1-Recv: 0x0300->0x0A06 0x036C [0m
[37m[14.241][linker]-[Debug]-[DjiCommand_RecvWork:1066)  <0xc551>Receive msg from linker, 0x0300->0x0A06 0x036C len:71 [0m
[37m[14.241][linker]-[Debug]-[DjiCommand_DealCmd:919) received unsupport request cmd that noneed ack, <0xc551> cmdset: 0x03 cmdid: 0x6C [0m
[37m[14.259][linker]-[Debug]-[DjiProtocol_v1Unpack:215) <0xc57f>V1-Recv: 0x0300->0x0A06 0x4900 [0m
[37m[14.259][linker]-[Debug]-[DjiCommand_RecvWork:1066)  <0xc57f>Receive msg from linker, 0x0300->0x0A06 0x4900 len:14 [0m
[37m[14.259][linker]-[Debug]-[DjiProtocol_v1Pack:123) <0xc57f>V1-Send: 0x0A06->0x0300 0x4900 [0m
[37m[14.277][linker]-[Debug]-[DjiProtocol_v1Unpack:215) <0xc59e>V1-Recv: 0x0306->0x0A06 0x03C1 [0m
[37m[14.277][linker]-[Debug]-[DjiCommand_RecvWork:1066)  <0xc59e>Receive msg from linker, 0x0306->0x0A06 0x03C1 len:13 [0m
[37m[14.298][linker]-[Debug]-[DjiProtocol_v1Unpack:215) <0xc5cc>V1-Recv: 0x0300->0x0A06 0x221B [0m
[37m[14.298][linker]-[Debug]-[DjiCommand_RecvWork:1066)  <0xc5cc>Receive msg from linker, 0x0300->0x0A06 0x221B len:9 [0m
[37m[14.298][linker]-[Debug]-[DjiCommand_DealCmd:919) received unsupport request cmd that noneed ack, <0xc5cc> cmdset: 0x22 cmdid: 0x1B [0m
[37m[14.341][linker]-[Debug]-[DjiProtocol_v1Unpack:215) <0xc615>V1-Recv: 0x0300->0x0A06 0x036C [0m
[37m[14.341][linker]-[Debug]-[DjiCommand_RecvWork:1066)  <0xc615>Receive msg from linker, 0x0300->0x0A06 0x036C len:71 [0m
[37m[14.341][linker]-[Debug]-[DjiCommand_DealCmd:919) received unsupport request cmd that noneed ack, <0xc615> cmdset: 0x03 cmdid: 0x6C [0m
[37m[14.359][linker]-[Debug]-[DjiProtocol_v1Unpack:215) <0xc640>V1-Recv: 0x0300->0x0A06 0x4900 [0m
[37m[14.359][linker]-[Debug]-[DjiCommand_RecvWork:1066)  <0xc640>Receive msg from linker, 0x0300->0x0A06 0x4900 len:14 [0m
[37m[14.359][linker]-[Debug]-[DjiProtocol_v1Pack:123) <0xc640>V1-Send: 0x0A06->0x0300 0x4900 [0m
[37m[14.377][linker]-[Debug]-[DjiProtocol_v1Unpack:215) <0xc65e>V1-Recv: 0x0306->0x0A06 0x03C1 [0m
[37m[14.378][linker]-[Debug]-[DjiCommand_RecvWork:1066)  <0xc65e>Receive msg from linker, 0x0306->0x0A06 0x03C1 len:13 [0m
[37m[14.388][linker]-[Debug]-[DjiProtocol_v1Pack:123) <0xdda8>V1-Send: 0x0A06->0x0200 0x3C10 [0m
[37m[14.388][linker]-[Debug]-[DjiProtocol_v1Pack:123) <0xdda9>V1-Send: 0x0A06->0x0A01 0x3C10 [0m
[37m[14.388][linker]-[Debug]-[DjiProtocol_v1Pack:123) <0xddaa>V1-Send: 0x0A06->0x0300 0x3C10 [0m
[37m[14.397][linker]-[Debug]-[DjiProtocol_v1Unpack:215) <0xc688>V1-Recv: 0x0300->0x0A06 0x221B [0m
[37m[14.398][linker]-[Debug]-[DjiCommand_RecvWork:1066)  <0xc688>Receive msg from linker, 0x0300->0x0A06 0x221B len:9 [0m
[37m[14.398][linker]-[Debug]-[DjiCommand_DealCmd:919) received unsupport request cmd that noneed ack, <0xc688> cmdset: 0x22 cmdid: 0x1B [0m
[37m[14.400][linker]-[Debug]-[DjiProtocol_v1Unpack:215) <0x3770>V1-Recv: 0x0A01->0x0A06 0x3C45 [0m
[37m[14.400][linker]-[Debug]-[DjiCommand_RecvWork:1066)  <0x3770>Receive msg from linker, 0x0A01->0x0A06 0x3C45 len:0 [0m
[37m[14.400][upgrade]-[Debug]-[DjiUpgrade_GetUpgradeServiceInfo:239) Get upgrade service info [0m
[37m[14.400][linker]-[Debug]-[DjiProtocol_v1Pack:123) <0x3770>V1-Send: 0x0A06->0x0A01 0x3C45 [0m
[37m[14.440][linker]-[Debug]-[DjiProtocol_v1Unpack:215) <0xc6c8>V1-Recv: 0x0300->0x0A06 0x036C [0m
[37m[14.441][linker]-[Debug]-[DjiCommand_RecvWork:1066)  <0xc6c8>Receive msg from linker, 0x0300->0x0A06 0x036C len:71 [0m
[37m[14.441][linker]-[Debug]-[DjiCommand_DealCmd:919) received unsupport request cmd that noneed ack, <0xc6c8> cmdset: 0x03 cmdid: 0x6C [0m
[37m[14.452][linker]-[Debug]-[DjiProtocol_v1Unpack:215) <0x1743>V1-Recv: 0x1D07->0x0A06 0x2105 [0m
[37m[14.453][linker]-[Debug]-[DjiCommand_RecvWork:1066)  <0x1743>Receive msg from linker, 0x1D07->0x0A06 0x2105 len:1 [0m
[37m[14.453][linker]-[Debug]-[DjiCommand_DealCmd:919) received unsupport request cmd that need ack, <0x1743> cmdset: 0x21 cmdid: 0x05 [0m
[37m[14.458][linker]-[Debug]-[DjiProtocol_v1Unpack:215) <0xc6f3>V1-Recv: 0x0300->0x0A06 0x4900 [0m
[37m[14.459][linker]-[Debug]-[DjiCommand_RecvWork:1066)  <0xc6f3>Receive msg from linker, 0x0300->0x0A06 0x4900 len:14 [0m
[37m[14.459][linker]-[Debug]-[DjiProtocol_v1Pack:123) <0xc6f3>V1-Send: 0x0A06->0x0300 0x4900 [0m
[37m[14.477][linker]-[Debug]-[DjiProtocol_v1Unpack:215) <0xc710>V1-Recv: 0x0306->0x0A06 0x03C1 [0m
[37m[14.478][linker]-[Debug]-[DjiCommand_RecvWork:1066)  <0xc710>Receive msg from linker, 0x0306->0x0A06 0x03C1 len:13 [0m
[37m[14.498][linker]-[Debug]-[DjiProtocol_v1Unpack:215) <0xc73c>V1-Recv: 0x0300->0x0A06 0x221B [0m
[37m[14.498][linker]-[Debug]-[DjiCommand_RecvWork:1066)  <0xc73c>Receive msg from linker, 0x0300->0x0A06 0x221B len:9 [0m
[37m[14.498][linker]-[Debug]-[DjiCommand_DealCmd:919) received unsupport request cmd that noneed ack, <0xc73c> cmdset: 0x22 cmdid: 0x1B [0m
[37m[14.540][linker]-[Debug]-[DjiProtocol_v1Unpack:215) <0xc781>V1-Recv: 0x0300->0x0A06 0x036C [0m
[37m[14.541][linker]-[Debug]-[DjiCommand_RecvWork:1066)  <0xc781>Receive msg from linker, 0x0300->0x0A06 0x036C len:71 [0m
[37m[14.541][linker]-[Debug]-[DjiCommand_DealCmd:919) received unsupport request cmd that noneed ack, <0xc781> cmdset: 0x03 cmdid: 0x6C [0m
[37m[14.558][linker]-[Debug]-[DjiProtocol_v1Unpack:215) <0xc7ad>V1-Recv: 0x0300->0x0A06 0x4900 [0m
[37m[14.558][linker]-[Debug]-[DjiCommand_RecvWork:1066)  <0xc7ad>Receive msg from linker, 0x0300->0x0A06 0x4900 len:14 [0m
[37m[14.558][linker]-[Debug]-[DjiProtocol_v1Pack:123) <0xc7ad>V1-Send: 0x0A06->0x0300 0x4900 [0m
[37m[14.576][linker]-[Debug]-[DjiProtocol_v1Unpack:215) <0xc7cc>V1-Recv: 0x0306->0x0A06 0x03C1 [0m
[37m[14.577][linker]-[Debug]-[DjiCommand_RecvWork:1066)  <0xc7cc>Receive msg from linker, 0x0306->0x0A06 0x03C1 len:13 [0m
[37m[14.598][linker]-[Debug]-[DjiProtocol_v1Unpack:215) <0xc7fa>V1-Recv: 0x0300->0x0A06 0x221B [0m
[37m[14.598][linker]-[Debug]-[DjiCommand_RecvWork:1066)  <0xc7fa>Receive msg from linker, 0x0300->0x0A06 0x221B len:9 [0m
[37m[14.598][linker]-[Debug]-[DjiCommand_DealCmd:919) received unsupport request cmd that noneed ack, <0xc7fa> cmdset: 0x22 cmdid: 0x1B [0m
[37m[14.601][linker]-[Debug]-[DjiProtocol_v1Pack:123) <0xddab>V1-Send: 0x0A06->0x0200 0x3C10 [0m
[37m[14.601][linker]-[Debug]-[DjiProtocol_v1Pack:123) <0xddac>V1-Send: 0x0A06->0x0A01 0x3C10 [0m
[37m[14.601][linker]-[Debug]-[DjiProtocol_v1Pack:123) <0xddad>V1-Send: 0x0A06->0x0300 0x3C10 [0m
[37m[14.619][linker]-[Debug]-[DjiProtocol_v1Unpack:215) <0x3771>V1-Recv: 0x0A01->0x0A06 0x3C45 [0m
[37m[14.619][linker]-[Debug]-[DjiCommand_RecvWork:1066)  <0x3771>Receive msg from linker, 0x0A01->0x0A06 0x3C45 len:0 [0m
[37m[14.619][upgrade]-[Debug]-[DjiUpgrade_GetUpgradeServiceInfo:239) Get upgrade service info [0m
[37m[14.619][linker]-[Debug]-[DjiProtocol_v1Pack:123) <0x3771>V1-Send: 0x0A06->0x0A01 0x3C45 [0m
[37m[14.640][linker]-[Debug]-[DjiProtocol_v1Unpack:215) <0xc839>V1-Recv: 0x0300->0x0A06 0x036C [0m
[37m[14.640][linker]-[Debug]-[DjiCommand_RecvWork:1066)  <0xc839>Receive msg from linker, 0x0300->0x0A06 0x036C len:71 [0m
[37m[14.640][linker]-[Debug]-[DjiCommand_DealCmd:919) received unsupport request cmd that noneed ack, <0xc839> cmdset: 0x03 cmdid: 0x6C [0m
[37m[14.661][linker]-[Debug]-[DjiProtocol_v1Unpack:215) <0xc861>V1-Recv: 0x0300->0x0A06 0x0F74 [0m
[37m[14.661][linker]-[Debug]-[DjiProtocol_v1Unpack:215) <0xc864>V1-Recv: 0x0300->0x0100 0x0406 [0m
[37m[14.662][linker]-[Debug]-[DjiProtocol_v1Unpack:215) <0xc865>V1-Recv: 0x0300->0x0100 0x0407 [0m
[37m[14.662][linker]-[Debug]-[DjiProtocol_v1Unpack:215) <0xc866>V1-Recv: 0x0300->0x0A06 0x4900 [0m
[37m[14.662][linker]-[Debug]-[DjiCommand_RecvWork:1066)  <0xc861>Receive msg from linker, 0x0300->0x0A06 0x0F74 len:28 [0m
[37m[14.662][linker]-[Debug]-[DjiCommand_DealCmd:919) received unsupport request cmd that noneed ack, <0xc861> cmdset: 0x0F cmdid: 0x74 [0m
[37m[14.663][linker]-[Debug]-[DjiCommand_RecvWork:1066)  <0xc864>Receive msg from linker, 0x0300->0x0100 0x0406 len:12 [0m
[37m[14.663][linker]-[Debug]-[DjiCommand_DealCmd:919) received unsupport request cmd that noneed ack, <0xc864> cmdset: 0x04 cmdid: 0x06 [0m
[37m[14.664][linker]-[Debug]-[DjiCommand_RecvWork:1066)  <0xc865>Receive msg from linker, 0x0300->0x0100 0x0407 len:1 [0m
[37m[14.664][linker]-[Debug]-[DjiCommand_DealCmd:919) received unsupport request cmd that noneed ack, <0xc865> cmdset: 0x04 cmdid: 0x07 [0m
[37m[14.665][linker]-[Debug]-[DjiCommand_RecvWork:1066)  <0xc866>Receive msg from linker, 0x0300->0x0A06 0x4900 len:14 [0m
[37m[14.665][linker]-[Debug]-[DjiProtocol_v1Pack:123) <0xc866>V1-Send: 0x0A06->0x0300 0x4900 [0m
[37m[14.676][linker]-[Debug]-[DjiProtocol_v1Unpack:215) <0xc883>V1-Recv: 0x0306->0x0A06 0x03C1 [0m
[37m[14.677][linker]-[Debug]-[DjiCommand_RecvWork:1066)  <0xc883>Receive msg from linker, 0x0306->0x0A06 0x03C1 len:13 [0m
[37m[14.698][linker]-[Debug]-[DjiProtocol_v1Unpack:215) <0xc8ad>V1-Recv: 0x0300->0x0A06 0x221B [0m
[37m[14.698][linker]-[Debug]-[DjiCommand_RecvWork:1066)  <0xc8ad>Receive msg from linker, 0x0300->0x0A06 0x221B len:9 [0m
[37m[14.698][linker]-[Debug]-[DjiCommand_DealCmd:919) received unsupport request cmd that noneed ack, <0xc8ad> cmdset: 0x22 cmdid: 0x1B [0m
[37m[14.740][linker]-[Debug]-[DjiProtocol_v1Unpack:215) <0xc8f9>V1-Recv: 0x0300->0x0A06 0x036C [0m
[37m[14.740][linker]-[Debug]-[DjiCommand_RecvWork:1066)  <0xc8f9>Receive msg from linker, 0x0300->0x0A06 0x036C len:71 [0m
[37m[14.740][linker]-[Debug]-[DjiCommand_DealCmd:919) received unsupport request cmd that noneed ack, <0xc8f9> cmdset: 0x03 cmdid: 0x6C [0m
[37m[14.758][linker]-[Debug]-[DjiProtocol_v1Unpack:215) <0xc92d>V1-Recv: 0x0300->0x0A06 0x4900 [0m
[37m[14.759][linker]-[Debug]-[DjiCommand_RecvWork:1066)  <0xc92d>Receive msg from linker, 0x0300->0x0A06 0x4900 len:14 [0m
[37m[14.759][linker]-[Debug]-[DjiProtocol_v1Pack:123) <0xc92d>V1-Send: 0x0A06->0x0300 0x4900 [0m
[37m[14.777][linker]-[Debug]-[DjiProtocol_v1Unpack:215) <0xc94f>V1-Recv: 0x0306->0x0A06 0x03C1 [0m
[37m[14.778][linker]-[Debug]-[DjiCommand_RecvWork:1066)  <0xc94f>Receive msg from linker, 0x0306->0x0A06 0x03C1 len:13 [0m
[37m[14.798][linker]-[Debug]-[DjiProtocol_v1Unpack:215) <0xc97e>V1-Recv: 0x0300->0x0A06 0x221B [0m
[37m[14.798][linker]-[Debug]-[DjiCommand_RecvWork:1066)  <0xc97e>Receive msg from linker, 0x0300->0x0A06 0x221B len:9 [0m
[37m[14.798][linker]-[Debug]-[DjiCommand_DealCmd:919) received unsupport request cmd that noneed ack, <0xc97e> cmdset: 0x22 cmdid: 0x1B [0m
[37m[14.813][linker]-[Debug]-[DjiProtocol_v1Pack:123) <0xddae>V1-Send: 0x0A06->0x0300 0x0000 [0m
[37m[14.813][infor]-[Debug]-[DjiAircraftConnection_CheckExtensionPortConnectStatusByV1Protocol:170) check connect status:1 [0m
[37m[14.814][linker]-[Debug]-[DjiProtocol_v1Pack:123) <0xddaf>V1-Send: 0x0A06->0x0200 0x3C10 [0m
[37m[14.814][linker]-[Debug]-[DjiProtocol_v1Pack:123) <0xddb0>V1-Send: 0x0A06->0x0A01 0x3C10 [0m
[37m[14.814][linker]-[Debug]-[DjiProtocol_v1Pack:123) <0xddb1>V1-Send: 0x0A06->0x0300 0x3C10 [0m
[37m[14.817][linker]-[Debug]-[DjiProtocol_v1Unpack:215) <0xddae>V1-Recv: 0x0300->0x0A06 0x0000 [0m
[37m[14.817][linker]-[Debug]-[DjiCommand_RecvWork:1066)  <0xddae>Receive msg from linker, 0x0300->0x0A06 0x0000 len:0 [0m
[37m[14.817][infor]-[Debug]-[DjiAircraftInfo_CheckPingStatusAsyncCallback:269) connect status async sucess [0m
[37m[14.817][linker]-[Debug]-[DjiCommand_DealCmd:830) callback function (cmdset: 0x00 cmdid: 0x00) deal time: 0 ms [0m
[37m[14.846][linker]-[Debug]-[DjiProtocol_v1Unpack:215) <0xc9bb>V1-Recv: 0x0306->0x0A06 0x03C1 [0m
[37m[14.846][linker]-[Debug]-[DjiProtocol_v1Unpack:215) <0xc9bd>V1-Recv: 0x0300->0x0A06 0x036C [0m
[37m[14.846][linker]-[Debug]-[DjiProtocol_v1Unpack:215) <0x3772>V1-Recv: 0x0A01->0x0A06 0x3C45 [0m
[37m[14.847][linker]-[Debug]-[DjiCommand_RecvWork:1066)  <0xc9bb>Receive msg from linker, 0x0306->0x0A06 0x03C1 len:126 [0m
[37m[14.848][linker]-[Debug]-[DjiCommand_RecvWork:1066)  <0xc9bd>Receive msg from linker, 0x0300->0x0A06 0x036C len:71 [0m
[37m[14.848][linker]-[Debug]-[DjiCommand_DealCmd:919) received unsupport request cmd that noneed ack, <0xc9bd> cmdset: 0x03 cmdid: 0x6C [0m
[37m[14.849][linker]-[Debug]-[DjiCommand_RecvWork:1066)  <0x3772>Receive msg from linker, 0x0A01->0x0A06 0x3C45 len:0 [0m
[37m[14.849][upgrade]-[Debug]-[DjiUpgrade_GetUpgradeServiceInfo:239) Get upgrade service info [0m
[37m[14.849][linker]-[Debug]-[DjiProtocol_v1Pack:123) <0x3772>V1-Send: 0x0A06->0x0A01 0x3C45 [0m
[37m[14.858][linker]-[Debug]-[DjiProtocol_v1Unpack:215) <0xc9e6>V1-Recv: 0x0300->0x0A06 0x4900 [0m
[37m[14.859][linker]-[Debug]-[DjiCommand_RecvWork:1066)  <0xc9e6>Receive msg from linker, 0x0300->0x0A06 0x4900 len:14 [0m
[37m[14.859][linker]-[Debug]-[DjiProtocol_v1Pack:123) <0xc9e6>V1-Send: 0x0A06->0x0300 0x4900 [0m
[37m[14.876][linker]-[Debug]-[DjiProtocol_v1Unpack:215) <0xca04>V1-Recv: 0x0306->0x0A06 0x03C1 [0m
[37m[14.877][linker]-[Debug]-[DjiCommand_RecvWork:1066)  <0xca04>Receive msg from linker, 0x0306->0x0A06 0x03C1 len:13 [0m
[32m[14.879][user]-[Info]-[UserFcSubscription_Task:453) Current speed: 0.000000.
 [0m
[32m[14.879][user]-[Info]-[UserFcSubscription_Task:639) Displaymode status: 6. [0m
[37m[14.898][linker]-[Debug]-[DjiProtocol_v1Unpack:215) <0x596>V1-Recv: 0x0701->0x0A06 0x0000 [0m
[37m[14.898][linker]-[Debug]-[DjiProtocol_v1Unpack:215) <0xca2e>V1-Recv: 0x0300->0x0A06 0x221B [0m
[37m[14.899][linker]-[Debug]-[DjiCommand_RecvWork:1066)  <0x596>Receive msg from linker, 0x0701->0x0A06 0x0000 len:16 [0m
[37m[14.899][linker]-[Debug]-[DjiProtocol_v1Pack:123) <0x596>V1-Send: 0x0A06->0x0701 0x0000 [0m
[37m[14.900][linker]-[Debug]-[DjiCommand_RecvWork:1066)  <0xca2e>Receive msg from linker, 0x0300->0x0A06 0x221B len:9 [0m
[37m[14.900][linker]-[Debug]-[DjiCommand_DealCmd:919) received unsupport request cmd that noneed ack, <0xca2e> cmdset: 0x22 cmdid: 0x1B [0m
[37m[14.933][utils]-[Debug]-[DjiCore_RootTask:131) work execution time: [0m
[37m[14.933][utils]-[Debug]-[DjiCore_RootTask:132) name	                execution time (ms)	  max execution time (ms) [0m
[37m[14.933][utils]-[Debug]-[DjiCore_RootTask:134) recorderWork                    	1       	1        [0m
[37m[14.933][utils]-[Debug]-[DjiCore_RootTask:134) flowControllerTask              	0       	0        [0m
[37m[14.933][utils]-[Debug]-[DjiCore_RootTask:134) commandTask                     	1       	1        [0m
[37m[14.933][utils]-[Debug]-[DjiCore_RootTask:134) aircraftWorkNode                	0       	0        [0m
[37m[14.933][utils]-[Debug]-[DjiCore_RootTask:134) StatePushWork                   	0       	1        [0m
[37m[14.941][linker]-[Debug]-[DjiProtocol_v1Unpack:215) <0xca74>V1-Recv: 0x0300->0x0A06 0x036C [0m
[37m[14.942][linker]-[Debug]-[DjiCommand_RecvWork:1066)  <0xca74>Receive msg from linker, 0x0300->0x0A06 0x036C len:71 [0m
[37m[14.942][linker]-[Debug]-[DjiCommand_DealCmd:919) received unsupport request cmd that noneed ack, <0xca74> cmdset: 0x03 cmdid: 0x6C [0m
[37m[14.959][linker]-[Debug]-[DjiProtocol_v1Unpack:215) <0xcaa2>V1-Recv: 0x0300->0x0A06 0x4900 [0m
[37m[14.960][linker]-[Debug]-[DjiCommand_RecvWork:1066)  <0xcaa2>Receive msg from linker, 0x0300->0x0A06 0x4900 len:14 [0m
[37m[14.960][linker]-[Debug]-[DjiProtocol_v1Pack:123) <0xcaa2>V1-Send: 0x0A06->0x0300 0x4900 [0m
[37m[14.977][linker]-[Debug]-[DjiProtocol_v1Unpack:215) <0xcabf>V1-Recv: 0x0306->0x0A06 0x03C1 [0m
[37m[14.978][linker]-[Debug]-[DjiCommand_RecvWork:1066)  <0xcabf>Receive msg from linker, 0x0306->0x0A06 0x03C1 len:13 [0m
[37m[14.997][linker]-[Debug]-[DjiProtocol_v1Unpack:215) <0xcae9>V1-Recv: 0x0300->0x0A06 0x221B [0m
[37m[14.998][linker]-[Debug]-[DjiCommand_RecvWork:1066)  <0xcae9>Receive msg from linker, 0x0300->0x0A06 0x221B len:9 [0m
[37m[14.998][linker]-[Debug]-[DjiCommand_DealCmd:919) received unsupport request cmd that noneed ack, <0xcae9> cmdset: 0x22 cmdid: 0x1B [0m
[37m[15.028][linker]-[Debug]-[DjiProtocol_v1Pack:123) <0xddb2>V1-Send: 0x0A06->0x0200 0x3C10 [0m
[37m[15.028][linker]-[Debug]-[DjiProtocol_v1Pack:123) <0xddb3>V1-Send: 0x0A06->0x0A01 0x3C10 [0m
[37m[15.028][linker]-[Debug]-[DjiProtocol_v1Pack:123) <0xddb4>V1-Send: 0x0A06->0x0300 0x3C10 [0m
[37m[15.040][linker]-[Debug]-[DjiProtocol_v1Unpack:215) <0xcb29>V1-Recv: 0x0300->0x0A06 0x036C [0m
[37m[15.041][linker]-[Debug]-[DjiCommand_RecvWork:1066)  <0xcb29>Receive msg from linker, 0x0300->0x0A06 0x036C len:71 [0m
[37m[15.041][linker]-[Debug]-[DjiCommand_DealCmd:919) received unsupport request cmd that noneed ack, <0xcb29> cmdset: 0x03 cmdid: 0x6C [0m
[37m[15.059][linker]-[Debug]-[DjiProtocol_v1Unpack:215) <0xcb52>V1-Recv: 0x0300->0x0A06 0x4900 [0m
[37m[15.059][linker]-[Debug]-[DjiProtocol_v1Unpack:215) <0x3773>V1-Recv: 0x0A01->0x0A06 0x3C45 [0m
[37m[15.060][linker]-[Debug]-[DjiCommand_RecvWork:1066)  <0xcb52>Receive msg from linker, 0x0300->0x0A06 0x4900 len:14 [0m
[37m[15.060][linker]-[Debug]-[DjiProtocol_v1Pack:123) <0xcb52>V1-Send: 0x0A06->0x0300 0x4900 [0m
[37m[15.061][linker]-[Debug]-[DjiCommand_RecvWork:1066)  <0x3773>Receive msg from linker, 0x0A01->0x0A06 0x3C45 len:0 [0m
[37m[15.061][upgrade]-[Debug]-[DjiUpgrade_GetUpgradeServiceInfo:239) Get upgrade service info [0m
[37m[15.061][linker]-[Debug]-[DjiProtocol_v1Pack:123) <0x3773>V1-Send: 0x0A06->0x0A01 0x3C45 [0m
[37m[15.076][linker]-[Debug]-[DjiProtocol_v1Unpack:215) <0xcb6d>V1-Recv: 0x0306->0x0A06 0x03C1 [0m
[37m[15.077][linker]-[Debug]-[DjiCommand_RecvWork:1066)  <0xcb6d>Receive msg from linker, 0x0306->0x0A06 0x03C1 len:13 [0m
[37m[15.098][linker]-[Debug]-[DjiProtocol_v1Unpack:215) <0xcb96>V1-Recv: 0x0300->0x0A06 0x221B [0m
[37m[15.099][linker]-[Debug]-[DjiCommand_RecvWork:1066)  <0xcb96>Receive msg from linker, 0x0300->0x0A06 0x221B len:9 [0m
[37m[15.099][linker]-[Debug]-[DjiCommand_DealCmd:919) received unsupport request cmd that noneed ack, <0xcb96> cmdset: 0x22 cmdid: 0x1B [0m
[37m[15.140][linker]-[Debug]-[DjiProtocol_v1Unpack:215) <0xcbdd>V1-Recv: 0x0300->0x0A06 0x036C [0m
[37m[15.141][linker]-[Debug]-[DjiCommand_RecvWork:1066)  <0xcbdd>Receive msg from linker, 0x0300->0x0A06 0x036C len:71 [0m
[37m[15.141][linker]-[Debug]-[DjiCommand_DealCmd:919) received unsupport request cmd that noneed ack, <0xcbdd> cmdset: 0x03 cmdid: 0x6C [0m
[37m[15.159][linker]-[Debug]-[DjiProtocol_v1Unpack:215) <0xcc08>V1-Recv: 0x0300->0x0100 0x0405 [0m
[37m[15.159][linker]-[Debug]-[DjiProtocol_v1Unpack:215) <0xcc09>V1-Recv: 0x0300->0x0A06 0x4900 [0m
[37m[15.160][linker]-[Debug]-[DjiCommand_RecvWork:1066)  <0xcc08>Receive msg from linker, 0x0300->0x0100 0x0405 len:22 [0m
[37m[15.160][linker]-[Debug]-[DjiCommand_DealCmd:919) received unsupport request cmd that noneed ack, <0xcc08> cmdset: 0x04 cmdid: 0x05 [0m
[37m[15.161][linker]-[Debug]-[DjiCommand_RecvWork:1066)  <0xcc09>Receive msg from linker, 0x0300->0x0A06 0x4900 len:14 [0m
[37m[15.161][linker]-[Debug]-[DjiProtocol_v1Pack:123) <0xcc09>V1-Send: 0x0A06->0x0300 0x4900 [0m
[37m[15.177][linker]-[Debug]-[DjiProtocol_v1Unpack:215) <0xcc28>V1-Recv: 0x0306->0x0A06 0x03C1 [0m
[37m[15.178][linker]-[Debug]-[DjiCommand_RecvWork:1066)  <0xcc28>Receive msg from linker, 0x0306->0x0A06 0x03C1 len:13 [0m
[37m[15.198][linker]-[Debug]-[DjiProtocol_v1Unpack:215) <0xcc57>V1-Recv: 0x0300->0x0A06 0x221B [0m
[37m[15.199][linker]-[Debug]-[DjiCommand_RecvWork:1066)  <0xcc57>Receive msg from linker, 0x0300->0x0A06 0x221B len:9 [0m
[37m[15.199][linker]-[Debug]-[DjiCommand_DealCmd:919) received unsupport request cmd that noneed ack, <0xcc57> cmdset: 0x22 cmdid: 0x1B [0m
[37m[15.240][linker]-[Debug]-[DjiProtocol_v1Unpack:215) <0xcc99>V1-Recv: 0x0300->0x0A06 0x036C [0m
[37m[15.241][linker]-[Debug]-[DjiCommand_RecvWork:1066)  <0xcc99>Receive msg from linker, 0x0300->0x0A06 0x036C len:71 [0m
[37m[15.241][linker]-[Debug]-[DjiCommand_DealCmd:919) received unsupport request cmd that noneed ack, <0xcc99> cmdset: 0x03 cmdid: 0x6C [0m
[37m[15.241][linker]-[Debug]-[DjiProtocol_v1Pack:123) <0xddb5>V1-Send: 0x0A06->0x0200 0x3C10 [0m
[37m[15.241][linker]-[Debug]-[DjiProtocol_v1Pack:123) <0xddb6>V1-Send: 0x0A06->0x0A01 0x3C10 [0m
[37m[15.241][linker]-[Debug]-[DjiProtocol_v1Pack:123) <0xddb7>V1-Send: 0x0A06->0x0300 0x3C10 [0m
[37m[15.260][linker]-[Debug]-[DjiProtocol_v1Unpack:215) <0xccc7>V1-Recv: 0x0300->0x0A06 0x4900 [0m
[37m[15.260][linker]-[Debug]-[DjiProtocol_v1Unpack:215) <0x3775>V1-Recv: 0x0A01->0x0A06 0x3C45 [0m
[37m[15.260][linker]-[Debug]-[DjiCommand_RecvWork:1066)  <0xccc7>Receive msg from linker, 0x0300->0x0A06 0x4900 len:14 [0m
[37m[15.260][linker]-[Debug]-[DjiProtocol_v1Pack:123) <0xccc7>V1-Send: 0x0A06->0x0300 0x4900 [0m
[37m[15.261][linker]-[Debug]-[DjiCommand_RecvWork:1066)  <0x3775>Receive msg from linker, 0x0A01->0x0A06 0x3C45 len:0 [0m
[37m[15.261][upgrade]-[Debug]-[DjiUpgrade_GetUpgradeServiceInfo:239) Get upgrade service info [0m
[37m[15.261][linker]-[Debug]-[DjiProtocol_v1Pack:123) <0x3775>V1-Send: 0x0A06->0x0A01 0x3C45 [0m
[37m[15.277][linker]-[Debug]-[DjiProtocol_v1Unpack:215) <0xcce9>V1-Recv: 0x0306->0x0A06 0x03C1 [0m
[37m[15.278][linker]-[Debug]-[DjiCommand_RecvWork:1066)  <0xcce9>Receive msg from linker, 0x0306->0x0A06 0x03C1 len:13 [0m
[37m[15.298][linker]-[Debug]-[DjiProtocol_v1Unpack:215) <0xcd17>V1-Recv: 0x0300->0x0A06 0x221B [0m
[37m[15.299][linker]-[Debug]-[DjiCommand_RecvWork:1066)  <0xcd17>Receive msg from linker, 0x0300->0x0A06 0x221B len:9 [0m
[37m[15.299][linker]-[Debug]-[DjiCommand_DealCmd:919) received unsupport request cmd that noneed ack, <0xcd17> cmdset: 0x22 cmdid: 0x1B [0m
[37m[15.316][linker]-[Debug]-[DjiProtocol_v1Unpack:215) <0xad2a>V1-Recv: 0x0202->0x0A06 0x0026 [0m
[37m[15.316][linker]-[Debug]-[DjiCommand_RecvWork:1066)  <0xad2a>Receive msg from linker, 0x0202->0x0A06 0x0026 len:37 [0m
[37m[15.316][linker]-[Debug]-[DjiCommand_DealCmd:919) received unsupport request cmd that need ack, <0xad2a> cmdset: 0x00 cmdid: 0x26 [0m
[37m[15.340][linker]-[Debug]-[DjiProtocol_v1Unpack:215) <0xcd60>V1-Recv: 0x0300->0x0A06 0x036C [0m
[37m[15.341][linker]-[Debug]-[DjiCommand_RecvWork:1066)  <0xcd60>Receive msg from linker, 0x0300->0x0A06 0x036C len:71 [0m
[37m[15.341][linker]-[Debug]-[DjiCommand_DealCmd:919) received unsupport request cmd that noneed ack, <0xcd60> cmdset: 0x03 cmdid: 0x6C [0m
[37m[15.359][linker]-[Debug]-[DjiProtocol_v1Unpack:215) <0xcd88>V1-Recv: 0x0300->0x0A06 0x4900 [0m
[37m[15.359][linker]-[Debug]-[DjiCommand_RecvWork:1066)  <0xcd88>Receive msg from linker, 0x0300->0x0A06 0x4900 len:14 [0m
[37m[15.359][linker]-[Debug]-[DjiProtocol_v1Pack:123) <0xcd88>V1-Send: 0x0A06->0x0300 0x4900 [0m
[37m[15.377][linker]-[Debug]-[DjiProtocol_v1Unpack:215) <0xcda5>V1-Recv: 0x0306->0x0A06 0x03C1 [0m
[37m[15.377][linker]-[Debug]-[DjiCommand_RecvWork:1066)  <0xcda5>Receive msg from linker, 0x0306->0x0A06 0x03C1 len:13 [0m
[37m[15.398][linker]-[Debug]-[DjiProtocol_v1Unpack:215) <0xcdd3>V1-Recv: 0x0300->0x0A06 0x221B [0m
[37m[15.398][linker]-[Debug]-[DjiCommand_RecvWork:1066)  <0xcdd3>Receive msg from linker, 0x0300->0x0A06 0x221B len:9 [0m
[37m[15.398][linker]-[Debug]-[DjiCommand_DealCmd:919) received unsupport request cmd that noneed ack, <0xcdd3> cmdset: 0x22 cmdid: 0x1B [0m
[37m[15.440][linker]-[Debug]-[DjiProtocol_v1Unpack:215) <0xce17>V1-Recv: 0x0300->0x0A06 0x036C [0m
[37m[15.441][linker]-[Debug]-[DjiCommand_RecvWork:1066)  <0xce17>Receive msg from linker, 0x0300->0x0A06 0x036C len:71 [0m
[37m[15.441][linker]-[Debug]-[DjiCommand_DealCmd:919) received unsupport request cmd that noneed ack, <0xce17> cmdset: 0x03 cmdid: 0x6C [0m
[37m[15.451][linker]-[Debug]-[DjiProtocol_v1Unpack:215) <0x1744>V1-Recv: 0x1D07->0x0A06 0x2105 [0m
[37m[15.452][linker]-[Debug]-[DjiCommand_RecvWork:1066)  <0x1744>Receive msg from linker, 0x1D07->0x0A06 0x2105 len:1 [0m
[37m[15.452][linker]-[Debug]-[DjiCommand_DealCmd:919) received unsupport request cmd that need ack, <0x1744> cmdset: 0x21 cmdid: 0x05 [0m
[37m[15.455][linker]-[Debug]-[DjiProtocol_v1Pack:123) <0xddb8>V1-Send: 0x0A06->0x0200 0x3C10 [0m
[37m[15.455][linker]-[Debug]-[DjiProtocol_v1Pack:123) <0xddb9>V1-Send: 0x0A06->0x0A01 0x3C10 [0m
[37m[15.455][linker]-[Debug]-[DjiProtocol_v1Pack:123) <0xddba>V1-Send: 0x0A06->0x0300 0x3C10 [0m
[37m[15.459][linker]-[Debug]-[DjiProtocol_v1Unpack:215) <0xce3d>V1-Recv: 0x0300->0x0A06 0x4900 [0m
[37m[15.459][linker]-[Debug]-[DjiCommand_RecvWork:1066)  <0xce3d>Receive msg from linker, 0x0300->0x0A06 0x4900 len:14 [0m
[37m[15.459][linker]-[Debug]-[DjiProtocol_v1Pack:123) <0xce3d>V1-Send: 0x0A06->0x0300 0x4900 [0m
[37m[15.477][linker]-[Debug]-[DjiProtocol_v1Unpack:215) <0xce58>V1-Recv: 0x0306->0x0A06 0x03C1 [0m
[37m[15.477][linker]-[Debug]-[DjiCommand_RecvWork:1066)  <0xce58>Receive msg from linker, 0x0306->0x0A06 0x03C1 len:13 [0m
[37m[15.479][linker]-[Debug]-[DjiProtocol_v1Unpack:215) <0x3778>V1-Recv: 0x0A01->0x0A06 0x3C45 [0m
[37m[15.479][linker]-[Debug]-[DjiCommand_RecvWork:1066)  <0x3778>Receive msg from linker, 0x0A01->0x0A06 0x3C45 len:0 [0m
[37m[15.479][upgrade]-[Debug]-[DjiUpgrade_GetUpgradeServiceInfo:239) Get upgrade service info [0m
[37m[15.479][linker]-[Debug]-[DjiProtocol_v1Pack:123) <0x3778>V1-Send: 0x0A06->0x0A01 0x3C45 [0m
[37m[15.498][linker]-[Debug]-[DjiProtocol_v1Unpack:215) <0xce82>V1-Recv: 0x0300->0x0A06 0x221B [0m
[37m[15.499][linker]-[Debug]-[DjiCommand_RecvWork:1066)  <0xce82>Receive msg from linker, 0x0300->0x0A06 0x221B len:9 [0m
[37m[15.499][linker]-[Debug]-[DjiCommand_DealCmd:919) received unsupport request cmd that noneed ack, <0xce82> cmdset: 0x22 cmdid: 0x1B [0m
[37m[15.541][linker]-[Debug]-[DjiProtocol_v1Unpack:215) <0xcec5>V1-Recv: 0x0300->0x0A06 0x036C [0m
[37m[15.541][linker]-[Debug]-[DjiCommand_RecvWork:1066)  <0xcec5>Receive msg from linker, 0x0300->0x0A06 0x036C len:71 [0m
[37m[15.541][linker]-[Debug]-[DjiCommand_DealCmd:919) received unsupport request cmd that noneed ack, <0xcec5> cmdset: 0x03 cmdid: 0x6C [0m
[37m[15.559][linker]-[Debug]-[DjiProtocol_v1Unpack:215) <0xceed>V1-Recv: 0x0300->0x0A06 0x4900 [0m
[37m[15.559][linker]-[Debug]-[DjiCommand_RecvWork:1066)  <0xceed>Receive msg from linker, 0x0300->0x0A06 0x4900 len:14 [0m
[37m[15.559][linker]-[Debug]-[DjiProtocol_v1Pack:123) <0xceed>V1-Send: 0x0A06->0x0300 0x4900 [0m
[37m[15.577][linker]-[Debug]-[DjiProtocol_v1Unpack:215) <0xcf0f>V1-Recv: 0x0306->0x0A06 0x03C1 [0m
[37m[15.577][linker]-[Debug]-[DjiCommand_RecvWork:1066)  <0xcf0f>Receive msg from linker, 0x0306->0x0A06 0x03C1 len:13 [0m
[37m[15.598][linker]-[Debug]-[DjiProtocol_v1Unpack:215) <0xcf3c>V1-Recv: 0x0300->0x0A06 0x221B [0m
[37m[15.599][linker]-[Debug]-[DjiCommand_RecvWork:1066)  <0xcf3c>Receive msg from linker, 0x0300->0x0A06 0x221B len:9 [0m
[37m[15.599][linker]-[Debug]-[DjiCommand_DealCmd:919) received unsupport request cmd that noneed ack, <0xcf3c> cmdset: 0x22 cmdid: 0x1B [0m
[37m[15.640][linker]-[Debug]-[DjiProtocol_v1Unpack:215) <0xcf7d>V1-Recv: 0x0300->0x0A06 0x036C [0m
[37m[15.641][linker]-[Debug]-[DjiCommand_RecvWork:1066)  <0xcf7d>Receive msg from linker, 0x0300->0x0A06 0x036C len:71 [0m
[37m[15.641][linker]-[Debug]-[DjiCommand_DealCmd:919) received unsupport request cmd that noneed ack, <0xcf7d> cmdset: 0x03 cmdid: 0x6C [0m
[37m[15.662][linker]-[Debug]-[DjiProtocol_v1Unpack:215) <0xcfa5>V1-Recv: 0x0300->0x0A06 0x0F74 [0m
[37m[15.662][linker]-[Debug]-[DjiProtocol_v1Unpack:215) <0xcfa8>V1-Recv: 0x0300->0x0100 0x0406 [0m
[37m[15.662][linker]-[Debug]-[DjiProtocol_v1Unpack:215) <0xcfa9>V1-Recv: 0x0300->0x0100 0x0407 [0m
[37m[15.662][linker]-[Debug]-[DjiProtocol_v1Unpack:215) <0xcfaa>V1-Recv: 0x0300->0x0A06 0x4900 [0m
[37m[15.663][linker]-[Debug]-[DjiCommand_RecvWork:1066)  <0xcfa5>Receive msg from linker, 0x0300->0x0A06 0x0F74 len:28 [0m
[37m[15.663][linker]-[Debug]-[DjiCommand_DealCmd:919) received unsupport request cmd that noneed ack, <0xcfa5> cmdset: 0x0F cmdid: 0x74 [0m
[37m[15.664][linker]-[Debug]-[DjiCommand_RecvWork:1066)  <0xcfa8>Receive msg from linker, 0x0300->0x0100 0x0406 len:12 [0m
[37m[15.664][linker]-[Debug]-[DjiCommand_DealCmd:919) received unsupport request cmd that noneed ack, <0xcfa8> cmdset: 0x04 cmdid: 0x06 [0m
[37m[15.665][linker]-[Debug]-[DjiCommand_RecvWork:1066)  <0xcfa9>Receive msg from linker, 0x0300->0x0100 0x0407 len:1 [0m
[37m[15.665][linker]-[Debug]-[DjiCommand_DealCmd:919) received unsupport request cmd that noneed ack, <0xcfa9> cmdset: 0x04 cmdid: 0x07 [0m
[37m[15.666][linker]-[Debug]-[DjiCommand_RecvWork:1066)  <0xcfaa>Receive msg from linker, 0x0300->0x0A06 0x4900 len:14 [0m
[37m[15.666][linker]-[Debug]-[DjiProtocol_v1Pack:123) <0xcfaa>V1-Send: 0x0A06->0x0300 0x4900 [0m
[37m[15.668][linker]-[Debug]-[DjiProtocol_v1Pack:123) <0xddbb>V1-Send: 0x0A06->0x0200 0x3C10 [0m
[37m[15.668][linker]-[Debug]-[DjiProtocol_v1Pack:123) <0xddbc>V1-Send: 0x0A06->0x0A01 0x3C10 [0m
[37m[15.668][linker]-[Debug]-[DjiProtocol_v1Pack:123) <0xddbd>V1-Send: 0x0A06->0x0300 0x3C10 [0m
[37m[15.677][linker]-[Debug]-[DjiProtocol_v1Unpack:215) <0xcfc5>V1-Recv: 0x0306->0x0A06 0x03C1 [0m
[37m[15.677][linker]-[Debug]-[DjiCommand_RecvWork:1066)  <0xcfc5>Receive msg from linker, 0x0306->0x0A06 0x03C1 len:13 [0m
[37m[15.698][linker]-[Debug]-[DjiProtocol_v1Unpack:215) <0xcfee>V1-Recv: 0x0300->0x0A06 0x221B [0m
[37m[15.698][linker]-[Debug]-[DjiCommand_RecvWork:1066)  <0xcfee>Receive msg from linker, 0x0300->0x0A06 0x221B len:9 [0m
[37m[15.698][linker]-[Debug]-[DjiCommand_DealCmd:919) received unsupport request cmd that noneed ack, <0xcfee> cmdset: 0x22 cmdid: 0x1B [0m
[37m[15.701][linker]-[Debug]-[DjiProtocol_v1Unpack:215) <0x3779>V1-Recv: 0x0A01->0x0A06 0x3C45 [0m
[37m[15.701][linker]-[Debug]-[DjiCommand_RecvWork:1066)  <0x3779>Receive msg from linker, 0x0A01->0x0A06 0x3C45 len:0 [0m
[37m[15.701][upgrade]-[Debug]-[DjiUpgrade_GetUpgradeServiceInfo:239) Get upgrade service info [0m
[37m[15.701][linker]-[Debug]-[DjiProtocol_v1Pack:123) <0x3779>V1-Send: 0x0A06->0x0A01 0x3C45 [0m
[37m[15.741][linker]-[Debug]-[DjiProtocol_v1Unpack:215) <0xd03b>V1-Recv: 0x0300->0x0A06 0x036C [0m
[37m[15.741][linker]-[Debug]-[DjiCommand_RecvWork:1066)  <0xd03b>Receive msg from linker, 0x0300->0x0A06 0x036C len:71 [0m
[37m[15.741][linker]-[Debug]-[DjiCommand_DealCmd:919) received unsupport request cmd that noneed ack, <0xd03b> cmdset: 0x03 cmdid: 0x6C [0m
[37m[15.759][linker]-[Debug]-[DjiProtocol_v1Unpack:215) <0xd06e>V1-Recv: 0x0300->0x0A06 0x4900 [0m
[37m[15.759][linker]-[Debug]-[DjiCommand_RecvWork:1066)  <0xd06e>Receive msg from linker, 0x0300->0x0A06 0x4900 len:14 [0m
[37m[15.759][linker]-[Debug]-[DjiProtocol_v1Pack:123) <0xd06e>V1-Send: 0x0A06->0x0300 0x4900 [0m
[37m[15.777][linker]-[Debug]-[DjiProtocol_v1Unpack:215) <0xd08d>V1-Recv: 0x0306->0x0A06 0x03C1 [0m
[37m[15.777][linker]-[Debug]-[DjiCommand_RecvWork:1066)  <0xd08d>Receive msg from linker, 0x0306->0x0A06 0x03C1 len:13 [0m
[37m[15.798][linker]-[Debug]-[DjiProtocol_v1Unpack:215) <0xd0ba>V1-Recv: 0x0300->0x0A06 0x221B [0m
[37m[15.799][linker]-[Debug]-[DjiCommand_RecvWork:1066)  <0xd0ba>Receive msg from linker, 0x0300->0x0A06 0x221B len:9 [0m
[37m[15.799][linker]-[Debug]-[DjiCommand_DealCmd:919) received unsupport request cmd that noneed ack, <0xd0ba> cmdset: 0x22 cmdid: 0x1B [0m
[37m[15.846][linker]-[Debug]-[DjiProtocol_v1Unpack:215) <0xd0f6>V1-Recv: 0x0306->0x0A06 0x03C1 [0m
[37m[15.846][linker]-[Debug]-[DjiProtocol_v1Unpack:215) <0xd0f8>V1-Recv: 0x0300->0x0A06 0x036C [0m
[37m[15.847][linker]-[Debug]-[DjiCommand_RecvWork:1066)  <0xd0f6>Receive msg from linker, 0x0306->0x0A06 0x03C1 len:126 [0m
[37m[15.848][linker]-[Debug]-[DjiCommand_RecvWork:1066)  <0xd0f8>Receive msg from linker, 0x0300->0x0A06 0x036C len:71 [0m
[37m[15.848][linker]-[Debug]-[DjiCommand_DealCmd:919) received unsupport request cmd that noneed ack, <0xd0f8> cmdset: 0x03 cmdid: 0x6C [0m
[37m[15.859][linker]-[Debug]-[DjiProtocol_v1Unpack:215) <0xd123>V1-Recv: 0x0300->0x0A06 0x4900 [0m
[37m[15.859][linker]-[Debug]-[DjiCommand_RecvWork:1066)  <0xd123>Receive msg from linker, 0x0300->0x0A06 0x4900 len:14 [0m
[37m[15.859][linker]-[Debug]-[DjiProtocol_v1Pack:123) <0xd123>V1-Send: 0x0A06->0x0300 0x4900 [0m
[37m[15.877][linker]-[Debug]-[DjiProtocol_v1Unpack:215) <0xd13e>V1-Recv: 0x0306->0x0A06 0x03C1 [0m
[37m[15.877][linker]-[Debug]-[DjiCommand_RecvWork:1066)  <0xd13e>Receive msg from linker, 0x0306->0x0A06 0x03C1 len:13 [0m
[32m[15.879][user]-[Info]-[UserFcSubscription_Task:453) Current speed: 0.000000.
 [0m
[32m[15.879][user]-[Info]-[UserFcSubscription_Task:639) Displaymode status: 6. [0m
[37m[15.881][linker]-[Debug]-[DjiProtocol_v1Pack:123) <0xddbe>V1-Send: 0x0A06->0x0300 0x0000 [0m
[37m[15.881][infor]-[Debug]-[DjiAircraftConnection_CheckExtensionPortConnectStatusByV1Protocol:170) check connect status:1 [0m
[37m[15.882][linker]-[Debug]-[DjiProtocol_v1Pack:123) <0xddbf>V1-Send: 0x0A06->0x0200 0x3C10 [0m
[37m[15.882][linker]-[Debug]-[DjiProtocol_v1Pack:123) <0xddc0>V1-Send: 0x0A06->0x0A01 0x3C10 [0m
[37m[15.882][linker]-[Debug]-[DjiProtocol_v1Pack:123) <0xddc1>V1-Send: 0x0A06->0x0300 0x3C10 [0m
[37m[15.899][linker]-[Debug]-[DjiProtocol_v1Unpack:215) <0x597>V1-Recv: 0x0701->0x0A06 0x0000 [0m
[37m[15.899][linker]-[Debug]-[DjiProtocol_v1Unpack:215) <0xddbe>V1-Recv: 0x0300->0x0A06 0x0000 [0m
[37m[15.899][linker]-[Debug]-[DjiProtocol_v1Unpack:215) <0xd168>V1-Recv: 0x0300->0x0A06 0x221B [0m
[37m[15.899][linker]-[Debug]-[DjiProtocol_v1Unpack:215) <0x377a>V1-Recv: 0x0A01->0x0A06 0x3C45 [0m
[37m[15.900][linker]-[Debug]-[DjiCommand_RecvWork:1066)  <0x597>Receive msg from linker, 0x0701->0x0A06 0x0000 len:16 [0m
[37m[15.900][linker]-[Debug]-[DjiProtocol_v1Pack:123) <0x597>V1-Send: 0x0A06->0x0701 0x0000 [0m
[37m[15.901][linker]-[Debug]-[DjiCommand_RecvWork:1066)  <0xddbe>Receive msg from linker, 0x0300->0x0A06 0x0000 len:0 [0m
[37m[15.901][infor]-[Debug]-[DjiAircraftInfo_CheckPingStatusAsyncCallback:269) connect status async sucess [0m
[37m[15.901][linker]-[Debug]-[DjiCommand_DealCmd:830) callback function (cmdset: 0x00 cmdid: 0x00) deal time: 0 ms [0m
[37m[15.902][linker]-[Debug]-[DjiCommand_RecvWork:1066)  <0xd168>Receive msg from linker, 0x0300->0x0A06 0x221B len:9 [0m
[37m[15.902][linker]-[Debug]-[DjiCommand_DealCmd:919) received unsupport request cmd that noneed ack, <0xd168> cmdset: 0x22 cmdid: 0x1B [0m
[37m[15.903][linker]-[Debug]-[DjiCommand_RecvWork:1066)  <0x377a>Receive msg from linker, 0x0A01->0x0A06 0x3C45 len:0 [0m
[37m[15.903][upgrade]-[Debug]-[DjiUpgrade_GetUpgradeServiceInfo:239) Get upgrade service info [0m
[37m[15.903][linker]-[Debug]-[DjiProtocol_v1Pack:123) <0x377a>V1-Send: 0x0A06->0x0A01 0x3C45 [0m
[37m[15.940][linker]-[Debug]-[DjiProtocol_v1Unpack:215) <0xd1ac>V1-Recv: 0x0300->0x0A06 0x036C [0m
[37m[15.940][linker]-[Debug]-[DjiCommand_RecvWork:1066)  <0xd1ac>Receive msg from linker, 0x0300->0x0A06 0x036C len:71 [0m
[37m[15.940][linker]-[Debug]-[DjiCommand_DealCmd:919) received unsupport request cmd that noneed ack, <0xd1ac> cmdset: 0x03 cmdid: 0x6C [0m
[37m[15.958][linker]-[Debug]-[DjiProtocol_v1Unpack:215) <0xd1db>V1-Recv: 0x0300->0x0A06 0x4900 [0m
[37m[15.959][linker]-[Debug]-[DjiCommand_RecvWork:1066)  <0xd1db>Receive msg from linker, 0x0300->0x0A06 0x4900 len:14 [0m
[37m[15.959][linker]-[Debug]-[DjiProtocol_v1Pack:123) <0xd1db>V1-Send: 0x0A06->0x0300 0x4900 [0m
[37m[15.977][linker]-[Debug]-[DjiProtocol_v1Unpack:215) <0xd1f8>V1-Recv: 0x0306->0x0A06 0x03C1 [0m
[37m[15.978][linker]-[Debug]-[DjiCommand_RecvWork:1066)  <0xd1f8>Receive msg from linker, 0x0306->0x0A06 0x03C1 len:13 [0m
[37m[15.998][linker]-[Debug]-[DjiProtocol_v1Unpack:215) <0xd225>V1-Recv: 0x0300->0x0A06 0x221B [0m
[37m[15.998][linker]-[Debug]-[DjiCommand_RecvWork:1066)  <0xd225>Receive msg from linker, 0x0300->0x0A06 0x221B len:9 [0m
[37m[15.998][linker]-[Debug]-[DjiCommand_DealCmd:919) received unsupport request cmd that noneed ack, <0xd225> cmdset: 0x22 cmdid: 0x1B [0m
[37m[16.000][utils]-[Debug]-[DjiCore_RootTask:131) work execution time: [0m
[37m[16.000][utils]-[Debug]-[DjiCore_RootTask:132) name	                execution time (ms)	  max execution time (ms) [0m
[37m[16.000][utils]-[Debug]-[DjiCore_RootTask:134) recorderWork                    	1       	1        [0m
[37m[16.000][utils]-[Debug]-[DjiCore_RootTask:134) flowControllerTask              	0       	0        [0m
[37m[16.000][utils]-[Debug]-[DjiCore_RootTask:134) commandTask                     	1       	1        [0m
[37m[16.000][utils]-[Debug]-[DjiCore_RootTask:134) aircraftWorkNode                	0       	0        [0m
[37m[16.000][utils]-[Debug]-[DjiCore_RootTask:134) StatePushWork                   	1       	1        [0m
[37m[16.040][linker]-[Debug]-[DjiProtocol_v1Unpack:215) <0xd266>V1-Recv: 0x0300->0x0A06 0x036C [0m
[37m[16.041][linker]-[Debug]-[DjiCommand_RecvWork:1066)  <0xd266>Receive msg from linker, 0x0300->0x0A06 0x036C len:71 [0m
[37m[16.041][linker]-[Debug]-[DjiCommand_DealCmd:919) received unsupport request cmd that noneed ack, <0xd266> cmdset: 0x03 cmdid: 0x6C [0m
[37m[16.058][linker]-[Debug]-[DjiProtocol_v1Unpack:215) <0xd28f>V1-Recv: 0x0300->0x0A06 0x4900 [0m
[37m[16.059][linker]-[Debug]-[DjiCommand_RecvWork:1066)  <0xd28f>Receive msg from linker, 0x0300->0x0A06 0x4900 len:14 [0m
[37m[16.059][linker]-[Debug]-[DjiProtocol_v1Pack:123) <0xd28f>V1-Send: 0x0A06->0x0300 0x4900 [0m
[37m[16.076][linker]-[Debug]-[DjiProtocol_v1Unpack:215) <0xd2aa>V1-Recv: 0x0306->0x0A06 0x03C1 [0m
[37m[16.077][linker]-[Debug]-[DjiCommand_RecvWork:1066)  <0xd2aa>Receive msg from linker, 0x0306->0x0A06 0x03C1 len:13 [0m
[37m[16.095][linker]-[Debug]-[DjiProtocol_v1Pack:123) <0xddc2>V1-Send: 0x0A06->0x0200 0x3C10 [0m
[37m[16.095][linker]-[Debug]-[DjiProtocol_v1Pack:123) <0xddc3>V1-Send: 0x0A06->0x0A01 0x3C10 [0m
[37m[16.095][linker]-[Debug]-[DjiProtocol_v1Pack:123) <0xddc4>V1-Send: 0x0A06->0x0300 0x3C10 [0m
[37m[16.098][linker]-[Debug]-[DjiProtocol_v1Unpack:215) <0xd2d1>V1-Recv: 0x0300->0x0A06 0x221B [0m
[37m[16.099][linker]-[Debug]-[DjiCommand_RecvWork:1066)  <0xd2d1>Receive msg from linker, 0x0300->0x0A06 0x221B len:9 [0m
[37m[16.099][linker]-[Debug]-[DjiCommand_DealCmd:919) received unsupport request cmd that noneed ack, <0xd2d1> cmdset: 0x22 cmdid: 0x1B [0m
[37m[16.119][linker]-[Debug]-[DjiProtocol_v1Unpack:215) <0x377b>V1-Recv: 0x0A01->0x0A06 0x3C45 [0m
[37m[16.120][linker]-[Debug]-[DjiCommand_RecvWork:1066)  <0x377b>Receive msg from linker, 0x0A01->0x0A06 0x3C45 len:0 [0m
[37m[16.120][upgrade]-[Debug]-[DjiUpgrade_GetUpgradeServiceInfo:239) Get upgrade service info [0m
[37m[16.120][linker]-[Debug]-[DjiProtocol_v1Pack:123) <0x377b>V1-Send: 0x0A06->0x0A01 0x3C45 [0m
[37m[16.140][linker]-[Debug]-[DjiProtocol_v1Unpack:215) <0xd318>V1-Recv: 0x0300->0x0A06 0x036C [0m
[37m[16.140][linker]-[Debug]-[DjiCommand_RecvWork:1066)  <0xd318>Receive msg from linker, 0x0300->0x0A06 0x036C len:71 [0m
[37m[16.141][linker]-[Debug]-[DjiCommand_DealCmd:919) received unsupport request cmd that noneed ack, <0xd318> cmdset: 0x03 cmdid: 0x6C [0m
[37m[16.160][linker]-[Debug]-[DjiProtocol_v1Unpack:215) <0xd342>V1-Recv: 0x0300->0x0100 0x0405 [0m
[37m[16.160][linker]-[Debug]-[DjiProtocol_v1Unpack:215) <0xd343>V1-Recv: 0x0300->0x0A06 0x4900 [0m
[37m[16.160][linker]-[Debug]-[DjiCommand_RecvWork:1066)  <0xd342>Receive msg from linker, 0x0300->0x0100 0x0405 len:22 [0m
[37m[16.160][linker]-[Debug]-[DjiCommand_DealCmd:919) received unsupport request cmd that noneed ack, <0xd342> cmdset: 0x04 cmdid: 0x05 [0m
[37m[16.161][linker]-[Debug]-[DjiCommand_RecvWork:1066)  <0xd343>Receive msg from linker, 0x0300->0x0A06 0x4900 len:14 [0m
[37m[16.161][linker]-[Debug]-[DjiProtocol_v1Pack:123) <0xd343>V1-Send: 0x0A06->0x0300 0x4900 [0m
[37m[16.177][linker]-[Debug]-[DjiProtocol_v1Unpack:215) <0xd363>V1-Recv: 0x0306->0x0A06 0x03C1 [0m
[37m[16.177][linker]-[Debug]-[DjiCommand_RecvWork:1066)  <0xd363>Receive msg from linker, 0x0306->0x0A06 0x03C1 len:13 [0m
[37m[16.198][linker]-[Debug]-[DjiProtocol_v1Unpack:215) <0xd38f>V1-Recv: 0x0300->0x0A06 0x221B [0m
[37m[16.198][linker]-[Debug]-[DjiCommand_RecvWork:1066)  <0xd38f>Receive msg from linker, 0x0300->0x0A06 0x221B len:9 [0m
[37m[16.198][linker]-[Debug]-[DjiCommand_DealCmd:919) received unsupport request cmd that noneed ack, <0xd38f> cmdset: 0x22 cmdid: 0x1B [0m
[37m[16.240][linker]-[Debug]-[DjiProtocol_v1Unpack:215) <0xd3d3>V1-Recv: 0x0300->0x0A06 0x036C [0m
[37m[16.241][linker]-[Debug]-[DjiCommand_RecvWork:1066)  <0xd3d3>Receive msg from linker, 0x0300->0x0A06 0x036C len:71 [0m
[37m[16.241][linker]-[Debug]-[DjiCommand_DealCmd:919) received unsupport request cmd that noneed ack, <0xd3d3> cmdset: 0x03 cmdid: 0x6C [0m
[37m[16.258][linker]-[Debug]-[DjiProtocol_v1Unpack:215) <0xd402>V1-Recv: 0x0300->0x0A06 0x4900 [0m
[37m[16.259][linker]-[Debug]-[DjiCommand_RecvWork:1066)  <0xd402>Receive msg from linker, 0x0300->0x0A06 0x4900 len:14 [0m
[37m[16.259][linker]-[Debug]-[DjiProtocol_v1Pack:123) <0xd402>V1-Send: 0x0A06->0x0300 0x4900 [0m
[37m[16.277][linker]-[Debug]-[DjiProtocol_v1Unpack:215) <0xd424>V1-Recv: 0x0306->0x0A06 0x03C1 [0m
[37m[16.277][linker]-[Debug]-[DjiCommand_RecvWork:1066)  <0xd424>Receive msg from linker, 0x0306->0x0A06 0x03C1 len:13 [0m
[37m[16.298][linker]-[Debug]-[DjiProtocol_v1Unpack:215) <0xd453>V1-Recv: 0x0300->0x0A06 0x221B [0m
[37m[16.298][linker]-[Debug]-[DjiCommand_RecvWork:1066)  <0xd453>Receive msg from linker, 0x0300->0x0A06 0x221B len:9 [0m
[37m[16.298][linker]-[Debug]-[DjiCommand_DealCmd:919) received unsupport request cmd that noneed ack, <0xd453> cmdset: 0x22 cmdid: 0x1B [0m
[37m[16.309][linker]-[Debug]-[DjiProtocol_v1Pack:123) <0xddc5>V1-Send: 0x0A06->0x0200 0x3C10 [0m
[37m[16.309][linker]-[Debug]-[DjiProtocol_v1Pack:123) <0xddc6>V1-Send: 0x0A06->0x0A01 0x3C10 [0m
[37m[16.309][linker]-[Debug]-[DjiProtocol_v1Pack:123) <0xddc7>V1-Send: 0x0A06->0x0300 0x3C10 [0m
[37m[16.340][linker]-[Debug]-[DjiProtocol_v1Unpack:215) <0xd496>V1-Recv: 0x0300->0x0A06 0x036C [0m
[37m[16.340][linker]-[Debug]-[DjiProtocol_v1Unpack:215) <0x377e>V1-Recv: 0x0A01->0x0A06 0x3C45 [0m
[37m[16.341][linker]-[Debug]-[DjiCommand_RecvWork:1066)  <0xd496>Receive msg from linker, 0x0300->0x0A06 0x036C len:71 [0m
[37m[16.341][linker]-[Debug]-[DjiCommand_DealCmd:919) received unsupport request cmd that noneed ack, <0xd496> cmdset: 0x03 cmdid: 0x6C [0m
[37m[16.342][linker]-[Debug]-[DjiCommand_RecvWork:1066)  <0x377e>Receive msg from linker, 0x0A01->0x0A06 0x3C45 len:0 [0m
[37m[16.342][upgrade]-[Debug]-[DjiUpgrade_GetUpgradeServiceInfo:239) Get upgrade service info [0m
[37m[16.342][linker]-[Debug]-[DjiProtocol_v1Pack:123) <0x377e>V1-Send: 0x0A06->0x0A01 0x3C45 [0m
[37m[16.359][linker]-[Debug]-[DjiProtocol_v1Unpack:215) <0xd4c1>V1-Recv: 0x0300->0x0A06 0x4900 [0m
[37m[16.359][linker]-[Debug]-[DjiCommand_RecvWork:1066)  <0xd4c1>Receive msg from linker, 0x0300->0x0A06 0x4900 len:14 [0m
[37m[16.359][linker]-[Debug]-[DjiProtocol_v1Pack:123) <0xd4c1>V1-Send: 0x0A06->0x0300 0x4900 [0m
[37m[16.377][linker]-[Debug]-[DjiProtocol_v1Unpack:215) <0xd4de>V1-Recv: 0x0306->0x0A06 0x03C1 [0m
[37m[16.377][linker]-[Debug]-[DjiCommand_RecvWork:1066)  <0xd4de>Receive msg from linker, 0x0306->0x0A06 0x03C1 len:13 [0m
[37m[16.398][linker]-[Debug]-[DjiProtocol_v1Unpack:215) <0xd508>V1-Recv: 0x0300->0x0A06 0x221B [0m
[37m[16.399][linker]-[Debug]-[DjiCommand_RecvWork:1066)  <0xd508>Receive msg from linker, 0x0300->0x0A06 0x221B len:9 [0m
[37m[16.399][linker]-[Debug]-[DjiCommand_DealCmd:919) received unsupport request cmd that noneed ack, <0xd508> cmdset: 0x22 cmdid: 0x1B [0m
[37m[16.440][linker]-[Debug]-[DjiProtocol_v1Unpack:215) <0xd54a>V1-Recv: 0x0300->0x0A06 0x036C [0m
[37m[16.441][linker]-[Debug]-[DjiCommand_RecvWork:1066)  <0xd54a>Receive msg from linker, 0x0300->0x0A06 0x036C len:71 [0m
[37m[16.441][linker]-[Debug]-[DjiCommand_DealCmd:919) received unsupport request cmd that noneed ack, <0xd54a> cmdset: 0x03 cmdid: 0x6C [0m
[37m[16.449][linker]-[Debug]-[DjiProtocol_v1Unpack:215) <0x1745>V1-Recv: 0x1D07->0x0A06 0x2105 [0m
[37m[16.450][linker]-[Debug]-[DjiCommand_RecvWork:1066)  <0x1745>Receive msg from linker, 0x1D07->0x0A06 0x2105 len:1 [0m
[37m[16.450][linker]-[Debug]-[DjiCommand_DealCmd:919) received unsupport request cmd that need ack, <0x1745> cmdset: 0x21 cmdid: 0x05 [0m
[37m[16.458][linker]-[Debug]-[DjiProtocol_v1Unpack:215) <0xd573>V1-Recv: 0x0300->0x0A06 0x4900 [0m
[37m[16.459][linker]-[Debug]-[DjiCommand_RecvWork:1066)  <0xd573>Receive msg from linker, 0x0300->0x0A06 0x4900 len:14 [0m
[37m[16.459][linker]-[Debug]-[DjiProtocol_v1Pack:123) <0xd573>V1-Send: 0x0A06->0x0300 0x4900 [0m
[37m[16.477][linker]-[Debug]-[DjiProtocol_v1Unpack:215) <0xd590>V1-Recv: 0x0306->0x0A06 0x03C1 [0m
[37m[16.477][linker]-[Debug]-[DjiCommand_RecvWork:1066)  <0xd590>Receive msg from linker, 0x0306->0x0A06 0x03C1 len:13 [0m
[37m[16.498][linker]-[Debug]-[DjiProtocol_v1Unpack:215) <0xd5b9>V1-Recv: 0x0300->0x0A06 0x221B [0m
[37m[16.499][linker]-[Debug]-[DjiCommand_RecvWork:1066)  <0xd5b9>Receive msg from linker, 0x0300->0x0A06 0x221B len:9 [0m
[37m[16.499][linker]-[Debug]-[DjiCommand_DealCmd:919) received unsupport request cmd that noneed ack, <0xd5b9> cmdset: 0x22 cmdid: 0x1B [0m
[37m[16.522][linker]-[Debug]-[DjiProtocol_v1Pack:123) <0xddc8>V1-Send: 0x0A06->0x0200 0x3C10 [0m
[37m[16.522][linker]-[Debug]-[DjiProtocol_v1Pack:123) <0xddc9>V1-Send: 0x0A06->0x0A01 0x3C10 [0m
[37m[16.522][linker]-[Debug]-[DjiProtocol_v1Pack:123) <0xddca>V1-Send: 0x0A06->0x0300 0x3C10 [0m
[37m[16.540][linker]-[Debug]-[DjiProtocol_v1Unpack:215) <0xd5fc>V1-Recv: 0x0300->0x0A06 0x036C [0m
[37m[16.541][linker]-[Debug]-[DjiProtocol_v1Unpack:215) <0x377f>V1-Recv: 0x0A01->0x0A06 0x3C45 [0m
[37m[16.541][linker]-[Debug]-[DjiCommand_RecvWork:1066)  <0xd5fc>Receive msg from linker, 0x0300->0x0A06 0x036C len:71 [0m
[37m[16.541][linker]-[Debug]-[DjiCommand_DealCmd:919) received unsupport request cmd that noneed ack, <0xd5fc> cmdset: 0x03 cmdid: 0x6C [0m
[37m[16.543][linker]-[Debug]-[DjiCommand_RecvWork:1066)  <0x377f>Receive msg from linker, 0x0A01->0x0A06 0x3C45 len:0 [0m
[37m[16.543][upgrade]-[Debug]-[DjiUpgrade_GetUpgradeServiceInfo:239) Get upgrade service info [0m
[37m[16.543][linker]-[Debug]-[DjiProtocol_v1Pack:123) <0x377f>V1-Send: 0x0A06->0x0A01 0x3C45 [0m
[37m[16.559][linker]-[Debug]-[DjiProtocol_v1Unpack:215) <0xd627>V1-Recv: 0x0300->0x0A06 0x4900 [0m
[37m[16.560][linker]-[Debug]-[DjiCommand_RecvWork:1066)  <0xd627>Receive msg from linker, 0x0300->0x0A06 0x4900 len:14 [0m
[37m[16.560][linker]-[Debug]-[DjiProtocol_v1Pack:123) <0xd627>V1-Send: 0x0A06->0x0300 0x4900 [0m
[37m[16.577][linker]-[Debug]-[DjiProtocol_v1Unpack:215) <0xd645>V1-Recv: 0x0306->0x0A06 0x03C1 [0m
[37m[16.578][linker]-[Debug]-[DjiCommand_RecvWork:1066)  <0xd645>Receive msg from linker, 0x0306->0x0A06 0x03C1 len:13 [0m
[37m[16.598][linker]-[Debug]-[DjiProtocol_v1Unpack:215) <0xd672>V1-Recv: 0x0300->0x0A06 0x221B [0m
[37m[16.598][linker]-[Debug]-[DjiCommand_RecvWork:1066)  <0xd672>Receive msg from linker, 0x0300->0x0A06 0x221B len:9 [0m
[37m[16.598][linker]-[Debug]-[DjiCommand_DealCmd:919) received unsupport request cmd that noneed ack, <0xd672> cmdset: 0x22 cmdid: 0x1B [0m
[37m[16.641][linker]-[Debug]-[DjiProtocol_v1Unpack:215) <0xd6af>V1-Recv: 0x0300->0x0A06 0x036C [0m
[37m[16.641][linker]-[Debug]-[DjiCommand_RecvWork:1066)  <0xd6af>Receive msg from linker, 0x0300->0x0A06 0x036C len:71 [0m
[37m[16.641][linker]-[Debug]-[DjiCommand_DealCmd:919) received unsupport request cmd that noneed ack, <0xd6af> cmdset: 0x03 cmdid: 0x6C [0m
[37m[16.661][linker]-[Debug]-[DjiProtocol_v1Unpack:215) <0xd6d7>V1-Recv: 0x0300->0x0A06 0x0F74 [0m
[37m[16.661][linker]-[Debug]-[DjiProtocol_v1Unpack:215) <0xd6da>V1-Recv: 0x0300->0x0100 0x0406 [0m
[37m[16.661][linker]-[Debug]-[DjiProtocol_v1Unpack:215) <0xd6db>V1-Recv: 0x0300->0x0100 0x0407 [0m
[37m[16.661][linker]-[Debug]-[DjiProtocol_v1Unpack:215) <0xd6dc>V1-Recv: 0x0300->0x0A06 0x4900 [0m
[37m[16.661][linker]-[Debug]-[DjiCommand_RecvWork:1066)  <0xd6d7>Receive msg from linker, 0x0300->0x0A06 0x0F74 len:28 [0m
[37m[16.661][linker]-[Debug]-[DjiCommand_DealCmd:919) received unsupport request cmd that noneed ack, <0xd6d7> cmdset: 0x0F cmdid: 0x74 [0m
[37m[16.662][linker]-[Debug]-[DjiCommand_RecvWork:1066)  <0xd6da>Receive msg from linker, 0x0300->0x0100 0x0406 len:12 [0m
[37m[16.662][linker]-[Debug]-[DjiCommand_DealCmd:919) received unsupport request cmd that noneed ack, <0xd6da> cmdset: 0x04 cmdid: 0x06 [0m
[37m[16.663][linker]-[Debug]-[DjiCommand_RecvWork:1066)  <0xd6db>Receive msg from linker, 0x0300->0x0100 0x0407 len:1 [0m
[37m[16.663][linker]-[Debug]-[DjiCommand_DealCmd:919) received unsupport request cmd that noneed ack, <0xd6db> cmdset: 0x04 cmdid: 0x07 [0m
[37m[16.664][linker]-[Debug]-[DjiCommand_RecvWork:1066)  <0xd6dc>Receive msg from linker, 0x0300->0x0A06 0x4900 len:14 [0m
[37m[16.664][linker]-[Debug]-[DjiProtocol_v1Pack:123) <0xd6dc>V1-Send: 0x0A06->0x0300 0x4900 [0m
[37m[16.677][linker]-[Debug]-[DjiProtocol_v1Unpack:215) <0xd6f7>V1-Recv: 0x0306->0x0A06 0x03C1 [0m
[37m[16.677][linker]-[Debug]-[DjiCommand_RecvWork:1066)  <0xd6f7>Receive msg from linker, 0x0306->0x0A06 0x03C1 len:13 [0m
[37m[16.697][linker]-[Debug]-[DjiProtocol_v1Unpack:215) <0xd71f>V1-Recv: 0x0300->0x0A06 0x221B [0m
[37m[16.697][linker]-[Debug]-[DjiCommand_RecvWork:1066)  <0xd71f>Receive msg from linker, 0x0300->0x0A06 0x221B len:9 [0m
[37m[16.697][linker]-[Debug]-[DjiCommand_DealCmd:919) received unsupport request cmd that noneed ack, <0xd71f> cmdset: 0x22 cmdid: 0x1B [0m
[37m[16.736][linker]-[Debug]-[DjiProtocol_v1Pack:123) <0xddcb>V1-Send: 0x0A06->0x0200 0x3C10 [0m
[37m[16.736][linker]-[Debug]-[DjiProtocol_v1Pack:123) <0xddcc>V1-Send: 0x0A06->0x0A01 0x3C10 [0m
[37m[16.736][linker]-[Debug]-[DjiProtocol_v1Pack:123) <0xddcd>V1-Send: 0x0A06->0x0300 0x3C10 [0m
[37m[16.740][linker]-[Debug]-[DjiProtocol_v1Unpack:215) <0xd763>V1-Recv: 0x0300->0x0A06 0x036C [0m
[37m[16.740][linker]-[Debug]-[DjiCommand_RecvWork:1066)  <0xd763>Receive msg from linker, 0x0300->0x0A06 0x036C len:71 [0m
[37m[16.740][linker]-[Debug]-[DjiCommand_DealCmd:919) received unsupport request cmd that noneed ack, <0xd763> cmdset: 0x03 cmdid: 0x6C [0m
[37m[16.759][linker]-[Debug]-[DjiProtocol_v1Unpack:215) <0xd795>V1-Recv: 0x0300->0x0A06 0x4900 [0m
[37m[16.759][linker]-[Debug]-[DjiProtocol_v1Unpack:215) <0x3780>V1-Recv: 0x0A01->0x0A06 0x3C45 [0m
[37m[16.759][linker]-[Debug]-[DjiCommand_RecvWork:1066)  <0xd795>Receive msg from linker, 0x0300->0x0A06 0x4900 len:14 [0m
[37m[16.759][linker]-[Debug]-[DjiProtocol_v1Pack:123) <0xd795>V1-Send: 0x0A06->0x0300 0x4900 [0m
[37m[16.760][linker]-[Debug]-[DjiCommand_RecvWork:1066)  <0x3780>Receive msg from linker, 0x0A01->0x0A06 0x3C45 len:0 [0m
[37m[16.760][upgrade]-[Debug]-[DjiUpgrade_GetUpgradeServiceInfo:239) Get upgrade service info [0m
[37m[16.760][linker]-[Debug]-[DjiProtocol_v1Pack:123) <0x3780>V1-Send: 0x0A06->0x0A01 0x3C45 [0m
[37m[16.777][linker]-[Debug]-[DjiProtocol_v1Unpack:215) <0xd7b4>V1-Recv: 0x0306->0x0A06 0x03C1 [0m
[37m[16.778][linker]-[Debug]-[DjiCommand_RecvWork:1066)  <0xd7b4>Receive msg from linker, 0x0306->0x0A06 0x03C1 len:13 [0m
[37m[16.798][linker]-[Debug]-[DjiProtocol_v1Unpack:215) <0xd7e6>V1-Recv: 0x0300->0x0A06 0x221B [0m
[37m[16.798][linker]-[Debug]-[DjiCommand_RecvWork:1066)  <0xd7e6>Receive msg from linker, 0x0300->0x0A06 0x221B len:9 [0m
[37m[16.798][linker]-[Debug]-[DjiCommand_DealCmd:919) received unsupport request cmd that noneed ack, <0xd7e6> cmdset: 0x22 cmdid: 0x1B [0m
[37m[16.845][linker]-[Debug]-[DjiProtocol_v1Unpack:215) <0xd824>V1-Recv: 0x0306->0x0A06 0x03C1 [0m
[37m[16.846][linker]-[Debug]-[DjiProtocol_v1Unpack:215) <0xd826>V1-Recv: 0x0300->0x0A06 0x036C [0m
[37m[16.846][linker]-[Debug]-[DjiCommand_RecvWork:1066)  <0xd824>Receive msg from linker, 0x0306->0x0A06 0x03C1 len:126 [0m
[37m[16.847][linker]-[Debug]-[DjiCommand_RecvWork:1066)  <0xd826>Receive msg from linker, 0x0300->0x0A06 0x036C len:71 [0m
[37m[16.847][linker]-[Debug]-[DjiCommand_DealCmd:919) received unsupport request cmd that noneed ack, <0xd826> cmdset: 0x03 cmdid: 0x6C [0m
[37m[16.858][linker]-[Debug]-[DjiProtocol_v1Unpack:215) <0xd84f>V1-Recv: 0x0300->0x0A06 0x4900 [0m
[37m[16.859][linker]-[Debug]-[DjiCommand_RecvWork:1066)  <0xd84f>Receive msg from linker, 0x0300->0x0A06 0x4900 len:14 [0m
[37m[16.859][linker]-[Debug]-[DjiProtocol_v1Pack:123) <0xd84f>V1-Send: 0x0A06->0x0300 0x4900 [0m
[37m[16.876][linker]-[Debug]-[DjiProtocol_v1Unpack:215) <0xd86a>V1-Recv: 0x0306->0x0A06 0x03C1 [0m
[37m[16.877][linker]-[Debug]-[DjiCommand_RecvWork:1066)  <0xd86a>Receive msg from linker, 0x0306->0x0A06 0x03C1 len:13 [0m
[32m[16.879][user]-[Info]-[UserFcSubscription_Task:453) Current speed: 0.000000.
 [0m
[32m[16.879][user]-[Info]-[UserFcSubscription_Task:639) Displaymode status: 6. [0m
[37m[16.898][linker]-[Debug]-[DjiProtocol_v1Unpack:215) <0x598>V1-Recv: 0x0701->0x0A06 0x0000 [0m
[37m[16.898][linker]-[Debug]-[DjiProtocol_v1Unpack:215) <0xd895>V1-Recv: 0x0300->0x0A06 0x221B [0m
[37m[16.898][linker]-[Debug]-[DjiCommand_RecvWork:1066)  <0x598>Receive msg from linker, 0x0701->0x0A06 0x0000 len:16 [0m
[37m[16.898][linker]-[Debug]-[DjiProtocol_v1Pack:123) <0x598>V1-Send: 0x0A06->0x0701 0x0000 [0m
[37m[16.899][linker]-[Debug]-[DjiCommand_RecvWork:1066)  <0xd895>Receive msg from linker, 0x0300->0x0A06 0x221B len:9 [0m
[37m[16.899][linker]-[Debug]-[DjiCommand_DealCmd:919) received unsupport request cmd that noneed ack, <0xd895> cmdset: 0x22 cmdid: 0x1B [0m
[37m[16.940][linker]-[Debug]-[DjiProtocol_v1Unpack:215) <0xd8dc>V1-Recv: 0x0300->0x0A06 0x036C [0m
[37m[16.941][linker]-[Debug]-[DjiCommand_RecvWork:1066)  <0xd8dc>Receive msg from linker, 0x0300->0x0A06 0x036C len:71 [0m
[37m[16.941][linker]-[Debug]-[DjiCommand_DealCmd:919) received unsupport request cmd that noneed ack, <0xd8dc> cmdset: 0x03 cmdid: 0x6C [0m
[37m[16.948][linker]-[Debug]-[DjiProtocol_v1Pack:123) <0xddce>V1-Send: 0x0A06->0x0300 0x0000 [0m
[37m[16.948][infor]-[Debug]-[DjiAircraftConnection_CheckExtensionPortConnectStatusByV1Protocol:170) check connect status:1 [0m
[37m[16.949][linker]-[Debug]-[DjiProtocol_v1Pack:123) <0xddcf>V1-Send: 0x0A06->0x0200 0x3C10 [0m
[37m[16.949][linker]-[Debug]-[DjiProtocol_v1Pack:123) <0xddd0>V1-Send: 0x0A06->0x0A01 0x3C10 [0m
[37m[16.949][linker]-[Debug]-[DjiProtocol_v1Pack:123) <0xddd1>V1-Send: 0x0A06->0x0300 0x3C10 [0m
[37m[16.957][linker]-[Debug]-[DjiProtocol_v1Unpack:215) <0xddce>V1-Recv: 0x0300->0x0A06 0x0000 [0m
[37m[16.958][linker]-[Debug]-[DjiCommand_RecvWork:1066)  <0xddce>Receive msg from linker, 0x0300->0x0A06 0x0000 len:0 [0m
[37m[16.958][infor]-[Debug]-[DjiAircraftInfo_CheckPingStatusAsyncCallback:269) connect status async sucess [0m
[37m[16.958][linker]-[Debug]-[DjiCommand_DealCmd:830) callback function (cmdset: 0x00 cmdid: 0x00) deal time: 0 ms [0m
[37m[16.958][linker]-[Debug]-[DjiProtocol_v1Unpack:215) <0xd90b>V1-Recv: 0x0300->0x0A06 0x4900 [0m
[37m[16.959][linker]-[Debug]-[DjiCommand_RecvWork:1066)  <0xd90b>Receive msg from linker, 0x0300->0x0A06 0x4900 len:14 [0m
[37m[16.959][linker]-[Debug]-[DjiProtocol_v1Pack:123) <0xd90b>V1-Send: 0x0A06->0x0300 0x4900 [0m
[37m[16.977][linker]-[Debug]-[DjiProtocol_v1Unpack:215) <0xd928>V1-Recv: 0x0306->0x0A06 0x03C1 [0m
[37m[16.977][linker]-[Debug]-[DjiCommand_RecvWork:1066)  <0xd928>Receive msg from linker, 0x0306->0x0A06 0x03C1 len:13 [0m
[37m[16.979][linker]-[Debug]-[DjiProtocol_v1Unpack:215) <0x3782>V1-Recv: 0x0A01->0x0A06 0x3C45 [0m
[37m[16.979][linker]-[Debug]-[DjiCommand_RecvWork:1066)  <0x3782>Receive msg from linker, 0x0A01->0x0A06 0x3C45 len:0 [0m
[37m[16.979][upgrade]-[Debug]-[DjiUpgrade_GetUpgradeServiceInfo:239) Get upgrade service info [0m
[37m[16.979][linker]-[Debug]-[DjiProtocol_v1Pack:123) <0x3782>V1-Send: 0x0A06->0x0A01 0x3C45 [0m
[37m[16.998][linker]-[Debug]-[DjiProtocol_v1Unpack:215) <0xd952>V1-Recv: 0x0300->0x0A06 0x221B [0m
[37m[16.998][linker]-[Debug]-[DjiCommand_RecvWork:1066)  <0xd952>Receive msg from linker, 0x0300->0x0A06 0x221B len:9 [0m
[37m[16.998][linker]-[Debug]-[DjiCommand_DealCmd:919) received unsupport request cmd that noneed ack, <0xd952> cmdset: 0x22 cmdid: 0x1B [0m
[37m[17.040][linker]-[Debug]-[DjiProtocol_v1Unpack:215) <0xd98f>V1-Recv: 0x0300->0x0A06 0x036C [0m
[37m[17.040][linker]-[Debug]-[DjiCommand_RecvWork:1066)  <0xd98f>Receive msg from linker, 0x0300->0x0A06 0x036C len:71 [0m
[37m[17.040][linker]-[Debug]-[DjiCommand_DealCmd:919) received unsupport request cmd that noneed ack, <0xd98f> cmdset: 0x03 cmdid: 0x6C [0m
[37m[17.059][linker]-[Debug]-[DjiProtocol_v1Unpack:215) <0xd9ba>V1-Recv: 0x0300->0x0A06 0x4900 [0m
[37m[17.059][linker]-[Debug]-[DjiCommand_RecvWork:1066)  <0xd9ba>Receive msg from linker, 0x0300->0x0A06 0x4900 len:14 [0m
[37m[17.059][linker]-[Debug]-[DjiProtocol_v1Pack:123) <0xd9ba>V1-Send: 0x0A06->0x0300 0x4900 [0m
[37m[17.068][utils]-[Debug]-[DjiCore_RootTask:131) work execution time: [0m
[37m[17.068][utils]-[Debug]-[DjiCore_RootTask:132) name	                execution time (ms)	  max execution time (ms) [0m
[37m[17.068][utils]-[Debug]-[DjiCore_RootTask:134) recorderWork                    	0       	1        [0m
[37m[17.068][utils]-[Debug]-[DjiCore_RootTask:134) flowControllerTask              	0       	0        [0m
[37m[17.068][utils]-[Debug]-[DjiCore_RootTask:134) commandTask                     	1       	1        [0m
[37m[17.068][utils]-[Debug]-[DjiCore_RootTask:134) aircraftWorkNode                	0       	0        [0m
[37m[17.068][utils]-[Debug]-[DjiCore_RootTask:134) StatePushWork                   	1       	1        [0m
[37m[17.077][linker]-[Debug]-[DjiProtocol_v1Unpack:215) <0xd9d7>V1-Recv: 0x0306->0x0A06 0x03C1 [0m
[37m[17.077][linker]-[Debug]-[DjiCommand_RecvWork:1066)  <0xd9d7>Receive msg from linker, 0x0306->0x0A06 0x03C1 len:13 [0m
[37m[17.097][linker]-[Debug]-[DjiProtocol_v1Unpack:215) <0xda00>V1-Recv: 0x0300->0x0A06 0x221B [0m
[37m[17.098][linker]-[Debug]-[DjiCommand_RecvWork:1066)  <0xda00>Receive msg from linker, 0x0300->0x0A06 0x221B len:9 [0m
[37m[17.098][linker]-[Debug]-[DjiCommand_DealCmd:919) received unsupport request cmd that noneed ack, <0xda00> cmdset: 0x22 cmdid: 0x1B [0m
[37m[17.140][linker]-[Debug]-[DjiProtocol_v1Unpack:215) <0xda45>V1-Recv: 0x0300->0x0A06 0x036C [0m
[37m[17.140][linker]-[Debug]-[DjiCommand_RecvWork:1066)  <0xda45>Receive msg from linker, 0x0300->0x0A06 0x036C len:71 [0m
[37m[17.140][linker]-[Debug]-[DjiCommand_DealCmd:919) received unsupport request cmd that noneed ack, <0xda45> cmdset: 0x03 cmdid: 0x6C [0m
[37m[17.159][linker]-[Debug]-[DjiProtocol_v1Unpack:215) <0xda70>V1-Recv: 0x0300->0x0100 0x0405 [0m
[37m[17.159][linker]-[Debug]-[DjiProtocol_v1Unpack:215) <0xda71>V1-Recv: 0x0300->0x0A06 0x4900 [0m
[37m[17.160][linker]-[Debug]-[DjiCommand_RecvWork:1066)  <0xda70>Receive msg from linker, 0x0300->0x0100 0x0405 len:22 [0m
[37m[17.160][linker]-[Debug]-[DjiCommand_DealCmd:919) received unsupport request cmd that noneed ack, <0xda70> cmdset: 0x04 cmdid: 0x05 [0m
[37m[17.161][linker]-[Debug]-[DjiCommand_RecvWork:1066)  <0xda71>Receive msg from linker, 0x0300->0x0A06 0x4900 len:14 [0m
[37m[17.161][linker]-[Debug]-[DjiProtocol_v1Pack:123) <0xda71>V1-Send: 0x0A06->0x0300 0x4900 [0m
[37m[17.162][linker]-[Debug]-[DjiProtocol_v1Pack:123) <0xddd2>V1-Send: 0x0A06->0x0200 0x3C10 [0m
[37m[17.162][linker]-[Debug]-[DjiProtocol_v1Pack:123) <0xddd3>V1-Send: 0x0A06->0x0A01 0x3C10 [0m
[37m[17.162][linker]-[Debug]-[DjiProtocol_v1Pack:123) <0xddd4>V1-Send: 0x0A06->0x0300 0x3C10 [0m
[37m[17.176][linker]-[Debug]-[DjiProtocol_v1Unpack:215) <0xda90>V1-Recv: 0x0306->0x0A06 0x03C1 [0m
[37m[17.177][linker]-[Debug]-[DjiCommand_RecvWork:1066)  <0xda90>Receive msg from linker, 0x0306->0x0A06 0x03C1 len:13 [0m
[37m[17.184][linker]-[Debug]-[DjiProtocol_v1Unpack:215) <0x3783>V1-Recv: 0x0A01->0x0A06 0x3C45 [0m
[37m[17.185][linker]-[Debug]-[DjiCommand_RecvWork:1066)  <0x3783>Receive msg from linker, 0x0A01->0x0A06 0x3C45 len:0 [0m
[37m[17.185][upgrade]-[Debug]-[DjiUpgrade_GetUpgradeServiceInfo:239) Get upgrade service info [0m
[37m[17.185][linker]-[Debug]-[DjiProtocol_v1Pack:123) <0x3783>V1-Send: 0x0A06->0x0A01 0x3C45 [0m
[37m[17.198][linker]-[Debug]-[DjiProtocol_v1Unpack:215) <0xdac0>V1-Recv: 0x0300->0x0A06 0x221B [0m
[37m[17.198][linker]-[Debug]-[DjiCommand_RecvWork:1066)  <0xdac0>Receive msg from linker, 0x0300->0x0A06 0x221B len:9 [0m
[37m[17.198][linker]-[Debug]-[DjiCommand_DealCmd:919) received unsupport request cmd that noneed ack, <0xdac0> cmdset: 0x22 cmdid: 0x1B [0m
[37m[17.240][linker]-[Debug]-[DjiProtocol_v1Unpack:215) <0xdb03>V1-Recv: 0x0300->0x0A06 0x036C [0m
[37m[17.240][linker]-[Debug]-[DjiCommand_RecvWork:1066)  <0xdb03>Receive msg from linker, 0x0300->0x0A06 0x036C len:71 [0m
[37m[17.240][linker]-[Debug]-[DjiCommand_DealCmd:919) received unsupport request cmd that noneed ack, <0xdb03> cmdset: 0x03 cmdid: 0x6C [0m
[37m[17.258][linker]-[Debug]-[DjiProtocol_v1Unpack:215) <0xdb31>V1-Recv: 0x0300->0x0A06 0x4900 [0m
[37m[17.258][linker]-[Debug]-[DjiCommand_RecvWork:1066)  <0xdb31>Receive msg from linker, 0x0300->0x0A06 0x4900 len:14 [0m
[37m[17.258][linker]-[Debug]-[DjiProtocol_v1Pack:123) <0xdb31>V1-Send: 0x0A06->0x0300 0x4900 [0m
[37m[17.277][linker]-[Debug]-[DjiProtocol_v1Unpack:215) <0xdb50>V1-Recv: 0x0306->0x0A06 0x03C1 [0m
[37m[17.277][linker]-[Debug]-[DjiCommand_RecvWork:1066)  <0xdb50>Receive msg from linker, 0x0306->0x0A06 0x03C1 len:13 [0m
[37m[17.297][linker]-[Debug]-[DjiProtocol_v1Unpack:215) <0xdb7d>V1-Recv: 0x0300->0x0A06 0x221B [0m
[37m[17.298][linker]-[Debug]-[DjiCommand_RecvWork:1066)  <0xdb7d>Receive msg from linker, 0x0300->0x0A06 0x221B len:9 [0m
[37m[17.298][linker]-[Debug]-[DjiCommand_DealCmd:919) received unsupport request cmd that noneed ack, <0xdb7d> cmdset: 0x22 cmdid: 0x1B [0m
[37m[17.340][linker]-[Debug]-[DjiProtocol_v1Unpack:215) <0xdbc6>V1-Recv: 0x0300->0x0A06 0x036C [0m
[37m[17.340][linker]-[Debug]-[DjiCommand_RecvWork:1066)  <0xdbc6>Receive msg from linker, 0x0300->0x0A06 0x036C len:71 [0m
[37m[17.340][linker]-[Debug]-[DjiCommand_DealCmd:919) received unsupport request cmd that noneed ack, <0xdbc6> cmdset: 0x03 cmdid: 0x6C [0m
[37m[17.343][linker]-[Debug]-[DjiProtocol_v1Unpack:215) <0xaeef>V1-Recv: 0x0202->0x0A06 0x0026 [0m
[37m[17.343][linker]-[Debug]-[DjiCommand_RecvWork:1066)  <0xaeef>Receive msg from linker, 0x0202->0x0A06 0x0026 len:37 [0m
[37m[17.343][linker]-[Debug]-[DjiCommand_DealCmd:919) received unsupport request cmd that need ack, <0xaeef> cmdset: 0x00 cmdid: 0x26 [0m
[37m[17.358][linker]-[Debug]-[DjiProtocol_v1Unpack:215) <0xdbf2>V1-Recv: 0x0300->0x0A06 0x4900 [0m
[37m[17.359][linker]-[Debug]-[DjiCommand_RecvWork:1066)  <0xdbf2>Receive msg from linker, 0x0300->0x0A06 0x4900 len:14 [0m
[37m[17.359][linker]-[Debug]-[DjiProtocol_v1Pack:123) <0xdbf2>V1-Send: 0x0A06->0x0300 0x4900 [0m
[37m[17.375][linker]-[Debug]-[DjiProtocol_v1Pack:123) <0xddd5>V1-Send: 0x0A06->0x0200 0x3C10 [0m
[37m[17.375][linker]-[Debug]-[DjiProtocol_v1Pack:123) <0xddd6>V1-Send: 0x0A06->0x0A01 0x3C10 [0m
[37m[17.375][linker]-[Debug]-[DjiProtocol_v1Pack:123) <0xddd7>V1-Send: 0x0A06->0x0300 0x3C10 [0m
[37m[17.376][linker]-[Debug]-[DjiProtocol_v1Unpack:215) <0xdc11>V1-Recv: 0x0306->0x0A06 0x03C1 [0m
[37m[17.377][linker]-[Debug]-[DjiCommand_RecvWork:1066)  <0xdc11>Receive msg from linker, 0x0306->0x0A06 0x03C1 len:13 [0m
[37m[17.398][linker]-[Debug]-[DjiProtocol_v1Unpack:215) <0xdc3e>V1-Recv: 0x0300->0x0A06 0x221B [0m
[37m[17.398][linker]-[Debug]-[DjiCommand_RecvWork:1066)  <0xdc3e>Receive msg from linker, 0x0300->0x0A06 0x221B len:9 [0m
[37m[17.398][linker]-[Debug]-[DjiCommand_DealCmd:919) received unsupport request cmd that noneed ack, <0xdc3e> cmdset: 0x22 cmdid: 0x1B [0m
[37m[17.399][linker]-[Debug]-[DjiProtocol_v1Unpack:215) <0x3786>V1-Recv: 0x0A01->0x0A06 0x3C45 [0m
[37m[17.399][linker]-[Debug]-[DjiCommand_RecvWork:1066)  <0x3786>Receive msg from linker, 0x0A01->0x0A06 0x3C45 len:0 [0m
[37m[17.399][upgrade]-[Debug]-[DjiUpgrade_GetUpgradeServiceInfo:239) Get upgrade service info [0m
[37m[17.399][linker]-[Debug]-[DjiProtocol_v1Pack:123) <0x3786>V1-Send: 0x0A06->0x0A01 0x3C45 [0m
[37m[17.440][linker]-[Debug]-[DjiProtocol_v1Unpack:215) <0xdc7b>V1-Recv: 0x0300->0x0A06 0x036C [0m
[37m[17.440][linker]-[Debug]-[DjiCommand_RecvWork:1066)  <0xdc7b>Receive msg from linker, 0x0300->0x0A06 0x036C len:71 [0m
[37m[17.440][linker]-[Debug]-[DjiCommand_DealCmd:919) received unsupport request cmd that noneed ack, <0xdc7b> cmdset: 0x03 cmdid: 0x6C [0m
[37m[17.454][linker]-[Debug]-[DjiProtocol_v1Unpack:215) <0x1746>V1-Recv: 0x1D07->0x0A06 0x2105 [0m
[37m[17.454][linker]-[Debug]-[DjiCommand_RecvWork:1066)  <0x1746>Receive msg from linker, 0x1D07->0x0A06 0x2105 len:1 [0m
[37m[17.454][linker]-[Debug]-[DjiCommand_DealCmd:919) received unsupport request cmd that need ack, <0x1746> cmdset: 0x21 cmdid: 0x05 [0m
[37m[17.458][linker]-[Debug]-[DjiProtocol_v1Unpack:215) <0xdca3>V1-Recv: 0x0300->0x0A06 0x4900 [0m
[37m[17.459][linker]-[Debug]-[DjiCommand_RecvWork:1066)  <0xdca3>Receive msg from linker, 0x0300->0x0A06 0x4900 len:14 [0m
[37m[17.459][linker]-[Debug]-[DjiProtocol_v1Pack:123) <0xdca3>V1-Send: 0x0A06->0x0300 0x4900 [0m
[37m[17.477][linker]-[Debug]-[DjiProtocol_v1Unpack:215) <0xdcc2>V1-Recv: 0x0306->0x0A06 0x03C1 [0m
[37m[17.478][linker]-[Debug]-[DjiCommand_RecvWork:1066)  <0xdcc2>Receive msg from linker, 0x0306->0x0A06 0x03C1 len:13 [0m
[37m[17.498][linker]-[Debug]-[DjiProtocol_v1Unpack:215) <0xdced>V1-Recv: 0x0300->0x0A06 0x221B [0m
[37m[17.498][linker]-[Debug]-[DjiCommand_RecvWork:1066)  <0xdced>Receive msg from linker, 0x0300->0x0A06 0x221B len:9 [0m
[37m[17.498][linker]-[Debug]-[DjiCommand_DealCmd:919) received unsupport request cmd that noneed ack, <0xdced> cmdset: 0x22 cmdid: 0x1B [0m
[37m[17.540][linker]-[Debug]-[DjiProtocol_v1Unpack:215) <0xdd31>V1-Recv: 0x0300->0x0A06 0x036C [0m
[37m[17.540][linker]-[Debug]-[DjiCommand_RecvWork:1066)  <0xdd31>Receive msg from linker, 0x0300->0x0A06 0x036C len:71 [0m
[37m[17.540][linker]-[Debug]-[DjiCommand_DealCmd:919) received unsupport request cmd that noneed ack, <0xdd31> cmdset: 0x03 cmdid: 0x6C [0m
[37m[17.558][linker]-[Debug]-[DjiProtocol_v1Unpack:215) <0xdd5b>V1-Recv: 0x0300->0x0A06 0x4900 [0m
[37m[17.559][linker]-[Debug]-[DjiCommand_RecvWork:1066)  <0xdd5b>Receive msg from linker, 0x0300->0x0A06 0x4900 len:14 [0m
[37m[17.559][linker]-[Debug]-[DjiProtocol_v1Pack:123) <0xdd5b>V1-Send: 0x0A06->0x0300 0x4900 [0m
[37m[17.577][linker]-[Debug]-[DjiProtocol_v1Unpack:215) <0xdd78>V1-Recv: 0x0306->0x0A06 0x03C1 [0m
[37m[17.578][linker]-[Debug]-[DjiCommand_RecvWork:1066)  <0xdd78>Receive msg from linker, 0x0306->0x0A06 0x03C1 len:13 [0m
[37m[17.588][linker]-[Debug]-[DjiProtocol_v1Pack:123) <0xddd8>V1-Send: 0x0A06->0x0200 0x3C10 [0m
[37m[17.588][linker]-[Debug]-[DjiProtocol_v1Pack:123) <0xddd9>V1-Send: 0x0A06->0x0A01 0x3C10 [0m
[37m[17.588][linker]-[Debug]-[DjiProtocol_v1Pack:123) <0xddda>V1-Send: 0x0A06->0x0300 0x3C10 [0m
[37m[17.598][linker]-[Debug]-[DjiProtocol_v1Unpack:215) <0xdda4>V1-Recv: 0x0300->0x0A06 0x221B [0m
[37m[17.598][linker]-[Debug]-[DjiCommand_RecvWork:1066)  <0xdda4>Receive msg from linker, 0x0300->0x0A06 0x221B len:9 [0m
[37m[17.598][linker]-[Debug]-[DjiCommand_DealCmd:919) received unsupport request cmd that noneed ack, <0xdda4> cmdset: 0x22 cmdid: 0x1B [0m
[37m[17.621][linker]-[Debug]-[DjiProtocol_v1Unpack:215) <0x3787>V1-Recv: 0x0A01->0x0A06 0x3C45 [0m
[37m[17.621][linker]-[Debug]-[DjiCommand_RecvWork:1066)  <0x3787>Receive msg from linker, 0x0A01->0x0A06 0x3C45 len:0 [0m
[37m[17.621][upgrade]-[Debug]-[DjiUpgrade_GetUpgradeServiceInfo:239) Get upgrade service info [0m
[37m[17.621][linker]-[Debug]-[DjiProtocol_v1Pack:123) <0x3787>V1-Send: 0x0A06->0x0A01 0x3C45 [0m
[37m[17.640][linker]-[Debug]-[DjiProtocol_v1Unpack:215) <0xdde2>V1-Recv: 0x0300->0x0A06 0x036C [0m
[37m[17.641][linker]-[Debug]-[DjiCommand_RecvWork:1066)  <0xdde2>Receive msg from linker, 0x0300->0x0A06 0x036C len:71 [0m
[37m[17.641][linker]-[Debug]-[DjiCommand_DealCmd:919) received unsupport request cmd that noneed ack, <0xdde2> cmdset: 0x03 cmdid: 0x6C [0m
[37m[17.661][linker]-[Debug]-[DjiProtocol_v1Unpack:215) <0xde0b>V1-Recv: 0x0300->0x0A06 0x0F74 [0m
[37m[17.661][linker]-[Debug]-[DjiProtocol_v1Unpack:215) <0xde0e>V1-Recv: 0x0300->0x0100 0x0406 [0m
[37m[17.661][linker]-[Debug]-[DjiProtocol_v1Unpack:215) <0xde0f>V1-Recv: 0x0300->0x0100 0x0407 [0m
[37m[17.661][linker]-[Debug]-[DjiProtocol_v1Unpack:215) <0xde10>V1-Recv: 0x0300->0x0A06 0x4900 [0m
[37m[17.662][linker]-[Debug]-[DjiCommand_RecvWork:1066)  <0xde0b>Receive msg from linker, 0x0300->0x0A06 0x0F74 len:28 [0m
[37m[17.662][linker]-[Debug]-[DjiCommand_DealCmd:919) received unsupport request cmd that noneed ack, <0xde0b> cmdset: 0x0F cmdid: 0x74 [0m
[37m[17.663][linker]-[Debug]-[DjiCommand_RecvWork:1066)  <0xde0e>Receive msg from linker, 0x0300->0x0100 0x0406 len:12 [0m
[37m[17.663][linker]-[Debug]-[DjiCommand_DealCmd:919) received unsupport request cmd that noneed ack, <0xde0e> cmdset: 0x04 cmdid: 0x06 [0m
[37m[17.664][linker]-[Debug]-[DjiCommand_RecvWork:1066)  <0xde0f>Receive msg from linker, 0x0300->0x0100 0x0407 len:1 [0m
[37m[17.664][linker]-[Debug]-[DjiCommand_DealCmd:919) received unsupport request cmd that noneed ack, <0xde0f> cmdset: 0x04 cmdid: 0x07 [0m
[37m[17.665][linker]-[Debug]-[DjiCommand_RecvWork:1066)  <0xde10>Receive msg from linker, 0x0300->0x0A06 0x4900 len:14 [0m
[37m[17.665][linker]-[Debug]-[DjiProtocol_v1Pack:123) <0xde10>V1-Send: 0x0A06->0x0300 0x4900 [0m
[37m[17.677][linker]-[Debug]-[DjiProtocol_v1Unpack:215) <0xde2b>V1-Recv: 0x0306->0x0A06 0x03C1 [0m
[37m[17.678][linker]-[Debug]-[DjiCommand_RecvWork:1066)  <0xde2b>Receive msg from linker, 0x0306->0x0A06 0x03C1 len:13 [0m
[37m[17.697][linker]-[Debug]-[DjiProtocol_v1Unpack:215) <0xde54>V1-Recv: 0x0300->0x0A06 0x221B [0m
[37m[17.698][linker]-[Debug]-[DjiCommand_RecvWork:1066)  <0xde54>Receive msg from linker, 0x0300->0x0A06 0x221B len:9 [0m
[37m[17.698][linker]-[Debug]-[DjiCommand_DealCmd:919) received unsupport request cmd that noneed ack, <0xde54> cmdset: 0x22 cmdid: 0x1B [0m
[37m[17.740][linker]-[Debug]-[DjiProtocol_v1Unpack:215) <0xde9b>V1-Recv: 0x0300->0x0A06 0x036C [0m
[37m[17.741][linker]-[Debug]-[DjiCommand_RecvWork:1066)  <0xde9b>Receive msg from linker, 0x0300->0x0A06 0x036C len:71 [0m
[37m[17.741][linker]-[Debug]-[DjiCommand_DealCmd:919) received unsupport request cmd that noneed ack, <0xde9b> cmdset: 0x03 cmdid: 0x6C [0m
[37m[17.759][linker]-[Debug]-[DjiProtocol_v1Unpack:215) <0xdec9>V1-Recv: 0x0300->0x0A06 0x4900 [0m
[37m[17.760][linker]-[Debug]-[DjiCommand_RecvWork:1066)  <0xdec9>Receive msg from linker, 0x0300->0x0A06 0x4900 len:14 [0m
[37m[17.760][linker]-[Debug]-[DjiProtocol_v1Pack:123) <0xdec9>V1-Send: 0x0A06->0x0300 0x4900 [0m
[37m[17.777][linker]-[Debug]-[DjiProtocol_v1Unpack:215) <0xdee8>V1-Recv: 0x0306->0x0A06 0x03C1 [0m
[37m[17.778][linker]-[Debug]-[DjiCommand_RecvWork:1066)  <0xdee8>Receive msg from linker, 0x0306->0x0A06 0x03C1 len:13 [0m
[37m[17.797][linker]-[Debug]-[DjiProtocol_v1Unpack:215) <0xdf1b>V1-Recv: 0x0300->0x0A06 0x221B [0m
[37m[17.798][linker]-[Debug]-[DjiCommand_RecvWork:1066)  <0xdf1b>Receive msg from linker, 0x0300->0x0A06 0x221B len:9 [0m
[37m[17.798][linker]-[Debug]-[DjiCommand_DealCmd:919) received unsupport request cmd that noneed ack, <0xdf1b> cmdset: 0x22 cmdid: 0x1B [0m
[37m[17.801][linker]-[Debug]-[DjiProtocol_v1Pack:123) <0xdddb>V1-Send: 0x0A06->0x0200 0x3C10 [0m
[37m[17.801][linker]-[Debug]-[DjiProtocol_v1Pack:123) <0xdddc>V1-Send: 0x0A06->0x0A01 0x3C10 [0m
[37m[17.801][linker]-[Debug]-[DjiProtocol_v1Pack:123) <0xdddd>V1-Send: 0x0A06->0x0300 0x3C10 [0m
[37m[17.819][linker]-[Debug]-[DjiProtocol_v1Unpack:215) <0x3788>V1-Recv: 0x0A01->0x0A06 0x3C45 [0m
[37m[17.819][linker]-[Debug]-[DjiCommand_RecvWork:1066)  <0x3788>Receive msg from linker, 0x0A01->0x0A06 0x3C45 len:0 [0m
[37m[17.819][upgrade]-[Debug]-[DjiUpgrade_GetUpgradeServiceInfo:239) Get upgrade service info [0m
[37m[17.819][linker]-[Debug]-[DjiProtocol_v1Pack:123) <0x3788>V1-Send: 0x0A06->0x0A01 0x3C45 [0m
[37m[17.845][linker]-[Debug]-[DjiProtocol_v1Unpack:215) <0xdf59>V1-Recv: 0x0306->0x0A06 0x03C1 [0m
[37m[17.846][linker]-[Debug]-[DjiProtocol_v1Unpack:215) <0xdf5b>V1-Recv: 0x0300->0x0A06 0x036C [0m
[37m[17.846][linker]-[Debug]-[DjiCommand_RecvWork:1066)  <0xdf59>Receive msg from linker, 0x0306->0x0A06 0x03C1 len:126 [0m
[37m[17.847][linker]-[Debug]-[DjiCommand_RecvWork:1066)  <0xdf5b>Receive msg from linker, 0x0300->0x0A06 0x036C len:71 [0m
[37m[17.847][linker]-[Debug]-[DjiCommand_DealCmd:919) received unsupport request cmd that noneed ack, <0xdf5b> cmdset: 0x03 cmdid: 0x6C [0m
[37m[17.858][linker]-[Debug]-[DjiProtocol_v1Unpack:215) <0xdf84>V1-Recv: 0x0300->0x0A06 0x4900 [0m
[37m[17.859][linker]-[Debug]-[DjiCommand_RecvWork:1066)  <0xdf84>Receive msg from linker, 0x0300->0x0A06 0x4900 len:14 [0m
[37m[17.859][linker]-[Debug]-[DjiProtocol_v1Pack:123) <0xdf84>V1-Send: 0x0A06->0x0300 0x4900 [0m
[37m[17.877][linker]-[Debug]-[DjiProtocol_v1Unpack:215) <0xdf9f>V1-Recv: 0x0306->0x0A06 0x03C1 [0m
[37m[17.877][linker]-[Debug]-[DjiCommand_RecvWork:1066)  <0xdf9f>Receive msg from linker, 0x0306->0x0A06 0x03C1 len:13 [0m
[32m[17.879][user]-[Info]-[UserFcSubscription_Task:453) Current speed: 0.000000.
 [0m
[32m[17.879][user]-[Info]-[UserFcSubscription_Task:639) Displaymode status: 6. [0m
[37m[17.898][linker]-[Debug]-[DjiProtocol_v1Unpack:215) <0x599>V1-Recv: 0x0701->0x0A06 0x0000 [0m
[37m[17.898][linker]-[Debug]-[DjiProtocol_v1Unpack:215) <0xdfc9>V1-Recv: 0x0300->0x0A06 0x221B [0m
[37m[17.899][linker]-[Debug]-[DjiCommand_RecvWork:1066)  <0x599>Receive msg from linker, 0x0701->0x0A06 0x0000 len:16 [0m
[37m[17.899][linker]-[Debug]-[DjiProtocol_v1Pack:123) <0x599>V1-Send: 0x0A06->0x0701 0x0000 [0m
[37m[17.900][linker]-[Debug]-[DjiCommand_RecvWork:1066)  <0xdfc9>Receive msg from linker, 0x0300->0x0A06 0x221B len:9 [0m
[37m[17.900][linker]-[Debug]-[DjiCommand_DealCmd:919) received unsupport request cmd that noneed ack, <0xdfc9> cmdset: 0x22 cmdid: 0x1B [0m
[37m[17.941][linker]-[Debug]-[DjiProtocol_v1Unpack:215) <0xe00c>V1-Recv: 0x0300->0x0A06 0x036C [0m
[37m[17.941][linker]-[Debug]-[DjiCommand_RecvWork:1066)  <0xe00c>Receive msg from linker, 0x0300->0x0A06 0x036C len:71 [0m
[37m[17.941][linker]-[Debug]-[DjiCommand_DealCmd:919) received unsupport request cmd that noneed ack, <0xe00c> cmdset: 0x03 cmdid: 0x6C [0m
[37m[17.959][linker]-[Debug]-[DjiProtocol_v1Unpack:215) <0xe03e>V1-Recv: 0x0300->0x0A06 0x4900 [0m
[37m[17.960][linker]-[Debug]-[DjiCommand_RecvWork:1066)  <0xe03e>Receive msg from linker, 0x0300->0x0A06 0x4900 len:14 [0m
[37m[17.960][linker]-[Debug]-[DjiProtocol_v1Pack:123) <0xe03e>V1-Send: 0x0A06->0x0300 0x4900 [0m
[37m[17.977][linker]-[Debug]-[DjiProtocol_v1Unpack:215) <0xe05b>V1-Recv: 0x0306->0x0A06 0x03C1 [0m
[37m[17.978][linker]-[Debug]-[DjiCommand_RecvWork:1066)  <0xe05b>Receive msg from linker, 0x0306->0x0A06 0x03C1 len:13 [0m
[37m[17.998][linker]-[Debug]-[DjiProtocol_v1Unpack:215) <0xe086>V1-Recv: 0x0300->0x0A06 0x221B [0m
[37m[17.999][linker]-[Debug]-[DjiCommand_RecvWork:1066)  <0xe086>Receive msg from linker, 0x0300->0x0A06 0x221B len:9 [0m
[37m[17.999][linker]-[Debug]-[DjiCommand_DealCmd:919) received unsupport request cmd that noneed ack, <0xe086> cmdset: 0x22 cmdid: 0x1B [0m
[37m[18.014][linker]-[Debug]-[DjiProtocol_v1Pack:123) <0xddde>V1-Send: 0x0A06->0x0300 0x0000 [0m
[37m[18.014][infor]-[Debug]-[DjiAircraftConnection_CheckExtensionPortConnectStatusByV1Protocol:170) check connect status:1 [0m
[37m[18.015][linker]-[Debug]-[DjiProtocol_v1Pack:123) <0xdddf>V1-Send: 0x0A06->0x0200 0x3C10 [0m
[37m[18.015][linker]-[Debug]-[DjiProtocol_v1Pack:123) <0xdde0>V1-Send: 0x0A06->0x0A01 0x3C10 [0m
[37m[18.015][linker]-[Debug]-[DjiProtocol_v1Pack:123) <0xdde1>V1-Send: 0x0A06->0x0300 0x3C10 [0m
[37m[18.017][linker]-[Debug]-[DjiProtocol_v1Unpack:215) <0xddde>V1-Recv: 0x0300->0x0A06 0x0000 [0m
[37m[18.017][linker]-[Debug]-[DjiCommand_RecvWork:1066)  <0xddde>Receive msg from linker, 0x0300->0x0A06 0x0000 len:0 [0m
[37m[18.017][infor]-[Debug]-[DjiAircraftInfo_CheckPingStatusAsyncCallback:269) connect status async sucess [0m
[37m[18.017][linker]-[Debug]-[DjiCommand_DealCmd:830) callback function (cmdset: 0x00 cmdid: 0x00) deal time: 0 ms [0m
[37m[18.040][linker]-[Debug]-[DjiProtocol_v1Unpack:215) <0xe0c4>V1-Recv: 0x0300->0x0A06 0x036C [0m
[37m[18.041][linker]-[Debug]-[DjiCommand_RecvWork:1066)  <0xe0c4>Receive msg from linker, 0x0300->0x0A06 0x036C len:71 [0m
[37m[18.041][linker]-[Debug]-[DjiCommand_DealCmd:919) received unsupport request cmd that noneed ack, <0xe0c4> cmdset: 0x03 cmdid: 0x6C [0m
[37m[18.041][linker]-[Debug]-[DjiProtocol_v1Unpack:215) <0x3789>V1-Recv: 0x0A01->0x0A06 0x3C45 [0m
[37m[18.042][linker]-[Debug]-[DjiCommand_RecvWork:1066)  <0x3789>Receive msg from linker, 0x0A01->0x0A06 0x3C45 len:0 [0m
[37m[18.042][upgrade]-[Debug]-[DjiUpgrade_GetUpgradeServiceInfo:239) Get upgrade service info [0m
[37m[18.042][linker]-[Debug]-[DjiProtocol_v1Pack:123) <0x3789>V1-Send: 0x0A06->0x0A01 0x3C45 [0m
[37m[18.058][linker]-[Debug]-[DjiProtocol_v1Unpack:215) <0xe0eb>V1-Recv: 0x0300->0x0A06 0x4900 [0m
[37m[18.059][linker]-[Debug]-[DjiCommand_RecvWork:1066)  <0xe0eb>Receive msg from linker, 0x0300->0x0A06 0x4900 len:14 [0m
[37m[18.059][linker]-[Debug]-[DjiProtocol_v1Pack:123) <0xe0eb>V1-Send: 0x0A06->0x0300 0x4900 [0m
[37m[18.077][linker]-[Debug]-[DjiProtocol_v1Unpack:215) <0xe106>V1-Recv: 0x0306->0x0A06 0x03C1 [0m
[37m[18.078][linker]-[Debug]-[DjiCommand_RecvWork:1066)  <0xe106>Receive msg from linker, 0x0306->0x0A06 0x03C1 len:13 [0m
[37m[18.098][linker]-[Debug]-[DjiProtocol_v1Unpack:215) <0xe12d>V1-Recv: 0x0300->0x0A06 0x221B [0m
[37m[18.099][linker]-[Debug]-[DjiCommand_RecvWork:1066)  <0xe12d>Receive msg from linker, 0x0300->0x0A06 0x221B len:9 [0m
[37m[18.099][linker]-[Debug]-[DjiCommand_DealCmd:919) received unsupport request cmd that noneed ack, <0xe12d> cmdset: 0x22 cmdid: 0x1B [0m
[37m[18.134][utils]-[Debug]-[DjiCore_RootTask:131) work execution time: [0m
[37m[18.134][utils]-[Debug]-[DjiCore_RootTask:132) name	                execution time (ms)	  max execution time (ms) [0m
[37m[18.134][utils]-[Debug]-[DjiCore_RootTask:134) recorderWork                    	0       	1        [0m
[37m[18.134][utils]-[Debug]-[DjiCore_RootTask:134) flowControllerTask              	0       	0        [0m
[37m[18.134][utils]-[Debug]-[DjiCore_RootTask:134) commandTask                     	1       	1        [0m
[37m[18.134][utils]-[Debug]-[DjiCore_RootTask:134) aircraftWorkNode                	0       	0        [0m
[37m[18.134][utils]-[Debug]-[DjiCore_RootTask:134) StatePushWork                   	1       	1        [0m
[37m[18.140][linker]-[Debug]-[DjiProtocol_v1Unpack:215) <0xe175>V1-Recv: 0x0300->0x0A06 0x036C [0m
[37m[18.140][linker]-[Debug]-[DjiCommand_RecvWork:1066)  <0xe175>Receive msg from linker, 0x0300->0x0A06 0x036C len:71 [0m
[37m[18.140][linker]-[Debug]-[DjiCommand_DealCmd:919) received unsupport request cmd that noneed ack, <0xe175> cmdset: 0x03 cmdid: 0x6C [0m
[37m[18.159][linker]-[Debug]-[DjiProtocol_v1Unpack:215) <0xe19d>V1-Recv: 0x0300->0x0100 0x0405 [0m
[37m[18.159][linker]-[Debug]-[DjiProtocol_v1Unpack:215) <0xe19e>V1-Recv: 0x0300->0x0A06 0x4900 [0m
[37m[18.159][linker]-[Debug]-[DjiCommand_RecvWork:1066)  <0xe19d>Receive msg from linker, 0x0300->0x0100 0x0405 len:22 [0m
[37m[18.159][linker]-[Debug]-[DjiCommand_DealCmd:919) received unsupport request cmd that noneed ack, <0xe19d> cmdset: 0x04 cmdid: 0x05 [0m
[37m[18.160][linker]-[Debug]-[DjiCommand_RecvWork:1066)  <0xe19e>Receive msg from linker, 0x0300->0x0A06 0x4900 len:14 [0m
[37m[18.160][linker]-[Debug]-[DjiProtocol_v1Pack:123) <0xe19e>V1-Send: 0x0A06->0x0300 0x4900 [0m
[37m[18.177][linker]-[Debug]-[DjiProtocol_v1Unpack:215) <0xe1bb>V1-Recv: 0x0306->0x0A06 0x03C1 [0m
[37m[18.177][linker]-[Debug]-[DjiCommand_RecvWork:1066)  <0xe1bb>Receive msg from linker, 0x0306->0x0A06 0x03C1 len:13 [0m
[37m[18.197][linker]-[Debug]-[DjiProtocol_v1Unpack:215) <0xe1e8>V1-Recv: 0x0300->0x0A06 0x221B [0m
[37m[18.197][linker]-[Debug]-[DjiCommand_RecvWork:1066)  <0xe1e8>Receive msg from linker, 0x0300->0x0A06 0x221B len:9 [0m
[37m[18.197][linker]-[Debug]-[DjiCommand_DealCmd:919) received unsupport request cmd that noneed ack, <0xe1e8> cmdset: 0x22 cmdid: 0x1B [0m
[37m[18.216][user]-[Debug]-[DjiUser_MonitorTask:803) thread pcpu: [0m
[37m[18.216][user]-[Debug]-[DjiUser_MonitorTask:804) tid	name	pcpu [0m
[37m[18.228][linker]-[Debug]-[DjiProtocol_v1Pack:123) <0xdde2>V1-Send: 0x0A06->0x0200 0x3C10 [0m
[37m[18.228][linker]-[Debug]-[DjiProtocol_v1Pack:123) <0xdde3>V1-Send: 0x0A06->0x0A01 0x3C10 [0m
[37m[18.228][linker]-[Debug]-[DjiProtocol_v1Pack:123) <0xdde4>V1-Send: 0x0A06->0x0300 0x3C10 [0m
[37m[18.236][user]-[Debug]-[DjiUser_MonitorTask:808) 11779	dji_sdk_demo_on	1.100000 %. [0m
[37m[18.240][linker]-[Debug]-[DjiProtocol_v1Unpack:215) <0xe22f>V1-Recv: 0x0300->0x0A06 0x036C [0m
[37m[18.240][linker]-[Debug]-[DjiCommand_RecvWork:1066)  <0xe22f>Receive msg from linker, 0x0300->0x0A06 0x036C len:71 [0m
[37m[18.240][linker]-[Debug]-[DjiCommand_DealCmd:919) received unsupport request cmd that noneed ack, <0xe22f> cmdset: 0x03 cmdid: 0x6C [0m
[37m[18.254][user]-[Debug]-[DjiUser_MonitorTask:808) 11780	 MQTTAsync_send	0.000000 %. [0m
[37m[18.259][linker]-[Debug]-[DjiProtocol_v1Unpack:215) <0xe261>V1-Recv: 0x0300->0x0A06 0x4900 [0m
[37m[18.259][linker]-[Debug]-[DjiProtocol_v1Unpack:215) <0x378b>V1-Recv: 0x0A01->0x0A06 0x3C45 [0m
[37m[18.259][linker]-[Debug]-[DjiCommand_RecvWork:1066)  <0xe261>Receive msg from linker, 0x0300->0x0A06 0x4900 len:14 [0m
[37m[18.259][linker]-[Debug]-[DjiProtocol_v1Pack:123) <0xe261>V1-Send: 0x0A06->0x0300 0x4900 [0m
[37m[18.260][linker]-[Debug]-[DjiCommand_RecvWork:1066)  <0x378b>Receive msg from linker, 0x0A01->0x0A06 0x3C45 len:0 [0m
[37m[18.260][upgrade]-[Debug]-[DjiUpgrade_GetUpgradeServiceInfo:239) Get upgrade service info [0m
[37m[18.260][linker]-[Debug]-[DjiProtocol_v1Pack:123) <0x378b>V1-Send: 0x0A06->0x0A01 0x3C45 [0m
[37m[18.273][user]-[Debug]-[DjiUser_MonitorTask:808) 11781	  MQTTAsync_rcv	0.000000 %. [0m
[37m[18.277][linker]-[Debug]-[DjiProtocol_v1Unpack:215) <0xe281>V1-Recv: 0x0306->0x0A06 0x03C1 [0m
[37m[18.277][linker]-[Debug]-[DjiCommand_RecvWork:1066)  <0xe281>Receive msg from linker, 0x0306->0x0A06 0x03C1 len:13 [0m
[37m[18.291][user]-[Debug]-[DjiUser_MonitorTask:808) 11784	    logger_task	0.600000 %. [0m
[37m[18.298][linker]-[Debug]-[DjiProtocol_v1Unpack:215) <0xe2ae>V1-Recv: 0x0300->0x0A06 0x221B [0m
[37m[18.299][linker]-[Debug]-[DjiCommand_RecvWork:1066)  <0xe2ae>Receive msg from linker, 0x0300->0x0A06 0x221B len:9 [0m
[37m[18.299][linker]-[Debug]-[DjiCommand_DealCmd:919) received unsupport request cmd that noneed ack, <0xe2ae> cmdset: 0x22 cmdid: 0x1B [0m
[37m[18.309][user]-[Debug]-[DjiUser_MonitorTask:808) 11785	      root_task	0.800000 %. [0m
[37m[18.328][user]-[Debug]-[DjiUser_MonitorTask:808) 11822	    linker_task	0.700000 %. [0m
[37m[18.340][linker]-[Debug]-[DjiProtocol_v1Unpack:215) <0xe2f1>V1-Recv: 0x0300->0x0A06 0x036C [0m
[37m[18.341][linker]-[Debug]-[DjiCommand_RecvWork:1066)  <0xe2f1>Receive msg from linker, 0x0300->0x0A06 0x036C len:71 [0m
[37m[18.341][linker]-[Debug]-[DjiCommand_DealCmd:919) received unsupport request cmd that noneed ack, <0xe2f1> cmdset: 0x03 cmdid: 0x6C [0m
[37m[18.346][user]-[Debug]-[DjiUser_MonitorTask:808) 11825	    linker_task	0.000000 %. [0m
[37m[18.359][linker]-[Debug]-[DjiProtocol_v1Unpack:215) <0xe31c>V1-Recv: 0x0300->0x0A06 0x4900 [0m
[37m[18.359][linker]-[Debug]-[DjiCommand_RecvWork:1066)  <0xe31c>Receive msg from linker, 0x0300->0x0A06 0x4900 len:14 [0m
[37m[18.359][linker]-[Debug]-[DjiProtocol_v1Pack:123) <0xe31c>V1-Send: 0x0A06->0x0300 0x4900 [0m
[37m[18.363][user]-[Debug]-[DjiUser_MonitorTask:808) 11827	user_subscripti	0.000000 %. [0m
[37m[18.377][linker]-[Debug]-[DjiProtocol_v1Unpack:215) <0xe33b>V1-Recv: 0x0306->0x0A06 0x03C1 [0m
[37m[18.377][linker]-[Debug]-[DjiCommand_RecvWork:1066)  <0xe33b>Receive msg from linker, 0x0306->0x0A06 0x03C1 len:13 [0m
[37m[18.382][user]-[Debug]-[DjiUser_MonitorTask:808) 11830	   upgrade_task	0.000000 %. [0m
[37m[18.398][linker]-[Debug]-[DjiProtocol_v1Unpack:215) <0x1747>V1-Recv: 0x1D07->0x0A06 0x2105 [0m
[37m[18.398][linker]-[Debug]-[DjiProtocol_v1Unpack:215) <0xe369>V1-Recv: 0x0300->0x0A06 0x221B [0m
[37m[18.399][linker]-[Debug]-[DjiCommand_RecvWork:1066)  <0x1747>Receive msg from linker, 0x1D07->0x0A06 0x2105 len:1 [0m
[37m[18.399][linker]-[Debug]-[DjiCommand_DealCmd:919) received unsupport request cmd that need ack, <0x1747> cmdset: 0x21 cmdid: 0x05 [0m
[37m[18.400][linker]-[Debug]-[DjiCommand_RecvWork:1066)  <0xe369>Receive msg from linker, 0x0300->0x0A06 0x221B len:9 [0m
[37m[18.400][linker]-[Debug]-[DjiCommand_DealCmd:919) received unsupport request cmd that noneed ack, <0xe369> cmdset: 0x22 cmdid: 0x1B [0m
[37m[18.400][user]-[Debug]-[DjiUser_MonitorTask:808) 11831	enter_upgrade_m	0.000000 %. [0m
[37m[18.418][user]-[Debug]-[DjiUser_MonitorTask:808) 11832	   monitor task	0.000000 %. [0m
[37m[18.422][user]-[Debug]-[DjiUser_MonitorTask:812) heap used: 184320 B. [0m
[37m[18.425][user]-[Debug]-[DjiUser_MonitorTask:813) stack used: 16384 B. [0m
[37m[18.440][linker]-[Debug]-[DjiProtocol_v1Unpack:215) <0xe3a7>V1-Recv: 0x0300->0x0A06 0x036C [0m
[37m[18.441][linker]-[Debug]-[DjiCommand_RecvWork:1066)  <0xe3a7>Receive msg from linker, 0x0300->0x0A06 0x036C len:71 [0m
[37m[18.441][linker]-[Debug]-[DjiCommand_DealCmd:919) received unsupport request cmd that noneed ack, <0xe3a7> cmdset: 0x03 cmdid: 0x6C [0m
[37m[18.441][linker]-[Debug]-[DjiProtocol_v1Pack:123) <0xdde5>V1-Send: 0x0A06->0x0200 0x3C10 [0m
[37m[18.441][linker]-[Debug]-[DjiProtocol_v1Pack:123) <0xdde6>V1-Send: 0x0A06->0x0A01 0x3C10 [0m
[37m[18.441][linker]-[Debug]-[DjiProtocol_v1Pack:123) <0xdde7>V1-Send: 0x0A06->0x0300 0x3C10 [0m
[37m[18.460][linker]-[Debug]-[DjiProtocol_v1Unpack:215) <0xe3d2>V1-Recv: 0x0300->0x0A06 0x4900 [0m
[37m[18.460][linker]-[Debug]-[DjiProtocol_v1Unpack:215) <0x378e>V1-Recv: 0x0A01->0x0A06 0x3C45 [0m
[37m[18.460][linker]-[Debug]-[DjiCommand_RecvWork:1066)  <0xe3d2>Receive msg from linker, 0x0300->0x0A06 0x4900 len:14 [0m
[37m[18.460][linker]-[Debug]-[DjiProtocol_v1Pack:123) <0xe3d2>V1-Send: 0x0A06->0x0300 0x4900 [0m
[37m[18.461][linker]-[Debug]-[DjiCommand_RecvWork:1066)  <0x378e>Receive msg from linker, 0x0A01->0x0A06 0x3C45 len:0 [0m
[37m[18.461][upgrade]-[Debug]-[DjiUpgrade_GetUpgradeServiceInfo:239) Get upgrade service info [0m
[37m[18.461][linker]-[Debug]-[DjiProtocol_v1Pack:123) <0x378e>V1-Send: 0x0A06->0x0A01 0x3C45 [0m
[37m[18.476][linker]-[Debug]-[DjiProtocol_v1Unpack:215) <0xe3ee>V1-Recv: 0x0306->0x0A06 0x03C1 [0m
[37m[18.477][linker]-[Debug]-[DjiCommand_RecvWork:1066)  <0xe3ee>Receive msg from linker, 0x0306->0x0A06 0x03C1 len:13 [0m
[37m[18.498][linker]-[Debug]-[DjiProtocol_v1Unpack:215) <0xe41a>V1-Recv: 0x0300->0x0A06 0x221B [0m
[37m[18.499][linker]-[Debug]-[DjiCommand_RecvWork:1066)  <0xe41a>Receive msg from linker, 0x0300->0x0A06 0x221B len:9 [0m
[37m[18.499][linker]-[Debug]-[DjiCommand_DealCmd:919) received unsupport request cmd that noneed ack, <0xe41a> cmdset: 0x22 cmdid: 0x1B [0m
[37m[18.540][linker]-[Debug]-[DjiProtocol_v1Unpack:215) <0xe45f>V1-Recv: 0x0300->0x0A06 0x036C [0m
[37m[18.541][linker]-[Debug]-[DjiCommand_RecvWork:1066)  <0xe45f>Receive msg from linker, 0x0300->0x0A06 0x036C len:71 [0m
[37m[18.541][linker]-[Debug]-[DjiCommand_DealCmd:919) received unsupport request cmd that noneed ack, <0xe45f> cmdset: 0x03 cmdid: 0x6C [0m
[37m[18.558][linker]-[Debug]-[DjiProtocol_v1Unpack:215) <0xe487>V1-Recv: 0x0300->0x0A06 0x4900 [0m
[37m[18.559][linker]-[Debug]-[DjiCommand_RecvWork:1066)  <0xe487>Receive msg from linker, 0x0300->0x0A06 0x4900 len:14 [0m
[37m[18.559][linker]-[Debug]-[DjiProtocol_v1Pack:123) <0xe487>V1-Send: 0x0A06->0x0300 0x4900 [0m
[37m[18.576][linker]-[Debug]-[DjiProtocol_v1Unpack:215) <0xe4a4>V1-Recv: 0x0306->0x0A06 0x03C1 [0m
[37m[18.577][linker]-[Debug]-[DjiCommand_RecvWork:1066)  <0xe4a4>Receive msg from linker, 0x0306->0x0A06 0x03C1 len:13 [0m
[37m[18.598][linker]-[Debug]-[DjiProtocol_v1Unpack:215) <0xe4d1>V1-Recv: 0x0300->0x0A06 0x221B [0m
[37m[18.598][linker]-[Debug]-[DjiCommand_RecvWork:1066)  <0xe4d1>Receive msg from linker, 0x0300->0x0A06 0x221B len:9 [0m
[37m[18.598][linker]-[Debug]-[DjiCommand_DealCmd:919) received unsupport request cmd that noneed ack, <0xe4d1> cmdset: 0x22 cmdid: 0x1B [0m
[37m[18.640][linker]-[Debug]-[DjiProtocol_v1Unpack:215) <0xe50e>V1-Recv: 0x0300->0x0A06 0x036C [0m
[37m[18.640][linker]-[Debug]-[DjiCommand_RecvWork:1066)  <0xe50e>Receive msg from linker, 0x0300->0x0A06 0x036C len:71 [0m
[37m[18.640][linker]-[Debug]-[DjiCommand_DealCmd:919) received unsupport request cmd that noneed ack, <0xe50e> cmdset: 0x03 cmdid: 0x6C [0m
[37m[18.654][linker]-[Debug]-[DjiProtocol_v1Pack:123) <0xdde8>V1-Send: 0x0A06->0x0200 0x3C10 [0m
[37m[18.654][linker]-[Debug]-[DjiProtocol_v1Pack:123) <0xdde9>V1-Send: 0x0A06->0x0A01 0x3C10 [0m
[37m[18.654][linker]-[Debug]-[DjiProtocol_v1Pack:123) <0xddea>V1-Send: 0x0A06->0x0300 0x3C10 [0m
[37m[18.661][linker]-[Debug]-[DjiProtocol_v1Unpack:215) <0xe53b>V1-Recv: 0x0300->0x0A06 0x0F74 [0m
[37m[18.661][linker]-[Debug]-[DjiProtocol_v1Unpack:215) <0xe53e>V1-Recv: 0x0300->0x0100 0x0406 [0m
[37m[18.661][linker]-[Debug]-[DjiProtocol_v1Unpack:215) <0xe53f>V1-Recv: 0x0300->0x0100 0x0407 [0m
[37m[18.661][linker]-[Debug]-[DjiProtocol_v1Unpack:215) <0xe540>V1-Recv: 0x0300->0x0A06 0x4900 [0m
[37m[18.662][linker]-[Debug]-[DjiCommand_RecvWork:1066)  <0xe53b>Receive msg from linker, 0x0300->0x0A06 0x0F74 len:28 [0m
[37m[18.662][linker]-[Debug]-[DjiCommand_DealCmd:919) received unsupport request cmd that noneed ack, <0xe53b> cmdset: 0x0F cmdid: 0x74 [0m
[37m[18.663][linker]-[Debug]-[DjiCommand_RecvWork:1066)  <0xe53e>Receive msg from linker, 0x0300->0x0100 0x0406 len:12 [0m
[37m[18.663][linker]-[Debug]-[DjiCommand_DealCmd:919) received unsupport request cmd that noneed ack, <0xe53e> cmdset: 0x04 cmdid: 0x06 [0m
[37m[18.664][linker]-[Debug]-[DjiCommand_RecvWork:1066)  <0xe53f>Receive msg from linker, 0x0300->0x0100 0x0407 len:1 [0m
[37m[18.664][linker]-[Debug]-[DjiCommand_DealCmd:919) received unsupport request cmd that noneed ack, <0xe53f> cmdset: 0x04 cmdid: 0x07 [0m
[37m[18.665][linker]-[Debug]-[DjiCommand_RecvWork:1066)  <0xe540>Receive msg from linker, 0x0300->0x0A06 0x4900 len:14 [0m
[37m[18.665][linker]-[Debug]-[DjiProtocol_v1Pack:123) <0xe540>V1-Send: 0x0A06->0x0300 0x4900 [0m
[37m[18.676][linker]-[Debug]-[DjiProtocol_v1Unpack:215) <0xe55e>V1-Recv: 0x0306->0x0A06 0x03C1 [0m
[37m[18.677][linker]-[Debug]-[DjiCommand_RecvWork:1066)  <0xe55e>Receive msg from linker, 0x0306->0x0A06 0x03C1 len:13 [0m
[37m[18.680][linker]-[Debug]-[DjiProtocol_v1Unpack:215) <0x378f>V1-Recv: 0x0A01->0x0A06 0x3C45 [0m
[37m[18.680][linker]-[Debug]-[DjiCommand_RecvWork:1066)  <0x378f>Receive msg from linker, 0x0A01->0x0A06 0x3C45 len:0 [0m
[37m[18.680][upgrade]-[Debug]-[DjiUpgrade_GetUpgradeServiceInfo:239) Get upgrade service info [0m
[37m[18.680][linker]-[Debug]-[DjiProtocol_v1Pack:123) <0x378f>V1-Send: 0x0A06->0x0A01 0x3C45 [0m
[37m[18.698][linker]-[Debug]-[DjiProtocol_v1Unpack:215) <0xe588>V1-Recv: 0x0300->0x0A06 0x221B [0m
[37m[18.698][linker]-[Debug]-[DjiCommand_RecvWork:1066)  <0xe588>Receive msg from linker, 0x0300->0x0A06 0x221B len:9 [0m
[37m[18.698][linker]-[Debug]-[DjiCommand_DealCmd:919) received unsupport request cmd that noneed ack, <0xe588> cmdset: 0x22 cmdid: 0x1B [0m
[37m[18.740][linker]-[Debug]-[DjiProtocol_v1Unpack:215) <0xe5d1>V1-Recv: 0x0300->0x0A06 0x036C [0m
[37m[18.741][linker]-[Debug]-[DjiCommand_RecvWork:1066)  <0xe5d1>Receive msg from linker, 0x0300->0x0A06 0x036C len:71 [0m
[37m[18.741][linker]-[Debug]-[DjiCommand_DealCmd:919) received unsupport request cmd that noneed ack, <0xe5d1> cmdset: 0x03 cmdid: 0x6C [0m
[37m[18.758][linker]-[Debug]-[DjiProtocol_v1Unpack:215) <0xe603>V1-Recv: 0x0300->0x0A06 0x4900 [0m
[37m[18.759][linker]-[Debug]-[DjiCommand_RecvWork:1066)  <0xe603>Receive msg from linker, 0x0300->0x0A06 0x4900 len:14 [0m
[37m[18.759][linker]-[Debug]-[DjiProtocol_v1Pack:123) <0xe603>V1-Send: 0x0A06->0x0300 0x4900 [0m
[37m[18.777][linker]-[Debug]-[DjiProtocol_v1Unpack:215) <0xe625>V1-Recv: 0x0306->0x0A06 0x03C1 [0m
[37m[18.778][linker]-[Debug]-[DjiCommand_RecvWork:1066)  <0xe625>Receive msg from linker, 0x0306->0x0A06 0x03C1 len:13 [0m
[37m[18.797][linker]-[Debug]-[DjiProtocol_v1Unpack:215) <0xe653>V1-Recv: 0x0300->0x0A06 0x221B [0m
[37m[18.798][linker]-[Debug]-[DjiCommand_RecvWork:1066)  <0xe653>Receive msg from linker, 0x0300->0x0A06 0x221B len:9 [0m
[37m[18.798][linker]-[Debug]-[DjiCommand_DealCmd:919) received unsupport request cmd that noneed ack, <0xe653> cmdset: 0x22 cmdid: 0x1B [0m
[37m[18.803][linker]-[Debug]-[DjiProtocol_v1Unpack:215) <0xaeef>V1-Recv: 0x0202->0x0A06 0x0026 [0m
[37m[18.804][linker]-[Debug]-[DjiCommand_RecvWork:1066)  <0xaeef>Receive msg from linker, 0x0202->0x0A06 0x0026 len:37 [0m
[37m[18.804][linker]-[Debug]-[DjiCommand_DealCmd:919) received unsupport request cmd that need ack, <0xaeef> cmdset: 0x00 cmdid: 0x26 [0m
[37m[18.845][linker]-[Debug]-[DjiProtocol_v1Unpack:215) <0xe691>V1-Recv: 0x0306->0x0A06 0x03C1 [0m
[37m[18.845][linker]-[Debug]-[DjiProtocol_v1Unpack:215) <0xe693>V1-Recv: 0x0300->0x0A06 0x036C [0m
[37m[18.846][linker]-[Debug]-[DjiCommand_RecvWork:1066)  <0xe691>Receive msg from linker, 0x0306->0x0A06 0x03C1 len:126 [0m
[37m[18.847][linker]-[Debug]-[DjiCommand_RecvWork:1066)  <0xe693>Receive msg from linker, 0x0300->0x0A06 0x036C len:71 [0m
[37m[18.847][linker]-[Debug]-[DjiCommand_DealCmd:919) received unsupport request cmd that noneed ack, <0xe693> cmdset: 0x03 cmdid: 0x6C [0m
[37m[18.859][linker]-[Debug]-[DjiProtocol_v1Unpack:215) <0xe6bc>V1-Recv: 0x0300->0x0A06 0x4900 [0m
[37m[18.860][linker]-[Debug]-[DjiCommand_RecvWork:1066)  <0xe6bc>Receive msg from linker, 0x0300->0x0A06 0x4900 len:14 [0m
[37m[18.860][linker]-[Debug]-[DjiProtocol_v1Pack:123) <0xe6bc>V1-Send: 0x0A06->0x0300 0x4900 [0m
[37m[18.868][linker]-[Debug]-[DjiProtocol_v1Pack:123) <0xddeb>V1-Send: 0x0A06->0x0200 0x3C10 [0m
[37m[18.868][linker]-[Debug]-[DjiProtocol_v1Pack:123) <0xddec>V1-Send: 0x0A06->0x0A01 0x3C10 [0m
[37m[18.868][linker]-[Debug]-[DjiProtocol_v1Pack:123) <0xdded>V1-Send: 0x0A06->0x0300 0x3C10 [0m
[37m[18.876][linker]-[Debug]-[DjiProtocol_v1Unpack:215) <0xe6d9>V1-Recv: 0x0306->0x0A06 0x03C1 [0m
[37m[18.878][linker]-[Debug]-[DjiCommand_RecvWork:1066)  <0xe6d9>Receive msg from linker, 0x0306->0x0A06 0x03C1 len:13 [0m
[32m[18.879][user]-[Info]-[UserFcSubscription_Task:453) Current speed: 0.000000.
 [0m
[32m[18.879][user]-[Info]-[UserFcSubscription_Task:639) Displaymode status: 6. [0m
[37m[18.882][linker]-[Debug]-[DjiProtocol_v1Unpack:215) <0x3790>V1-Recv: 0x0A01->0x0A06 0x3C45 [0m
[37m[18.882][linker]-[Debug]-[DjiCommand_RecvWork:1066)  <0x3790>Receive msg from linker, 0x0A01->0x0A06 0x3C45 len:0 [0m
[37m[18.882][upgrade]-[Debug]-[DjiUpgrade_GetUpgradeServiceInfo:239) Get upgrade service info [0m
[37m[18.882][linker]-[Debug]-[DjiProtocol_v1Pack:123) <0x3790>V1-Send: 0x0A06->0x0A01 0x3C45 [0m
[37m[18.898][linker]-[Debug]-[DjiProtocol_v1Unpack:215) <0x59a>V1-Recv: 0x0701->0x0A06 0x0000 [0m
[37m[18.898][linker]-[Debug]-[DjiProtocol_v1Unpack:215) <0xe701>V1-Recv: 0x0300->0x0A06 0x221B [0m
[37m[18.898][linker]-[Debug]-[DjiCommand_RecvWork:1066)  <0x59a>Receive msg from linker, 0x0701->0x0A06 0x0000 len:16 [0m
[37m[18.898][linker]-[Debug]-[DjiProtocol_v1Pack:123) <0x59a>V1-Send: 0x0A06->0x0701 0x0000 [0m
[37m[18.899][linker]-[Debug]-[DjiCommand_RecvWork:1066)  <0xe701>Receive msg from linker, 0x0300->0x0A06 0x221B len:9 [0m
[37m[18.899][linker]-[Debug]-[DjiCommand_DealCmd:919) received unsupport request cmd that noneed ack, <0xe701> cmdset: 0x22 cmdid: 0x1B [0m
[37m[18.940][linker]-[Debug]-[DjiProtocol_v1Unpack:215) <0xe744>V1-Recv: 0x0300->0x0A06 0x036C [0m
[37m[18.941][linker]-[Debug]-[DjiCommand_RecvWork:1066)  <0xe744>Receive msg from linker, 0x0300->0x0A06 0x036C len:71 [0m
[37m[18.941][linker]-[Debug]-[DjiCommand_DealCmd:919) received unsupport request cmd that noneed ack, <0xe744> cmdset: 0x03 cmdid: 0x6C [0m
[37m[18.959][linker]-[Debug]-[DjiProtocol_v1Unpack:215) <0xe771>V1-Recv: 0x0300->0x0A06 0x4900 [0m
[37m[18.959][linker]-[Debug]-[DjiCommand_RecvWork:1066)  <0xe771>Receive msg from linker, 0x0300->0x0A06 0x4900 len:14 [0m
[37m[18.959][linker]-[Debug]-[DjiProtocol_v1Pack:123) <0xe771>V1-Send: 0x0A06->0x0300 0x4900 [0m
[37m[18.977][linker]-[Debug]-[DjiProtocol_v1Unpack:215) <0xe78e>V1-Recv: 0x0306->0x0A06 0x03C1 [0m
[37m[18.977][linker]-[Debug]-[DjiCommand_RecvWork:1066)  <0xe78e>Receive msg from linker, 0x0306->0x0A06 0x03C1 len:13 [0m
[37m[18.998][linker]-[Debug]-[DjiProtocol_v1Unpack:215) <0xe7b8>V1-Recv: 0x0300->0x0A06 0x221B [0m
[37m[18.998][linker]-[Debug]-[DjiCommand_RecvWork:1066)  <0xe7b8>Receive msg from linker, 0x0300->0x0A06 0x221B len:9 [0m
[37m[18.998][linker]-[Debug]-[DjiCommand_DealCmd:919) received unsupport request cmd that noneed ack, <0xe7b8> cmdset: 0x22 cmdid: 0x1B [0m
[37m[19.040][linker]-[Debug]-[DjiProtocol_v1Unpack:215) <0xe7f7>V1-Recv: 0x0300->0x0A06 0x036C [0m
[37m[19.041][linker]-[Debug]-[DjiCommand_RecvWork:1066)  <0xe7f7>Receive msg from linker, 0x0300->0x0A06 0x036C len:71 [0m
[37m[19.041][linker]-[Debug]-[DjiCommand_DealCmd:919) received unsupport request cmd that noneed ack, <0xe7f7> cmdset: 0x03 cmdid: 0x6C [0m
[37m[19.058][linker]-[Debug]-[DjiProtocol_v1Unpack:215) <0xe81f>V1-Recv: 0x0300->0x0A06 0x4900 [0m
[37m[19.059][linker]-[Debug]-[DjiCommand_RecvWork:1066)  <0xe81f>Receive msg from linker, 0x0300->0x0A06 0x4900 len:14 [0m
[37m[19.059][linker]-[Debug]-[DjiProtocol_v1Pack:123) <0xe81f>V1-Send: 0x0A06->0x0300 0x4900 [0m
[37m[19.077][linker]-[Debug]-[DjiProtocol_v1Unpack:215) <0xe83a>V1-Recv: 0x0306->0x0A06 0x03C1 [0m
[37m[19.077][linker]-[Debug]-[DjiCommand_RecvWork:1066)  <0xe83a>Receive msg from linker, 0x0306->0x0A06 0x03C1 len:13 [0m
[37m[19.080][linker]-[Debug]-[DjiProtocol_v1Pack:123) <0xddee>V1-Send: 0x0A06->0x0300 0x0000 [0m
[37m[19.080][infor]-[Debug]-[DjiAircraftConnection_CheckExtensionPortConnectStatusByV1Protocol:170) check connect status:1 [0m
[37m[19.081][linker]-[Debug]-[DjiProtocol_v1Pack:123) <0xddef>V1-Send: 0x0A06->0x0200 0x3C10 [0m
[37m[19.081][linker]-[Debug]-[DjiProtocol_v1Pack:123) <0xddf0>V1-Send: 0x0A06->0x0A01 0x3C10 [0m
[37m[19.081][linker]-[Debug]-[DjiProtocol_v1Pack:123) <0xddf1>V1-Send: 0x0A06->0x0300 0x3C10 [0m
[37m[19.098][linker]-[Debug]-[DjiProtocol_v1Unpack:215) <0xddee>V1-Recv: 0x0300->0x0A06 0x0000 [0m
[37m[19.098][linker]-[Debug]-[DjiProtocol_v1Unpack:215) <0xe864>V1-Recv: 0x0300->0x0A06 0x221B [0m
[37m[19.098][linker]-[Debug]-[DjiCommand_RecvWork:1066)  <0xddee>Receive msg from linker, 0x0300->0x0A06 0x0000 len:0 [0m
[37m[19.098][infor]-[Debug]-[DjiAircraftInfo_CheckPingStatusAsyncCallback:269) connect status async sucess [0m
[37m[19.098][linker]-[Debug]-[DjiCommand_DealCmd:830) callback function (cmdset: 0x00 cmdid: 0x00) deal time: 0 ms [0m
[37m[19.099][linker]-[Debug]-[DjiCommand_RecvWork:1066)  <0xe864>Receive msg from linker, 0x0300->0x0A06 0x221B len:9 [0m
[37m[19.099][linker]-[Debug]-[DjiCommand_DealCmd:919) received unsupport request cmd that noneed ack, <0xe864> cmdset: 0x22 cmdid: 0x1B [0m
[37m[19.101][linker]-[Debug]-[DjiProtocol_v1Unpack:215) <0x3791>V1-Recv: 0x0A01->0x0A06 0x3C45 [0m
[37m[19.102][linker]-[Debug]-[DjiCommand_RecvWork:1066)  <0x3791>Receive msg from linker, 0x0A01->0x0A06 0x3C45 len:0 [0m
[37m[19.102][upgrade]-[Debug]-[DjiUpgrade_GetUpgradeServiceInfo:239) Get upgrade service info [0m
[37m[19.102][linker]-[Debug]-[DjiProtocol_v1Pack:123) <0x3791>V1-Send: 0x0A06->0x0A01 0x3C45 [0m
[37m[19.140][linker]-[Debug]-[DjiProtocol_v1Unpack:215) <0xe8ab>V1-Recv: 0x0300->0x0A06 0x036C [0m
[37m[19.141][linker]-[Debug]-[DjiCommand_RecvWork:1066)  <0xe8ab>Receive msg from linker, 0x0300->0x0A06 0x036C len:71 [0m
[37m[19.141][linker]-[Debug]-[DjiCommand_DealCmd:919) received unsupport request cmd that noneed ack, <0xe8ab> cmdset: 0x03 cmdid: 0x6C [0m
[37m[19.159][linker]-[Debug]-[DjiProtocol_v1Unpack:215) <0xe8d3>V1-Recv: 0x0300->0x0100 0x0405 [0m
[37m[19.159][linker]-[Debug]-[DjiProtocol_v1Unpack:215) <0xe8d4>V1-Recv: 0x0300->0x0A06 0x4900 [0m
[37m[19.160][linker]-[Debug]-[DjiCommand_RecvWork:1066)  <0xe8d3>Receive msg from linker, 0x0300->0x0100 0x0405 len:22 [0m
[37m[19.160][linker]-[Debug]-[DjiCommand_DealCmd:919) received unsupport request cmd that noneed ack, <0xe8d3> cmdset: 0x04 cmdid: 0x05 [0m
[37m[19.161][linker]-[Debug]-[DjiCommand_RecvWork:1066)  <0xe8d4>Receive msg from linker, 0x0300->0x0A06 0x4900 len:14 [0m
[37m[19.161][linker]-[Debug]-[DjiProtocol_v1Pack:123) <0xe8d4>V1-Send: 0x0A06->0x0300 0x4900 [0m
[37m[19.177][linker]-[Debug]-[DjiProtocol_v1Unpack:215) <0xe8f4>V1-Recv: 0x0306->0x0A06 0x03C1 [0m
[37m[19.178][linker]-[Debug]-[DjiCommand_RecvWork:1066)  <0xe8f4>Receive msg from linker, 0x0306->0x0A06 0x03C1 len:13 [0m
[37m[19.197][linker]-[Debug]-[DjiProtocol_v1Unpack:215) <0xe920>V1-Recv: 0x0300->0x0A06 0x221B [0m
[37m[19.198][linker]-[Debug]-[DjiCommand_RecvWork:1066)  <0xe920>Receive msg from linker, 0x0300->0x0A06 0x221B len:9 [0m
[37m[19.198][linker]-[Debug]-[DjiCommand_DealCmd:919) received unsupport request cmd that noneed ack, <0xe920> cmdset: 0x22 cmdid: 0x1B [0m
[37m[19.199][utils]-[Debug]-[DjiCore_RootTask:131) work execution time: [0m
[37m[19.199][utils]-[Debug]-[DjiCore_RootTask:132) name	                execution time (ms)	  max execution time (ms) [0m
[37m[19.199][utils]-[Debug]-[DjiCore_RootTask:134) recorderWork                    	0       	1        [0m
[37m[19.199][utils]-[Debug]-[DjiCore_RootTask:134) flowControllerTask              	0       	0        [0m
[37m[19.199][utils]-[Debug]-[DjiCore_RootTask:134) commandTask                     	0       	1        [0m
[37m[19.199][utils]-[Debug]-[DjiCore_RootTask:134) aircraftWorkNode                	0       	0        [0m
[37m[19.199][utils]-[Debug]-[DjiCore_RootTask:134) StatePushWork                   	1       	1        [0m
[37m[19.240][linker]-[Debug]-[DjiProtocol_v1Unpack:215) <0xe961>V1-Recv: 0x0300->0x0A06 0x036C [0m
[37m[19.241][linker]-[Debug]-[DjiCommand_RecvWork:1066)  <0xe961>Receive msg from linker, 0x0300->0x0A06 0x036C len:71 [0m
[37m[19.241][linker]-[Debug]-[DjiCommand_DealCmd:919) received unsupport request cmd that noneed ack, <0xe961> cmdset: 0x03 cmdid: 0x6C [0m
[37m[19.259][linker]-[Debug]-[DjiProtocol_v1Unpack:215) <0xe98f>V1-Recv: 0x0300->0x0A06 0x4900 [0m
[37m[19.259][linker]-[Debug]-[DjiCommand_RecvWork:1066)  <0xe98f>Receive msg from linker, 0x0300->0x0A06 0x4900 len:14 [0m
[37m[19.259][linker]-[Debug]-[DjiProtocol_v1Pack:123) <0xe98f>V1-Send: 0x0A06->0x0300 0x4900 [0m
[37m[19.277][linker]-[Debug]-[DjiProtocol_v1Unpack:215) <0xe9b1>V1-Recv: 0x0306->0x0A06 0x03C1 [0m
[37m[19.277][linker]-[Debug]-[DjiCommand_RecvWork:1066)  <0xe9b1>Receive msg from linker, 0x0306->0x0A06 0x03C1 len:13 [0m
[37m[19.294][linker]-[Debug]-[DjiProtocol_v1Pack:123) <0xddf2>V1-Send: 0x0A06->0x0200 0x3C10 [0m
[37m[19.294][linker]-[Debug]-[DjiProtocol_v1Pack:123) <0xddf3>V1-Send: 0x0A06->0x0A01 0x3C10 [0m
[37m[19.294][linker]-[Debug]-[DjiProtocol_v1Pack:123) <0xddf4>V1-Send: 0x0A06->0x0300 0x3C10 [0m
[37m[19.297][linker]-[Debug]-[DjiProtocol_v1Unpack:215) <0xe9e3>V1-Recv: 0x0300->0x0A06 0x221B [0m
[37m[19.298][linker]-[Debug]-[DjiCommand_RecvWork:1066)  <0xe9e3>Receive msg from linker, 0x0300->0x0A06 0x221B len:9 [0m
[37m[19.298][linker]-[Debug]-[DjiCommand_DealCmd:919) received unsupport request cmd that noneed ack, <0xe9e3> cmdset: 0x22 cmdid: 0x1B [0m
[37m[19.319][linker]-[Debug]-[DjiProtocol_v1Unpack:215) <0x3794>V1-Recv: 0x0A01->0x0A06 0x3C45 [0m
[37m[19.319][linker]-[Debug]-[DjiCommand_RecvWork:1066)  <0x3794>Receive msg from linker, 0x0A01->0x0A06 0x3C45 len:0 [0m
[37m[19.319][upgrade]-[Debug]-[DjiUpgrade_GetUpgradeServiceInfo:239) Get upgrade service info [0m
[37m[19.319][linker]-[Debug]-[DjiProtocol_v1Pack:123) <0x3794>V1-Send: 0x0A06->0x0A01 0x3C45 [0m
[37m[19.340][linker]-[Debug]-[DjiProtocol_v1Unpack:215) <0xea27>V1-Recv: 0x0300->0x0A06 0x036C [0m
[37m[19.340][linker]-[Debug]-[DjiCommand_RecvWork:1066)  <0xea27>Receive msg from linker, 0x0300->0x0A06 0x036C len:71 [0m
[37m[19.340][linker]-[Debug]-[DjiCommand_DealCmd:919) received unsupport request cmd that noneed ack, <0xea27> cmdset: 0x03 cmdid: 0x6C [0m
[37m[19.358][linker]-[Debug]-[DjiProtocol_v1Unpack:215) <0xea4f>V1-Recv: 0x0300->0x0A06 0x4900 [0m
[37m[19.358][linker]-[Debug]-[DjiCommand_RecvWork:1066)  <0xea4f>Receive msg from linker, 0x0300->0x0A06 0x4900 len:14 [0m
[37m[19.358][linker]-[Debug]-[DjiProtocol_v1Pack:123) <0xea4f>V1-Send: 0x0A06->0x0300 0x4900 [0m
[37m[19.377][linker]-[Debug]-[DjiProtocol_v1Unpack:215) <0xea6f>V1-Recv: 0x0306->0x0A06 0x03C1 [0m
[37m[19.378][linker]-[Debug]-[DjiCommand_RecvWork:1066)  <0xea6f>Receive msg from linker, 0x0306->0x0A06 0x03C1 len:13 [0m
[37m[19.398][linker]-[Debug]-[DjiProtocol_v1Unpack:215) <0xea9b>V1-Recv: 0x0300->0x0A06 0x221B [0m
[37m[19.398][linker]-[Debug]-[DjiCommand_RecvWork:1066)  <0xea9b>Receive msg from linker, 0x0300->0x0A06 0x221B len:9 [0m
[37m[19.398][linker]-[Debug]-[DjiCommand_DealCmd:919) received unsupport request cmd that noneed ack, <0xea9b> cmdset: 0x22 cmdid: 0x1B [0m
[37m[19.440][linker]-[Debug]-[DjiProtocol_v1Unpack:215) <0xeadc>V1-Recv: 0x0300->0x0A06 0x036C [0m
[37m[19.441][linker]-[Debug]-[DjiCommand_RecvWork:1066)  <0xeadc>Receive msg from linker, 0x0300->0x0A06 0x036C len:71 [0m
[37m[19.441][linker]-[Debug]-[DjiCommand_DealCmd:919) received unsupport request cmd that noneed ack, <0xeadc> cmdset: 0x03 cmdid: 0x6C [0m
[37m[19.452][linker]-[Debug]-[DjiProtocol_v1Unpack:215) <0x1748>V1-Recv: 0x1D07->0x0A06 0x2105 [0m
[37m[19.452][linker]-[Debug]-[DjiCommand_RecvWork:1066)  <0x1748>Receive msg from linker, 0x1D07->0x0A06 0x2105 len:1 [0m
[37m[19.452][linker]-[Debug]-[DjiCommand_DealCmd:919) received unsupport request cmd that need ack, <0x1748> cmdset: 0x21 cmdid: 0x05 [0m
[37m[19.458][linker]-[Debug]-[DjiProtocol_v1Unpack:215) <0xeb02>V1-Recv: 0x0300->0x0A06 0x4900 [0m
[37m[19.459][linker]-[Debug]-[DjiCommand_RecvWork:1066)  <0xeb02>Receive msg from linker, 0x0300->0x0A06 0x4900 len:14 [0m
[37m[19.459][linker]-[Debug]-[DjiProtocol_v1Pack:123) <0xeb02>V1-Send: 0x0A06->0x0300 0x4900 [0m
[37m[19.477][linker]-[Debug]-[DjiProtocol_v1Unpack:215) <0xeb1d>V1-Recv: 0x0306->0x0A06 0x03C1 [0m
[37m[19.478][linker]-[Debug]-[DjiCommand_RecvWork:1066)  <0xeb1d>Receive msg from linker, 0x0306->0x0A06 0x03C1 len:13 [0m
[37m[19.498][linker]-[Debug]-[DjiProtocol_v1Unpack:215) <0xeb46>V1-Recv: 0x0300->0x0A06 0x221B [0m
[37m[19.498][linker]-[Debug]-[DjiCommand_RecvWork:1066)  <0xeb46>Receive msg from linker, 0x0300->0x0A06 0x221B len:9 [0m
[37m[19.498][linker]-[Debug]-[DjiCommand_DealCmd:919) received unsupport request cmd that noneed ack, <0xeb46> cmdset: 0x22 cmdid: 0x1B [0m
[37m[19.508][linker]-[Debug]-[DjiProtocol_v1Pack:123) <0xddf5>V1-Send: 0x0A06->0x0200 0x3C10 [0m
[37m[19.508][linker]-[Debug]-[DjiProtocol_v1Pack:123) <0xddf6>V1-Send: 0x0A06->0x0A01 0x3C10 [0m
[37m[19.508][linker]-[Debug]-[DjiProtocol_v1Pack:123) <0xddf7>V1-Send: 0x0A06->0x0300 0x3C10 [0m
[37m[19.541][linker]-[Debug]-[DjiProtocol_v1Unpack:215) <0xeb89>V1-Recv: 0x0300->0x0A06 0x036C [0m
[37m[19.541][linker]-[Debug]-[DjiProtocol_v1Unpack:215) <0x3795>V1-Recv: 0x0A01->0x0A06 0x3C45 [0m
[37m[19.541][linker]-[Debug]-[DjiCommand_RecvWork:1066)  <0xeb89>Receive msg from linker, 0x0300->0x0A06 0x036C len:71 [0m
[37m[19.541][linker]-[Debug]-[DjiCommand_DealCmd:919) received unsupport request cmd that noneed ack, <0xeb89> cmdset: 0x03 cmdid: 0x6C [0m
[37m[19.542][linker]-[Debug]-[DjiCommand_RecvWork:1066)  <0x3795>Receive msg from linker, 0x0A01->0x0A06 0x3C45 len:0 [0m
[37m[19.542][upgrade]-[Debug]-[DjiUpgrade_GetUpgradeServiceInfo:239) Get upgrade service info [0m
[37m[19.542][linker]-[Debug]-[DjiProtocol_v1Pack:123) <0x3795>V1-Send: 0x0A06->0x0A01 0x3C45 [0m
[37m[19.558][linker]-[Debug]-[DjiProtocol_v1Unpack:215) <0xebb5>V1-Recv: 0x0300->0x0A06 0x4900 [0m
[37m[19.558][linker]-[Debug]-[DjiCommand_RecvWork:1066)  <0xebb5>Receive msg from linker, 0x0300->0x0A06 0x4900 len:14 [0m
[37m[19.558][linker]-[Debug]-[DjiProtocol_v1Pack:123) <0xebb5>V1-Send: 0x0A06->0x0300 0x4900 [0m
[37m[19.576][linker]-[Debug]-[DjiProtocol_v1Unpack:215) <0xebd3>V1-Recv: 0x0306->0x0A06 0x03C1 [0m
[37m[19.577][linker]-[Debug]-[DjiCommand_RecvWork:1066)  <0xebd3>Receive msg from linker, 0x0306->0x0A06 0x03C1 len:13 [0m
[37m[19.598][linker]-[Debug]-[DjiProtocol_v1Unpack:215) <0xec01>V1-Recv: 0x0300->0x0A06 0x221B [0m
[37m[19.598][linker]-[Debug]-[DjiCommand_RecvWork:1066)  <0xec01>Receive msg from linker, 0x0300->0x0A06 0x221B len:9 [0m
[37m[19.598][linker]-[Debug]-[DjiCommand_DealCmd:919) received unsupport request cmd that noneed ack, <0xec01> cmdset: 0x22 cmdid: 0x1B [0m
[37m[19.640][linker]-[Debug]-[DjiProtocol_v1Unpack:215) <0xec40>V1-Recv: 0x0300->0x0A06 0x036C [0m
[37m[19.640][linker]-[Debug]-[DjiCommand_RecvWork:1066)  <0xec40>Receive msg from linker, 0x0300->0x0A06 0x036C len:71 [0m
[37m[19.640][linker]-[Debug]-[DjiCommand_DealCmd:919) received unsupport request cmd that noneed ack, <0xec40> cmdset: 0x03 cmdid: 0x6C [0m
[37m[19.662][linker]-[Debug]-[DjiProtocol_v1Unpack:215) <0xec68>V1-Recv: 0x0300->0x0A06 0x0F74 [0m
[37m[19.662][linker]-[Debug]-[DjiProtocol_v1Unpack:215) <0xec6b>V1-Recv: 0x0300->0x0100 0x0406 [0m
[37m[19.662][linker]-[Debug]-[DjiProtocol_v1Unpack:215) <0xec6c>V1-Recv: 0x0300->0x0100 0x0407 [0m
[37m[19.662][linker]-[Debug]-[DjiProtocol_v1Unpack:215) <0xec6d>V1-Recv: 0x0300->0x0A06 0x4900 [0m
[37m[19.662][linker]-[Debug]-[DjiCommand_RecvWork:1066)  <0xec68>Receive msg from linker, 0x0300->0x0A06 0x0F74 len:28 [0m
[37m[19.662][linker]-[Debug]-[DjiCommand_DealCmd:919) received unsupport request cmd that noneed ack, <0xec68> cmdset: 0x0F cmdid: 0x74 [0m
[37m[19.663][linker]-[Debug]-[DjiCommand_RecvWork:1066)  <0xec6b>Receive msg from linker, 0x0300->0x0100 0x0406 len:12 [0m
[37m[19.663][linker]-[Debug]-[DjiCommand_DealCmd:919) received unsupport request cmd that noneed ack, <0xec6b> cmdset: 0x04 cmdid: 0x06 [0m
[37m[19.664][linker]-[Debug]-[DjiCommand_RecvWork:1066)  <0xec6c>Receive msg from linker, 0x0300->0x0100 0x0407 len:1 [0m
[37m[19.664][linker]-[Debug]-[DjiCommand_DealCmd:919) received unsupport request cmd that noneed ack, <0xec6c> cmdset: 0x04 cmdid: 0x07 [0m
[37m[19.665][linker]-[Debug]-[DjiCommand_RecvWork:1066)  <0xec6d>Receive msg from linker, 0x0300->0x0A06 0x4900 len:14 [0m
[37m[19.665][linker]-[Debug]-[DjiProtocol_v1Pack:123) <0xec6d>V1-Send: 0x0A06->0x0300 0x4900 [0m
[37m[19.677][linker]-[Debug]-[DjiProtocol_v1Unpack:215) <0xec88>V1-Recv: 0x0306->0x0A06 0x03C1 [0m
[37m[19.677][linker]-[Debug]-[DjiCommand_RecvWork:1066)  <0xec88>Receive msg from linker, 0x0306->0x0A06 0x03C1 len:13 [0m
[37m[19.698][linker]-[Debug]-[DjiProtocol_v1Unpack:215) <0xecb2>V1-Recv: 0x0300->0x0A06 0x221B [0m
[37m[19.698][linker]-[Debug]-[DjiCommand_RecvWork:1066)  <0xecb2>Receive msg from linker, 0x0300->0x0A06 0x221B len:9 [0m
[37m[19.698][linker]-[Debug]-[DjiCommand_DealCmd:919) received unsupport request cmd that noneed ack, <0xecb2> cmdset: 0x22 cmdid: 0x1B [0m
[37m[19.721][linker]-[Debug]-[DjiProtocol_v1Pack:123) <0xddf8>V1-Send: 0x0A06->0x0200 0x3C10 [0m
[37m[19.721][linker]-[Debug]-[DjiProtocol_v1Pack:123) <0xddf9>V1-Send: 0x0A06->0x0A01 0x3C10 [0m
[37m[19.721][linker]-[Debug]-[DjiProtocol_v1Pack:123) <0xddfa>V1-Send: 0x0A06->0x0300 0x3C10 [0m
[37m[19.741][linker]-[Debug]-[DjiProtocol_v1Unpack:215) <0xecfe>V1-Recv: 0x0300->0x0A06 0x036C [0m
[37m[19.741][linker]-[Debug]-[DjiProtocol_v1Unpack:215) <0x3796>V1-Recv: 0x0A01->0x0A06 0x3C45 [0m
[37m[19.741][linker]-[Debug]-[DjiCommand_RecvWork:1066)  <0xecfe>Receive msg from linker, 0x0300->0x0A06 0x036C len:71 [0m
[37m[19.741][linker]-[Debug]-[DjiCommand_DealCmd:919) received unsupport request cmd that noneed ack, <0xecfe> cmdset: 0x03 cmdid: 0x6C [0m
[37m[19.742][linker]-[Debug]-[DjiCommand_RecvWork:1066)  <0x3796>Receive msg from linker, 0x0A01->0x0A06 0x3C45 len:0 [0m
[37m[19.742][upgrade]-[Debug]-[DjiUpgrade_GetUpgradeServiceInfo:239) Get upgrade service info [0m
[37m[19.742][linker]-[Debug]-[DjiProtocol_v1Pack:123) <0x3796>V1-Send: 0x0A06->0x0A01 0x3C45 [0m
[37m[19.759][linker]-[Debug]-[DjiProtocol_v1Unpack:215) <0xed30>V1-Recv: 0x0300->0x0A06 0x4900 [0m
[37m[19.759][linker]-[Debug]-[DjiCommand_RecvWork:1066)  <0xed30>Receive msg from linker, 0x0300->0x0A06 0x4900 len:14 [0m
[37m[19.759][linker]-[Debug]-[DjiProtocol_v1Pack:123) <0xed30>V1-Send: 0x0A06->0x0300 0x4900 [0m
[37m[19.777][linker]-[Debug]-[DjiProtocol_v1Unpack:215) <0xed4f>V1-Recv: 0x0306->0x0A06 0x03C1 [0m
[37m[19.777][linker]-[Debug]-[DjiCommand_RecvWork:1066)  <0xed4f>Receive msg from linker, 0x0306->0x0A06 0x03C1 len:13 [0m
[37m[19.798][linker]-[Debug]-[DjiProtocol_v1Unpack:215) <0xed7c>V1-Recv: 0x0300->0x0A06 0x221B [0m
[37m[19.798][linker]-[Debug]-[DjiCommand_RecvWork:1066)  <0xed7c>Receive msg from linker, 0x0300->0x0A06 0x221B len:9 [0m
[37m[19.798][linker]-[Debug]-[DjiCommand_DealCmd:919) received unsupport request cmd that noneed ack, <0xed7c> cmdset: 0x22 cmdid: 0x1B [0m
[37m[19.811][linker]-[Debug]-[DjiProtocol_v1Unpack:215) <0xaeef>V1-Recv: 0x0202->0x0A06 0x0026 [0m
[37m[19.811][linker]-[Debug]-[DjiCommand_RecvWork:1066)  <0xaeef>Receive msg from linker, 0x0202->0x0A06 0x0026 len:37 [0m
[37m[19.811][linker]-[Debug]-[DjiCommand_DealCmd:919) received unsupport request cmd that need ack, <0xaeef> cmdset: 0x00 cmdid: 0x26 [0m
[37m[19.845][linker]-[Debug]-[DjiProtocol_v1Unpack:215) <0xedb8>V1-Recv: 0x0306->0x0A06 0x03C1 [0m
[37m[19.845][linker]-[Debug]-[DjiProtocol_v1Unpack:215) <0xedba>V1-Recv: 0x0300->0x0A06 0x036C [0m
[37m[19.845][linker]-[Debug]-[DjiCommand_RecvWork:1066)  <0xedb8>Receive msg from linker, 0x0306->0x0A06 0x03C1 len:126 [0m
[37m[19.846][linker]-[Debug]-[DjiCommand_RecvWork:1066)  <0xedba>Receive msg from linker, 0x0300->0x0A06 0x036C len:71 [0m
[37m[19.846][linker]-[Debug]-[DjiCommand_DealCmd:919) received unsupport request cmd that noneed ack, <0xedba> cmdset: 0x03 cmdid: 0x6C [0m
[37m[19.859][linker]-[Debug]-[DjiProtocol_v1Unpack:215) <0xede3>V1-Recv: 0x0300->0x0A06 0x4900 [0m
[37m[19.860][linker]-[Debug]-[DjiCommand_RecvWork:1066)  <0xede3>Receive msg from linker, 0x0300->0x0A06 0x4900 len:14 [0m
[37m[19.860][linker]-[Debug]-[DjiProtocol_v1Pack:123) <0xede3>V1-Send: 0x0A06->0x0300 0x4900 [0m
[37m[19.877][linker]-[Debug]-[DjiProtocol_v1Unpack:215) <0xedfe>V1-Recv: 0x0306->0x0A06 0x03C1 [0m
[37m[19.877][linker]-[Debug]-[DjiCommand_RecvWork:1066)  <0xedfe>Receive msg from linker, 0x0306->0x0A06 0x03C1 len:13 [0m
[32m[19.880][user]-[Info]-[UserFcSubscription_Task:453) Current speed: 0.000000.
 [0m
[32m[19.880][user]-[Info]-[UserFcSubscription_Task:639) Displaymode status: 6. [0m
[37m[19.898][linker]-[Debug]-[DjiProtocol_v1Unpack:215) <0x59b>V1-Recv: 0x0701->0x0A06 0x0000 [0m
[37m[19.898][linker]-[Debug]-[DjiProtocol_v1Unpack:215) <0xee26>V1-Recv: 0x0300->0x0A06 0x221B [0m
[37m[19.898][linker]-[Debug]-[DjiCommand_RecvWork:1066)  <0x59b>Receive msg from linker, 0x0701->0x0A06 0x0000 len:16 [0m
[37m[19.898][linker]-[Debug]-[DjiProtocol_v1Pack:123) <0x59b>V1-Send: 0x0A06->0x0701 0x0000 [0m
[37m[19.899][linker]-[Debug]-[DjiCommand_RecvWork:1066)  <0xee26>Receive msg from linker, 0x0300->0x0A06 0x221B len:9 [0m
[37m[19.899][linker]-[Debug]-[DjiCommand_DealCmd:919) received unsupport request cmd that noneed ack, <0xee26> cmdset: 0x22 cmdid: 0x1B [0m
[37m[19.935][linker]-[Debug]-[DjiProtocol_v1Pack:123) <0xddfb>V1-Send: 0x0A06->0x0200 0x3C10 [0m
[37m[19.935][linker]-[Debug]-[DjiProtocol_v1Pack:123) <0xddfc>V1-Send: 0x0A06->0x0A01 0x3C10 [0m
[37m[19.935][linker]-[Debug]-[DjiProtocol_v1Pack:123) <0xddfd>V1-Send: 0x0A06->0x0300 0x3C10 [0m
[37m[19.940][linker]-[Debug]-[DjiProtocol_v1Unpack:215) <0xee69>V1-Recv: 0x0300->0x0A06 0x036C [0m
[37m[19.940][linker]-[Debug]-[DjiCommand_RecvWork:1066)  <0xee69>Receive msg from linker, 0x0300->0x0A06 0x036C len:71 [0m
[37m[19.940][linker]-[Debug]-[DjiCommand_DealCmd:919) received unsupport request cmd that noneed ack, <0xee69> cmdset: 0x03 cmdid: 0x6C [0m
[37m[19.959][linker]-[Debug]-[DjiProtocol_v1Unpack:215) <0xee96>V1-Recv: 0x0300->0x0A06 0x4900 [0m
[37m[19.959][linker]-[Debug]-[DjiProtocol_v1Unpack:215) <0x3798>V1-Recv: 0x0A01->0x0A06 0x3C45 [0m
[37m[19.960][linker]-[Debug]-[DjiCommand_RecvWork:1066)  <0xee96>Receive msg from linker, 0x0300->0x0A06 0x4900 len:14 [0m
[37m[19.960][linker]-[Debug]-[DjiProtocol_v1Pack:123) <0xee96>V1-Send: 0x0A06->0x0300 0x4900 [0m
[37m[19.961][linker]-[Debug]-[DjiCommand_RecvWork:1066)  <0x3798>Receive msg from linker, 0x0A01->0x0A06 0x3C45 len:0 [0m
[37m[19.961][upgrade]-[Debug]-[DjiUpgrade_GetUpgradeServiceInfo:239) Get upgrade service info [0m
[37m[19.961][linker]-[Debug]-[DjiProtocol_v1Pack:123) <0x3798>V1-Send: 0x0A06->0x0A01 0x3C45 [0m
[37m[19.976][linker]-[Debug]-[DjiProtocol_v1Unpack:215) <0xeeb3>V1-Recv: 0x0306->0x0A06 0x03C1 [0m
[37m[19.977][linker]-[Debug]-[DjiCommand_RecvWork:1066)  <0xeeb3>Receive msg from linker, 0x0306->0x0A06 0x03C1 len:13 [0m
[37m[19.998][linker]-[Debug]-[DjiProtocol_v1Unpack:215) <0xeedd>V1-Recv: 0x0300->0x0A06 0x221B [0m
[37m[19.998][linker]-[Debug]-[DjiCommand_RecvWork:1066)  <0xeedd>Receive msg from linker, 0x0300->0x0A06 0x221B len:9 [0m
[37m[19.998][linker]-[Debug]-[DjiCommand_DealCmd:919) received unsupport request cmd that noneed ack, <0xeedd> cmdset: 0x22 cmdid: 0x1B [0m
[37m[20.040][linker]-[Debug]-[DjiProtocol_v1Unpack:215) <0xef1a>V1-Recv: 0x0300->0x0A06 0x036C [0m
[37m[20.041][linker]-[Debug]-[DjiCommand_RecvWork:1066)  <0xef1a>Receive msg from linker, 0x0300->0x0A06 0x036C len:71 [0m
[37m[20.041][linker]-[Debug]-[DjiCommand_DealCmd:919) received unsupport request cmd that noneed ack, <0xef1a> cmdset: 0x03 cmdid: 0x6C [0m
[37m[20.058][linker]-[Debug]-[DjiProtocol_v1Unpack:215) <0xef41>V1-Recv: 0x0300->0x0A06 0x4900 [0m
[37m[20.059][linker]-[Debug]-[DjiCommand_RecvWork:1066)  <0xef41>Receive msg from linker, 0x0300->0x0A06 0x4900 len:14 [0m
[37m[20.059][linker]-[Debug]-[DjiProtocol_v1Pack:123) <0xef41>V1-Send: 0x0A06->0x0300 0x4900 [0m
[37m[20.077][linker]-[Debug]-[DjiProtocol_v1Unpack:215) <0xef5d>V1-Recv: 0x0306->0x0A06 0x03C1 [0m
[37m[20.078][linker]-[Debug]-[DjiCommand_RecvWork:1066)  <0xef5d>Receive msg from linker, 0x0306->0x0A06 0x03C1 len:13 [0m
[37m[20.097][linker]-[Debug]-[DjiProtocol_v1Unpack:215) <0xef84>V1-Recv: 0x0300->0x0A06 0x221B [0m
[37m[20.099][linker]-[Debug]-[DjiCommand_RecvWork:1066)  <0xef84>Receive msg from linker, 0x0300->0x0A06 0x221B len:9 [0m
[37m[20.099][linker]-[Debug]-[DjiCommand_DealCmd:919) received unsupport request cmd that noneed ack, <0xef84> cmdset: 0x22 cmdid: 0x1B [0m
[37m[20.140][linker]-[Debug]-[DjiProtocol_v1Unpack:215) <0xefcb>V1-Recv: 0x0300->0x0A06 0x036C [0m
[37m[20.140][linker]-[Debug]-[DjiCommand_RecvWork:1066)  <0xefcb>Receive msg from linker, 0x0300->0x0A06 0x036C len:71 [0m
[37m[20.140][linker]-[Debug]-[DjiCommand_DealCmd:919) received unsupport request cmd that noneed ack, <0xefcb> cmdset: 0x03 cmdid: 0x6C [0m
[37m[20.147][linker]-[Debug]-[DjiProtocol_v1Pack:123) <0xddfe>V1-Send: 0x0A06->0x0300 0x0000 [0m
[37m[20.147][infor]-[Debug]-[DjiAircraftConnection_CheckExtensionPortConnectStatusByV1Protocol:170) check connect status:1 [0m
[37m[20.149][linker]-[Debug]-[DjiProtocol_v1Pack:123) <0xddff>V1-Send: 0x0A06->0x0200 0x3C10 [0m
[37m[20.149][linker]-[Debug]-[DjiProtocol_v1Pack:123) <0xde00>V1-Send: 0x0A06->0x0A01 0x3C10 [0m
[37m[20.149][linker]-[Debug]-[DjiProtocol_v1Pack:123) <0xde01>V1-Send: 0x0A06->0x0300 0x3C10 [0m
[37m[20.160][linker]-[Debug]-[DjiProtocol_v1Unpack:215) <0xddfe>V1-Recv: 0x0300->0x0A06 0x0000 [0m
[37m[20.160][linker]-[Debug]-[DjiProtocol_v1Unpack:215) <0xeff5>V1-Recv: 0x0300->0x0100 0x0405 [0m
[37m[20.160][linker]-[Debug]-[DjiProtocol_v1Unpack:215) <0xeff6>V1-Recv: 0x0300->0x0A06 0x4900 [0m
[37m[20.160][linker]-[Debug]-[DjiCommand_RecvWork:1066)  <0xddfe>Receive msg from linker, 0x0300->0x0A06 0x0000 len:0 [0m
[37m[20.160][infor]-[Debug]-[DjiAircraftInfo_CheckPingStatusAsyncCallback:269) connect status async sucess [0m
[37m[20.160][linker]-[Debug]-[DjiCommand_DealCmd:830) callback function (cmdset: 0x00 cmdid: 0x00) deal time: 0 ms [0m
[37m[20.161][linker]-[Debug]-[DjiCommand_RecvWork:1066)  <0xeff5>Receive msg from linker, 0x0300->0x0100 0x0405 len:22 [0m
[37m[20.161][linker]-[Debug]-[DjiCommand_DealCmd:919) received unsupport request cmd that noneed ack, <0xeff5> cmdset: 0x04 cmdid: 0x05 [0m
[37m[20.162][linker]-[Debug]-[DjiCommand_RecvWork:1066)  <0xeff6>Receive msg from linker, 0x0300->0x0A06 0x4900 len:14 [0m
[37m[20.162][linker]-[Debug]-[DjiProtocol_v1Pack:123) <0xeff6>V1-Send: 0x0A06->0x0300 0x4900 [0m
[37m[20.177][linker]-[Debug]-[DjiProtocol_v1Unpack:215) <0xf014>V1-Recv: 0x0306->0x0A06 0x03C1 [0m
[37m[20.177][linker]-[Debug]-[DjiCommand_RecvWork:1066)  <0xf014>Receive msg from linker, 0x0306->0x0A06 0x03C1 len:13 [0m
[37m[20.179][linker]-[Debug]-[DjiProtocol_v1Unpack:215) <0x3799>V1-Recv: 0x0A01->0x0A06 0x3C45 [0m
[37m[20.179][linker]-[Debug]-[DjiCommand_RecvWork:1066)  <0x3799>Receive msg from linker, 0x0A01->0x0A06 0x3C45 len:0 [0m
[37m[20.179][upgrade]-[Debug]-[DjiUpgrade_GetUpgradeServiceInfo:239) Get upgrade service info [0m
[37m[20.179][linker]-[Debug]-[DjiProtocol_v1Pack:123) <0x3799>V1-Send: 0x0A06->0x0A01 0x3C45 [0m
[37m[20.197][linker]-[Debug]-[DjiProtocol_v1Unpack:215) <0xf042>V1-Recv: 0x0300->0x0A06 0x221B [0m
[37m[20.198][linker]-[Debug]-[DjiCommand_RecvWork:1066)  <0xf042>Receive msg from linker, 0x0300->0x0A06 0x221B len:9 [0m
[37m[20.198][linker]-[Debug]-[DjiCommand_DealCmd:919) received unsupport request cmd that noneed ack, <0xf042> cmdset: 0x22 cmdid: 0x1B [0m
[37m[20.240][linker]-[Debug]-[DjiProtocol_v1Unpack:215) <0xf084>V1-Recv: 0x0300->0x0A06 0x036C [0m
[37m[20.240][linker]-[Debug]-[DjiCommand_RecvWork:1066)  <0xf084>Receive msg from linker, 0x0300->0x0A06 0x036C len:71 [0m
[37m[20.240][linker]-[Debug]-[DjiCommand_DealCmd:919) received unsupport request cmd that noneed ack, <0xf084> cmdset: 0x03 cmdid: 0x6C [0m
[37m[20.259][linker]-[Debug]-[DjiProtocol_v1Unpack:215) <0xf0b7>V1-Recv: 0x0300->0x0A06 0x4900 [0m
[37m[20.259][linker]-[Debug]-[DjiCommand_RecvWork:1066)  <0xf0b7>Receive msg from linker, 0x0300->0x0A06 0x4900 len:14 [0m
[37m[20.259][linker]-[Debug]-[DjiProtocol_v1Pack:123) <0xf0b7>V1-Send: 0x0A06->0x0300 0x4900 [0m
[37m[20.267][utils]-[Debug]-[DjiCore_RootTask:131) work execution time: [0m
[37m[20.267][utils]-[Debug]-[DjiCore_RootTask:132) name	                execution time (ms)	  max execution time (ms) [0m
[37m[20.267][utils]-[Debug]-[DjiCore_RootTask:134) recorderWork                    	1       	1        [0m
[37m[20.267][utils]-[Debug]-[DjiCore_RootTask:134) flowControllerTask              	0       	0        [0m
[37m[20.267][utils]-[Debug]-[DjiCore_RootTask:134) commandTask                     	1       	1        [0m
[37m[20.267][utils]-[Debug]-[DjiCore_RootTask:134) aircraftWorkNode                	1       	1        [0m
[37m[20.267][utils]-[Debug]-[DjiCore_RootTask:134) StatePushWork                   	0       	1        [0m
[37m[20.277][linker]-[Debug]-[DjiProtocol_v1Unpack:215) <0xf0da>V1-Recv: 0x0306->0x0A06 0x03C1 [0m
[37m[20.277][linker]-[Debug]-[DjiCommand_RecvWork:1066)  <0xf0da>Receive msg from linker, 0x0306->0x0A06 0x03C1 len:13 [0m
[37m[20.297][linker]-[Debug]-[DjiProtocol_v1Unpack:215) <0xf108>V1-Recv: 0x0300->0x0A06 0x221B [0m
[37m[20.297][linker]-[Debug]-[DjiCommand_RecvWork:1066)  <0xf108>Receive msg from linker, 0x0300->0x0A06 0x221B len:9 [0m
[37m[20.297][linker]-[Debug]-[DjiCommand_DealCmd:919) received unsupport request cmd that noneed ack, <0xf108> cmdset: 0x22 cmdid: 0x1B [0m
[37m[20.340][linker]-[Debug]-[DjiProtocol_v1Unpack:215) <0xf14c>V1-Recv: 0x0300->0x0A06 0x036C [0m
[37m[20.340][linker]-[Debug]-[DjiCommand_RecvWork:1066)  <0xf14c>Receive msg from linker, 0x0300->0x0A06 0x036C len:71 [0m
[37m[20.340][linker]-[Debug]-[DjiCommand_DealCmd:919) received unsupport request cmd that noneed ack, <0xf14c> cmdset: 0x03 cmdid: 0x6C [0m
[37m[20.359][linker]-[Debug]-[DjiProtocol_v1Unpack:215) <0xf174>V1-Recv: 0x0300->0x0A06 0x4900 [0m
[37m[20.359][linker]-[Debug]-[DjiCommand_RecvWork:1066)  <0xf174>Receive msg from linker, 0x0300->0x0A06 0x4900 len:14 [0m
[37m[20.359][linker]-[Debug]-[DjiProtocol_v1Pack:123) <0xf174>V1-Send: 0x0A06->0x0300 0x4900 [0m
[37m[20.361][linker]-[Debug]-[DjiProtocol_v1Pack:123) <0xde02>V1-Send: 0x0A06->0x0200 0x3C10 [0m
[37m[20.361][linker]-[Debug]-[DjiProtocol_v1Pack:123) <0xde03>V1-Send: 0x0A06->0x0A01 0x3C10 [0m
[37m[20.361][linker]-[Debug]-[DjiProtocol_v1Pack:123) <0xde04>V1-Send: 0x0A06->0x0300 0x3C10 [0m
[37m[20.377][linker]-[Debug]-[DjiProtocol_v1Unpack:215) <0xf191>V1-Recv: 0x0306->0x0A06 0x03C1 [0m
[37m[20.377][linker]-[Debug]-[DjiCommand_RecvWork:1066)  <0xf191>Receive msg from linker, 0x0306->0x0A06 0x03C1 len:13 [0m
[37m[20.381][linker]-[Debug]-[DjiProtocol_v1Unpack:215) <0x379c>V1-Recv: 0x0A01->0x0A06 0x3C45 [0m
[37m[20.381][linker]-[Debug]-[DjiCommand_RecvWork:1066)  <0x379c>Receive msg from linker, 0x0A01->0x0A06 0x3C45 len:0 [0m
[37m[20.381][upgrade]-[Debug]-[DjiUpgrade_GetUpgradeServiceInfo:239) Get upgrade service info [0m
[37m[20.381][linker]-[Debug]-[DjiProtocol_v1Pack:123) <0x379c>V1-Send: 0x0A06->0x0A01 0x3C45 [0m
[37m[20.397][linker]-[Debug]-[DjiProtocol_v1Unpack:215) <0xf1c2>V1-Recv: 0x0300->0x0A06 0x221B [0m
[37m[20.397][linker]-[Debug]-[DjiCommand_RecvWork:1066)  <0xf1c2>Receive msg from linker, 0x0300->0x0A06 0x221B len:9 [0m
[37m[20.397][linker]-[Debug]-[DjiCommand_DealCmd:919) received unsupport request cmd that noneed ack, <0xf1c2> cmdset: 0x22 cmdid: 0x1B [0m
[37m[20.440][linker]-[Debug]-[DjiProtocol_v1Unpack:215) <0xf205>V1-Recv: 0x0300->0x0A06 0x036C [0m
[37m[20.440][linker]-[Debug]-[DjiCommand_RecvWork:1066)  <0xf205>Receive msg from linker, 0x0300->0x0A06 0x036C len:71 [0m
[37m[20.440][linker]-[Debug]-[DjiCommand_DealCmd:919) received unsupport request cmd that noneed ack, <0xf205> cmdset: 0x03 cmdid: 0x6C [0m
[37m[20.452][linker]-[Debug]-[DjiProtocol_v1Unpack:215) <0x1749>V1-Recv: 0x1D07->0x0A06 0x2105 [0m
[37m[20.452][linker]-[Debug]-[DjiCommand_RecvWork:1066)  <0x1749>Receive msg from linker, 0x1D07->0x0A06 0x2105 len:1 [0m
[37m[20.452][linker]-[Debug]-[DjiCommand_DealCmd:919) received unsupport request cmd that need ack, <0x1749> cmdset: 0x21 cmdid: 0x05 [0m
[37m[20.459][linker]-[Debug]-[DjiProtocol_v1Unpack:215) <0xf22d>V1-Recv: 0x0300->0x0A06 0x4900 [0m
[37m[20.459][linker]-[Debug]-[DjiCommand_RecvWork:1066)  <0xf22d>Receive msg from linker, 0x0300->0x0A06 0x4900 len:14 [0m
[37m[20.459][linker]-[Debug]-[DjiProtocol_v1Pack:123) <0xf22d>V1-Send: 0x0A06->0x0300 0x4900 [0m
[37m[20.477][linker]-[Debug]-[DjiProtocol_v1Unpack:215) <0xf248>V1-Recv: 0x0306->0x0A06 0x03C1 [0m
[37m[20.478][linker]-[Debug]-[DjiCommand_RecvWork:1066)  <0xf248>Receive msg from linker, 0x0306->0x0A06 0x03C1 len:13 [0m
[37m[20.497][linker]-[Debug]-[DjiProtocol_v1Unpack:215) <0xf275>V1-Recv: 0x0300->0x0A06 0x221B [0m
[37m[20.498][linker]-[Debug]-[DjiCommand_RecvWork:1066)  <0xf275>Receive msg from linker, 0x0300->0x0A06 0x221B len:9 [0m
[37m[20.498][linker]-[Debug]-[DjiCommand_DealCmd:919) received unsupport request cmd that noneed ack, <0xf275> cmdset: 0x22 cmdid: 0x1B [0m
[37m[20.540][linker]-[Debug]-[DjiProtocol_v1Unpack:215) <0xf2be>V1-Recv: 0x0300->0x0A06 0x036C [0m
[37m[20.540][linker]-[Debug]-[DjiCommand_RecvWork:1066)  <0xf2be>Receive msg from linker, 0x0300->0x0A06 0x036C len:71 [0m
[37m[20.540][linker]-[Debug]-[DjiCommand_DealCmd:919) received unsupport request cmd that noneed ack, <0xf2be> cmdset: 0x03 cmdid: 0x6C [0m
[37m[20.559][linker]-[Debug]-[DjiProtocol_v1Unpack:215) <0xf2e7>V1-Recv: 0x0300->0x0A06 0x4900 [0m
[37m[20.559][linker]-[Debug]-[DjiCommand_RecvWork:1066)  <0xf2e7>Receive msg from linker, 0x0300->0x0A06 0x4900 len:14 [0m
[37m[20.559][linker]-[Debug]-[DjiProtocol_v1Pack:123) <0xf2e7>V1-Send: 0x0A06->0x0300 0x4900 [0m
[37m[20.574][linker]-[Debug]-[DjiProtocol_v1Pack:123) <0xde05>V1-Send: 0x0A06->0x0200 0x3C10 [0m
[37m[20.574][linker]-[Debug]-[DjiProtocol_v1Pack:123) <0xde06>V1-Send: 0x0A06->0x0A01 0x3C10 [0m
[37m[20.574][linker]-[Debug]-[DjiProtocol_v1Pack:123) <0xde07>V1-Send: 0x0A06->0x0300 0x3C10 [0m
[37m[20.577][linker]-[Debug]-[DjiProtocol_v1Unpack:215) <0xf304>V1-Recv: 0x0306->0x0A06 0x03C1 [0m
[37m[20.578][linker]-[Debug]-[DjiCommand_RecvWork:1066)  <0xf304>Receive msg from linker, 0x0306->0x0A06 0x03C1 len:13 [0m
[37m[20.597][linker]-[Debug]-[DjiProtocol_v1Unpack:215) <0xf32f>V1-Recv: 0x0300->0x0A06 0x221B [0m
[37m[20.598][linker]-[Debug]-[DjiCommand_RecvWork:1066)  <0xf32f>Receive msg from linker, 0x0300->0x0A06 0x221B len:9 [0m
[37m[20.598][linker]-[Debug]-[DjiCommand_DealCmd:919) received unsupport request cmd that noneed ack, <0xf32f> cmdset: 0x22 cmdid: 0x1B [0m
[37m[20.599][linker]-[Debug]-[DjiProtocol_v1Unpack:215) <0x379d>V1-Recv: 0x0A01->0x0A06 0x3C45 [0m
[37m[20.600][linker]-[Debug]-[DjiCommand_RecvWork:1066)  <0x379d>Receive msg from linker, 0x0A01->0x0A06 0x3C45 len:0 [0m
[37m[20.600][upgrade]-[Debug]-[DjiUpgrade_GetUpgradeServiceInfo:239) Get upgrade service info [0m
[37m[20.600][linker]-[Debug]-[DjiProtocol_v1Pack:123) <0x379d>V1-Send: 0x0A06->0x0A01 0x3C45 [0m
[37m[20.641][linker]-[Debug]-[DjiProtocol_v1Unpack:215) <0xf36e>V1-Recv: 0x0300->0x0A06 0x036C [0m
[37m[20.641][linker]-[Debug]-[DjiCommand_RecvWork:1066)  <0xf36e>Receive msg from linker, 0x0300->0x0A06 0x036C len:71 [0m
[37m[20.641][linker]-[Debug]-[DjiCommand_DealCmd:919) received unsupport request cmd that noneed ack, <0xf36e> cmdset: 0x03 cmdid: 0x6C [0m
[37m[20.661][linker]-[Debug]-[DjiProtocol_v1Unpack:215) <0xf396>V1-Recv: 0x0300->0x0A06 0x0F74 [0m
[37m[20.661][linker]-[Debug]-[DjiProtocol_v1Unpack:215) <0xf399>V1-Recv: 0x0300->0x0100 0x0406 [0m
[37m[20.661][linker]-[Debug]-[DjiProtocol_v1Unpack:215) <0xf39a>V1-Recv: 0x0300->0x0100 0x0407 [0m
[37m[20.661][linker]-[Debug]-[DjiProtocol_v1Unpack:215) <0xf39b>V1-Recv: 0x0300->0x0A06 0x4900 [0m
[37m[20.662][linker]-[Debug]-[DjiCommand_RecvWork:1066)  <0xf396>Receive msg from linker, 0x0300->0x0A06 0x0F74 len:28 [0m
[37m[20.662][linker]-[Debug]-[DjiCommand_DealCmd:919) received unsupport request cmd that noneed ack, <0xf396> cmdset: 0x0F cmdid: 0x74 [0m
[37m[20.663][linker]-[Debug]-[DjiCommand_RecvWork:1066)  <0xf399>Receive msg from linker, 0x0300->0x0100 0x0406 len:12 [0m
[37m[20.663][linker]-[Debug]-[DjiCommand_DealCmd:919) received unsupport request cmd that noneed ack, <0xf399> cmdset: 0x04 cmdid: 0x06 [0m
[37m[20.664][linker]-[Debug]-[DjiCommand_RecvWork:1066)  <0xf39a>Receive msg from linker, 0x0300->0x0100 0x0407 len:1 [0m
[37m[20.664][linker]-[Debug]-[DjiCommand_DealCmd:919) received unsupport request cmd that noneed ack, <0xf39a> cmdset: 0x04 cmdid: 0x07 [0m
[37m[20.665][linker]-[Debug]-[DjiCommand_RecvWork:1066)  <0xf39b>Receive msg from linker, 0x0300->0x0A06 0x4900 len:14 [0m
[37m[20.665][linker]-[Debug]-[DjiProtocol_v1Pack:123) <0xf39b>V1-Send: 0x0A06->0x0300 0x4900 [0m
[37m[20.677][linker]-[Debug]-[DjiProtocol_v1Unpack:215) <0xf3ba>V1-Recv: 0x0306->0x0A06 0x03C1 [0m
[37m[20.678][linker]-[Debug]-[DjiCommand_RecvWork:1066)  <0xf3ba>Receive msg from linker, 0x0306->0x0A06 0x03C1 len:13 [0m
[37m[20.698][linker]-[Debug]-[DjiProtocol_v1Unpack:215) <0xf3e6>V1-Recv: 0x0300->0x0A06 0x221B [0m
[37m[20.699][linker]-[Debug]-[DjiCommand_RecvWork:1066)  <0xf3e6>Receive msg from linker, 0x0300->0x0A06 0x221B len:9 [0m
[37m[20.699][linker]-[Debug]-[DjiCommand_DealCmd:919) received unsupport request cmd that noneed ack, <0xf3e6> cmdset: 0x22 cmdid: 0x1B [0m
[37m[20.741][linker]-[Debug]-[DjiProtocol_v1Unpack:215) <0xf432>V1-Recv: 0x0300->0x0A06 0x036C [0m
[37m[20.741][linker]-[Debug]-[DjiCommand_RecvWork:1066)  <0xf432>Receive msg from linker, 0x0300->0x0A06 0x036C len:71 [0m
[37m[20.741][linker]-[Debug]-[DjiCommand_DealCmd:919) received unsupport request cmd that noneed ack, <0xf432> cmdset: 0x03 cmdid: 0x6C [0m
[37m[20.759][linker]-[Debug]-[DjiProtocol_v1Unpack:215) <0xf464>V1-Recv: 0x0300->0x0A06 0x4900 [0m
[37m[20.759][linker]-[Debug]-[DjiCommand_RecvWork:1066)  <0xf464>Receive msg from linker, 0x0300->0x0A06 0x4900 len:14 [0m
[37m[20.759][linker]-[Debug]-[DjiProtocol_v1Pack:123) <0xf464>V1-Send: 0x0A06->0x0300 0x4900 [0m
[37m[20.777][linker]-[Debug]-[DjiProtocol_v1Unpack:215) <0xf483>V1-Recv: 0x0306->0x0A06 0x03C1 [0m
[37m[20.778][linker]-[Debug]-[DjiCommand_RecvWork:1066)  <0xf483>Receive msg from linker, 0x0306->0x0A06 0x03C1 len:13 [0m
[37m[20.787][linker]-[Debug]-[DjiProtocol_v1Pack:123) <0xde08>V1-Send: 0x0A06->0x0200 0x3C10 [0m
[37m[20.787][linker]-[Debug]-[DjiProtocol_v1Pack:123) <0xde09>V1-Send: 0x0A06->0x0A01 0x3C10 [0m
[37m[20.787][linker]-[Debug]-[DjiProtocol_v1Pack:123) <0xde0a>V1-Send: 0x0A06->0x0300 0x3C10 [0m
[37m[20.798][linker]-[Debug]-[DjiProtocol_v1Unpack:215) <0xf4b0>V1-Recv: 0x0300->0x0A06 0x221B [0m
[37m[20.799][linker]-[Debug]-[DjiCommand_RecvWork:1066)  <0xf4b0>Receive msg from linker, 0x0300->0x0A06 0x221B len:9 [0m
[37m[20.799][linker]-[Debug]-[DjiCommand_DealCmd:919) received unsupport request cmd that noneed ack, <0xf4b0> cmdset: 0x22 cmdid: 0x1B [0m
[37m[20.801][linker]-[Debug]-[DjiProtocol_v1Unpack:215) <0x379e>V1-Recv: 0x0A01->0x0A06 0x3C45 [0m
[37m[20.802][linker]-[Debug]-[DjiCommand_RecvWork:1066)  <0x379e>Receive msg from linker, 0x0A01->0x0A06 0x3C45 len:0 [0m
[37m[20.802][upgrade]-[Debug]-[DjiUpgrade_GetUpgradeServiceInfo:239) Get upgrade service info [0m
[37m[20.802][linker]-[Debug]-[DjiProtocol_v1Pack:123) <0x379e>V1-Send: 0x0A06->0x0A01 0x3C45 [0m
[37m[20.846][linker]-[Debug]-[DjiProtocol_v1Unpack:215) <0xf4f0>V1-Recv: 0x0306->0x0A06 0x03C1 [0m
[37m[20.846][linker]-[Debug]-[DjiProtocol_v1Unpack:215) <0xf4f2>V1-Recv: 0x0300->0x0A06 0x036C [0m
[37m[20.847][linker]-[Debug]-[DjiCommand_RecvWork:1066)  <0xf4f0>Receive msg from linker, 0x0306->0x0A06 0x03C1 len:126 [0m
[37m[20.848][linker]-[Debug]-[DjiCommand_RecvWork:1066)  <0xf4f2>Receive msg from linker, 0x0300->0x0A06 0x036C len:71 [0m
[37m[20.848][linker]-[Debug]-[DjiCommand_DealCmd:919) received unsupport request cmd that noneed ack, <0xf4f2> cmdset: 0x03 cmdid: 0x6C [0m
[37m[20.859][linker]-[Debug]-[DjiProtocol_v1Unpack:215) <0xf51d>V1-Recv: 0x0300->0x0A06 0x4900 [0m
[37m[20.859][linker]-[Debug]-[DjiCommand_RecvWork:1066)  <0xf51d>Receive msg from linker, 0x0300->0x0A06 0x4900 len:14 [0m
[37m[20.860][linker]-[Debug]-[DjiProtocol_v1Pack:123) <0xf51d>V1-Send: 0x0A06->0x0300 0x4900 [0m
[37m[20.877][linker]-[Debug]-[DjiProtocol_v1Unpack:215) <0xf538>V1-Recv: 0x0306->0x0A06 0x03C1 [0m
[37m[20.878][linker]-[Debug]-[DjiCommand_RecvWork:1066)  <0xf538>Receive msg from linker, 0x0306->0x0A06 0x03C1 len:13 [0m
[32m[20.880][user]-[Info]-[UserFcSubscription_Task:453) Current speed: 0.000000.
 [0m
[32m[20.880][user]-[Info]-[UserFcSubscription_Task:639) Displaymode status: 6. [0m
[37m[20.898][linker]-[Debug]-[DjiProtocol_v1Unpack:215) <0x59c>V1-Recv: 0x0701->0x0A06 0x0000 [0m
[37m[20.898][linker]-[Debug]-[DjiProtocol_v1Unpack:215) <0xf563>V1-Recv: 0x0300->0x0A06 0x221B [0m
[37m[20.899][linker]-[Debug]-[DjiCommand_RecvWork:1066)  <0x59c>Receive msg from linker, 0x0701->0x0A06 0x0000 len:16 [0m
[37m[20.899][linker]-[Debug]-[DjiProtocol_v1Pack:123) <0x59c>V1-Send: 0x0A06->0x0701 0x0000 [0m
[37m[20.900][linker]-[Debug]-[DjiCommand_RecvWork:1066)  <0xf563>Receive msg from linker, 0x0300->0x0A06 0x221B len:9 [0m
[37m[20.900][linker]-[Debug]-[DjiCommand_DealCmd:919) received unsupport request cmd that noneed ack, <0xf563> cmdset: 0x22 cmdid: 0x1B [0m
[37m[20.940][linker]-[Debug]-[DjiProtocol_v1Unpack:215) <0xf5ac>V1-Recv: 0x0300->0x0A06 0x036C [0m
[37m[20.941][linker]-[Debug]-[DjiCommand_RecvWork:1066)  <0xf5ac>Receive msg from linker, 0x0300->0x0A06 0x036C len:71 [0m
[37m[20.941][linker]-[Debug]-[DjiCommand_DealCmd:919) received unsupport request cmd that noneed ack, <0xf5ac> cmdset: 0x03 cmdid: 0x6C [0m
[37m[20.959][linker]-[Debug]-[DjiProtocol_v1Unpack:215) <0xf5db>V1-Recv: 0x0300->0x0A06 0x4900 [0m
[37m[20.959][linker]-[Debug]-[DjiCommand_RecvWork:1066)  <0xf5db>Receive msg from linker, 0x0300->0x0A06 0x4900 len:14 [0m
[37m[20.959][linker]-[Debug]-[DjiProtocol_v1Pack:123) <0xf5db>V1-Send: 0x0A06->0x0300 0x4900 [0m
[37m[20.977][linker]-[Debug]-[DjiProtocol_v1Unpack:215) <0xf5f8>V1-Recv: 0x0306->0x0A06 0x03C1 [0m
[37m[20.977][linker]-[Debug]-[DjiCommand_RecvWork:1066)  <0xf5f8>Receive msg from linker, 0x0306->0x0A06 0x03C1 len:13 [0m
[37m[20.997][linker]-[Debug]-[DjiProtocol_v1Unpack:215) <0xf622>V1-Recv: 0x0300->0x0A06 0x221B [0m
[37m[20.998][linker]-[Debug]-[DjiCommand_RecvWork:1066)  <0xf622>Receive msg from linker, 0x0300->0x0A06 0x221B len:9 [0m
[37m[20.998][linker]-[Debug]-[DjiCommand_DealCmd:919) received unsupport request cmd that noneed ack, <0xf622> cmdset: 0x22 cmdid: 0x1B [0m
[37m[21.001][linker]-[Debug]-[DjiProtocol_v1Pack:123) <0xde0b>V1-Send: 0x0A06->0x0200 0x3C10 [0m
[37m[21.001][linker]-[Debug]-[DjiProtocol_v1Pack:123) <0xde0c>V1-Send: 0x0A06->0x0A01 0x3C10 [0m
[37m[21.001][linker]-[Debug]-[DjiProtocol_v1Pack:123) <0xde0d>V1-Send: 0x0A06->0x0300 0x3C10 [0m
[37m[21.019][linker]-[Debug]-[DjiProtocol_v1Unpack:215) <0x379f>V1-Recv: 0x0A01->0x0A06 0x3C45 [0m
[37m[21.019][linker]-[Debug]-[DjiCommand_RecvWork:1066)  <0x379f>Receive msg from linker, 0x0A01->0x0A06 0x3C45 len:0 [0m
[37m[21.019][upgrade]-[Debug]-[DjiUpgrade_GetUpgradeServiceInfo:239) Get upgrade service info [0m
[37m[21.019][linker]-[Debug]-[DjiProtocol_v1Pack:123) <0x379f>V1-Send: 0x0A06->0x0A01 0x3C45 [0m
[37m[21.040][linker]-[Debug]-[DjiProtocol_v1Unpack:215) <0xf666>V1-Recv: 0x0300->0x0A06 0x036C [0m
[37m[21.040][linker]-[Debug]-[DjiCommand_RecvWork:1066)  <0xf666>Receive msg from linker, 0x0300->0x0A06 0x036C len:71 [0m
[37m[21.040][linker]-[Debug]-[DjiCommand_DealCmd:919) received unsupport request cmd that noneed ack, <0xf666> cmdset: 0x03 cmdid: 0x6C [0m
[37m[21.059][linker]-[Debug]-[DjiProtocol_v1Unpack:215) <0xf690>V1-Recv: 0x0300->0x0A06 0x4900 [0m
[37m[21.060][linker]-[Debug]-[DjiCommand_RecvWork:1066)  <0xf690>Receive msg from linker, 0x0300->0x0A06 0x4900 len:14 [0m
[37m[21.060][linker]-[Debug]-[DjiProtocol_v1Pack:123) <0xf690>V1-Send: 0x0A06->0x0300 0x4900 [0m
[37m[21.077][linker]-[Debug]-[DjiProtocol_v1Unpack:215) <0xf6ac>V1-Recv: 0x0306->0x0A06 0x03C1 [0m
[37m[21.078][linker]-[Debug]-[DjiCommand_RecvWork:1066)  <0xf6ac>Receive msg from linker, 0x0306->0x0A06 0x03C1 len:13 [0m
[37m[21.098][linker]-[Debug]-[DjiProtocol_v1Unpack:215) <0xf6d3>V1-Recv: 0x0300->0x0A06 0x221B [0m
[37m[21.098][linker]-[Debug]-[DjiCommand_RecvWork:1066)  <0xf6d3>Receive msg from linker, 0x0300->0x0A06 0x221B len:9 [0m
[37m[21.098][linker]-[Debug]-[DjiCommand_DealCmd:919) received unsupport request cmd that noneed ack, <0xf6d3> cmdset: 0x22 cmdid: 0x1B [0m
[37m[21.140][linker]-[Debug]-[DjiProtocol_v1Unpack:215) <0xf719>V1-Recv: 0x0300->0x0A06 0x036C [0m
[37m[21.141][linker]-[Debug]-[DjiCommand_RecvWork:1066)  <0xf719>Receive msg from linker, 0x0300->0x0A06 0x036C len:71 [0m
[37m[21.141][linker]-[Debug]-[DjiCommand_DealCmd:919) received unsupport request cmd that noneed ack, <0xf719> cmdset: 0x03 cmdid: 0x6C [0m
[37m[21.159][linker]-[Debug]-[DjiProtocol_v1Unpack:215) <0xf745>V1-Recv: 0x0300->0x0100 0x0405 [0m
[37m[21.159][linker]-[Debug]-[DjiProtocol_v1Unpack:215) <0xf746>V1-Recv: 0x0300->0x0A06 0x4900 [0m
[37m[21.160][linker]-[Debug]-[DjiCommand_RecvWork:1066)  <0xf745>Receive msg from linker, 0x0300->0x0100 0x0405 len:22 [0m
[37m[21.160][linker]-[Debug]-[DjiCommand_DealCmd:919) received unsupport request cmd that noneed ack, <0xf745> cmdset: 0x04 cmdid: 0x05 [0m
[37m[21.161][linker]-[Debug]-[DjiCommand_RecvWork:1066)  <0xf746>Receive msg from linker, 0x0300->0x0A06 0x4900 len:14 [0m
[37m[21.161][linker]-[Debug]-[DjiProtocol_v1Pack:123) <0xf746>V1-Send: 0x0A06->0x0300 0x4900 [0m
[37m[21.176][linker]-[Debug]-[DjiProtocol_v1Unpack:215) <0xf765>V1-Recv: 0x0306->0x0A06 0x03C1 [0m
[37m[21.177][linker]-[Debug]-[DjiCommand_RecvWork:1066)  <0xf765>Receive msg from linker, 0x0306->0x0A06 0x03C1 len:13 [0m
[37m[21.198][linker]-[Debug]-[DjiProtocol_v1Unpack:215) <0xf792>V1-Recv: 0x0300->0x0A06 0x221B [0m
[37m[21.198][linker]-[Debug]-[DjiCommand_RecvWork:1066)  <0xf792>Receive msg from linker, 0x0300->0x0A06 0x221B len:9 [0m
[37m[21.198][linker]-[Debug]-[DjiCommand_DealCmd:919) received unsupport request cmd that noneed ack, <0xf792> cmdset: 0x22 cmdid: 0x1B [0m
[37m[21.213][linker]-[Debug]-[DjiProtocol_v1Pack:123) <0xde0e>V1-Send: 0x0A06->0x0300 0x0000 [0m
[37m[21.213][infor]-[Debug]-[DjiAircraftConnection_CheckExtensionPortConnectStatusByV1Protocol:170) check connect status:1 [0m
[37m[21.214][linker]-[Debug]-[DjiProtocol_v1Pack:123) <0xde0f>V1-Send: 0x0A06->0x0200 0x3C10 [0m
[37m[21.214][linker]-[Debug]-[DjiProtocol_v1Pack:123) <0xde10>V1-Send: 0x0A06->0x0A01 0x3C10 [0m
[37m[21.214][linker]-[Debug]-[DjiProtocol_v1Pack:123) <0xde11>V1-Send: 0x0A06->0x0300 0x3C10 [0m
[37m[21.218][linker]-[Debug]-[DjiProtocol_v1Unpack:215) <0xde0e>V1-Recv: 0x0300->0x0A06 0x0000 [0m
[37m[21.219][linker]-[Debug]-[DjiCommand_RecvWork:1066)  <0xde0e>Receive msg from linker, 0x0300->0x0A06 0x0000 len:0 [0m
[37m[21.219][infor]-[Debug]-[DjiAircraftInfo_CheckPingStatusAsyncCallback:269) connect status async sucess [0m
[37m[21.219][linker]-[Debug]-[DjiCommand_DealCmd:830) callback function (cmdset: 0x00 cmdid: 0x00) deal time: 0 ms [0m
[37m[21.241][linker]-[Debug]-[DjiProtocol_v1Unpack:215) <0xf7d7>V1-Recv: 0x0300->0x0A06 0x036C [0m
[37m[21.241][linker]-[Debug]-[DjiProtocol_v1Unpack:215) <0x37a1>V1-Recv: 0x0A01->0x0A06 0x3C45 [0m
[37m[21.242][linker]-[Debug]-[DjiCommand_RecvWork:1066)  <0xf7d7>Receive msg from linker, 0x0300->0x0A06 0x036C len:71 [0m
[37m[21.242][linker]-[Debug]-[DjiCommand_DealCmd:919) received unsupport request cmd that noneed ack, <0xf7d7> cmdset: 0x03 cmdid: 0x6C [0m
[37m[21.243][linker]-[Debug]-[DjiCommand_RecvWork:1066)  <0x37a1>Receive msg from linker, 0x0A01->0x0A06 0x3C45 len:0 [0m
[37m[21.243][upgrade]-[Debug]-[DjiUpgrade_GetUpgradeServiceInfo:239) Get upgrade service info [0m
[37m[21.243][linker]-[Debug]-[DjiProtocol_v1Pack:123) <0x37a1>V1-Send: 0x0A06->0x0A01 0x3C45 [0m
[37m[21.258][linker]-[Debug]-[DjiProtocol_v1Unpack:215) <0xf808>V1-Recv: 0x0300->0x0A06 0x4900 [0m
[37m[21.259][linker]-[Debug]-[DjiCommand_RecvWork:1066)  <0xf808>Receive msg from linker, 0x0300->0x0A06 0x4900 len:14 [0m
[37m[21.259][linker]-[Debug]-[DjiProtocol_v1Pack:123) <0xf808>V1-Send: 0x0A06->0x0300 0x4900 [0m
[37m[21.276][linker]-[Debug]-[DjiProtocol_v1Unpack:215) <0xf829>V1-Recv: 0x0306->0x0A06 0x03C1 [0m
[37m[21.277][linker]-[Debug]-[DjiCommand_RecvWork:1066)  <0xf829>Receive msg from linker, 0x0306->0x0A06 0x03C1 len:13 [0m
[37m[21.298][linker]-[Debug]-[DjiProtocol_v1Unpack:215) <0xf859>V1-Recv: 0x0300->0x0A06 0x221B [0m
[37m[21.299][linker]-[Debug]-[DjiCommand_RecvWork:1066)  <0xf859>Receive msg from linker, 0x0300->0x0A06 0x221B len:9 [0m
[37m[21.299][linker]-[Debug]-[DjiCommand_DealCmd:919) received unsupport request cmd that noneed ack, <0xf859> cmdset: 0x22 cmdid: 0x1B [0m
[37m[21.301][linker]-[Debug]-[DjiProtocol_v1Unpack:215) <0xaeef>V1-Recv: 0x0202->0x0A06 0x0026 [0m
[37m[21.302][linker]-[Debug]-[DjiCommand_RecvWork:1066)  <0xaeef>Receive msg from linker, 0x0202->0x0A06 0x0026 len:37 [0m
[37m[21.302][linker]-[Debug]-[DjiCommand_DealCmd:919) received unsupport request cmd that need ack, <0xaeef> cmdset: 0x00 cmdid: 0x26 [0m
[37m[21.333][utils]-[Debug]-[DjiCore_RootTask:131) work execution time: [0m
[37m[21.333][utils]-[Debug]-[DjiCore_RootTask:132) name	                execution time (ms)	  max execution time (ms) [0m
[37m[21.333][utils]-[Debug]-[DjiCore_RootTask:134) recorderWork                    	1       	1        [0m
[37m[21.333][utils]-[Debug]-[DjiCore_RootTask:134) flowControllerTask              	0       	0        [0m
[37m[21.333][utils]-[Debug]-[DjiCore_RootTask:134) commandTask                     	1       	1        [0m
[37m[21.333][utils]-[Debug]-[DjiCore_RootTask:134) aircraftWorkNode                	0       	1        [0m
[37m[21.333][utils]-[Debug]-[DjiCore_RootTask:134) StatePushWork                   	0       	1        [0m
[37m[21.340][linker]-[Debug]-[DjiProtocol_v1Unpack:215) <0xf89d>V1-Recv: 0x0300->0x0A06 0x036C [0m
[37m[21.340][linker]-[Debug]-[DjiCommand_RecvWork:1066)  <0xf89d>Receive msg from linker, 0x0300->0x0A06 0x036C len:71 [0m
[37m[21.340][linker]-[Debug]-[DjiCommand_DealCmd:919) received unsupport request cmd that noneed ack, <0xf89d> cmdset: 0x03 cmdid: 0x6C [0m
[37m[21.358][linker]-[Debug]-[DjiProtocol_v1Unpack:215) <0xf8c8>V1-Recv: 0x0300->0x0A06 0x4900 [0m
[37m[21.359][linker]-[Debug]-[DjiCommand_RecvWork:1066)  <0xf8c8>Receive msg from linker, 0x0300->0x0A06 0x4900 len:14 [0m
[37m[21.359][linker]-[Debug]-[DjiProtocol_v1Pack:123) <0xf8c8>V1-Send: 0x0A06->0x0300 0x4900 [0m
[37m[21.377][linker]-[Debug]-[DjiProtocol_v1Unpack:215) <0xf8e5>V1-Recv: 0x0306->0x0A06 0x03C1 [0m
[37m[21.377][linker]-[Debug]-[DjiCommand_RecvWork:1066)  <0xf8e5>Receive msg from linker, 0x0306->0x0A06 0x03C1 len:13 [0m
[37m[21.398][linker]-[Debug]-[DjiProtocol_v1Unpack:215) <0xf90f>V1-Recv: 0x0300->0x0A06 0x221B [0m
[37m[21.398][linker]-[Debug]-[DjiCommand_RecvWork:1066)  <0xf90f>Receive msg from linker, 0x0300->0x0A06 0x221B len:9 [0m
[37m[21.398][linker]-[Debug]-[DjiCommand_DealCmd:919) received unsupport request cmd that noneed ack, <0xf90f> cmdset: 0x22 cmdid: 0x1B [0m
[37m[21.428][linker]-[Debug]-[DjiProtocol_v1Pack:123) <0xde12>V1-Send: 0x0A06->0x0200 0x3C10 [0m
[37m[21.428][linker]-[Debug]-[DjiProtocol_v1Pack:123) <0xde13>V1-Send: 0x0A06->0x0A01 0x3C10 [0m
[37m[21.428][linker]-[Debug]-[DjiProtocol_v1Pack:123) <0xde14>V1-Send: 0x0A06->0x0300 0x3C10 [0m
[37m[21.441][linker]-[Debug]-[DjiProtocol_v1Unpack:215) <0xf950>V1-Recv: 0x0300->0x0A06 0x036C [0m
[37m[21.441][linker]-[Debug]-[DjiProtocol_v1Unpack:215) <0x37a4>V1-Recv: 0x0A01->0x0A06 0x3C45 [0m
[37m[21.441][linker]-[Debug]-[DjiCommand_RecvWork:1066)  <0xf950>Receive msg from linker, 0x0300->0x0A06 0x036C len:71 [0m
[37m[21.441][linker]-[Debug]-[DjiCommand_DealCmd:919) received unsupport request cmd that noneed ack, <0xf950> cmdset: 0x03 cmdid: 0x6C [0m
[37m[21.442][linker]-[Debug]-[DjiCommand_RecvWork:1066)  <0x37a4>Receive msg from linker, 0x0A01->0x0A06 0x3C45 len:0 [0m
[37m[21.442][upgrade]-[Debug]-[DjiUpgrade_GetUpgradeServiceInfo:239) Get upgrade service info [0m
[37m[21.442][linker]-[Debug]-[DjiProtocol_v1Pack:123) <0x37a4>V1-Send: 0x0A06->0x0A01 0x3C45 [0m
[37m[21.455][linker]-[Debug]-[DjiProtocol_v1Unpack:215) <0x174a>V1-Recv: 0x1D07->0x0A06 0x2105 [0m
[37m[21.455][linker]-[Debug]-[DjiCommand_RecvWork:1066)  <0x174a>Receive msg from linker, 0x1D07->0x0A06 0x2105 len:1 [0m
[37m[21.455][linker]-[Debug]-[DjiCommand_DealCmd:919) received unsupport request cmd that need ack, <0x174a> cmdset: 0x21 cmdid: 0x05 [0m
[37m[21.459][linker]-[Debug]-[DjiProtocol_v1Unpack:215) <0xf97a>V1-Recv: 0x0300->0x0A06 0x4900 [0m
[37m[21.459][linker]-[Debug]-[DjiCommand_RecvWork:1066)  <0xf97a>Receive msg from linker, 0x0300->0x0A06 0x4900 len:14 [0m
[37m[21.459][linker]-[Debug]-[DjiProtocol_v1Pack:123) <0xf97a>V1-Send: 0x0A06->0x0300 0x4900 [0m
[37m[21.477][linker]-[Debug]-[DjiProtocol_v1Unpack:215) <0xf997>V1-Recv: 0x0306->0x0A06 0x03C1 [0m
[37m[21.477][linker]-[Debug]-[DjiCommand_RecvWork:1066)  <0xf997>Receive msg from linker, 0x0306->0x0A06 0x03C1 len:13 [0m
[37m[21.498][linker]-[Debug]-[DjiProtocol_v1Unpack:215) <0xf9c2>V1-Recv: 0x0300->0x0A06 0x221B [0m
[37m[21.498][linker]-[Debug]-[DjiCommand_RecvWork:1066)  <0xf9c2>Receive msg from linker, 0x0300->0x0A06 0x221B len:9 [0m
[37m[21.498][linker]-[Debug]-[DjiCommand_DealCmd:919) received unsupport request cmd that noneed ack, <0xf9c2> cmdset: 0x22 cmdid: 0x1B [0m
[37m[21.541][linker]-[Debug]-[DjiProtocol_v1Unpack:215) <0xfa05>V1-Recv: 0x0300->0x0A06 0x036C [0m
[37m[21.541][linker]-[Debug]-[DjiCommand_RecvWork:1066)  <0xfa05>Receive msg from linker, 0x0300->0x0A06 0x036C len:71 [0m
[37m[21.541][linker]-[Debug]-[DjiCommand_DealCmd:919) received unsupport request cmd that noneed ack, <0xfa05> cmdset: 0x03 cmdid: 0x6C [0m
[37m[21.559][linker]-[Debug]-[DjiProtocol_v1Unpack:215) <0xfa2d>V1-Recv: 0x0300->0x0A06 0x4900 [0m
[37m[21.559][linker]-[Debug]-[DjiCommand_RecvWork:1066)  <0xfa2d>Receive msg from linker, 0x0300->0x0A06 0x4900 len:14 [0m
[37m[21.559][linker]-[Debug]-[DjiProtocol_v1Pack:123) <0xfa2d>V1-Send: 0x0A06->0x0300 0x4900 [0m
[37m[21.577][linker]-[Debug]-[DjiProtocol_v1Unpack:215) <0xfa4d>V1-Recv: 0x0306->0x0A06 0x03C1 [0m
[37m[21.577][linker]-[Debug]-[DjiCommand_RecvWork:1066)  <0xfa4d>Receive msg from linker, 0x0306->0x0A06 0x03C1 len:13 [0m
[37m[21.598][linker]-[Debug]-[DjiProtocol_v1Unpack:215) <0xfa7a>V1-Recv: 0x0300->0x0A06 0x221B [0m
[37m[21.599][linker]-[Debug]-[DjiCommand_RecvWork:1066)  <0xfa7a>Receive msg from linker, 0x0300->0x0A06 0x221B len:9 [0m
[37m[21.599][linker]-[Debug]-[DjiCommand_DealCmd:919) received unsupport request cmd that noneed ack, <0xfa7a> cmdset: 0x22 cmdid: 0x1B [0m
[37m[21.641][linker]-[Debug]-[DjiProtocol_v1Unpack:215) <0xfab8>V1-Recv: 0x0300->0x0A06 0x036C [0m
[37m[21.641][linker]-[Debug]-[DjiCommand_RecvWork:1066)  <0xfab8>Receive msg from linker, 0x0300->0x0A06 0x036C len:71 [0m
[37m[21.641][linker]-[Debug]-[DjiCommand_DealCmd:919) received unsupport request cmd that noneed ack, <0xfab8> cmdset: 0x03 cmdid: 0x6C [0m
[37m[21.641][linker]-[Debug]-[DjiProtocol_v1Pack:123) <0xde15>V1-Send: 0x0A06->0x0200 0x3C10 [0m
[37m[21.641][linker]-[Debug]-[DjiProtocol_v1Pack:123) <0xde16>V1-Send: 0x0A06->0x0A01 0x3C10 [0m
[37m[21.641][linker]-[Debug]-[DjiProtocol_v1Pack:123) <0xde17>V1-Send: 0x0A06->0x0300 0x3C10 [0m
[37m[21.662][linker]-[Debug]-[DjiProtocol_v1Unpack:215) <0xfae0>V1-Recv: 0x0300->0x0A06 0x0F74 [0m
[37m[21.662][linker]-[Debug]-[DjiProtocol_v1Unpack:215) <0xfae3>V1-Recv: 0x0300->0x0100 0x0406 [0m
[37m[21.662][linker]-[Debug]-[DjiProtocol_v1Unpack:215) <0xfae4>V1-Recv: 0x0300->0x0100 0x0407 [0m
[37m[21.662][linker]-[Debug]-[DjiProtocol_v1Unpack:215) <0xfae5>V1-Recv: 0x0300->0x0A06 0x4900 [0m
[37m[21.662][linker]-[Debug]-[DjiProtocol_v1Unpack:215) <0x37a5>V1-Recv: 0x0A01->0x0A06 0x3C45 [0m
[37m[21.663][linker]-[Debug]-[DjiCommand_RecvWork:1066)  <0xfae0>Receive msg from linker, 0x0300->0x0A06 0x0F74 len:28 [0m
[37m[21.663][linker]-[Debug]-[DjiCommand_DealCmd:919) received unsupport request cmd that noneed ack, <0xfae0> cmdset: 0x0F cmdid: 0x74 [0m
[37m[21.664][linker]-[Debug]-[DjiCommand_RecvWork:1066)  <0xfae3>Receive msg from linker, 0x0300->0x0100 0x0406 len:12 [0m
[37m[21.664][linker]-[Debug]-[DjiCommand_DealCmd:919) received unsupport request cmd that noneed ack, <0xfae3> cmdset: 0x04 cmdid: 0x06 [0m
[37m[21.665][linker]-[Debug]-[DjiCommand_RecvWork:1066)  <0xfae4>Receive msg from linker, 0x0300->0x0100 0x0407 len:1 [0m
[37m[21.665][linker]-[Debug]-[DjiCommand_DealCmd:919) received unsupport request cmd that noneed ack, <0xfae4> cmdset: 0x04 cmdid: 0x07 [0m
[37m[21.666][linker]-[Debug]-[DjiCommand_RecvWork:1066)  <0xfae5>Receive msg from linker, 0x0300->0x0A06 0x4900 len:14 [0m
[37m[21.666][linker]-[Debug]-[DjiProtocol_v1Pack:123) <0xfae5>V1-Send: 0x0A06->0x0300 0x4900 [0m
[37m[21.667][linker]-[Debug]-[DjiCommand_RecvWork:1066)  <0x37a5>Receive msg from linker, 0x0A01->0x0A06 0x3C45 len:0 [0m
[37m[21.667][upgrade]-[Debug]-[DjiUpgrade_GetUpgradeServiceInfo:239) Get upgrade service info [0m
[37m[21.667][linker]-[Debug]-[DjiProtocol_v1Pack:123) <0x37a5>V1-Send: 0x0A06->0x0A01 0x3C45 [0m
[37m[21.677][linker]-[Debug]-[DjiProtocol_v1Unpack:215) <0xfb00>V1-Recv: 0x0306->0x0A06 0x03C1 [0m
[37m[21.678][linker]-[Debug]-[DjiCommand_RecvWork:1066)  <0xfb00>Receive msg from linker, 0x0306->0x0A06 0x03C1 len:13 [0m
[37m[21.698][linker]-[Debug]-[DjiProtocol_v1Unpack:215) <0xfb27>V1-Recv: 0x0300->0x0A06 0x221B [0m
[37m[21.699][linker]-[Debug]-[DjiCommand_RecvWork:1066)  <0xfb27>Receive msg from linker, 0x0300->0x0A06 0x221B len:9 [0m
[37m[21.699][linker]-[Debug]-[DjiCommand_DealCmd:919) received unsupport request cmd that noneed ack, <0xfb27> cmdset: 0x22 cmdid: 0x1B [0m
[37m[21.741][linker]-[Debug]-[DjiProtocol_v1Unpack:215) <0xfb6b>V1-Recv: 0x0300->0x0A06 0x036C [0m
[37m[21.742][linker]-[Debug]-[DjiCommand_RecvWork:1066)  <0xfb6b>Receive msg from linker, 0x0300->0x0A06 0x036C len:71 [0m
[37m[21.742][linker]-[Debug]-[DjiCommand_DealCmd:919) received unsupport request cmd that noneed ack, <0xfb6b> cmdset: 0x03 cmdid: 0x6C [0m
[37m[21.759][linker]-[Debug]-[DjiProtocol_v1Unpack:215) <0xfb9d>V1-Recv: 0x0300->0x0A06 0x4900 [0m
[37m[21.760][linker]-[Debug]-[DjiCommand_RecvWork:1066)  <0xfb9d>Receive msg from linker, 0x0300->0x0A06 0x4900 len:14 [0m
[37m[21.760][linker]-[Debug]-[DjiProtocol_v1Pack:123) <0xfb9d>V1-Send: 0x0A06->0x0300 0x4900 [0m
[37m[21.777][linker]-[Debug]-[DjiProtocol_v1Unpack:215) <0xfbbc>V1-Recv: 0x0306->0x0A06 0x03C1 [0m
[37m[21.778][linker]-[Debug]-[DjiCommand_RecvWork:1066)  <0xfbbc>Receive msg from linker, 0x0306->0x0A06 0x03C1 len:13 [0m
[37m[21.797][linker]-[Debug]-[DjiProtocol_v1Unpack:215) <0xfbed>V1-Recv: 0x0300->0x0A06 0x221B [0m
[37m[21.798][linker]-[Debug]-[DjiCommand_RecvWork:1066)  <0xfbed>Receive msg from linker, 0x0300->0x0A06 0x221B len:9 [0m
[37m[21.798][linker]-[Debug]-[DjiCommand_DealCmd:919) received unsupport request cmd that noneed ack, <0xfbed> cmdset: 0x22 cmdid: 0x1B [0m
[37m[21.845][linker]-[Debug]-[DjiProtocol_v1Unpack:215) <0xfc29>V1-Recv: 0x0306->0x0A06 0x03C1 [0m
[37m[21.845][linker]-[Debug]-[DjiProtocol_v1Unpack:215) <0xfc2b>V1-Recv: 0x0300->0x0A06 0x036C [0m
[37m[21.846][linker]-[Debug]-[DjiCommand_RecvWork:1066)  <0xfc29>Receive msg from linker, 0x0306->0x0A06 0x03C1 len:126 [0m
[37m[21.847][linker]-[Debug]-[DjiCommand_RecvWork:1066)  <0xfc2b>Receive msg from linker, 0x0300->0x0A06 0x036C len:71 [0m
[37m[21.847][linker]-[Debug]-[DjiCommand_DealCmd:919) received unsupport request cmd that noneed ack, <0xfc2b> cmdset: 0x03 cmdid: 0x6C [0m
[37m[21.855][linker]-[Debug]-[DjiProtocol_v1Pack:123) <0xde18>V1-Send: 0x0A06->0x0200 0x3C10 [0m
[37m[21.855][linker]-[Debug]-[DjiProtocol_v1Pack:123) <0xde19>V1-Send: 0x0A06->0x0A01 0x3C10 [0m
[37m[21.855][linker]-[Debug]-[DjiProtocol_v1Pack:123) <0xde1a>V1-Send: 0x0A06->0x0300 0x3C10 [0m
[37m[21.859][linker]-[Debug]-[DjiProtocol_v1Unpack:215) <0xfc54>V1-Recv: 0x0300->0x0A06 0x4900 [0m
[37m[21.860][linker]-[Debug]-[DjiCommand_RecvWork:1066)  <0xfc54>Receive msg from linker, 0x0300->0x0A06 0x4900 len:14 [0m
[37m[21.860][linker]-[Debug]-[DjiProtocol_v1Pack:123) <0xfc54>V1-Send: 0x0A06->0x0300 0x4900 [0m
[37m[21.877][linker]-[Debug]-[DjiProtocol_v1Unpack:215) <0xfc70>V1-Recv: 0x0306->0x0A06 0x03C1 [0m
[37m[21.878][linker]-[Debug]-[DjiCommand_RecvWork:1066)  <0xfc70>Receive msg from linker, 0x0306->0x0A06 0x03C1 len:13 [0m
[32m[21.880][user]-[Info]-[UserFcSubscription_Task:453) Current speed: 0.000000.
 [0m
[32m[21.880][user]-[Info]-[UserFcSubscription_Task:639) Displaymode status: 6. [0m
[37m[21.884][linker]-[Debug]-[DjiProtocol_v1Unpack:215) <0x37a6>V1-Recv: 0x0A01->0x0A06 0x3C45 [0m
[37m[21.885][linker]-[Debug]-[DjiCommand_RecvWork:1066)  <0x37a6>Receive msg from linker, 0x0A01->0x0A06 0x3C45 len:0 [0m
[37m[21.885][upgrade]-[Debug]-[DjiUpgrade_GetUpgradeServiceInfo:239) Get upgrade service info [0m
[37m[21.885][linker]-[Debug]-[DjiProtocol_v1Pack:123) <0x37a6>V1-Send: 0x0A06->0x0A01 0x3C45 [0m
[37m[21.897][linker]-[Debug]-[DjiProtocol_v1Unpack:215) <0x59d>V1-Recv: 0x0701->0x0A06 0x0000 [0m
[37m[21.898][linker]-[Debug]-[DjiProtocol_v1Unpack:215) <0xfc9b>V1-Recv: 0x0300->0x0A06 0x221B [0m
[37m[21.898][linker]-[Debug]-[DjiCommand_RecvWork:1066)  <0x59d>Receive msg from linker, 0x0701->0x0A06 0x0000 len:16 [0m
[37m[21.898][linker]-[Debug]-[DjiProtocol_v1Pack:123) <0x59d>V1-Send: 0x0A06->0x0701 0x0000 [0m
[37m[21.899][linker]-[Debug]-[DjiCommand_RecvWork:1066)  <0xfc9b>Receive msg from linker, 0x0300->0x0A06 0x221B len:9 [0m
[37m[21.899][linker]-[Debug]-[DjiCommand_DealCmd:919) received unsupport request cmd that noneed ack, <0xfc9b> cmdset: 0x22 cmdid: 0x1B [0m
[37m[21.940][linker]-[Debug]-[DjiProtocol_v1Unpack:215) <0xfcde>V1-Recv: 0x0300->0x0A06 0x036C [0m
[37m[21.940][linker]-[Debug]-[DjiCommand_RecvWork:1066)  <0xfcde>Receive msg from linker, 0x0300->0x0A06 0x036C len:71 [0m
[37m[21.940][linker]-[Debug]-[DjiCommand_DealCmd:919) received unsupport request cmd that noneed ack, <0xfcde> cmdset: 0x03 cmdid: 0x6C [0m
[37m[21.958][linker]-[Debug]-[DjiProtocol_v1Unpack:215) <0xfd0a>V1-Recv: 0x0300->0x0A06 0x4900 [0m
[37m[21.959][linker]-[Debug]-[DjiCommand_RecvWork:1066)  <0xfd0a>Receive msg from linker, 0x0300->0x0A06 0x4900 len:14 [0m
[37m[21.959][linker]-[Debug]-[DjiProtocol_v1Pack:123) <0xfd0a>V1-Send: 0x0A06->0x0300 0x4900 [0m
[37m[21.977][linker]-[Debug]-[DjiProtocol_v1Unpack:215) <0xfd27>V1-Recv: 0x0306->0x0A06 0x03C1 [0m
[37m[21.977][linker]-[Debug]-[DjiCommand_RecvWork:1066)  <0xfd27>Receive msg from linker, 0x0306->0x0A06 0x03C1 len:13 [0m
[37m[21.998][linker]-[Debug]-[DjiProtocol_v1Unpack:215) <0xfd52>V1-Recv: 0x0300->0x0A06 0x221B [0m
[37m[21.998][linker]-[Debug]-[DjiCommand_RecvWork:1066)  <0xfd52>Receive msg from linker, 0x0300->0x0A06 0x221B len:9 [0m
[37m[21.998][linker]-[Debug]-[DjiCommand_DealCmd:919) received unsupport request cmd that noneed ack, <0xfd52> cmdset: 0x22 cmdid: 0x1B [0m
[37m[22.041][linker]-[Debug]-[DjiProtocol_v1Unpack:215) <0xfd91>V1-Recv: 0x0300->0x0A06 0x036C [0m
[37m[22.041][linker]-[Debug]-[DjiCommand_RecvWork:1066)  <0xfd91>Receive msg from linker, 0x0300->0x0A06 0x036C len:71 [0m
[37m[22.041][linker]-[Debug]-[DjiCommand_DealCmd:919) received unsupport request cmd that noneed ack, <0xfd91> cmdset: 0x03 cmdid: 0x6C [0m
[37m[22.059][linker]-[Debug]-[DjiProtocol_v1Unpack:215) <0xfdb8>V1-Recv: 0x0300->0x0A06 0x4900 [0m
[37m[22.060][linker]-[Debug]-[DjiCommand_RecvWork:1066)  <0xfdb8>Receive msg from linker, 0x0300->0x0A06 0x4900 len:14 [0m
[37m[22.060][linker]-[Debug]-[DjiProtocol_v1Pack:123) <0xfdb8>V1-Send: 0x0A06->0x0300 0x4900 [0m
[37m[22.068][linker]-[Debug]-[DjiProtocol_v1Pack:123) <0xde1b>V1-Send: 0x0A06->0x0200 0x3C10 [0m
[37m[22.068][linker]-[Debug]-[DjiProtocol_v1Pack:123) <0xde1c>V1-Send: 0x0A06->0x0A01 0x3C10 [0m
[37m[22.068][linker]-[Debug]-[DjiProtocol_v1Pack:123) <0xde1d>V1-Send: 0x0A06->0x0300 0x3C10 [0m
[37m[22.077][linker]-[Debug]-[DjiProtocol_v1Unpack:215) <0xfdd3>V1-Recv: 0x0306->0x0A06 0x03C1 [0m
[37m[22.078][linker]-[Debug]-[DjiCommand_RecvWork:1066)  <0xfdd3>Receive msg from linker, 0x0306->0x0A06 0x03C1 len:13 [0m
[37m[22.097][linker]-[Debug]-[DjiProtocol_v1Unpack:215) <0xfdfd>V1-Recv: 0x0300->0x0A06 0x221B [0m
[37m[22.098][linker]-[Debug]-[DjiCommand_RecvWork:1066)  <0xfdfd>Receive msg from linker, 0x0300->0x0A06 0x221B len:9 [0m
[37m[22.098][linker]-[Debug]-[DjiCommand_DealCmd:919) received unsupport request cmd that noneed ack, <0xfdfd> cmdset: 0x22 cmdid: 0x1B [0m
[37m[22.101][linker]-[Debug]-[DjiProtocol_v1Unpack:215) <0x37a7>V1-Recv: 0x0A01->0x0A06 0x3C45 [0m
[37m[22.102][linker]-[Debug]-[DjiCommand_RecvWork:1066)  <0x37a7>Receive msg from linker, 0x0A01->0x0A06 0x3C45 len:0 [0m
[37m[22.102][upgrade]-[Debug]-[DjiUpgrade_GetUpgradeServiceInfo:239) Get upgrade service info [0m
[37m[22.102][linker]-[Debug]-[DjiProtocol_v1Pack:123) <0x37a7>V1-Send: 0x0A06->0x0A01 0x3C45 [0m
[37m[22.140][linker]-[Debug]-[DjiProtocol_v1Unpack:215) <0xfe45>V1-Recv: 0x0300->0x0A06 0x036C [0m
[37m[22.141][linker]-[Debug]-[DjiCommand_RecvWork:1066)  <0xfe45>Receive msg from linker, 0x0300->0x0A06 0x036C len:71 [0m
[37m[22.141][linker]-[Debug]-[DjiCommand_DealCmd:919) received unsupport request cmd that noneed ack, <0xfe45> cmdset: 0x03 cmdid: 0x6C [0m
[37m[22.159][linker]-[Debug]-[DjiProtocol_v1Unpack:215) <0xfe6f>V1-Recv: 0x0300->0x0100 0x0405 [0m
[37m[22.159][linker]-[Debug]-[DjiProtocol_v1Unpack:215) <0xfe70>V1-Recv: 0x0300->0x0A06 0x4900 [0m
[37m[22.160][linker]-[Debug]-[DjiCommand_RecvWork:1066)  <0xfe6f>Receive msg from linker, 0x0300->0x0100 0x0405 len:22 [0m
[37m[22.160][linker]-[Debug]-[DjiCommand_DealCmd:919) received unsupport request cmd that noneed ack, <0xfe6f> cmdset: 0x04 cmdid: 0x05 [0m
[37m[22.161][linker]-[Debug]-[DjiCommand_RecvWork:1066)  <0xfe70>Receive msg from linker, 0x0300->0x0A06 0x4900 len:14 [0m
[37m[22.161][linker]-[Debug]-[DjiProtocol_v1Pack:123) <0xfe70>V1-Send: 0x0A06->0x0300 0x4900 [0m
[37m[22.177][linker]-[Debug]-[DjiProtocol_v1Unpack:215) <0xfe8d>V1-Recv: 0x0306->0x0A06 0x03C1 [0m
[37m[22.178][linker]-[Debug]-[DjiCommand_RecvWork:1066)  <0xfe8d>Receive msg from linker, 0x0306->0x0A06 0x03C1 len:13 [0m
[37m[22.198][linker]-[Debug]-[DjiProtocol_v1Unpack:215) <0xfeb8>V1-Recv: 0x0300->0x0A06 0x221B [0m
[37m[22.198][linker]-[Debug]-[DjiCommand_RecvWork:1066)  <0xfeb8>Receive msg from linker, 0x0300->0x0A06 0x221B len:9 [0m
[37m[22.198][linker]-[Debug]-[DjiCommand_DealCmd:919) received unsupport request cmd that noneed ack, <0xfeb8> cmdset: 0x22 cmdid: 0x1B [0m
[37m[22.240][linker]-[Debug]-[DjiProtocol_v1Unpack:215) <0xfefc>V1-Recv: 0x0300->0x0A06 0x036C [0m
[37m[22.241][linker]-[Debug]-[DjiCommand_RecvWork:1066)  <0xfefc>Receive msg from linker, 0x0300->0x0A06 0x036C len:71 [0m
[37m[22.241][linker]-[Debug]-[DjiCommand_DealCmd:919) received unsupport request cmd that noneed ack, <0xfefc> cmdset: 0x03 cmdid: 0x6C [0m
[37m[22.258][linker]-[Debug]-[DjiProtocol_v1Unpack:215) <0xff2c>V1-Recv: 0x0300->0x0A06 0x4900 [0m
[37m[22.259][linker]-[Debug]-[DjiCommand_RecvWork:1066)  <0xff2c>Receive msg from linker, 0x0300->0x0A06 0x4900 len:14 [0m
[37m[22.259][linker]-[Debug]-[DjiProtocol_v1Pack:123) <0xff2c>V1-Send: 0x0A06->0x0300 0x4900 [0m
[37m[22.276][linker]-[Debug]-[DjiProtocol_v1Unpack:215) <0xff4d>V1-Recv: 0x0306->0x0A06 0x03C1 [0m
[37m[22.277][linker]-[Debug]-[DjiCommand_RecvWork:1066)  <0xff4d>Receive msg from linker, 0x0306->0x0A06 0x03C1 len:13 [0m
[37m[22.280][linker]-[Debug]-[DjiProtocol_v1Pack:123) <0xde1e>V1-Send: 0x0A06->0x0300 0x0000 [0m
[37m[22.280][infor]-[Debug]-[DjiAircraftConnection_CheckExtensionPortConnectStatusByV1Protocol:170) check connect status:1 [0m
[37m[22.282][linker]-[Debug]-[DjiProtocol_v1Pack:123) <0xde1f>V1-Send: 0x0A06->0x0200 0x3C10 [0m
[37m[22.282][linker]-[Debug]-[DjiProtocol_v1Pack:123) <0xde20>V1-Send: 0x0A06->0x0A01 0x3C10 [0m
[37m[22.282][linker]-[Debug]-[DjiProtocol_v1Pack:123) <0xde21>V1-Send: 0x0A06->0x0300 0x3C10 [0m
[37m[22.299][linker]-[Debug]-[DjiProtocol_v1Unpack:215) <0xde1e>V1-Recv: 0x0300->0x0A06 0x0000 [0m
[37m[22.299][linker]-[Debug]-[DjiProtocol_v1Unpack:215) <0xff7c>V1-Recv: 0x0300->0x0A06 0x221B [0m
[37m[22.300][linker]-[Debug]-[DjiCommand_RecvWork:1066)  <0xde1e>Receive msg from linker, 0x0300->0x0A06 0x0000 len:0 [0m
[37m[22.300][infor]-[Debug]-[DjiAircraftInfo_CheckPingStatusAsyncCallback:269) connect status async sucess [0m
[37m[22.300][linker]-[Debug]-[DjiCommand_DealCmd:830) callback function (cmdset: 0x00 cmdid: 0x00) deal time: 0 ms [0m
[37m[22.301][linker]-[Debug]-[DjiCommand_RecvWork:1066)  <0xff7c>Receive msg from linker, 0x0300->0x0A06 0x221B len:9 [0m
[37m[22.301][linker]-[Debug]-[DjiCommand_DealCmd:919) received unsupport request cmd that noneed ack, <0xff7c> cmdset: 0x22 cmdid: 0x1B [0m
[37m[22.304][linker]-[Debug]-[DjiProtocol_v1Unpack:215) <0x37aa>V1-Recv: 0x0A01->0x0A06 0x3C45 [0m
[37m[22.304][linker]-[Debug]-[DjiProtocol_v1Unpack:215) <0xaeef>V1-Recv: 0x0202->0x0A06 0x0026 [0m
[37m[22.305][linker]-[Debug]-[DjiCommand_RecvWork:1066)  <0x37aa>Receive msg from linker, 0x0A01->0x0A06 0x3C45 len:0 [0m
[37m[22.305][upgrade]-[Debug]-[DjiUpgrade_GetUpgradeServiceInfo:239) Get upgrade service info [0m
[37m[22.305][linker]-[Debug]-[DjiProtocol_v1Pack:123) <0x37aa>V1-Send: 0x0A06->0x0A01 0x3C45 [0m
[37m[22.306][linker]-[Debug]-[DjiCommand_RecvWork:1066)  <0xaeef>Receive msg from linker, 0x0202->0x0A06 0x0026 len:37 [0m
[37m[22.306][linker]-[Debug]-[DjiCommand_DealCmd:919) received unsupport request cmd that need ack, <0xaeef> cmdset: 0x00 cmdid: 0x26 [0m
[37m[22.340][linker]-[Debug]-[DjiProtocol_v1Unpack:215) <0xffc2>V1-Recv: 0x0300->0x0A06 0x036C [0m
[37m[22.341][linker]-[Debug]-[DjiCommand_RecvWork:1066)  <0xffc2>Receive msg from linker, 0x0300->0x0A06 0x036C len:71 [0m
[37m[22.341][linker]-[Debug]-[DjiCommand_DealCmd:919) received unsupport request cmd that noneed ack, <0xffc2> cmdset: 0x03 cmdid: 0x6C [0m
[37m[22.358][linker]-[Debug]-[DjiProtocol_v1Unpack:215) <0xffeb>V1-Recv: 0x0300->0x0A06 0x4900 [0m
[37m[22.359][linker]-[Debug]-[DjiCommand_RecvWork:1066)  <0xffeb>Receive msg from linker, 0x0300->0x0A06 0x4900 len:14 [0m
[37m[22.359][linker]-[Debug]-[DjiProtocol_v1Pack:123) <0xffeb>V1-Send: 0x0A06->0x0300 0x4900 [0m
[37m[22.377][linker]-[Debug]-[DjiProtocol_v1Unpack:215) <0x0b>V1-Recv: 0x0306->0x0A06 0x03C1 [0m
[37m[22.378][linker]-[Debug]-[DjiCommand_RecvWork:1066)  <0x0b>Receive msg from linker, 0x0306->0x0A06 0x03C1 len:13 [0m
[37m[22.398][linker]-[Debug]-[DjiProtocol_v1Unpack:215) <0x37>V1-Recv: 0x0300->0x0A06 0x221B [0m
[37m[22.398][linker]-[Debug]-[DjiCommand_RecvWork:1066)  <0x37>Receive msg from linker, 0x0300->0x0A06 0x221B len:9 [0m
[37m[22.398][linker]-[Debug]-[DjiCommand_DealCmd:919) received unsupport request cmd that noneed ack, <0x37> cmdset: 0x22 cmdid: 0x1B [0m
[37m[22.400][utils]-[Debug]-[DjiCore_RootTask:131) work execution time: [0m
[37m[22.400][utils]-[Debug]-[DjiCore_RootTask:132) name	                execution time (ms)	  max execution time (ms) [0m
[37m[22.400][utils]-[Debug]-[DjiCore_RootTask:134) recorderWork                    	0       	1        [0m
[37m[22.400][utils]-[Debug]-[DjiCore_RootTask:134) flowControllerTask              	0       	0        [0m
[37m[22.400][utils]-[Debug]-[DjiCore_RootTask:134) commandTask                     	1       	1        [0m
[37m[22.400][utils]-[Debug]-[DjiCore_RootTask:134) aircraftWorkNode                	0       	1        [0m
[37m[22.400][utils]-[Debug]-[DjiCore_RootTask:134) StatePushWork                   	1       	1        [0m
[37m[22.440][linker]-[Debug]-[DjiProtocol_v1Unpack:215) <0x74>V1-Recv: 0x0300->0x0A06 0x036C [0m
[37m[22.440][linker]-[Debug]-[DjiCommand_RecvWork:1066)  <0x74>Receive msg from linker, 0x0300->0x0A06 0x036C len:71 [0m
[37m[22.440][linker]-[Debug]-[DjiCommand_DealCmd:919) received unsupport request cmd that noneed ack, <0x74> cmdset: 0x03 cmdid: 0x6C [0m
[37m[22.449][linker]-[Debug]-[DjiProtocol_v1Unpack:215) <0x174b>V1-Recv: 0x1D07->0x0A06 0x2105 [0m
[37m[22.449][linker]-[Debug]-[DjiCommand_RecvWork:1066)  <0x174b>Receive msg from linker, 0x1D07->0x0A06 0x2105 len:1 [0m
[37m[22.449][linker]-[Debug]-[DjiCommand_DealCmd:919) received unsupport request cmd that need ack, <0x174b> cmdset: 0x21 cmdid: 0x05 [0m
[37m[22.458][linker]-[Debug]-[DjiProtocol_v1Unpack:215) <0x9a>V1-Recv: 0x0300->0x0A06 0x4900 [0m
[37m[22.458][linker]-[Debug]-[DjiCommand_RecvWork:1066)  <0x9a>Receive msg from linker, 0x0300->0x0A06 0x4900 len:14 [0m
[37m[22.458][linker]-[Debug]-[DjiProtocol_v1Pack:123) <0x9a>V1-Send: 0x0A06->0x0300 0x4900 [0m
[37m[22.476][linker]-[Debug]-[DjiProtocol_v1Unpack:215) <0xb5>V1-Recv: 0x0306->0x0A06 0x03C1 [0m
[37m[22.477][linker]-[Debug]-[DjiCommand_RecvWork:1066)  <0xb5>Receive msg from linker, 0x0306->0x0A06 0x03C1 len:13 [0m
[37m[22.495][linker]-[Debug]-[DjiProtocol_v1Pack:123) <0xde22>V1-Send: 0x0A06->0x0200 0x3C10 [0m
[37m[22.495][linker]-[Debug]-[DjiProtocol_v1Pack:123) <0xde23>V1-Send: 0x0A06->0x0A01 0x3C10 [0m
[37m[22.495][linker]-[Debug]-[DjiProtocol_v1Pack:123) <0xde24>V1-Send: 0x0A06->0x0300 0x3C10 [0m
[37m[22.498][linker]-[Debug]-[DjiProtocol_v1Unpack:215) <0xde>V1-Recv: 0x0300->0x0A06 0x221B [0m
[37m[22.498][linker]-[Debug]-[DjiCommand_RecvWork:1066)  <0xde>Receive msg from linker, 0x0300->0x0A06 0x221B len:9 [0m
[37m[22.498][linker]-[Debug]-[DjiCommand_DealCmd:919) received unsupport request cmd that noneed ack, <0xde> cmdset: 0x22 cmdid: 0x1B [0m
[37m[22.519][linker]-[Debug]-[DjiProtocol_v1Unpack:215) <0x37ab>V1-Recv: 0x0A01->0x0A06 0x3C45 [0m
[37m[22.519][linker]-[Debug]-[DjiCommand_RecvWork:1066)  <0x37ab>Receive msg from linker, 0x0A01->0x0A06 0x3C45 len:0 [0m
[37m[22.519][upgrade]-[Debug]-[DjiUpgrade_GetUpgradeServiceInfo:239) Get upgrade service info [0m
[37m[22.519][linker]-[Debug]-[DjiProtocol_v1Pack:123) <0x37ab>V1-Send: 0x0A06->0x0A01 0x3C45 [0m
[37m[22.540][linker]-[Debug]-[DjiProtocol_v1Unpack:215) <0x126>V1-Recv: 0x0300->0x0A06 0x036C [0m
[37m[22.541][linker]-[Debug]-[DjiCommand_RecvWork:1066)  <0x126>Receive msg from linker, 0x0300->0x0A06 0x036C len:71 [0m
[37m[22.541][linker]-[Debug]-[DjiCommand_DealCmd:919) received unsupport request cmd that noneed ack, <0x126> cmdset: 0x03 cmdid: 0x6C [0m
[37m[22.558][linker]-[Debug]-[DjiProtocol_v1Unpack:215) <0x150>V1-Recv: 0x0300->0x0A06 0x4900 [0m
[37m[22.559][linker]-[Debug]-[DjiCommand_RecvWork:1066)  <0x150>Receive msg from linker, 0x0300->0x0A06 0x4900 len:14 [0m
[37m[22.559][linker]-[Debug]-[DjiProtocol_v1Pack:123) <0x150>V1-Send: 0x0A06->0x0300 0x4900 [0m
[37m[22.577][linker]-[Debug]-[DjiProtocol_v1Unpack:215) <0x16f>V1-Recv: 0x0306->0x0A06 0x03C1 [0m
[37m[22.577][linker]-[Debug]-[DjiCommand_RecvWork:1066)  <0x16f>Receive msg from linker, 0x0306->0x0A06 0x03C1 len:13 [0m
[37m[22.598][linker]-[Debug]-[DjiProtocol_v1Unpack:215) <0x19b>V1-Recv: 0x0300->0x0A06 0x221B [0m
[37m[22.598][linker]-[Debug]-[DjiCommand_RecvWork:1066)  <0x19b>Receive msg from linker, 0x0300->0x0A06 0x221B len:9 [0m
[37m[22.598][linker]-[Debug]-[DjiCommand_DealCmd:919) received unsupport request cmd that noneed ack, <0x19b> cmdset: 0x22 cmdid: 0x1B [0m
[37m[22.640][linker]-[Debug]-[DjiProtocol_v1Unpack:215) <0x1d8>V1-Recv: 0x0300->0x0A06 0x036C [0m
[37m[22.641][linker]-[Debug]-[DjiCommand_RecvWork:1066)  <0x1d8>Receive msg from linker, 0x0300->0x0A06 0x036C len:71 [0m
[37m[22.641][linker]-[Debug]-[DjiCommand_DealCmd:919) received unsupport request cmd that noneed ack, <0x1d8> cmdset: 0x03 cmdid: 0x6C [0m
[37m[22.662][linker]-[Debug]-[DjiProtocol_v1Unpack:215) <0x200>V1-Recv: 0x0300->0x0A06 0x0F74 [0m
[37m[22.662][linker]-[Debug]-[DjiProtocol_v1Unpack:215) <0x203>V1-Recv: 0x0300->0x0100 0x0406 [0m
[37m[22.662][linker]-[Debug]-[DjiProtocol_v1Unpack:215) <0x204>V1-Recv: 0x0300->0x0100 0x0407 [0m
[37m[22.662][linker]-[Debug]-[DjiProtocol_v1Unpack:215) <0x205>V1-Recv: 0x0300->0x0A06 0x4900 [0m
[37m[22.662][linker]-[Debug]-[DjiCommand_RecvWork:1066)  <0x200>Receive msg from linker, 0x0300->0x0A06 0x0F74 len:28 [0m
[37m[22.662][linker]-[Debug]-[DjiCommand_DealCmd:919) received unsupport request cmd that noneed ack, <0x200> cmdset: 0x0F cmdid: 0x74 [0m
[37m[22.663][linker]-[Debug]-[DjiCommand_RecvWork:1066)  <0x203>Receive msg from linker, 0x0300->0x0100 0x0406 len:12 [0m
[37m[22.663][linker]-[Debug]-[DjiCommand_DealCmd:919) received unsupport request cmd that noneed ack, <0x203> cmdset: 0x04 cmdid: 0x06 [0m
[37m[22.665][linker]-[Debug]-[DjiCommand_RecvWork:1066)  <0x204>Receive msg from linker, 0x0300->0x0100 0x0407 len:1 [0m
[37m[22.665][linker]-[Debug]-[DjiCommand_DealCmd:919) received unsupport request cmd that noneed ack, <0x204> cmdset: 0x04 cmdid: 0x07 [0m
[37m[22.666][linker]-[Debug]-[DjiCommand_RecvWork:1066)  <0x205>Receive msg from linker, 0x0300->0x0A06 0x4900 len:14 [0m
[37m[22.666][linker]-[Debug]-[DjiProtocol_v1Pack:123) <0x205>V1-Send: 0x0A06->0x0300 0x4900 [0m
[37m[22.677][linker]-[Debug]-[DjiProtocol_v1Unpack:215) <0x224>V1-Recv: 0x0306->0x0A06 0x03C1 [0m
[37m[22.677][linker]-[Debug]-[DjiCommand_RecvWork:1066)  <0x224>Receive msg from linker, 0x0306->0x0A06 0x03C1 len:13 [0m
[37m[22.698][linker]-[Debug]-[DjiProtocol_v1Unpack:215) <0x24e>V1-Recv: 0x0300->0x0A06 0x221B [0m
[37m[22.699][linker]-[Debug]-[DjiCommand_RecvWork:1066)  <0x24e>Receive msg from linker, 0x0300->0x0A06 0x221B len:9 [0m
[37m[22.699][linker]-[Debug]-[DjiCommand_DealCmd:919) received unsupport request cmd that noneed ack, <0x24e> cmdset: 0x22 cmdid: 0x1B [0m
[37m[22.708][linker]-[Debug]-[DjiProtocol_v1Pack:123) <0xde25>V1-Send: 0x0A06->0x0200 0x3C10 [0m
[37m[22.708][linker]-[Debug]-[DjiProtocol_v1Pack:123) <0xde26>V1-Send: 0x0A06->0x0A01 0x3C10 [0m
[37m[22.708][linker]-[Debug]-[DjiProtocol_v1Pack:123) <0xde27>V1-Send: 0x0A06->0x0300 0x3C10 [0m
[37m[22.740][linker]-[Debug]-[DjiProtocol_v1Unpack:215) <0x295>V1-Recv: 0x0300->0x0A06 0x036C [0m
[37m[22.740][linker]-[Debug]-[DjiProtocol_v1Unpack:215) <0x37ac>V1-Recv: 0x0A01->0x0A06 0x3C45 [0m
[37m[22.740][linker]-[Debug]-[DjiCommand_RecvWork:1066)  <0x295>Receive msg from linker, 0x0300->0x0A06 0x036C len:71 [0m
[37m[22.740][linker]-[Debug]-[DjiCommand_DealCmd:919) received unsupport request cmd that noneed ack, <0x295> cmdset: 0x03 cmdid: 0x6C [0m
[37m[22.742][linker]-[Debug]-[DjiCommand_RecvWork:1066)  <0x37ac>Receive msg from linker, 0x0A01->0x0A06 0x3C45 len:0 [0m
[37m[22.742][upgrade]-[Debug]-[DjiUpgrade_GetUpgradeServiceInfo:239) Get upgrade service info [0m
[37m[22.742][linker]-[Debug]-[DjiProtocol_v1Pack:123) <0x37ac>V1-Send: 0x0A06->0x0A01 0x3C45 [0m
[37m[22.758][linker]-[Debug]-[DjiProtocol_v1Unpack:215) <0x2c3>V1-Recv: 0x0300->0x0A06 0x4900 [0m
[37m[22.759][linker]-[Debug]-[DjiCommand_RecvWork:1066)  <0x2c3>Receive msg from linker, 0x0300->0x0A06 0x4900 len:14 [0m
[37m[22.759][linker]-[Debug]-[DjiProtocol_v1Pack:123) <0x2c3>V1-Send: 0x0A06->0x0300 0x4900 [0m
[32m[22.773][user]-[Info]-[msgarrvd:92) 当前时间是: 2025-05-13 11:33:22
 [0m
[32m[22.773][user]-[Info]-[msgarrvd:196) --dronesCount--2
 [0m
[32m[22.774][user]-[Info]-[DjiTest_LiveviewRunSample:64) Liveview sample start [0m
[32m[22.774][user]-[Info]-[DjiTest_WaypointV2RunSample:171) Waypoint V2 sample start [0m
[32m[22.774][user]-[Info]-[DjiTest_WaypointV2RunSample:174) --> Step 1: Init Waypoint V2 sample [0m
[37m[22.774][linker]-[Debug]-[DjiCommand_RegRecvCmdHandler:674) Reg command handle list success, index:14 [0m
[32m[22.774][user]-[Info]-[DjiTest_WaypointV2RunSample:193) --> Step 3: Register waypoint V2 event and state callback
 [0m
[32m[22.774][user]-[Info]-[DjiTest_LiveviewRunSample:81) Liveview sample launched in a separate thread [0m
[32m[22.774][user]-[Info]-[liveviewThreadFunc:99) Liveview sample start [0m
[32m[22.774][user]-[Info]-[liveviewThreadFunc:108) --> Step 1: Init liveview module [0m
[37m[22.776][channel]-[Debug]-[DjiStreamChannelUdp_RecvDataThread:248) Receive udp data from 192.168.108.1.30081 -> 192.168.100.2.30081, protocol: raw_data [0m
[37m[22.777][linker]-[Debug]-[DjiProtocol_v1Unpack:215) <0x2e2>V1-Recv: 0x0306->0x0A06 0x03C1 [0m
[37m[22.777][linker]-[Debug]-[DjiCommand_RecvWork:1066)  <0x2e2>Receive msg from linker, 0x0306->0x0A06 0x03C1 len:13 [0m
[37m[22.778][channel]-[Debug]-[DjiStreamChannelUdp_RecvDataThread:248) Receive udp data from 192.168.108.1.30082 -> 192.168.100.2.30082, protocol: raw_data [0m
[37m[22.780][channel]-[Debug]-[DjiStreamChannelUdp_RecvDataThread:248) Receive udp data from 192.168.108.1.30083 -> 192.168.100.2.30083, protocol: raw_data [0m
[37m[22.782][channel]-[Debug]-[DjiStreamChannelUdp_RecvDataThread:248) Receive udp data from 192.168.108.1.30084 -> 192.168.100.2.30084, protocol: raw_data [0m
[37m[22.784][channel]-[Debug]-[DjiStreamChannelUdp_RecvDataThread:248) Receive udp data from 192.168.108.1.30085 -> 192.168.100.2.30085, protocol: raw_data [0m
[37m[22.785][linker]-[Debug]-[DjiCommand_RegRecvCmdHandler:674) Reg command handle list success, index:15 [0m
[37m[22.785][linker]-[Debug]-[DjiProtocol_v1Pack:123) <0xde28>V1-Send: 0x0A06->0x0800 0x0865 [0m
[37m[22.785][channel]-[Debug]-[DjiStreamChannelUdp_RecvDataThread:248) Receive udp data from 192.168.108.1.30090 -> 192.168.100.2.30090, protocol: raw_data [0m
[37m[22.798][linker]-[Debug]-[DjiProtocol_v1Unpack:215) <0x315>V1-Recv: 0x0300->0x0A06 0x221B [0m
[37m[22.798][linker]-[Debug]-[DjiCommand_RecvWork:1066)  <0x315>Receive msg from linker, 0x0300->0x0A06 0x221B len:9 [0m
[32m[22.798][user]-[Info]-[DjiTest_WaypointV2StateCallback:675) [Waypoint Index:0]: State: Ground station not start, velocity:0.00 m/s [0m
[37m[22.799][linker]-[Debug]-[DjiProtocol_v1Unpack:215) <0xde28>V1-Recv: 0x0800->0x0A06 0x0865 [0m
[37m[22.799][linker]-[Debug]-[DjiCommand_RecvWork:1066)  <0xde28>Receive msg from linker, 0x0800->0x0A06 0x0865 len:1 [0m
[37m[22.799][linker]-[Debug]-[DjiCommand_SendSyncCallback:1014) PsdkCommand_SendSyncCallback success [0m
[37m[22.799][linker]-[Debug]-[DjiCommand_DealCmd:830) callback function (cmdset: 0x08 cmdid: 0x65) deal time: 0 ms [0m
[37m[22.799][linker]-[Debug]-[DjiCommand_SendSync:553) sendSync callback success [0m
[37m[22.846][linker]-[Debug]-[DjiProtocol_v1Unpack:215) <0x353>V1-Recv: 0x0306->0x0A06 0x03C1 [0m
[37m[22.846][linker]-[Debug]-[DjiProtocol_v1Unpack:215) <0x355>V1-Recv: 0x0300->0x0A06 0x036C [0m
[37m[22.846][linker]-[Debug]-[DjiCommand_RecvWork:1066)  <0x353>Receive msg from linker, 0x0306->0x0A06 0x03C1 len:126 [0m
[37m[22.847][linker]-[Debug]-[DjiCommand_RecvWork:1066)  <0x355>Receive msg from linker, 0x0300->0x0A06 0x036C len:71 [0m
[37m[22.858][linker]-[Debug]-[DjiProtocol_v1Unpack:215) <0x37e>V1-Recv: 0x0300->0x0A06 0x4900 [0m
[37m[22.858][linker]-[Debug]-[DjiCommand_RecvWork:1066)  <0x37e>Receive msg from linker, 0x0300->0x0A06 0x4900 len:14 [0m
[37m[22.859][linker]-[Debug]-[DjiProtocol_v1Pack:123) <0x37e>V1-Send: 0x0A06->0x0300 0x4900 [0m
[37m[22.877][linker]-[Debug]-[DjiProtocol_v1Unpack:215) <0x399>V1-Recv: 0x0306->0x0A06 0x03C1 [0m
[37m[22.878][linker]-[Debug]-[DjiCommand_RecvWork:1066)  <0x399>Receive msg from linker, 0x0306->0x0A06 0x03C1 len:13 [0m
[32m[22.880][user]-[Info]-[UserFcSubscription_Task:453) Current speed: 0.000000.
 [0m
[32m[22.880][user]-[Info]-[UserFcSubscription_Task:562) 当前时间是: 2025-05-13 11:33:22
 [0m
[32m[22.880][user]-[Info]-[UserFcSubscription_Task:570) 时间差是: 0 秒
 [0m
[32m[22.880][user]-[Info]-[point_to_segment_distance:918) (distance_safe: 0.000000)  (Homepoint_info: lat->39.136887, lon->117.141939.)  (targetPoint: lat->39.136301, lon->117.128417.)  (currentPoint: lat->39.136886, lon->117.141942.)  (projectionPoint: lat->39.136887, lon->117.141942.)  ratio: -0.000193.
 [0m
[32m[22.880][user]-[Info]-[UserFcSubscription_Task:639) Displaymode status: 6. [0m
[37m[22.897][linker]-[Debug]-[DjiProtocol_v1Unpack:215) <0x59e>V1-Recv: 0x0701->0x0A06 0x0000 [0m
[37m[22.897][linker]-[Debug]-[DjiProtocol_v1Unpack:215) <0x3c2>V1-Recv: 0x0300->0x0A06 0x221B [0m
[37m[22.898][linker]-[Debug]-[DjiCommand_RecvWork:1066)  <0x59e>Receive msg from linker, 0x0701->0x0A06 0x0000 len:16 [0m
[37m[22.898][linker]-[Debug]-[DjiProtocol_v1Pack:123) <0x59e>V1-Send: 0x0A06->0x0701 0x0000 [0m
[37m[22.899][linker]-[Debug]-[DjiCommand_RecvWork:1066)  <0x3c2>Receive msg from linker, 0x0300->0x0A06 0x221B len:9 [0m
[37m[22.921][linker]-[Debug]-[DjiProtocol_v1Pack:123) <0xde2a>V1-Send: 0x0A06->0x0200 0x3C10 [0m
[37m[22.921][linker]-[Debug]-[DjiProtocol_v1Pack:123) <0xde2b>V1-Send: 0x0A06->0x0A01 0x3C10 [0m
[37m[22.921][linker]-[Debug]-[DjiProtocol_v1Pack:123) <0xde2c>V1-Send: 0x0A06->0x0300 0x3C10 [0m
[37m[22.941][linker]-[Debug]-[DjiProtocol_v1Unpack:215) <0x407>V1-Recv: 0x0300->0x0A06 0x036C [0m
[37m[22.941][linker]-[Debug]-[DjiProtocol_v1Unpack:215) <0x37ae>V1-Recv: 0x0A01->0x0A06 0x3C45 [0m
[37m[22.942][linker]-[Debug]-[DjiCommand_RecvWork:1066)  <0x407>Receive msg from linker, 0x0300->0x0A06 0x036C len:71 [0m
[37m[22.943][linker]-[Debug]-[DjiCommand_RecvWork:1066)  <0x37ae>Receive msg from linker, 0x0A01->0x0A06 0x3C45 len:0 [0m
[37m[22.943][upgrade]-[Debug]-[DjiUpgrade_GetUpgradeServiceInfo:239) Get upgrade service info [0m
[37m[22.943][linker]-[Debug]-[DjiProtocol_v1Pack:123) <0x37ae>V1-Send: 0x0A06->0x0A01 0x3C45 [0m
[37m[22.958][linker]-[Debug]-[DjiProtocol_v1Unpack:215) <0x437>V1-Recv: 0x0300->0x0A06 0x4900 [0m
[37m[22.959][linker]-[Debug]-[DjiCommand_RecvWork:1066)  <0x437>Receive msg from linker, 0x0300->0x0A06 0x4900 len:14 [0m
[37m[22.959][linker]-[Debug]-[DjiProtocol_v1Pack:123) <0x437>V1-Send: 0x0A06->0x0300 0x4900 [0m
[37m[22.977][linker]-[Debug]-[DjiProtocol_v1Unpack:215) <0x454>V1-Recv: 0x0306->0x0A06 0x03C1 [0m
[37m[22.978][linker]-[Debug]-[DjiCommand_RecvWork:1066)  <0x454>Receive msg from linker, 0x0306->0x0A06 0x03C1 len:13 [0m
[37m[22.997][linker]-[Debug]-[DjiProtocol_v1Unpack:215) <0x480>V1-Recv: 0x0300->0x0A06 0x221B [0m
[37m[22.998][linker]-[Debug]-[DjiCommand_RecvWork:1066)  <0x480>Receive msg from linker, 0x0300->0x0A06 0x221B len:9 [0m
[37m[23.022][linker]-[Debug]-[DjiProtocol_v1Unpack:215) <0000>V1-Recv: 0x0800->0x0A06 0x0866 [0m
[37m[23.022][linker]-[Debug]-[DjiCommand_RecvWork:1066)  <0000>Receive msg from linker, 0x0800->0x0A06 0x0866 len:16 [0m
[37m[23.022][liveview]-[Debug]-[DjiLiveview_DecodeLiveviewStatusHandle:1169) Liveview uuid info total_num: 1, index: 0, version: 1, major_type: 0, minor_type: 39, idx: 0, pos: 7 [0m
[37m[23.022][liveview]-[Debug]-[DjiLiveview_DecodeLiveviewStatusHandle:1183) sdr num: 1 [0m
[37m[23.022][liveview]-[Debug]-[DjiLiveview_DecodeLiveviewStatusHandle:1207) consumeBytes: 14, availBytes: 14 [0m
[37m[23.040][linker]-[Debug]-[DjiProtocol_v1Unpack:215) <0x4c4>V1-Recv: 0x0300->0x0A06 0x036C [0m
[37m[23.040][linker]-[Debug]-[DjiCommand_RecvWork:1066)  <0x4c4>Receive msg from linker, 0x0300->0x0A06 0x036C len:71 [0m
[37m[23.059][linker]-[Debug]-[DjiProtocol_v1Unpack:215) <0x4ed>V1-Recv: 0x0300->0x0A06 0x4900 [0m
[37m[23.059][linker]-[Debug]-[DjiCommand_RecvWork:1066)  <0x4ed>Receive msg from linker, 0x0300->0x0A06 0x4900 len:14 [0m
[37m[23.059][linker]-[Debug]-[DjiProtocol_v1Pack:123) <0x4ed>V1-Send: 0x0A06->0x0300 0x4900 [0m
[37m[23.077][linker]-[Debug]-[DjiProtocol_v1Unpack:215) <0x508>V1-Recv: 0x0306->0x0A06 0x03C1 [0m
[37m[23.077][linker]-[Debug]-[DjiCommand_RecvWork:1066)  <0x508>Receive msg from linker, 0x0306->0x0A06 0x03C1 len:13 [0m
[37m[23.098][linker]-[Debug]-[DjiProtocol_v1Unpack:215) <0x52f>V1-Recv: 0x0300->0x0A06 0x221B [0m
[37m[23.099][linker]-[Debug]-[DjiCommand_RecvWork:1066)  <0x52f>Receive msg from linker, 0x0300->0x0A06 0x221B len:9 [0m
[37m[23.134][linker]-[Debug]-[DjiProtocol_v1Pack:123) <0xde2d>V1-Send: 0x0A06->0x0200 0x3C10 [0m
[37m[23.134][linker]-[Debug]-[DjiProtocol_v1Pack:123) <0xde2e>V1-Send: 0x0A06->0x0A01 0x3C10 [0m
[37m[23.134][linker]-[Debug]-[DjiProtocol_v1Pack:123) <0xde2f>V1-Send: 0x0A06->0x0300 0x3C10 [0m
[37m[23.141][linker]-[Debug]-[DjiProtocol_v1Unpack:215) <0x575>V1-Recv: 0x0300->0x0A06 0x036C [0m
[37m[23.141][linker]-[Debug]-[DjiCommand_RecvWork:1066)  <0x575>Receive msg from linker, 0x0300->0x0A06 0x036C len:71 [0m
[37m[23.161][linker]-[Debug]-[DjiProtocol_v1Unpack:215) <0x5a4>V1-Recv: 0x0300->0x0100 0x0405 [0m
[37m[23.161][linker]-[Debug]-[DjiProtocol_v1Unpack:215) <0x5a5>V1-Recv: 0x0300->0x0A06 0x4900 [0m
[37m[23.161][linker]-[Debug]-[DjiProtocol_v1Unpack:215) <0x37af>V1-Recv: 0x0A01->0x0A06 0x3C45 [0m
[37m[23.161][linker]-[Debug]-[DjiCommand_RecvWork:1066)  <0x5a4>Receive msg from linker, 0x0300->0x0100 0x0405 len:22 [0m
[37m[23.161][linker]-[Debug]-[DjiCommand_DealCmd:919) received unsupport request cmd that noneed ack, <0x5a4> cmdset: 0x04 cmdid: 0x05 [0m
[37m[23.162][linker]-[Debug]-[DjiCommand_RecvWork:1066)  <0x5a5>Receive msg from linker, 0x0300->0x0A06 0x4900 len:14 [0m
[37m[23.162][linker]-[Debug]-[DjiProtocol_v1Pack:123) <0x5a5>V1-Send: 0x0A06->0x0300 0x4900 [0m
[37m[23.163][linker]-[Debug]-[DjiCommand_RecvWork:1066)  <0x37af>Receive msg from linker, 0x0A01->0x0A06 0x3C45 len:0 [0m
[37m[23.163][upgrade]-[Debug]-[DjiUpgrade_GetUpgradeServiceInfo:239) Get upgrade service info [0m
[37m[23.163][linker]-[Debug]-[DjiProtocol_v1Pack:123) <0x37af>V1-Send: 0x0A06->0x0A01 0x3C45 [0m
[37m[23.177][linker]-[Debug]-[DjiProtocol_v1Unpack:215) <0x5c6>V1-Recv: 0x0306->0x0A06 0x03C1 [0m
[37m[23.177][linker]-[Debug]-[DjiCommand_RecvWork:1066)  <0x5c6>Receive msg from linker, 0x0306->0x0A06 0x03C1 len:13 [0m
[37m[23.198][linker]-[Debug]-[DjiProtocol_v1Unpack:215) <0x5f2>V1-Recv: 0x0300->0x0A06 0x221B [0m
[37m[23.199][linker]-[Debug]-[DjiCommand_RecvWork:1066)  <0x5f2>Receive msg from linker, 0x0300->0x0A06 0x221B len:9 [0m
[37m[23.240][linker]-[Debug]-[DjiProtocol_v1Unpack:215) <0x636>V1-Recv: 0x0300->0x0A06 0x036C [0m
[37m[23.241][linker]-[Debug]-[DjiCommand_RecvWork:1066)  <0x636>Receive msg from linker, 0x0300->0x0A06 0x036C len:71 [0m
[37m[23.258][linker]-[Debug]-[DjiProtocol_v1Unpack:215) <0x668>V1-Recv: 0x0300->0x0A06 0x4900 [0m
[37m[23.259][linker]-[Debug]-[DjiCommand_RecvWork:1066)  <0x668>Receive msg from linker, 0x0300->0x0A06 0x4900 len:14 [0m
[37m[23.259][linker]-[Debug]-[DjiProtocol_v1Pack:123) <0x668>V1-Send: 0x0A06->0x0300 0x4900 [0m
[37m[23.272][linker]-[Debug]-[DjiProtocol_v1Unpack:215) <0x01>V1-Recv: 0x0800->0x0A06 0x0866 [0m
[37m[23.273][linker]-[Debug]-[DjiCommand_RecvWork:1066)  <0x01>Receive msg from linker, 0x0800->0x0A06 0x0866 len:16 [0m
[37m[23.273][liveview]-[Debug]-[DjiLiveview_DecodeLiveviewStatusHandle:1169) Liveview uuid info total_num: 1, index: 0, version: 1, major_type: 0, minor_type: 39, idx: 0, pos: 7 [0m
[37m[23.273][liveview]-[Debug]-[DjiLiveview_DecodeLiveviewStatusHandle:1183) sdr num: 1 [0m
[37m[23.273][liveview]-[Debug]-[DjiLiveview_DecodeLiveviewStatusHandle:1207) consumeBytes: 14, availBytes: 14 [0m
[37m[23.277][linker]-[Debug]-[DjiProtocol_v1Unpack:215) <0x68a>V1-Recv: 0x0306->0x0A06 0x03C1 [0m
[37m[23.278][linker]-[Debug]-[DjiCommand_RecvWork:1066)  <0x68a>Receive msg from linker, 0x0306->0x0A06 0x03C1 len:13 [0m
[37m[23.298][linker]-[Debug]-[DjiProtocol_v1Unpack:215) <0x6ba>V1-Recv: 0x0300->0x0A06 0x221B [0m
[37m[23.299][linker]-[Debug]-[DjiCommand_RecvWork:1066)  <0x6ba>Receive msg from linker, 0x0300->0x0A06 0x221B len:9 [0m
[37m[23.340][linker]-[Debug]-[DjiProtocol_v1Unpack:215) <0x6fe>V1-Recv: 0x0300->0x0A06 0x036C [0m
[37m[23.341][linker]-[Debug]-[DjiCommand_RecvWork:1066)  <0x6fe>Receive msg from linker, 0x0300->0x0A06 0x036C len:71 [0m
[37m[23.345][linker]-[Debug]-[DjiProtocol_v1Pack:123) <0xde30>V1-Send: 0x0A06->0x0300 0x0000 [0m
[37m[23.345][infor]-[Debug]-[DjiAircraftConnection_CheckExtensionPortConnectStatusByV1Protocol:170) check connect status:1 [0m
[37m[23.346][linker]-[Debug]-[DjiProtocol_v1Pack:123) <0xde31>V1-Send: 0x0A06->0x0200 0x3C10 [0m
[37m[23.346][linker]-[Debug]-[DjiProtocol_v1Pack:123) <0xde32>V1-Send: 0x0A06->0x0A01 0x3C10 [0m
[37m[23.346][linker]-[Debug]-[DjiProtocol_v1Pack:123) <0xde33>V1-Send: 0x0A06->0x0300 0x3C10 [0m
[37m[23.357][linker]-[Debug]-[DjiProtocol_v1Unpack:215) <0xde30>V1-Recv: 0x0300->0x0A06 0x0000 [0m
[37m[23.357][linker]-[Debug]-[DjiCommand_RecvWork:1066)  <0xde30>Receive msg from linker, 0x0300->0x0A06 0x0000 len:0 [0m
[37m[23.357][infor]-[Debug]-[DjiAircraftInfo_CheckPingStatusAsyncCallback:269) connect status async sucess [0m
[37m[23.357][linker]-[Debug]-[DjiCommand_DealCmd:830) callback function (cmdset: 0x00 cmdid: 0x00) deal time: 0 ms [0m
[37m[23.359][linker]-[Debug]-[DjiProtocol_v1Unpack:215) <0x726>V1-Recv: 0x0300->0x0A06 0x4900 [0m
[37m[23.359][linker]-[Debug]-[DjiProtocol_v1Unpack:215) <0x37b2>V1-Recv: 0x0A01->0x0A06 0x3C45 [0m
[37m[23.359][linker]-[Debug]-[DjiCommand_RecvWork:1066)  <0x726>Receive msg from linker, 0x0300->0x0A06 0x4900 len:14 [0m
[37m[23.359][linker]-[Debug]-[DjiProtocol_v1Pack:123) <0x726>V1-Send: 0x0A06->0x0300 0x4900 [0m
[37m[23.360][linker]-[Debug]-[DjiCommand_RecvWork:1066)  <0x37b2>Receive msg from linker, 0x0A01->0x0A06 0x3C45 len:0 [0m
[37m[23.360][upgrade]-[Debug]-[DjiUpgrade_GetUpgradeServiceInfo:239) Get upgrade service info [0m
[37m[23.360][linker]-[Debug]-[DjiProtocol_v1Pack:123) <0x37b2>V1-Send: 0x0A06->0x0A01 0x3C45 [0m
[37m[23.377][linker]-[Debug]-[DjiProtocol_v1Unpack:215) <0x743>V1-Recv: 0x0306->0x0A06 0x03C1 [0m
[37m[23.377][linker]-[Debug]-[DjiCommand_RecvWork:1066)  <0x743>Receive msg from linker, 0x0306->0x0A06 0x03C1 len:13 [0m
[37m[23.397][linker]-[Debug]-[DjiProtocol_v1Unpack:215) <0x76f>V1-Recv: 0x0300->0x0A06 0x221B [0m
[37m[23.398][linker]-[Debug]-[DjiCommand_RecvWork:1066)  <0x76f>Receive msg from linker, 0x0300->0x0A06 0x221B len:9 [0m
[37m[23.440][linker]-[Debug]-[DjiProtocol_v1Unpack:215) <0x7b2>V1-Recv: 0x0300->0x0A06 0x036C [0m
[37m[23.440][linker]-[Debug]-[DjiCommand_RecvWork:1066)  <0x7b2>Receive msg from linker, 0x0300->0x0A06 0x036C len:71 [0m
[37m[23.452][linker]-[Debug]-[DjiProtocol_v1Unpack:215) <0x174c>V1-Recv: 0x1D07->0x0A06 0x2105 [0m
[37m[23.452][linker]-[Debug]-[DjiCommand_RecvWork:1066)  <0x174c>Receive msg from linker, 0x1D07->0x0A06 0x2105 len:1 [0m
[37m[23.452][linker]-[Debug]-[DjiCommand_DealCmd:919) received unsupport request cmd that need ack, <0x174c> cmdset: 0x21 cmdid: 0x05 [0m
[37m[23.458][linker]-[Debug]-[DjiProtocol_v1Unpack:215) <0x7dc>V1-Recv: 0x0300->0x0A06 0x4900 [0m
[37m[23.458][linker]-[Debug]-[DjiCommand_RecvWork:1066)  <0x7dc>Receive msg from linker, 0x0300->0x0A06 0x4900 len:14 [0m
[37m[23.458][linker]-[Debug]-[DjiProtocol_v1Pack:123) <0x7dc>V1-Send: 0x0A06->0x0300 0x4900 [0m
[37m[23.465][utils]-[Debug]-[DjiCore_RootTask:131) work execution time: [0m
[37m[23.465][utils]-[Debug]-[DjiCore_RootTask:132) name	                execution time (ms)	  max execution time (ms) [0m
[37m[23.465][utils]-[Debug]-[DjiCore_RootTask:134) recorderWork                    	0       	1        [0m
[37m[23.465][utils]-[Debug]-[DjiCore_RootTask:134) flowControllerTask              	1       	1        [0m
[37m[23.465][utils]-[Debug]-[DjiCore_RootTask:134) commandTask                     	1       	1        [0m
[37m[23.465][utils]-[Debug]-[DjiCore_RootTask:134) aircraftWorkNode                	0       	1        [0m
[37m[23.465][utils]-[Debug]-[DjiCore_RootTask:134) StatePushWork                   	1       	1        [0m
[37m[23.476][linker]-[Debug]-[DjiProtocol_v1Unpack:215) <0x7fa>V1-Recv: 0x0306->0x0A06 0x03C1 [0m
[37m[23.476][linker]-[Debug]-[DjiCommand_RecvWork:1066)  <0x7fa>Receive msg from linker, 0x0306->0x0A06 0x03C1 len:13 [0m
[37m[23.498][linker]-[Debug]-[DjiProtocol_v1Unpack:215) <0x827>V1-Recv: 0x0300->0x0A06 0x221B [0m
[37m[23.498][linker]-[Debug]-[DjiCommand_RecvWork:1066)  <0x827>Receive msg from linker, 0x0300->0x0A06 0x221B len:9 [0m
[37m[23.522][linker]-[Debug]-[DjiProtocol_v1Unpack:215) <0x02>V1-Recv: 0x0800->0x0A06 0x0866 [0m
[37m[23.522][linker]-[Debug]-[DjiCommand_RecvWork:1066)  <0x02>Receive msg from linker, 0x0800->0x0A06 0x0866 len:16 [0m
[37m[23.522][liveview]-[Debug]-[DjiLiveview_DecodeLiveviewStatusHandle:1169) Liveview uuid info total_num: 1, index: 0, version: 1, major_type: 0, minor_type: 39, idx: 0, pos: 7 [0m
[37m[23.522][liveview]-[Debug]-[DjiLiveview_DecodeLiveviewStatusHandle:1183) sdr num: 1 [0m
[37m[23.522][liveview]-[Debug]-[DjiLiveview_DecodeLiveviewStatusHandle:1207) consumeBytes: 14, availBytes: 14 [0m
[37m[23.540][linker]-[Debug]-[DjiProtocol_v1Unpack:215) <0x869>V1-Recv: 0x0300->0x0A06 0x036C [0m
[37m[23.540][linker]-[Debug]-[DjiCommand_RecvWork:1066)  <0x869>Receive msg from linker, 0x0300->0x0A06 0x036C len:71 [0m
[37m[23.558][linker]-[Debug]-[DjiProtocol_v1Unpack:215) <0x891>V1-Recv: 0x0300->0x0A06 0x4900 [0m
[37m[23.558][linker]-[Debug]-[DjiCommand_RecvWork:1066)  <0x891>Receive msg from linker, 0x0300->0x0A06 0x4900 len:14 [0m
[37m[23.558][linker]-[Debug]-[DjiProtocol_v1Pack:123) <0x891>V1-Send: 0x0A06->0x0300 0x4900 [0m
[37m[23.560][linker]-[Debug]-[DjiProtocol_v1Pack:123) <0xde34>V1-Send: 0x0A06->0x0200 0x3C10 [0m
[37m[23.560][linker]-[Debug]-[DjiProtocol_v1Pack:123) <0xde35>V1-Send: 0x0A06->0x0A01 0x3C10 [0m
[37m[23.560][linker]-[Debug]-[DjiProtocol_v1Pack:123) <0xde36>V1-Send: 0x0A06->0x0300 0x3C10 [0m
[37m[23.576][linker]-[Debug]-[DjiProtocol_v1Unpack:215) <0x8b1>V1-Recv: 0x0306->0x0A06 0x03C1 [0m
[37m[23.577][linker]-[Debug]-[DjiCommand_RecvWork:1066)  <0x8b1>Receive msg from linker, 0x0306->0x0A06 0x03C1 len:13 [0m
[37m[23.580][linker]-[Debug]-[DjiProtocol_v1Unpack:215) <0x37b3>V1-Recv: 0x0A01->0x0A06 0x3C45 [0m
[37m[23.580][linker]-[Debug]-[DjiCommand_RecvWork:1066)  <0x37b3>Receive msg from linker, 0x0A01->0x0A06 0x3C45 len:0 [0m
[37m[23.580][upgrade]-[Debug]-[DjiUpgrade_GetUpgradeServiceInfo:239) Get upgrade service info [0m
[37m[23.580][linker]-[Debug]-[DjiProtocol_v1Pack:123) <0x37b3>V1-Send: 0x0A06->0x0A01 0x3C45 [0m
[37m[23.598][linker]-[Debug]-[DjiProtocol_v1Unpack:215) <0x8de>V1-Recv: 0x0300->0x0A06 0x221B [0m
[37m[23.598][linker]-[Debug]-[DjiCommand_RecvWork:1066)  <0x8de>Receive msg from linker, 0x0300->0x0A06 0x221B len:9 [0m
[37m[23.640][linker]-[Debug]-[DjiProtocol_v1Unpack:215) <0x91c>V1-Recv: 0x0300->0x0A06 0x036C [0m
[37m[23.640][linker]-[Debug]-[DjiCommand_RecvWork:1066)  <0x91c>Receive msg from linker, 0x0300->0x0A06 0x036C len:71 [0m
[37m[23.661][linker]-[Debug]-[DjiProtocol_v1Unpack:215) <0x946>V1-Recv: 0x0300->0x0A06 0x0F74 [0m
[37m[23.661][linker]-[Debug]-[DjiProtocol_v1Unpack:215) <0x949>V1-Recv: 0x0300->0x0100 0x0406 [0m
[37m[23.661][linker]-[Debug]-[DjiProtocol_v1Unpack:215) <0x94a>V1-Recv: 0x0300->0x0100 0x0407 [0m
[37m[23.661][linker]-[Debug]-[DjiProtocol_v1Unpack:215) <0x94b>V1-Recv: 0x0300->0x0A06 0x4900 [0m
[37m[23.662][linker]-[Debug]-[DjiCommand_RecvWork:1066)  <0x946>Receive msg from linker, 0x0300->0x0A06 0x0F74 len:28 [0m
[37m[23.662][linker]-[Debug]-[DjiCommand_DealCmd:919) received unsupport request cmd that noneed ack, <0x946> cmdset: 0x0F cmdid: 0x74 [0m
[37m[23.663][linker]-[Debug]-[DjiCommand_RecvWork:1066)  <0x949>Receive msg from linker, 0x0300->0x0100 0x0406 len:12 [0m
[37m[23.663][linker]-[Debug]-[DjiCommand_DealCmd:919) received unsupport request cmd that noneed ack, <0x949> cmdset: 0x04 cmdid: 0x06 [0m
[37m[23.664][linker]-[Debug]-[DjiCommand_RecvWork:1066)  <0x94a>Receive msg from linker, 0x0300->0x0100 0x0407 len:1 [0m
[37m[23.664][linker]-[Debug]-[DjiCommand_DealCmd:919) received unsupport request cmd that noneed ack, <0x94a> cmdset: 0x04 cmdid: 0x07 [0m
[37m[23.665][linker]-[Debug]-[DjiCommand_RecvWork:1066)  <0x94b>Receive msg from linker, 0x0300->0x0A06 0x4900 len:14 [0m
[37m[23.665][linker]-[Debug]-[DjiProtocol_v1Pack:123) <0x94b>V1-Send: 0x0A06->0x0300 0x4900 [0m
[37m[23.676][linker]-[Debug]-[DjiProtocol_v1Unpack:215) <0x966>V1-Recv: 0x0306->0x0A06 0x03C1 [0m
[37m[23.677][linker]-[Debug]-[DjiCommand_RecvWork:1066)  <0x966>Receive msg from linker, 0x0306->0x0A06 0x03C1 len:13 [0m
[37m[23.698][linker]-[Debug]-[DjiProtocol_v1Unpack:215) <0x98d>V1-Recv: 0x0300->0x0A06 0x221B [0m
[37m[23.698][linker]-[Debug]-[DjiCommand_RecvWork:1066)  <0x98d>Receive msg from linker, 0x0300->0x0A06 0x221B len:9 [0m
[37m[23.740][linker]-[Debug]-[DjiProtocol_v1Unpack:215) <0x9d3>V1-Recv: 0x0300->0x0A06 0x036C [0m
[37m[23.741][linker]-[Debug]-[DjiCommand_RecvWork:1066)  <0x9d3>Receive msg from linker, 0x0300->0x0A06 0x036C len:71 [0m
[37m[23.759][linker]-[Debug]-[DjiProtocol_v1Unpack:215) <0xa05>V1-Recv: 0x0300->0x0A06 0x4900 [0m
[37m[23.760][linker]-[Debug]-[DjiCommand_RecvWork:1066)  <0xa05>Receive msg from linker, 0x0300->0x0A06 0x4900 len:14 [0m
[37m[23.760][linker]-[Debug]-[DjiProtocol_v1Pack:123) <0xa05>V1-Send: 0x0A06->0x0300 0x4900 [0m
[37m[23.772][linker]-[Debug]-[DjiProtocol_v1Unpack:215) <0x03>V1-Recv: 0x0800->0x0A06 0x0866 [0m
[37m[23.773][linker]-[Debug]-[DjiCommand_RecvWork:1066)  <0x03>Receive msg from linker, 0x0800->0x0A06 0x0866 len:16 [0m
[37m[23.773][liveview]-[Debug]-[DjiLiveview_DecodeLiveviewStatusHandle:1169) Liveview uuid info total_num: 1, index: 0, version: 1, major_type: 0, minor_type: 39, idx: 0, pos: 7 [0m
[37m[23.773][liveview]-[Debug]-[DjiLiveview_DecodeLiveviewStatusHandle:1183) sdr num: 1 [0m
[37m[23.773][liveview]-[Debug]-[DjiLiveview_DecodeLiveviewStatusHandle:1207) consumeBytes: 14, availBytes: 14 [0m
[37m[23.773][linker]-[Debug]-[DjiProtocol_v1Pack:123) <0xde37>V1-Send: 0x0A06->0x0200 0x3C10 [0m
[37m[23.773][linker]-[Debug]-[DjiProtocol_v1Pack:123) <0xde38>V1-Send: 0x0A06->0x0A01 0x3C10 [0m
[37m[23.773][linker]-[Debug]-[DjiProtocol_v1Pack:123) <0xde39>V1-Send: 0x0A06->0x0300 0x3C10 [0m
[32m[23.774][user]-[Info]-[DjiTest_WaypointV2RunSample:209) --> Step 4: Upload waypoint V2 mission
 [0m
[37m[23.774][user]-[Debug]-[DjiTest_WaypointV2UploadMission:741) Generate mission id:12355 [0m
[37m[23.777][linker]-[Debug]-[DjiProtocol_v1Unpack:215) <0xa24>V1-Recv: 0x0306->0x0A06 0x03C1 [0m
[37m[23.777][linker]-[Debug]-[DjiCommand_RecvWork:1066)  <0xa24>Receive msg from linker, 0x0306->0x0A06 0x03C1 len:13 [0m
[37m[23.798][linker]-[Debug]-[DjiProtocol_v1Unpack:215) <0xa56>V1-Recv: 0x0300->0x0A06 0x221B [0m
[37m[23.799][linker]-[Debug]-[DjiCommand_RecvWork:1066)  <0xa56>Receive msg from linker, 0x0300->0x0A06 0x221B len:9 [0m
[32m[23.799][user]-[Info]-[DjiTest_WaypointV2StateCallback:675) [Waypoint Index:0]: State: Ground station not start, velocity:0.00 m/s [0m
[37m[23.799][linker]-[Debug]-[DjiProtocol_v1Pack:123) <0xde29>V1-Send: 0x0A06->0x0800 0x0867 [0m
[32m[23.800][user]-[Info]-[liveviewThreadFunc:125) --> Step 2: Start h264 stream of the fpv and selected payload
 [0m
[37m[23.800][linker]-[Debug]-[DjiProtocol_v1Pack:123) <0xde3a>V1-Send: 0x0A06->0x0800 0x0868 [0m
[37m[23.801][linker]-[Debug]-[DjiProtocol_v1Unpack:215) <0x37b4>V1-Recv: 0x0A01->0x0A06 0x3C45 [0m
[37m[23.801][linker]-[Debug]-[DjiProtocol_v1Unpack:215) <0xaeef>V1-Recv: 0x0202->0x0A06 0x0026 [0m
[37m[23.802][linker]-[Debug]-[DjiCommand_RecvWork:1066)  <0x37b4>Receive msg from linker, 0x0A01->0x0A06 0x3C45 len:0 [0m
[37m[23.802][upgrade]-[Debug]-[DjiUpgrade_GetUpgradeServiceInfo:239) Get upgrade service info [0m
[37m[23.802][linker]-[Debug]-[DjiProtocol_v1Pack:123) <0x37b4>V1-Send: 0x0A06->0x0A01 0x3C45 [0m
[37m[23.803][linker]-[Debug]-[DjiCommand_RecvWork:1066)  <0xaeef>Receive msg from linker, 0x0202->0x0A06 0x0026 len:37 [0m
[37m[23.803][linker]-[Debug]-[DjiCommand_DealCmd:919) received unsupport request cmd that need ack, <0xaeef> cmdset: 0x00 cmdid: 0x26 [0m
[37m[23.819][linker]-[Debug]-[DjiProtocol_v1Unpack:215) <0xde3a>V1-Recv: 0x0800->0x0A06 0x0868 [0m
[37m[23.820][linker]-[Debug]-[DjiCommand_RecvWork:1066)  <0xde3a>Receive msg from linker, 0x0800->0x0A06 0x0868 len:1 [0m
[37m[23.820][linker]-[Debug]-[DjiCommand_SendSyncCallback:1014) PsdkCommand_SendSyncCallback success [0m
[37m[23.820][linker]-[Debug]-[DjiCommand_DealCmd:830) callback function (cmdset: 0x08 cmdid: 0x68) deal time: 0 ms [0m
[37m[23.820][linker]-[Debug]-[DjiCommand_SendSync:553) sendSync callback success [0m
[37m[23.820][liveview]-[Debug]-[DjiLiveview_StopH264Stream:764) Unsubscribe h264 stream success, channel id: 80 [0m
[37m[23.846][linker]-[Debug]-[DjiProtocol_v1Unpack:215) <0xa93>V1-Recv: 0x0306->0x0A06 0x03C1 [0m
[37m[23.846][linker]-[Debug]-[DjiProtocol_v1Unpack:215) <0xa95>V1-Recv: 0x0300->0x0A06 0x036C [0m
[37m[23.847][linker]-[Debug]-[DjiCommand_RecvWork:1066)  <0xa93>Receive msg from linker, 0x0306->0x0A06 0x03C1 len:126 [0m
[37m[23.848][linker]-[Debug]-[DjiCommand_RecvWork:1066)  <0xa95>Receive msg from linker, 0x0300->0x0A06 0x036C len:71 [0m
[37m[23.859][linker]-[Debug]-[DjiProtocol_v1Unpack:215) <0xabe>V1-Recv: 0x0300->0x0A06 0x4900 [0m
[37m[23.859][linker]-[Debug]-[DjiCommand_RecvWork:1066)  <0xabe>Receive msg from linker, 0x0300->0x0A06 0x4900 len:14 [0m
[37m[23.859][linker]-[Debug]-[DjiProtocol_v1Pack:123) <0xabe>V1-Send: 0x0A06->0x0300 0x4900 [0m
[37m[23.877][linker]-[Debug]-[DjiProtocol_v1Unpack:215) <0xad9>V1-Recv: 0x0306->0x0A06 0x03C1 [0m
[37m[23.877][linker]-[Debug]-[DjiCommand_RecvWork:1066)  <0xad9>Receive msg from linker, 0x0306->0x0A06 0x03C1 len:13 [0m
[32m[23.880][user]-[Info]-[UserFcSubscription_Task:453) Current speed: 0.000000.
 [0m
[32m[23.880][user]-[Info]-[UserFcSubscription_Task:562) 当前时间是: 2025-05-13 11:33:23
 [0m
[32m[23.880][user]-[Info]-[UserFcSubscription_Task:570) 时间差是: 1 秒
 [0m
[32m[23.881][user]-[Info]-[point_to_segment_distance:918) (distance_safe: 0.268388)  (Homepoint_info: lat->39.136887, lon->117.141939.)  (targetPoint: lat->39.136301, lon->117.128417.)  (currentPoint: lat->39.136891, lon->117.141942.)  (projectionPoint: lat->39.136887, lon->117.141943.)  ratio: -0.000271.
 [0m
[32m[23.881][user]-[Info]-[UserFcSubscription_Task:639) Displaymode status: 6. [0m
[37m[23.898][linker]-[Debug]-[DjiProtocol_v1Unpack:215) <0x59f>V1-Recv: 0x0701->0x0A06 0x0000 [0m
[37m[23.898][linker]-[Debug]-[DjiProtocol_v1Unpack:215) <0xb03>V1-Recv: 0x0300->0x0A06 0x221B [0m
[37m[23.899][linker]-[Debug]-[DjiCommand_RecvWork:1066)  <0x59f>Receive msg from linker, 0x0701->0x0A06 0x0000 len:16 [0m
[37m[23.899][linker]-[Debug]-[DjiProtocol_v1Pack:123) <0x59f>V1-Send: 0x0A06->0x0701 0x0000 [0m
[37m[23.900][linker]-[Debug]-[DjiCommand_RecvWork:1066)  <0xb03>Receive msg from linker, 0x0300->0x0A06 0x221B len:9 [0m
[37m[23.941][linker]-[Debug]-[DjiProtocol_v1Unpack:215) <0xb47>V1-Recv: 0x0300->0x0A06 0x036C [0m
[37m[23.942][linker]-[Debug]-[DjiCommand_RecvWork:1066)  <0xb47>Receive msg from linker, 0x0300->0x0A06 0x036C len:71 [0m
[37m[23.959][linker]-[Debug]-[DjiProtocol_v1Unpack:215) <0xb77>V1-Recv: 0x0300->0x0A06 0x4900 [0m
[37m[23.960][linker]-[Debug]-[DjiCommand_RecvWork:1066)  <0xb77>Receive msg from linker, 0x0300->0x0A06 0x4900 len:14 [0m
[37m[23.960][linker]-[Debug]-[DjiProtocol_v1Pack:123) <0xb77>V1-Send: 0x0A06->0x0300 0x4900 [0m
[37m[23.977][linker]-[Debug]-[DjiProtocol_v1Unpack:215) <0xb95>V1-Recv: 0x0306->0x0A06 0x03C1 [0m
[37m[23.978][linker]-[Debug]-[DjiCommand_RecvWork:1066)  <0xb95>Receive msg from linker, 0x0306->0x0A06 0x03C1 len:13 [0m
[37m[23.986][linker]-[Debug]-[DjiProtocol_v1Pack:123) <0xde3b>V1-Send: 0x0A06->0x0200 0x3C10 [0m
[37m[23.986][linker]-[Debug]-[DjiProtocol_v1Pack:123) <0xde3c>V1-Send: 0x0A06->0x0A01 0x3C10 [0m
[37m[23.986][linker]-[Debug]-[DjiProtocol_v1Pack:123) <0xde3d>V1-Send: 0x0A06->0x0300 0x3C10 [0m
[37m[23.998][linker]-[Debug]-[DjiProtocol_v1Unpack:215) <0xbbf>V1-Recv: 0x0300->0x0A06 0x221B [0m
[37m[23.998][linker]-[Debug]-[DjiCommand_RecvWork:1066)  <0xbbf>Receive msg from linker, 0x0300->0x0A06 0x221B len:9 [0m
[37m[23.999][linker]-[Debug]-[DjiProtocol_v1Unpack:215) <0x37b5>V1-Recv: 0x0A01->0x0A06 0x3C45 [0m
[37m[23.999][linker]-[Debug]-[DjiCommand_RecvWork:1066)  <0x37b5>Receive msg from linker, 0x0A01->0x0A06 0x3C45 len:0 [0m
[37m[23.999][upgrade]-[Debug]-[DjiUpgrade_GetUpgradeServiceInfo:239) Get upgrade service info [0m
[37m[23.999][linker]-[Debug]-[DjiProtocol_v1Pack:123) <0x37b5>V1-Send: 0x0A06->0x0A01 0x3C45 [0m
[37m[24.022][linker]-[Debug]-[DjiProtocol_v1Unpack:215) <0x04>V1-Recv: 0x0800->0x0A06 0x0866 [0m
[37m[24.023][linker]-[Debug]-[DjiCommand_RecvWork:1066)  <0x04>Receive msg from linker, 0x0800->0x0A06 0x0866 len:16 [0m
[37m[24.023][liveview]-[Debug]-[DjiLiveview_DecodeLiveviewStatusHandle:1169) Liveview uuid info total_num: 1, index: 0, version: 1, major_type: 0, minor_type: 39, idx: 0, pos: 7 [0m
[37m[24.023][liveview]-[Debug]-[DjiLiveview_DecodeLiveviewStatusHandle:1183) sdr num: 1 [0m
[37m[24.023][liveview]-[Debug]-[DjiLiveview_DecodeLiveviewStatusHandle:1207) consumeBytes: 14, availBytes: 14 [0m
[37m[24.040][linker]-[Debug]-[DjiProtocol_v1Unpack:215) <0xbfd>V1-Recv: 0x0300->0x0A06 0x036C [0m
[37m[24.041][linker]-[Debug]-[DjiCommand_RecvWork:1066)  <0xbfd>Receive msg from linker, 0x0300->0x0A06 0x036C len:71 [0m
[37m[24.059][linker]-[Debug]-[DjiProtocol_v1Unpack:215) <0xc28>V1-Recv: 0x0300->0x0A06 0x4900 [0m
[37m[24.059][linker]-[Debug]-[DjiCommand_RecvWork:1066)  <0xc28>Receive msg from linker, 0x0300->0x0A06 0x4900 len:14 [0m
[37m[24.059][linker]-[Debug]-[DjiProtocol_v1Pack:123) <0xc28>V1-Send: 0x0A06->0x0300 0x4900 [0m
[37m[24.077][linker]-[Debug]-[DjiProtocol_v1Unpack:215) <0xc44>V1-Recv: 0x0306->0x0A06 0x03C1 [0m
[37m[24.077][linker]-[Debug]-[DjiCommand_RecvWork:1066)  <0xc44>Receive msg from linker, 0x0306->0x0A06 0x03C1 len:13 [0m
[37m[24.098][linker]-[Debug]-[DjiProtocol_v1Unpack:215) <0xc71>V1-Recv: 0x0300->0x0A06 0x221B [0m
[37m[24.098][linker]-[Debug]-[DjiCommand_RecvWork:1066)  <0xc71>Receive msg from linker, 0x0300->0x0A06 0x221B len:9 [0m
[37m[24.140][linker]-[Debug]-[DjiProtocol_v1Unpack:215) <0xcb5>V1-Recv: 0x0300->0x0A06 0x036C [0m
[37m[24.141][linker]-[Debug]-[DjiCommand_RecvWork:1066)  <0xcb5>Receive msg from linker, 0x0300->0x0A06 0x036C len:71 [0m
[37m[24.160][linker]-[Debug]-[DjiProtocol_v1Unpack:215) <0xcdd>V1-Recv: 0x0300->0x0100 0x0405 [0m
[37m[24.160][linker]-[Debug]-[DjiProtocol_v1Unpack:215) <0xcde>V1-Recv: 0x0300->0x0A06 0x4900 [0m
[37m[24.160][linker]-[Debug]-[DjiCommand_RecvWork:1066)  <0xcdd>Receive msg from linker, 0x0300->0x0100 0x0405 len:22 [0m
[37m[24.160][linker]-[Debug]-[DjiCommand_DealCmd:919) received unsupport request cmd that noneed ack, <0xcdd> cmdset: 0x04 cmdid: 0x05 [0m
[37m[24.161][linker]-[Debug]-[DjiCommand_RecvWork:1066)  <0xcde>Receive msg from linker, 0x0300->0x0A06 0x4900 len:14 [0m
[37m[24.161][linker]-[Debug]-[DjiProtocol_v1Pack:123) <0xcde>V1-Send: 0x0A06->0x0300 0x4900 [0m
[37m[24.177][linker]-[Debug]-[DjiProtocol_v1Unpack:215) <0xcfb>V1-Recv: 0x0306->0x0A06 0x03C1 [0m
[37m[24.177][linker]-[Debug]-[DjiCommand_RecvWork:1066)  <0xcfb>Receive msg from linker, 0x0306->0x0A06 0x03C1 len:13 [0m
[37m[24.198][linker]-[Debug]-[DjiProtocol_v1Unpack:215) <0xd2a>V1-Recv: 0x0300->0x0A06 0x221B [0m
[37m[24.198][linker]-[Debug]-[DjiCommand_RecvWork:1066)  <0xd2a>Receive msg from linker, 0x0300->0x0A06 0x221B len:9 [0m
[37m[24.200][linker]-[Debug]-[DjiProtocol_v1Pack:123) <0xde3e>V1-Send: 0x0A06->0x0200 0x3C10 [0m
[37m[24.200][linker]-[Debug]-[DjiProtocol_v1Pack:123) <0xde3f>V1-Send: 0x0A06->0x0A01 0x3C10 [0m
[37m[24.200][linker]-[Debug]-[DjiProtocol_v1Pack:123) <0xde40>V1-Send: 0x0A06->0x0300 0x3C10 [0m
[37m[24.219][linker]-[Debug]-[DjiProtocol_v1Unpack:215) <0x37b6>V1-Recv: 0x0A01->0x0A06 0x3C45 [0m
[37m[24.220][linker]-[Debug]-[DjiCommand_RecvWork:1066)  <0x37b6>Receive msg from linker, 0x0A01->0x0A06 0x3C45 len:0 [0m
[37m[24.220][upgrade]-[Debug]-[DjiUpgrade_GetUpgradeServiceInfo:239) Get upgrade service info [0m
[37m[24.220][linker]-[Debug]-[DjiProtocol_v1Pack:123) <0x37b6>V1-Send: 0x0A06->0x0A01 0x3C45 [0m
[37m[24.240][linker]-[Debug]-[DjiProtocol_v1Unpack:215) <0xd72>V1-Recv: 0x0300->0x0A06 0x036C [0m
[37m[24.240][linker]-[Debug]-[DjiCommand_RecvWork:1066)  <0xd72>Receive msg from linker, 0x0300->0x0A06 0x036C len:71 [0m
[37m[24.259][linker]-[Debug]-[DjiProtocol_v1Unpack:215) <0xda1>V1-Recv: 0x0300->0x0A06 0x4900 [0m
[37m[24.259][linker]-[Debug]-[DjiCommand_RecvWork:1066)  <0xda1>Receive msg from linker, 0x0300->0x0A06 0x4900 len:14 [0m
[37m[24.259][linker]-[Debug]-[DjiProtocol_v1Pack:123) <0xda1>V1-Send: 0x0A06->0x0300 0x4900 [0m
[37m[24.272][linker]-[Debug]-[DjiProtocol_v1Unpack:215) <0x05>V1-Recv: 0x0800->0x0A06 0x0866 [0m
[37m[24.272][linker]-[Debug]-[DjiCommand_RecvWork:1066)  <0x05>Receive msg from linker, 0x0800->0x0A06 0x0866 len:16 [0m
[37m[24.272][liveview]-[Debug]-[DjiLiveview_DecodeLiveviewStatusHandle:1169) Liveview uuid info total_num: 1, index: 0, version: 1, major_type: 0, minor_type: 39, idx: 0, pos: 7 [0m
[37m[24.272][liveview]-[Debug]-[DjiLiveview_DecodeLiveviewStatusHandle:1183) sdr num: 1 [0m
[37m[24.272][liveview]-[Debug]-[DjiLiveview_DecodeLiveviewStatusHandle:1207) consumeBytes: 14, availBytes: 14 [0m
[37m[24.277][linker]-[Debug]-[DjiProtocol_v1Unpack:215) <0xdc1>V1-Recv: 0x0306->0x0A06 0x03C1 [0m
[37m[24.277][linker]-[Debug]-[DjiCommand_RecvWork:1066)  <0xdc1>Receive msg from linker, 0x0306->0x0A06 0x03C1 len:13 [0m
[37m[24.298][linker]-[Debug]-[DjiProtocol_v1Unpack:215) <0xdf5>V1-Recv: 0x0300->0x0A06 0x221B [0m
[37m[24.298][linker]-[Debug]-[DjiCommand_RecvWork:1066)  <0xdf5>Receive msg from linker, 0x0300->0x0A06 0x221B len:9 [0m
[37m[24.320][liveview]-[Debug]-[DjiLiveview_FindLiveviewSource:1122) Found the liveview source (pos:7) on the drone. [0m
[37m[24.320][linker]-[Debug]-[DjiProtocol_v1Pack:123) <0xde41>V1-Send: 0x0A06->0x0800 0x0868 [0m
[37m[24.341][linker]-[Debug]-[DjiProtocol_v1Unpack:215) <0xe3b>V1-Recv: 0x0300->0x0A06 0x036C [0m
[37m[24.341][linker]-[Debug]-[DjiProtocol_v1Unpack:215) <0xde41>V1-Recv: 0x0800->0x0A06 0x0868 [0m
[37m[24.341][linker]-[Debug]-[DjiCommand_RecvWork:1066)  <0xe3b>Receive msg from linker, 0x0300->0x0A06 0x036C len:71 [0m
[37m[24.342][linker]-[Debug]-[DjiCommand_RecvWork:1066)  <0xde41>Receive msg from linker, 0x0800->0x0A06 0x0868 len:1 [0m
[37m[24.342][linker]-[Debug]-[DjiCommand_SendSyncCallback:1014) PsdkCommand_SendSyncCallback success [0m
[37m[24.342][linker]-[Debug]-[DjiCommand_DealCmd:830) callback function (cmdset: 0x08 cmdid: 0x68) deal time: 0 ms [0m
[37m[24.342][linker]-[Debug]-[DjiCommand_SendSync:553) sendSync callback success [0m
[37m[24.342][liveview]-[Debug]-[DjiLiveview_StartH264Stream:672) Request h264 stream success, channel id: 80 [0m
[32m[24.342][user]-[Info]-[liveviewThreadFunc:148) Storing camera h264 stream, second:. [0m
[37m[24.342][liveview]-[Debug]-[DjiLiveview_FindLiveviewSource:1122) Found the liveview source (pos:7) on the drone. [0m
[37m[24.342][liveview]-[Debug]-[DjiLiveview_RequestIntraframeFrameData:878) Request I frame by uuid, major: 0, minor: 39, idx: 0, pos: 7, tunnel: 80 [0m
[37m[24.342][linker]-[Debug]-[DjiProtocol_v1Pack:123) <0xde42>V1-Send: 0x0A06->0x0700 0x0872 [0m
[37m[24.358][linker]-[Debug]-[DjiProtocol_v1Unpack:215) <0xe62>V1-Recv: 0x0300->0x0A06 0x4900 [0m
[37m[24.358][linker]-[Debug]-[DjiCommand_RecvWork:1066)  <0xe62>Receive msg from linker, 0x0300->0x0A06 0x4900 len:14 [0m
[37m[24.358][linker]-[Debug]-[DjiProtocol_v1Pack:123) <0xe62>V1-Send: 0x0A06->0x0300 0x4900 [0m
[37m[24.377][linker]-[Debug]-[DjiProtocol_v1Unpack:215) <0xe7f>V1-Recv: 0x0306->0x0A06 0x03C1 [0m
[37m[24.378][linker]-[Debug]-[DjiCommand_RecvWork:1066)  <0xe7f>Receive msg from linker, 0x0306->0x0A06 0x03C1 len:13 [0m
[37m[24.384][linker]-[Debug]-[DjiProtocol_v1Unpack:215) <0xde42>V1-Recv: 0x0700->0x0A06 0x0872 [0m
[37m[24.384][linker]-[Debug]-[DjiCommand_RecvWork:1066)  <0xde42>Receive msg from linker, 0x0700->0x0A06 0x0872 len:1 [0m
[37m[24.384][linker]-[Debug]-[DjiCommand_SendSyncCallback:1014) PsdkCommand_SendSyncCallback success [0m
[37m[24.384][linker]-[Debug]-[DjiCommand_DealCmd:830) callback function (cmdset: 0x08 cmdid: 0x72) deal time: 0 ms [0m
[37m[24.384][linker]-[Debug]-[DjiCommand_SendSync:553) sendSync callback success [0m
[37m[24.387][channel]-[Debug]-[DjiStreamChannelUdp_RecvDataThread:248) Receive udp data from 255.255.0.0.96 -> 192.168.100.2.30081, protocol: raw_data [0m
[37m[24.387][channel]-[Debug]-[DjiStreamChannelUdp_RecvDataThread:248) Receive udp data from 255.255.0.0.96 -> 192.168.100.2.30081, protocol: raw_data [0m
[37m[24.388][channel]-[Debug]-[DjiStreamChannelUdp_RecvDataThread:248) Receive udp data from 255.255.0.0.96 -> 192.168.100.2.30081, protocol: raw_data [0m
[37m[24.394][channel]-[Debug]-[DjiStreamChannelUdp_RecvDataThread:248) Receive udp data from 255.255.0.0.96 -> 192.168.100.2.30081, protocol: raw_data [0m
[37m[24.396][channel]-[Debug]-[DjiStreamChannelUdp_RecvDataThread:248) Receive udp data from 255.255.0.0.96 -> 192.168.100.2.30081, protocol: raw_data [0m
[37m[24.398][linker]-[Debug]-[DjiProtocol_v1Unpack:215) <0xeab>V1-Recv: 0x0300->0x0A06 0x221B [0m
[37m[24.398][linker]-[Debug]-[DjiCommand_RecvWork:1066)  <0xeab>Receive msg from linker, 0x0300->0x0A06 0x221B len:9 [0m
[37m[24.412][linker]-[Debug]-[DjiProtocol_v1Pack:123) <0xde43>V1-Send: 0x0A06->0x0300 0x0000 [0m
[37m[24.412][infor]-[Debug]-[DjiAircraftConnection_CheckExtensionPortConnectStatusByV1Protocol:170) check connect status:1 [0m
[37m[24.413][linker]-[Debug]-[DjiProtocol_v1Pack:123) <0xde44>V1-Send: 0x0A06->0x0200 0x3C10 [0m
[37m[24.413][linker]-[Debug]-[DjiProtocol_v1Pack:123) <0xde45>V1-Send: 0x0A06->0x0A01 0x3C10 [0m
[37m[24.413][linker]-[Debug]-[DjiProtocol_v1Pack:123) <0xde46>V1-Send: 0x0A06->0x0300 0x3C10 [0m
[37m[24.417][linker]-[Debug]-[DjiProtocol_v1Unpack:215) <0xde43>V1-Recv: 0x0300->0x0A06 0x0000 [0m
[37m[24.417][linker]-[Debug]-[DjiCommand_RecvWork:1066)  <0xde43>Receive msg from linker, 0x0300->0x0A06 0x0000 len:0 [0m
[37m[24.417][infor]-[Debug]-[DjiAircraftInfo_CheckPingStatusAsyncCallback:269) connect status async sucess [0m
[37m[24.417][linker]-[Debug]-[DjiCommand_DealCmd:830) callback function (cmdset: 0x00 cmdid: 0x00) deal time: 0 ms [0m
[37m[24.427][channel]-[Debug]-[DjiStreamChannelUdp_RecvDataThread:248) Receive udp data from 255.255.0.0.96 -> 192.168.100.2.30081, protocol: raw_data [0m
[37m[24.441][linker]-[Debug]-[DjiProtocol_v1Unpack:215) <0xee8>V1-Recv: 0x0300->0x0A06 0x036C [0m
[37m[24.441][linker]-[Debug]-[DjiProtocol_v1Unpack:215) <0x37ba>V1-Recv: 0x0A01->0x0A06 0x3C45 [0m
[37m[24.442][linker]-[Debug]-[DjiCommand_RecvWork:1066)  <0xee8>Receive msg from linker, 0x0300->0x0A06 0x036C len:71 [0m
[37m[24.443][linker]-[Debug]-[DjiCommand_RecvWork:1066)  <0x37ba>Receive msg from linker, 0x0A01->0x0A06 0x3C45 len:0 [0m
[37m[24.443][upgrade]-[Debug]-[DjiUpgrade_GetUpgradeServiceInfo:239) Get upgrade service info [0m
[37m[24.443][linker]-[Debug]-[DjiProtocol_v1Pack:123) <0x37ba>V1-Send: 0x0A06->0x0A01 0x3C45 [0m
[37m[24.454][linker]-[Debug]-[DjiProtocol_v1Unpack:215) <0x174d>V1-Recv: 0x1D07->0x0A06 0x2105 [0m
[37m[24.455][linker]-[Debug]-[DjiCommand_RecvWork:1066)  <0x174d>Receive msg from linker, 0x1D07->0x0A06 0x2105 len:1 [0m
[37m[24.455][linker]-[Debug]-[DjiCommand_DealCmd:919) received unsupport request cmd that need ack, <0x174d> cmdset: 0x21 cmdid: 0x05 [0m
[37m[24.459][linker]-[Debug]-[DjiProtocol_v1Unpack:215) <0xf0e>V1-Recv: 0x0300->0x0A06 0x4900 [0m
[37m[24.460][linker]-[Debug]-[DjiCommand_RecvWork:1066)  <0xf0e>Receive msg from linker, 0x0300->0x0A06 0x4900 len:14 [0m
[37m[24.460][linker]-[Debug]-[DjiProtocol_v1Pack:123) <0xf0e>V1-Send: 0x0A06->0x0300 0x4900 [0m
[37m[24.461][channel]-[Debug]-[DjiStreamChannelUdp_RecvDataThread:248) Receive udp data from 255.255.0.0.96 -> 192.168.100.2.30081, protocol: raw_data [0m
[37m[24.477][linker]-[Debug]-[DjiProtocol_v1Unpack:215) <0xf2d>V1-Recv: 0x0306->0x0A06 0x03C1 [0m
[37m[24.477][linker]-[Debug]-[DjiCommand_RecvWork:1066)  <0xf2d>Receive msg from linker, 0x0306->0x0A06 0x03C1 len:13 [0m
[37m[24.494][channel]-[Debug]-[DjiStreamChannelUdp_RecvDataThread:248) Receive udp data from 255.255.0.0.96 -> 192.168.100.2.30081, protocol: raw_data [0m
[37m[24.498][linker]-[Debug]-[DjiProtocol_v1Unpack:215) <0xf5b>V1-Recv: 0x0300->0x0A06 0x221B [0m
[37m[24.498][linker]-[Debug]-[DjiCommand_RecvWork:1066)  <0xf5b>Receive msg from linker, 0x0300->0x0A06 0x221B len:9 [0m
[37m[24.522][linker]-[Debug]-[DjiProtocol_v1Unpack:215) <0x06>V1-Recv: 0x0800->0x0A06 0x0866 [0m
[37m[24.524][linker]-[Debug]-[DjiCommand_RecvWork:1066)  <0x06>Receive msg from linker, 0x0800->0x0A06 0x0866 len:17 [0m
[37m[24.524][liveview]-[Debug]-[DjiLiveview_DecodeLiveviewStatusHandle:1169) Liveview uuid info total_num: 1, index: 0, version: 1, major_type: 0, minor_type: 39, idx: 0, pos: 7 [0m
[37m[24.524][liveview]-[Debug]-[DjiLiveview_DecodeLiveviewStatusHandle:1183) sdr num: 1 [0m
[37m[24.524][liveview]-[Debug]-[DjiLiveview_DecodeLiveviewStatusHandle:1203) tunnel id: 0 [0m
[37m[24.524][liveview]-[Debug]-[DjiLiveview_DecodeLiveviewStatusHandle:1207) consumeBytes: 15, availBytes: 15 [0m
[37m[24.527][channel]-[Debug]-[DjiStreamChannelUdp_RecvDataThread:248) Receive udp data from 255.255.0.0.96 -> 192.168.100.2.30081, protocol: raw_data [0m
[37m[24.531][utils]-[Debug]-[DjiCore_RootTask:131) work execution time: [0m
[37m[24.531][utils]-[Debug]-[DjiCore_RootTask:132) name	                execution time (ms)	  max execution time (ms) [0m
[37m[24.531][utils]-[Debug]-[DjiCore_RootTask:134) recorderWork                    	0       	1        [0m
[37m[24.531][utils]-[Debug]-[DjiCore_RootTask:134) flowControllerTask              	0       	1        [0m
[37m[24.531][utils]-[Debug]-[DjiCore_RootTask:134) commandTask                     	1       	1        [0m
[37m[24.531][utils]-[Debug]-[DjiCore_RootTask:134) aircraftWorkNode                	1       	1        [0m
[37m[24.531][utils]-[Debug]-[DjiCore_RootTask:134) StatePushWork                   	0       	1        [0m
[37m[24.541][linker]-[Debug]-[DjiProtocol_v1Unpack:215) <0xfa1>V1-Recv: 0x0300->0x0A06 0x036C [0m
[37m[24.542][linker]-[Debug]-[DjiCommand_RecvWork:1066)  <0xfa1>Receive msg from linker, 0x0300->0x0A06 0x036C len:71 [0m
[37m[24.559][linker]-[Debug]-[DjiProtocol_v1Unpack:215) <0xfc7>V1-Recv: 0x0300->0x0A06 0x4900 [0m
[37m[24.560][linker]-[Debug]-[DjiCommand_RecvWork:1066)  <0xfc7>Receive msg from linker, 0x0300->0x0A06 0x4900 len:14 [0m
[37m[24.560][linker]-[Debug]-[DjiProtocol_v1Pack:123) <0xfc7>V1-Send: 0x0A06->0x0300 0x4900 [0m
[37m[24.560][channel]-[Debug]-[DjiStreamChannelUdp_RecvDataThread:248) Receive udp data from 255.255.0.0.96 -> 192.168.100.2.30081, protocol: raw_data [0m
[37m[24.577][linker]-[Debug]-[DjiProtocol_v1Unpack:215) <0xfe4>V1-Recv: 0x0306->0x0A06 0x03C1 [0m
[37m[24.578][linker]-[Debug]-[DjiCommand_RecvWork:1066)  <0xfe4>Receive msg from linker, 0x0306->0x0A06 0x03C1 len:13 [0m
[37m[24.594][channel]-[Debug]-[DjiStreamChannelUdp_RecvDataThread:248) Receive udp data from 255.255.0.0.96 -> 192.168.100.2.30081, protocol: raw_data [0m
[37m[24.598][linker]-[Debug]-[DjiProtocol_v1Unpack:215) <0x100f>V1-Recv: 0x0300->0x0A06 0x221B [0m
[37m[24.599][linker]-[Debug]-[DjiCommand_RecvWork:1066)  <0x100f>Receive msg from linker, 0x0300->0x0A06 0x221B len:9 [0m
[37m[24.625][linker]-[Debug]-[DjiProtocol_v1Pack:123) <0xde47>V1-Send: 0x0A06->0x0200 0x3C10 [0m
[37m[24.625][linker]-[Debug]-[DjiProtocol_v1Pack:123) <0xde48>V1-Send: 0x0A06->0x0A01 0x3C10 [0m
[37m[24.625][linker]-[Debug]-[DjiProtocol_v1Pack:123) <0xde49>V1-Send: 0x0A06->0x0300 0x3C10 [0m
[37m[24.627][channel]-[Debug]-[DjiStreamChannelUdp_RecvDataThread:248) Receive udp data from 255.255.0.0.96 -> 192.168.100.2.30081, protocol: raw_data [0m
[37m[24.640][linker]-[Debug]-[DjiProtocol_v1Unpack:215) <0x1051>V1-Recv: 0x0300->0x0A06 0x036C [0m
[37m[24.640][linker]-[Debug]-[DjiProtocol_v1Unpack:215) <0x37bb>V1-Recv: 0x0A01->0x0A06 0x3C45 [0m
[37m[24.641][linker]-[Debug]-[DjiCommand_RecvWork:1066)  <0x1051>Receive msg from linker, 0x0300->0x0A06 0x036C len:71 [0m
[37m[24.642][linker]-[Debug]-[DjiCommand_RecvWork:1066)  <0x37bb>Receive msg from linker, 0x0A01->0x0A06 0x3C45 len:0 [0m
[37m[24.642][upgrade]-[Debug]-[DjiUpgrade_GetUpgradeServiceInfo:239) Get upgrade service info [0m
[37m[24.642][linker]-[Debug]-[DjiProtocol_v1Pack:123) <0x37bb>V1-Send: 0x0A06->0x0A01 0x3C45 [0m
[37m[24.660][channel]-[Debug]-[DjiStreamChannelUdp_RecvDataThread:248) Receive udp data from 255.255.0.0.96 -> 192.168.100.2.30081, protocol: raw_data [0m
[37m[24.662][linker]-[Debug]-[DjiProtocol_v1Unpack:215) <0x107a>V1-Recv: 0x0300->0x0A06 0x0F74 [0m
[37m[24.662][linker]-[Debug]-[DjiProtocol_v1Unpack:215) <0x107d>V1-Recv: 0x0300->0x0100 0x0406 [0m
[37m[24.662][linker]-[Debug]-[DjiProtocol_v1Unpack:215) <0x107e>V1-Recv: 0x0300->0x0100 0x0407 [0m
[37m[24.662][linker]-[Debug]-[DjiProtocol_v1Unpack:215) <0x107f>V1-Recv: 0x0300->0x0A06 0x4900 [0m
[37m[24.663][linker]-[Debug]-[DjiCommand_RecvWork:1066)  <0x107a>Receive msg from linker, 0x0300->0x0A06 0x0F74 len:28 [0m
[37m[24.663][linker]-[Debug]-[DjiCommand_DealCmd:919) received unsupport request cmd that noneed ack, <0x107a> cmdset: 0x0F cmdid: 0x74 [0m
[37m[24.664][linker]-[Debug]-[DjiCommand_RecvWork:1066)  <0x107d>Receive msg from linker, 0x0300->0x0100 0x0406 len:12 [0m
[37m[24.664][linker]-[Debug]-[DjiCommand_DealCmd:919) received unsupport request cmd that noneed ack, <0x107d> cmdset: 0x04 cmdid: 0x06 [0m
[37m[24.665][linker]-[Debug]-[DjiCommand_RecvWork:1066)  <0x107e>Receive msg from linker, 0x0300->0x0100 0x0407 len:1 [0m
[37m[24.665][linker]-[Debug]-[DjiCommand_DealCmd:919) received unsupport request cmd that noneed ack, <0x107e> cmdset: 0x04 cmdid: 0x07 [0m
[37m[24.666][linker]-[Debug]-[DjiCommand_RecvWork:1066)  <0x107f>Receive msg from linker, 0x0300->0x0A06 0x4900 len:14 [0m
[37m[24.666][linker]-[Debug]-[DjiProtocol_v1Pack:123) <0x107f>V1-Send: 0x0A06->0x0300 0x4900 [0m
[37m[24.677][linker]-[Debug]-[DjiProtocol_v1Unpack:215) <0x109a>V1-Recv: 0x0306->0x0A06 0x03C1 [0m
[37m[24.677][linker]-[Debug]-[DjiCommand_RecvWork:1066)  <0x109a>Receive msg from linker, 0x0306->0x0A06 0x03C1 len:13 [0m
[37m[24.695][channel]-[Debug]-[DjiStreamChannelUdp_RecvDataThread:248) Receive udp data from 255.255.0.0.96 -> 192.168.100.2.30081, protocol: raw_data [0m
[37m[24.698][linker]-[Debug]-[DjiProtocol_v1Unpack:215) <0x10c2>V1-Recv: 0x0300->0x0A06 0x221B [0m
[37m[24.698][linker]-[Debug]-[DjiCommand_RecvWork:1066)  <0x10c2>Receive msg from linker, 0x0300->0x0A06 0x221B len:9 [0m
[37m[24.727][channel]-[Debug]-[DjiStreamChannelUdp_RecvDataThread:248) Receive udp data from 255.255.0.0.96 -> 192.168.100.2.30081, protocol: raw_data [0m
[37m[24.741][linker]-[Debug]-[DjiProtocol_v1Unpack:215) <0x110b>V1-Recv: 0x0300->0x0A06 0x036C [0m
[37m[24.741][linker]-[Debug]-[DjiCommand_RecvWork:1066)  <0x110b>Receive msg from linker, 0x0300->0x0A06 0x036C len:71 [0m
[37m[24.759][linker]-[Debug]-[DjiProtocol_v1Unpack:215) <0x113d>V1-Recv: 0x0300->0x0A06 0x4900 [0m
[37m[24.759][linker]-[Debug]-[DjiCommand_RecvWork:1066)  <0x113d>Receive msg from linker, 0x0300->0x0A06 0x4900 len:14 [0m
[37m[24.759][linker]-[Debug]-[DjiProtocol_v1Pack:123) <0x113d>V1-Send: 0x0A06->0x0300 0x4900 [0m
[37m[24.761][channel]-[Debug]-[DjiStreamChannelUdp_RecvDataThread:248) Receive udp data from 255.255.0.0.96 -> 192.168.100.2.30081, protocol: raw_data [0m
[37m[24.772][linker]-[Debug]-[DjiProtocol_v1Unpack:215) <0x07>V1-Recv: 0x0800->0x0A06 0x0866 [0m
[37m[24.773][linker]-[Debug]-[DjiCommand_RecvWork:1066)  <0x07>Receive msg from linker, 0x0800->0x0A06 0x0866 len:17 [0m
[37m[24.773][liveview]-[Debug]-[DjiLiveview_DecodeLiveviewStatusHandle:1169) Liveview uuid info total_num: 1, index: 0, version: 1, major_type: 0, minor_type: 39, idx: 0, pos: 7 [0m
[37m[24.773][liveview]-[Debug]-[DjiLiveview_DecodeLiveviewStatusHandle:1183) sdr num: 1 [0m
[37m[24.773][liveview]-[Debug]-[DjiLiveview_DecodeLiveviewStatusHandle:1203) tunnel id: 0 [0m
[37m[24.773][liveview]-[Debug]-[DjiLiveview_DecodeLiveviewStatusHandle:1207) consumeBytes: 15, availBytes: 15 [0m
[32m[24.774][user]-[Info]-[DjiTest_WaypointV2GeneratePolygonWaypointV2:432) test_waypoint_v2.c------position_point1: (lat->39.136891, lon->117.141942).
 [0m
[37m[24.774][waypoint]-[Debug]-[DjiWaypointV2_UploadMission:324) refAlti:0.683068, refLong:2.044513, takeoffAltitude:5.694000
 [0m
[37m[24.774][linker]-[Debug]-[DjiProtocol_v1Pack:123) <0xde4a>V1-Send: 0x0A06->0x1105 0x2201 [0m
[37m[24.777][linker]-[Debug]-[DjiProtocol_v1Unpack:215) <0x115c>V1-Recv: 0x0306->0x0A06 0x03C1 [0m
[37m[24.777][linker]-[Debug]-[DjiCommand_RecvWork:1066)  <0x115c>Receive msg from linker, 0x0306->0x0A06 0x03C1 len:13 [0m
[37m[24.794][channel]-[Debug]-[DjiStreamChannelUdp_RecvDataThread:248) Receive udp data from 255.255.0.0.96 -> 192.168.100.2.30081, protocol: raw_data [0m
[37m[24.798][linker]-[Debug]-[DjiProtocol_v1Unpack:215) <0x1189>V1-Recv: 0x0300->0x0A06 0x221B [0m
[37m[24.798][linker]-[Debug]-[DjiCommand_RecvWork:1066)  <0x1189>Receive msg from linker, 0x0300->0x0A06 0x221B len:9 [0m
[37m[24.800][linker]-[Debug]-[DjiProtocol_v1Pack:123) <0xde29>V1-Send: 0x0A06->0x0800 0x0867 [0m
[37m[24.809][linker]-[Debug]-[DjiProtocol_v1Unpack:215) <0xde4a>V1-Recv: 0x1105->0x0A06 0x2201 [0m
[37m[24.809][linker]-[Debug]-[DjiCommand_RecvWork:1066)  <0xde4a>Receive msg from linker, 0x1105->0x0A06 0x2201 len:4 [0m
[37m[24.809][linker]-[Debug]-[DjiCommand_SendSyncCallback:1014) PsdkCommand_SendSyncCallback success [0m
[37m[24.809][linker]-[Debug]-[DjiCommand_SendSync:553) sendSync callback success [0m
[37m[24.809][waypoint]-[Debug]-[DjiWaypointV2_GetDjiErrorCode:600) Raw ret code : ret=0x00010010 [0m
[31m[24.809][waypoint]-[Error]-[DjiWaypointV2_UploadInitSettingInternal:1232) Global_cruise_vel is greater than global_max_vel  [0m
[31m[24.809][user]-[Error]-[DjiTest_WaypointV2UploadMission:756) Init waypoint V2 mission setting failed, ErrorCode:0x2300010010 [0m
[31m[24.809][user]-[Error]-[DjiTest_WaypointV2RunSample:213) Upload waypoint V2 mission failed, error code: 0x00010010 [0m
[32m[24.809][user]-[Info]-[replyProgress:768) --------------------------------------- mission interrupt ---------- [0m
[37m[24.809][linker]-[Debug]-[DjiCommand_AntiRegRecvCmdHandler:722) Anti reg command handle list success, index:14 [0m
[32m[24.809][user]-[Info]-[DjiTest_WaypointV2RunSample:322) Waypoint V2 sample end [0m
[37m[24.809][linker]-[Debug]-[DjiCommand_DealCmd:830) callback function (cmdset: 0x22 cmdid: 0x01) deal time: 0 ms [0m
[37m[24.818][linker]-[Debug]-[DjiProtocol_v1Pack:123) <0xde4b>V1-Send: 0x0A06->0x1D01 0x00F0 [0m
[37m[24.827][channel]-[Debug]-[DjiStreamChannelUdp_RecvDataThread:248) Receive udp data from 255.255.0.0.96 -> 192.168.100.2.30081, protocol: raw_data [0m
[37m[24.839][linker]-[Debug]-[DjiProtocol_v1Pack:123) <0xde4c>V1-Send: 0x0A06->0x0200 0x3C10 [0m
[37m[24.839][linker]-[Debug]-[DjiProtocol_v1Pack:123) <0xde4d>V1-Send: 0x0A06->0x0A01 0x3C10 [0m
[37m[24.839][linker]-[Debug]-[DjiProtocol_v1Pack:123) <0xde4e>V1-Send: 0x0A06->0x0300 0x3C10 [0m
[37m[24.845][linker]-[Debug]-[DjiProtocol_v1Unpack:215) <0x11c9>V1-Recv: 0x0306->0x0A06 0x03C1 [0m
[37m[24.845][linker]-[Debug]-[DjiProtocol_v1Unpack:215) <0x11cb>V1-Recv: 0x0300->0x0A06 0x036C [0m
[37m[24.846][linker]-[Debug]-[DjiCommand_RecvWork:1066)  <0x11c9>Receive msg from linker, 0x0306->0x0A06 0x03C1 len:126 [0m
[37m[24.847][linker]-[Debug]-[DjiCommand_RecvWork:1066)  <0x11cb>Receive msg from linker, 0x0300->0x0A06 0x036C len:71 [0m
[37m[24.847][linker]-[Debug]-[DjiCommand_DealCmd:919) received unsupport request cmd that noneed ack, <0x11cb> cmdset: 0x03 cmdid: 0x6C [0m
[37m[24.859][linker]-[Debug]-[DjiProtocol_v1Unpack:215) <0x11f4>V1-Recv: 0x0300->0x0A06 0x4900 [0m
[37m[24.859][linker]-[Debug]-[DjiProtocol_v1Unpack:215) <0x37bc>V1-Recv: 0x0A01->0x0A06 0x3C45 [0m
[37m[24.860][linker]-[Debug]-[DjiCommand_RecvWork:1066)  <0x11f4>Receive msg from linker, 0x0300->0x0A06 0x4900 len:14 [0m
[37m[24.860][linker]-[Debug]-[DjiProtocol_v1Pack:123) <0x11f4>V1-Send: 0x0A06->0x0300 0x4900 [0m
[37m[24.861][channel]-[Debug]-[DjiStreamChannelUdp_RecvDataThread:248) Receive udp data from 255.255.0.0.96 -> 192.168.100.2.30081, protocol: raw_data [0m
[37m[24.861][linker]-[Debug]-[DjiCommand_RecvWork:1066)  <0x37bc>Receive msg from linker, 0x0A01->0x0A06 0x3C45 len:0 [0m
[37m[24.861][upgrade]-[Debug]-[DjiUpgrade_GetUpgradeServiceInfo:239) Get upgrade service info [0m
[37m[24.861][linker]-[Debug]-[DjiProtocol_v1Pack:123) <0x37bc>V1-Send: 0x0A06->0x0A01 0x3C45 [0m
[37m[24.877][linker]-[Debug]-[DjiProtocol_v1Unpack:215) <0x120f>V1-Recv: 0x0306->0x0A06 0x03C1 [0m
[37m[24.878][linker]-[Debug]-[DjiCommand_RecvWork:1066)  <0x120f>Receive msg from linker, 0x0306->0x0A06 0x03C1 len:13 [0m
[32m[24.881][user]-[Info]-[UserFcSubscription_Task:453) Current speed: 0.000000.
 [0m
[32m[24.881][user]-[Info]-[UserFcSubscription_Task:639) Displaymode status: 6. [0m
[37m[24.894][channel]-[Debug]-[DjiStreamChannelUdp_RecvDataThread:248) Receive udp data from 255.255.0.0.96 -> 192.168.100.2.30081, protocol: raw_data [0m
[37m[24.898][linker]-[Debug]-[DjiProtocol_v1Unpack:215) <0x5a0>V1-Recv: 0x0701->0x0A06 0x0000 [0m
[37m[24.898][linker]-[Debug]-[DjiProtocol_v1Unpack:215) <0x1237>V1-Recv: 0x0300->0x0A06 0x221B [0m
[37m[24.899][linker]-[Debug]-[DjiCommand_RecvWork:1066)  <0x5a0>Receive msg from linker, 0x0701->0x0A06 0x0000 len:16 [0m
[37m[24.899][linker]-[Debug]-[DjiProtocol_v1Pack:123) <0x5a0>V1-Send: 0x0A06->0x0701 0x0000 [0m
[37m[24.900][linker]-[Debug]-[DjiCommand_RecvWork:1066)  <0x1237>Receive msg from linker, 0x0300->0x0A06 0x221B len:9 [0m
[37m[24.900][linker]-[Debug]-[DjiCommand_DealCmd:919) received unsupport request cmd that noneed ack, <0x1237> cmdset: 0x22 cmdid: 0x1B [0m
[37m[24.927][channel]-[Debug]-[DjiStreamChannelUdp_RecvDataThread:248) Receive udp data from 255.255.0.0.96 -> 192.168.100.2.30081, protocol: raw_data [0m
[37m[24.940][linker]-[Debug]-[DjiProtocol_v1Unpack:215) <0x127c>V1-Recv: 0x0300->0x0A06 0x036C [0m
[37m[24.940][linker]-[Debug]-[DjiCommand_RecvWork:1066)  <0x127c>Receive msg from linker, 0x0300->0x0A06 0x036C len:71 [0m
[37m[24.940][linker]-[Debug]-[DjiCommand_DealCmd:919) received unsupport request cmd that noneed ack, <0x127c> cmdset: 0x03 cmdid: 0x6C [0m
[37m[24.958][linker]-[Debug]-[DjiProtocol_v1Unpack:215) <0x12a6>V1-Recv: 0x0300->0x0A06 0x4900 [0m
[37m[24.959][linker]-[Debug]-[DjiCommand_RecvWork:1066)  <0x12a6>Receive msg from linker, 0x0300->0x0A06 0x4900 len:14 [0m
[37m[24.960][linker]-[Debug]-[DjiProtocol_v1Pack:123) <0x12a6>V1-Send: 0x0A06->0x0300 0x4900 [0m
[37m[24.960][channel]-[Debug]-[DjiStreamChannelUdp_RecvDataThread:248) Receive udp data from 255.255.0.0.96 -> 192.168.100.2.30081, protocol: raw_data [0m
[37m[24.977][linker]-[Debug]-[DjiProtocol_v1Unpack:215) <0x12c5>V1-Recv: 0x0306->0x0A06 0x03C1 [0m
[37m[24.978][linker]-[Debug]-[DjiCommand_RecvWork:1066)  <0x12c5>Receive msg from linker, 0x0306->0x0A06 0x03C1 len:13 [0m
[37m[24.995][channel]-[Debug]-[DjiStreamChannelUdp_RecvDataThread:248) Receive udp data from 255.255.0.0.96 -> 192.168.100.2.30081, protocol: raw_data [0m
[37m[24.998][linker]-[Debug]-[DjiProtocol_v1Unpack:215) <0x12f0>V1-Recv: 0x0300->0x0A06 0x221B [0m
[37m[24.999][linker]-[Debug]-[DjiCommand_RecvWork:1066)  <0x12f0>Receive msg from linker, 0x0300->0x0A06 0x221B len:9 [0m
[37m[24.999][linker]-[Debug]-[DjiCommand_DealCmd:919) received unsupport request cmd that noneed ack, <0x12f0> cmdset: 0x22 cmdid: 0x1B [0m
[37m[25.022][linker]-[Debug]-[DjiProtocol_v1Unpack:215) <0x08>V1-Recv: 0x0800->0x0A06 0x0866 [0m
[37m[25.022][linker]-[Debug]-[DjiCommand_RecvWork:1066)  <0x08>Receive msg from linker, 0x0800->0x0A06 0x0866 len:17 [0m
[37m[25.022][liveview]-[Debug]-[DjiLiveview_DecodeLiveviewStatusHandle:1169) Liveview uuid info total_num: 1, index: 0, version: 1, major_type: 0, minor_type: 39, idx: 0, pos: 7 [0m
[37m[25.022][liveview]-[Debug]-[DjiLiveview_DecodeLiveviewStatusHandle:1183) sdr num: 1 [0m
[37m[25.022][liveview]-[Debug]-[DjiLiveview_DecodeLiveviewStatusHandle:1203) tunnel id: 0 [0m
[37m[25.022][liveview]-[Debug]-[DjiLiveview_DecodeLiveviewStatusHandle:1207) consumeBytes: 15, availBytes: 15 [0m
[37m[25.028][channel]-[Debug]-[DjiStreamChannelUdp_RecvDataThread:248) Receive udp data from 255.255.0.0.96 -> 192.168.100.2.30081, protocol: raw_data [0m
[37m[25.040][linker]-[Debug]-[DjiProtocol_v1Unpack:215) <0x132d>V1-Recv: 0x0300->0x0A06 0x036C [0m
[37m[25.040][linker]-[Debug]-[DjiCommand_RecvWork:1066)  <0x132d>Receive msg from linker, 0x0300->0x0A06 0x036C len:71 [0m
[37m[25.040][linker]-[Debug]-[DjiCommand_DealCmd:919) received unsupport request cmd that noneed ack, <0x132d> cmdset: 0x03 cmdid: 0x6C [0m
[37m[25.054][linker]-[Debug]-[DjiProtocol_v1Pack:123) <0xde4f>V1-Send: 0x0A06->0x0200 0x3C10 [0m
[37m[25.054][linker]-[Debug]-[DjiProtocol_v1Pack:123) <0xde50>V1-Send: 0x0A06->0x0A01 0x3C10 [0m
[37m[25.054][linker]-[Debug]-[DjiProtocol_v1Pack:123) <0xde51>V1-Send: 0x0A06->0x0300 0x3C10 [0m
[37m[25.059][linker]-[Debug]-[DjiProtocol_v1Unpack:215) <0x1354>V1-Recv: 0x0300->0x0A06 0x4900 [0m
[37m[25.059][linker]-[Debug]-[DjiCommand_RecvWork:1066)  <0x1354>Receive msg from linker, 0x0300->0x0A06 0x4900 len:14 [0m
[37m[25.059][linker]-[Debug]-[DjiProtocol_v1Pack:123) <0x1354>V1-Send: 0x0A06->0x0300 0x4900 [0m
[37m[25.061][channel]-[Debug]-[DjiStreamChannelUdp_RecvDataThread:248) Receive udp data from 255.255.0.0.96 -> 192.168.100.2.30081, protocol: raw_data [0m
[37m[25.077][linker]-[Debug]-[DjiProtocol_v1Unpack:215) <0x136f>V1-Recv: 0x0306->0x0A06 0x03C1 [0m
[37m[25.077][linker]-[Debug]-[DjiCommand_RecvWork:1066)  <0x136f>Receive msg from linker, 0x0306->0x0A06 0x03C1 len:13 [0m
[37m[25.079][linker]-[Debug]-[DjiProtocol_v1Unpack:215) <0x37bd>V1-Recv: 0x0A01->0x0A06 0x3C45 [0m
[37m[25.079][linker]-[Debug]-[DjiCommand_RecvWork:1066)  <0x37bd>Receive msg from linker, 0x0A01->0x0A06 0x3C45 len:0 [0m
[37m[25.079][upgrade]-[Debug]-[DjiUpgrade_GetUpgradeServiceInfo:239) Get upgrade service info [0m
[37m[25.079][linker]-[Debug]-[DjiProtocol_v1Pack:123) <0x37bd>V1-Send: 0x0A06->0x0A01 0x3C45 [0m
[37m[25.094][channel]-[Debug]-[DjiStreamChannelUdp_RecvDataThread:248) Receive udp data from 255.255.0.0.96 -> 192.168.100.2.30081, protocol: raw_data [0m
[37m[25.097][linker]-[Debug]-[DjiProtocol_v1Unpack:215) <0x1396>V1-Recv: 0x0300->0x0A06 0x221B [0m
[37m[25.097][linker]-[Debug]-[DjiCommand_RecvWork:1066)  <0x1396>Receive msg from linker, 0x0300->0x0A06 0x221B len:9 [0m
[37m[25.097][linker]-[Debug]-[DjiCommand_DealCmd:919) received unsupport request cmd that noneed ack, <0x1396> cmdset: 0x22 cmdid: 0x1B [0m
[37m[25.127][channel]-[Debug]-[DjiStreamChannelUdp_RecvDataThread:248) Receive udp data from 255.255.0.0.96 -> 192.168.100.2.30081, protocol: raw_data [0m
[37m[25.140][linker]-[Debug]-[DjiProtocol_v1Unpack:215) <0x13da>V1-Recv: 0x0300->0x0A06 0x036C [0m
[37m[25.140][linker]-[Debug]-[DjiCommand_RecvWork:1066)  <0x13da>Receive msg from linker, 0x0300->0x0A06 0x036C len:71 [0m
[37m[25.140][linker]-[Debug]-[DjiCommand_DealCmd:919) received unsupport request cmd that noneed ack, <0x13da> cmdset: 0x03 cmdid: 0x6C [0m
[37m[25.160][linker]-[Debug]-[DjiProtocol_v1Unpack:215) <0x1402>V1-Recv: 0x0300->0x0100 0x0405 [0m
[37m[25.160][linker]-[Debug]-[DjiProtocol_v1Unpack:215) <0x1403>V1-Recv: 0x0300->0x0A06 0x4900 [0m
[37m[25.160][linker]-[Debug]-[DjiCommand_RecvWork:1066)  <0x1402>Receive msg from linker, 0x0300->0x0100 0x0405 len:22 [0m
[37m[25.160][linker]-[Debug]-[DjiCommand_DealCmd:919) received unsupport request cmd that noneed ack, <0x1402> cmdset: 0x04 cmdid: 0x05 [0m
[37m[25.160][channel]-[Debug]-[DjiStreamChannelUdp_RecvDataThread:248) Receive udp data from 255.255.0.0.96 -> 192.168.100.2.30081, protocol: raw_data [0m
[37m[25.161][linker]-[Debug]-[DjiCommand_RecvWork:1066)  <0x1403>Receive msg from linker, 0x0300->0x0A06 0x4900 len:14 [0m
[37m[25.161][linker]-[Debug]-[DjiProtocol_v1Pack:123) <0x1403>V1-Send: 0x0A06->0x0300 0x4900 [0m
[37m[25.177][linker]-[Debug]-[DjiProtocol_v1Unpack:215) <0x1420>V1-Recv: 0x0306->0x0A06 0x03C1 [0m
[37m[25.177][linker]-[Debug]-[DjiCommand_RecvWork:1066)  <0x1420>Receive msg from linker, 0x0306->0x0A06 0x03C1 len:13 [0m
[37m[25.194][channel]-[Debug]-[DjiStreamChannelUdp_RecvDataThread:248) Receive udp data from 255.255.0.0.96 -> 192.168.100.2.30081, protocol: raw_data [0m
[37m[25.197][linker]-[Debug]-[DjiProtocol_v1Unpack:215) <0x144b>V1-Recv: 0x0300->0x0A06 0x221B [0m
[37m[25.198][linker]-[Debug]-[DjiCommand_RecvWork:1066)  <0x144b>Receive msg from linker, 0x0300->0x0A06 0x221B len:9 [0m
[37m[25.198][linker]-[Debug]-[DjiCommand_DealCmd:919) received unsupport request cmd that noneed ack, <0x144b> cmdset: 0x22 cmdid: 0x1B [0m
[37m[25.227][channel]-[Debug]-[DjiStreamChannelUdp_RecvDataThread:248) Receive udp data from 255.255.0.0.96 -> 192.168.100.2.30081, protocol: raw_data [0m
[37m[25.240][linker]-[Debug]-[DjiProtocol_v1Unpack:215) <0x148c>V1-Recv: 0x0300->0x0A06 0x036C [0m
[37m[25.240][linker]-[Debug]-[DjiCommand_RecvWork:1066)  <0x148c>Receive msg from linker, 0x0300->0x0A06 0x036C len:71 [0m
[37m[25.240][linker]-[Debug]-[DjiCommand_DealCmd:919) received unsupport request cmd that noneed ack, <0x148c> cmdset: 0x03 cmdid: 0x6C [0m
[37m[25.259][linker]-[Debug]-[DjiProtocol_v1Unpack:215) <0x14ba>V1-Recv: 0x0300->0x0A06 0x4900 [0m
[37m[25.260][linker]-[Debug]-[DjiCommand_RecvWork:1066)  <0x14ba>Receive msg from linker, 0x0300->0x0A06 0x4900 len:14 [0m
[37m[25.260][linker]-[Debug]-[DjiProtocol_v1Pack:123) <0x14ba>V1-Send: 0x0A06->0x0300 0x4900 [0m
[37m[25.260][channel]-[Debug]-[DjiStreamChannelUdp_RecvDataThread:248) Receive udp data from 255.255.0.0.96 -> 192.168.100.2.30081, protocol: raw_data [0m
[37m[25.267][linker]-[Debug]-[DjiProtocol_v1Pack:123) <0xde52>V1-Send: 0x0A06->0x0200 0x3C10 [0m
[37m[25.267][linker]-[Debug]-[DjiProtocol_v1Pack:123) <0xde53>V1-Send: 0x0A06->0x0A01 0x3C10 [0m
[37m[25.267][linker]-[Debug]-[DjiProtocol_v1Pack:123) <0xde54>V1-Send: 0x0A06->0x0300 0x3C10 [0m
[37m[25.272][linker]-[Debug]-[DjiProtocol_v1Unpack:215) <0x09>V1-Recv: 0x0800->0x0A06 0x0866 [0m
[37m[25.273][linker]-[Debug]-[DjiCommand_RecvWork:1066)  <0x09>Receive msg from linker, 0x0800->0x0A06 0x0866 len:17 [0m
[37m[25.273][liveview]-[Debug]-[DjiLiveview_DecodeLiveviewStatusHandle:1169) Liveview uuid info total_num: 1, index: 0, version: 1, major_type: 0, minor_type: 39, idx: 0, pos: 7 [0m
[37m[25.273][liveview]-[Debug]-[DjiLiveview_DecodeLiveviewStatusHandle:1183) sdr num: 1 [0m
[37m[25.273][liveview]-[Debug]-[DjiLiveview_DecodeLiveviewStatusHandle:1203) tunnel id: 0 [0m
[37m[25.273][liveview]-[Debug]-[DjiLiveview_DecodeLiveviewStatusHandle:1207) consumeBytes: 15, availBytes: 15 [0m
[37m[25.277][linker]-[Debug]-[DjiProtocol_v1Unpack:215) <0x14d9>V1-Recv: 0x0306->0x0A06 0x03C1 [0m
[37m[25.278][linker]-[Debug]-[DjiCommand_RecvWork:1066)  <0x14d9>Receive msg from linker, 0x0306->0x0A06 0x03C1 len:13 [0m
[37m[25.279][linker]-[Debug]-[DjiProtocol_v1Unpack:215) <0x37c0>V1-Recv: 0x0A01->0x0A06 0x3C45 [0m
[37m[25.280][linker]-[Debug]-[DjiCommand_RecvWork:1066)  <0x37c0>Receive msg from linker, 0x0A01->0x0A06 0x3C45 len:0 [0m
[37m[25.280][upgrade]-[Debug]-[DjiUpgrade_GetUpgradeServiceInfo:239) Get upgrade service info [0m
[37m[25.280][linker]-[Debug]-[DjiProtocol_v1Pack:123) <0x37c0>V1-Send: 0x0A06->0x0A01 0x3C45 [0m
[37m[25.294][channel]-[Debug]-[DjiStreamChannelUdp_RecvDataThread:248) Receive udp data from 255.255.0.0.96 -> 192.168.100.2.30081, protocol: raw_data [0m
[37m[25.298][linker]-[Debug]-[DjiProtocol_v1Unpack:215) <0x1507>V1-Recv: 0x0300->0x0A06 0x221B [0m
[37m[25.298][linker]-[Debug]-[DjiCommand_RecvWork:1066)  <0x1507>Receive msg from linker, 0x0300->0x0A06 0x221B len:9 [0m
[37m[25.298][linker]-[Debug]-[DjiCommand_DealCmd:919) received unsupport request cmd that noneed ack, <0x1507> cmdset: 0x22 cmdid: 0x1B [0m
[37m[25.327][channel]-[Debug]-[DjiStreamChannelUdp_RecvDataThread:248) Receive udp data from 255.255.0.0.96 -> 192.168.100.2.30081, protocol: raw_data [0m
[37m[25.340][linker]-[Debug]-[DjiProtocol_v1Unpack:215) <0x154c>V1-Recv: 0x0300->0x0A06 0x036C [0m
[37m[25.341][linker]-[Debug]-[DjiCommand_RecvWork:1066)  <0x154c>Receive msg from linker, 0x0300->0x0A06 0x036C len:71 [0m
[37m[25.341][linker]-[Debug]-[DjiCommand_DealCmd:919) received unsupport request cmd that noneed ack, <0x154c> cmdset: 0x03 cmdid: 0x6C [0m
[37m[25.359][linker]-[Debug]-[DjiProtocol_v1Unpack:215) <0x1574>V1-Recv: 0x0300->0x0A06 0x4900 [0m
[37m[25.359][linker]-[Debug]-[DjiCommand_RecvWork:1066)  <0x1574>Receive msg from linker, 0x0300->0x0A06 0x4900 len:14 [0m
[37m[25.359][linker]-[Debug]-[DjiProtocol_v1Pack:123) <0x1574>V1-Send: 0x0A06->0x0300 0x4900 [0m
[37m[25.361][channel]-[Debug]-[DjiStreamChannelUdp_RecvDataThread:248) Receive udp data from 255.255.0.0.96 -> 192.168.100.2.30081, protocol: raw_data [0m
[37m[25.377][linker]-[Debug]-[DjiProtocol_v1Unpack:215) <0x1591>V1-Recv: 0x0306->0x0A06 0x03C1 [0m
[37m[25.377][linker]-[Debug]-[DjiCommand_RecvWork:1066)  <0x1591>Receive msg from linker, 0x0306->0x0A06 0x03C1 len:13 [0m
[32m[25.384][user]-[Info]-[liveviewThreadFunc:167) --> Step 3: Stop h264 stream of the fpv and selected payload
 [0m
[37m[25.384][linker]-[Debug]-[DjiProtocol_v1Pack:123) <0xde55>V1-Send: 0x0A06->0x0800 0x0868 [0m
[37m[25.394][channel]-[Debug]-[DjiStreamChannelUdp_RecvDataThread:248) Receive udp data from 255.255.0.0.96 -> 192.168.100.2.30081, protocol: raw_data [0m
[37m[25.398][linker]-[Debug]-[DjiProtocol_v1Unpack:215) <0x15bb>V1-Recv: 0x0300->0x0A06 0x221B [0m
[37m[25.399][linker]-[Debug]-[DjiCommand_RecvWork:1066)  <0x15bb>Receive msg from linker, 0x0300->0x0A06 0x221B len:9 [0m
[37m[25.399][linker]-[Debug]-[DjiCommand_DealCmd:919) received unsupport request cmd that noneed ack, <0x15bb> cmdset: 0x22 cmdid: 0x1B [0m
[37m[25.399][linker]-[Debug]-[DjiProtocol_v1Unpack:215) <0xde55>V1-Recv: 0x0800->0x0A06 0x0868 [0m
[37m[25.400][linker]-[Debug]-[DjiCommand_RecvWork:1066)  <0xde55>Receive msg from linker, 0x0800->0x0A06 0x0868 len:1 [0m
[37m[25.400][linker]-[Debug]-[DjiCommand_SendSyncCallback:1014) PsdkCommand_SendSyncCallback success [0m
[37m[25.400][linker]-[Debug]-[DjiCommand_DealCmd:830) callback function (cmdset: 0x08 cmdid: 0x68) deal time: 0 ms [0m
[37m[25.400][linker]-[Debug]-[DjiCommand_SendSync:553) sendSync callback success [0m
[37m[25.400][liveview]-[Debug]-[DjiLiveview_StopH264Stream:764) Unsubscribe h264 stream success, channel id: 80 [0m
[37m[25.441][linker]-[Debug]-[DjiProtocol_v1Unpack:215) <0x15ff>V1-Recv: 0x0300->0x0A06 0x036C [0m
[37m[25.441][linker]-[Debug]-[DjiCommand_RecvWork:1066)  <0x15ff>Receive msg from linker, 0x0300->0x0A06 0x036C len:71 [0m
[37m[25.441][linker]-[Debug]-[DjiCommand_DealCmd:919) received unsupport request cmd that noneed ack, <0x15ff> cmdset: 0x03 cmdid: 0x6C [0m
[37m[25.449][linker]-[Debug]-[DjiProtocol_v1Unpack:215) <0x174e>V1-Recv: 0x1D07->0x0A06 0x2105 [0m
[37m[25.450][linker]-[Debug]-[DjiCommand_RecvWork:1066)  <0x174e>Receive msg from linker, 0x1D07->0x0A06 0x2105 len:1 [0m
[37m[25.450][linker]-[Debug]-[DjiCommand_DealCmd:919) received unsupport request cmd that need ack, <0x174e> cmdset: 0x21 cmdid: 0x05 [0m
[37m[25.459][linker]-[Debug]-[DjiProtocol_v1Unpack:215) <0x1627>V1-Recv: 0x0300->0x0A06 0x4900 [0m
[37m[25.460][linker]-[Debug]-[DjiCommand_RecvWork:1066)  <0x1627>Receive msg from linker, 0x0300->0x0A06 0x4900 len:14 [0m
[37m[25.460][linker]-[Debug]-[DjiProtocol_v1Pack:123) <0x1627>V1-Send: 0x0A06->0x0300 0x4900 [0m
[37m[25.477][linker]-[Debug]-[DjiProtocol_v1Unpack:215) <0x1642>V1-Recv: 0x0306->0x0A06 0x03C1 [0m
[37m[25.478][linker]-[Debug]-[DjiCommand_RecvWork:1066)  <0x1642>Receive msg from linker, 0x0306->0x0A06 0x03C1 len:13 [0m
[37m[25.480][linker]-[Debug]-[DjiProtocol_v1Pack:123) <0xde56>V1-Send: 0x0A06->0x0300 0x0000 [0m
[37m[25.480][infor]-[Debug]-[DjiAircraftConnection_CheckExtensionPortConnectStatusByV1Protocol:170) check connect status:1 [0m
[37m[25.481][linker]-[Debug]-[DjiProtocol_v1Pack:123) <0xde57>V1-Send: 0x0A06->0x0200 0x3C10 [0m
[37m[25.481][linker]-[Debug]-[DjiProtocol_v1Pack:123) <0xde58>V1-Send: 0x0A06->0x0A01 0x3C10 [0m
[37m[25.481][linker]-[Debug]-[DjiProtocol_v1Pack:123) <0xde59>V1-Send: 0x0A06->0x0300 0x3C10 [0m
[37m[25.499][linker]-[Debug]-[DjiProtocol_v1Unpack:215) <0xde56>V1-Recv: 0x0300->0x0A06 0x0000 [0m
[37m[25.499][linker]-[Debug]-[DjiProtocol_v1Unpack:215) <0x166e>V1-Recv: 0x0300->0x0A06 0x221B [0m
[37m[25.499][linker]-[Debug]-[DjiCommand_RecvWork:1066)  <0xde56>Receive msg from linker, 0x0300->0x0A06 0x0000 len:0 [0m
[37m[25.499][infor]-[Debug]-[DjiAircraftInfo_CheckPingStatusAsyncCallback:269) connect status async sucess [0m
[37m[25.499][linker]-[Debug]-[DjiCommand_DealCmd:830) callback function (cmdset: 0x00 cmdid: 0x00) deal time: 0 ms [0m
[37m[25.500][linker]-[Debug]-[DjiProtocol_v1Unpack:215) <0x37c1>V1-Recv: 0x0A01->0x0A06 0x3C45 [0m
[37m[25.501][linker]-[Debug]-[DjiCommand_RecvWork:1066)  <0x166e>Receive msg from linker, 0x0300->0x0A06 0x221B len:9 [0m
[37m[25.501][linker]-[Debug]-[DjiCommand_DealCmd:919) received unsupport request cmd that noneed ack, <0x166e> cmdset: 0x22 cmdid: 0x1B [0m
[37m[25.502][linker]-[Debug]-[DjiCommand_RecvWork:1066)  <0x37c1>Receive msg from linker, 0x0A01->0x0A06 0x3C45 len:0 [0m
[37m[25.502][upgrade]-[Debug]-[DjiUpgrade_GetUpgradeServiceInfo:239) Get upgrade service info [0m
[37m[25.502][linker]-[Debug]-[DjiProtocol_v1Pack:123) <0x37c1>V1-Send: 0x0A06->0x0A01 0x3C45 [0m
[37m[25.522][linker]-[Debug]-[DjiProtocol_v1Unpack:215) <0x0a>V1-Recv: 0x0800->0x0A06 0x0866 [0m
[37m[25.523][linker]-[Debug]-[DjiCommand_RecvWork:1066)  <0x0a>Receive msg from linker, 0x0800->0x0A06 0x0866 len:16 [0m
[37m[25.523][liveview]-[Debug]-[DjiLiveview_DecodeLiveviewStatusHandle:1169) Liveview uuid info total_num: 1, index: 0, version: 1, major_type: 0, minor_type: 39, idx: 0, pos: 7 [0m
[37m[25.523][liveview]-[Debug]-[DjiLiveview_DecodeLiveviewStatusHandle:1183) sdr num: 1 [0m
[37m[25.523][liveview]-[Debug]-[DjiLiveview_DecodeLiveviewStatusHandle:1207) consumeBytes: 14, availBytes: 14 [0m
[37m[25.540][linker]-[Debug]-[DjiProtocol_v1Unpack:215) <0x16b3>V1-Recv: 0x0300->0x0A06 0x036C [0m
[37m[25.541][linker]-[Debug]-[DjiCommand_RecvWork:1066)  <0x16b3>Receive msg from linker, 0x0300->0x0A06 0x036C len:71 [0m
[37m[25.541][linker]-[Debug]-[DjiCommand_DealCmd:919) received unsupport request cmd that noneed ack, <0x16b3> cmdset: 0x03 cmdid: 0x6C [0m
[37m[25.558][linker]-[Debug]-[DjiProtocol_v1Unpack:215) <0x16da>V1-Recv: 0x0300->0x0A06 0x4900 [0m
[37m[25.559][linker]-[Debug]-[DjiCommand_RecvWork:1066)  <0x16da>Receive msg from linker, 0x0300->0x0A06 0x4900 len:14 [0m
[37m[25.559][linker]-[Debug]-[DjiProtocol_v1Pack:123) <0x16da>V1-Send: 0x0A06->0x0300 0x4900 [0m
[37m[25.576][linker]-[Debug]-[DjiProtocol_v1Unpack:215) <0x16fa>V1-Recv: 0x0306->0x0A06 0x03C1 [0m
[37m[25.577][linker]-[Debug]-[DjiCommand_RecvWork:1066)  <0x16fa>Receive msg from linker, 0x0306->0x0A06 0x03C1 len:13 [0m
[37m[25.598][linker]-[Debug]-[DjiProtocol_v1Unpack:215) <0x1728>V1-Recv: 0x0300->0x0A06 0x221B [0m
[37m[25.599][linker]-[Debug]-[DjiCommand_RecvWork:1066)  <0x1728>Receive msg from linker, 0x0300->0x0A06 0x221B len:9 [0m
[37m[25.599][linker]-[Debug]-[DjiCommand_DealCmd:919) received unsupport request cmd that noneed ack, <0x1728> cmdset: 0x22 cmdid: 0x1B [0m
[37m[25.600][utils]-[Debug]-[DjiCore_RootTask:131) work execution time: [0m
[37m[25.600][utils]-[Debug]-[DjiCore_RootTask:132) name	                execution time (ms)	  max execution time (ms) [0m
[37m[25.600][utils]-[Debug]-[DjiCore_RootTask:134) recorderWork                    	0       	1        [0m
[37m[25.600][utils]-[Debug]-[DjiCore_RootTask:134) flowControllerTask              	0       	1        [0m
[37m[25.600][utils]-[Debug]-[DjiCore_RootTask:134) commandTask                     	1       	1        [0m
[37m[25.600][utils]-[Debug]-[DjiCore_RootTask:134) aircraftWorkNode                	0       	1        [0m
[37m[25.600][utils]-[Debug]-[DjiCore_RootTask:134) StatePushWork                   	1       	1        [0m
[37m[25.640][linker]-[Debug]-[DjiProtocol_v1Unpack:215) <0x1765>V1-Recv: 0x0300->0x0A06 0x036C [0m
[37m[25.640][linker]-[Debug]-[DjiCommand_RecvWork:1066)  <0x1765>Receive msg from linker, 0x0300->0x0A06 0x036C len:71 [0m
[37m[25.640][linker]-[Debug]-[DjiCommand_DealCmd:919) received unsupport request cmd that noneed ack, <0x1765> cmdset: 0x03 cmdid: 0x6C [0m
[37m[25.662][linker]-[Debug]-[DjiProtocol_v1Unpack:215) <0x1791>V1-Recv: 0x0300->0x0A06 0x0F74 [0m
[37m[25.662][linker]-[Debug]-[DjiProtocol_v1Unpack:215) <0x1794>V1-Recv: 0x0300->0x0100 0x0406 [0m
[37m[25.662][linker]-[Debug]-[DjiProtocol_v1Unpack:215) <0x1795>V1-Recv: 0x0300->0x0100 0x0407 [0m
[37m[25.662][linker]-[Debug]-[DjiProtocol_v1Unpack:215) <0x1796>V1-Recv: 0x0300->0x0A06 0x4900 [0m
[37m[25.662][linker]-[Debug]-[DjiCommand_RecvWork:1066)  <0x1791>Receive msg from linker, 0x0300->0x0A06 0x0F74 len:28 [0m
[37m[25.662][linker]-[Debug]-[DjiCommand_DealCmd:919) received unsupport request cmd that noneed ack, <0x1791> cmdset: 0x0F cmdid: 0x74 [0m
[37m[25.663][linker]-[Debug]-[DjiCommand_RecvWork:1066)  <0x1794>Receive msg from linker, 0x0300->0x0100 0x0406 len:12 [0m
[37m[25.663][linker]-[Debug]-[DjiCommand_DealCmd:919) received unsupport request cmd that noneed ack, <0x1794> cmdset: 0x04 cmdid: 0x06 [0m
[37m[25.664][linker]-[Debug]-[DjiCommand_RecvWork:1066)  <0x1795>Receive msg from linker, 0x0300->0x0100 0x0407 len:1 [0m
[37m[25.664][linker]-[Debug]-[DjiCommand_DealCmd:919) received unsupport request cmd that noneed ack, <0x1795> cmdset: 0x04 cmdid: 0x07 [0m
[37m[25.665][linker]-[Debug]-[DjiCommand_RecvWork:1066)  <0x1796>Receive msg from linker, 0x0300->0x0A06 0x4900 len:14 [0m
[37m[25.665][linker]-[Debug]-[DjiProtocol_v1Pack:123) <0x1796>V1-Send: 0x0A06->0x0300 0x4900 [0m
[37m[25.677][linker]-[Debug]-[DjiProtocol_v1Unpack:215) <0x17b2>V1-Recv: 0x0306->0x0A06 0x03C1 [0m
[37m[25.677][linker]-[Debug]-[DjiCommand_RecvWork:1066)  <0x17b2>Receive msg from linker, 0x0306->0x0A06 0x03C1 len:13 [0m
[37m[25.695][linker]-[Debug]-[DjiProtocol_v1Pack:123) <0xde5a>V1-Send: 0x0A06->0x0200 0x3C10 [0m
[37m[25.695][linker]-[Debug]-[DjiProtocol_v1Pack:123) <0xde5b>V1-Send: 0x0A06->0x0A01 0x3C10 [0m
[37m[25.695][linker]-[Debug]-[DjiProtocol_v1Pack:123) <0xde5c>V1-Send: 0x0A06->0x0300 0x3C10 [0m
[37m[25.698][linker]-[Debug]-[DjiProtocol_v1Unpack:215) <0x17e1>V1-Recv: 0x0300->0x0A06 0x221B [0m
[37m[25.698][linker]-[Debug]-[DjiCommand_RecvWork:1066)  <0x17e1>Receive msg from linker, 0x0300->0x0A06 0x221B len:9 [0m
[37m[25.698][linker]-[Debug]-[DjiCommand_DealCmd:919) received unsupport request cmd that noneed ack, <0x17e1> cmdset: 0x22 cmdid: 0x1B [0m
[37m[25.719][linker]-[Debug]-[DjiProtocol_v1Unpack:215) <0x37c2>V1-Recv: 0x0A01->0x0A06 0x3C45 [0m
[37m[25.719][linker]-[Debug]-[DjiCommand_RecvWork:1066)  <0x37c2>Receive msg from linker, 0x0A01->0x0A06 0x3C45 len:0 [0m
[37m[25.719][upgrade]-[Debug]-[DjiUpgrade_GetUpgradeServiceInfo:239) Get upgrade service info [0m
[37m[25.719][linker]-[Debug]-[DjiProtocol_v1Pack:123) <0x37c2>V1-Send: 0x0A06->0x0A01 0x3C45 [0m
[37m[25.740][linker]-[Debug]-[DjiProtocol_v1Unpack:215) <0x1827>V1-Recv: 0x0300->0x0A06 0x036C [0m
[37m[25.741][linker]-[Debug]-[DjiCommand_RecvWork:1066)  <0x1827>Receive msg from linker, 0x0300->0x0A06 0x036C len:71 [0m
[37m[25.741][linker]-[Debug]-[DjiCommand_DealCmd:919) received unsupport request cmd that noneed ack, <0x1827> cmdset: 0x03 cmdid: 0x6C [0m
[37m[25.759][linker]-[Debug]-[DjiProtocol_v1Unpack:215) <0x1859>V1-Recv: 0x0300->0x0A06 0x4900 [0m
[37m[25.759][linker]-[Debug]-[DjiCommand_RecvWork:1066)  <0x1859>Receive msg from linker, 0x0300->0x0A06 0x4900 len:14 [0m
[37m[25.759][linker]-[Debug]-[DjiProtocol_v1Pack:123) <0x1859>V1-Send: 0x0A06->0x0300 0x4900 [0m
[37m[25.772][linker]-[Debug]-[DjiProtocol_v1Unpack:215) <0x0b>V1-Recv: 0x0800->0x0A06 0x0866 [0m
[37m[25.773][linker]-[Debug]-[DjiCommand_RecvWork:1066)  <0x0b>Receive msg from linker, 0x0800->0x0A06 0x0866 len:16 [0m
[37m[25.773][liveview]-[Debug]-[DjiLiveview_DecodeLiveviewStatusHandle:1169) Liveview uuid info total_num: 1, index: 0, version: 1, major_type: 0, minor_type: 39, idx: 0, pos: 7 [0m
[37m[25.773][liveview]-[Debug]-[DjiLiveview_DecodeLiveviewStatusHandle:1183) sdr num: 1 [0m
[37m[25.773][liveview]-[Debug]-[DjiLiveview_DecodeLiveviewStatusHandle:1207) consumeBytes: 14, availBytes: 14 [0m
[37m[25.777][linker]-[Debug]-[DjiProtocol_v1Unpack:215) <0x1878>V1-Recv: 0x0306->0x0A06 0x03C1 [0m
[37m[25.777][linker]-[Debug]-[DjiCommand_RecvWork:1066)  <0x1878>Receive msg from linker, 0x0306->0x0A06 0x03C1 len:13 [0m
[37m[25.798][linker]-[Debug]-[DjiProtocol_v1Unpack:215) <0x18a5>V1-Recv: 0x0300->0x0A06 0x221B [0m
[37m[25.799][linker]-[Debug]-[DjiCommand_RecvWork:1066)  <0x18a5>Receive msg from linker, 0x0300->0x0A06 0x221B len:9 [0m
[37m[25.799][linker]-[Debug]-[DjiCommand_DealCmd:919) received unsupport request cmd that noneed ack, <0x18a5> cmdset: 0x22 cmdid: 0x1B [0m
[37m[25.800][linker]-[Debug]-[DjiProtocol_v1Pack:123) <0xde29>V1-Send: 0x0A06->0x0800 0x0867 [0m
[37m[25.808][linker]-[Debug]-[DjiProtocol_v1Unpack:215) <0xb09c>V1-Recv: 0x0202->0x0A06 0x0026 [0m
[37m[25.808][linker]-[Debug]-[DjiCommand_RecvWork:1066)  <0xb09c>Receive msg from linker, 0x0202->0x0A06 0x0026 len:37 [0m
[37m[25.808][linker]-[Debug]-[DjiCommand_DealCmd:919) received unsupport request cmd that need ack, <0xb09c> cmdset: 0x00 cmdid: 0x26 [0m
[37m[25.845][linker]-[Debug]-[DjiProtocol_v1Unpack:215) <0x18e5>V1-Recv: 0x0306->0x0A06 0x03C1 [0m
[37m[25.845][linker]-[Debug]-[DjiProtocol_v1Unpack:215) <0x18e7>V1-Recv: 0x0300->0x0A06 0x036C [0m
[37m[25.845][linker]-[Debug]-[DjiCommand_RecvWork:1066)  <0x18e5>Receive msg from linker, 0x0306->0x0A06 0x03C1 len:126 [0m
[37m[25.847][linker]-[Debug]-[DjiCommand_RecvWork:1066)  <0x18e7>Receive msg from linker, 0x0300->0x0A06 0x036C len:71 [0m
[37m[25.847][linker]-[Debug]-[DjiCommand_DealCmd:919) received unsupport request cmd that noneed ack, <0x18e7> cmdset: 0x03 cmdid: 0x6C [0m
[37m[25.859][linker]-[Debug]-[DjiProtocol_v1Unpack:215) <0x1912>V1-Recv: 0x0300->0x0A06 0x4900 [0m
[37m[25.859][linker]-[Debug]-[DjiCommand_RecvWork:1066)  <0x1912>Receive msg from linker, 0x0300->0x0A06 0x4900 len:14 [0m
[37m[25.859][linker]-[Debug]-[DjiProtocol_v1Pack:123) <0x1912>V1-Send: 0x0A06->0x0300 0x4900 [0m
[37m[25.877][linker]-[Debug]-[DjiProtocol_v1Unpack:215) <0x1932>V1-Recv: 0x0306->0x0A06 0x03C1 [0m
[37m[25.877][linker]-[Debug]-[DjiCommand_RecvWork:1066)  <0x1932>Receive msg from linker, 0x0306->0x0A06 0x03C1 len:13 [0m
[32m[25.881][user]-[Info]-[UserFcSubscription_Task:453) Current speed: 0.000000.
 [0m
[32m[25.881][user]-[Info]-[UserFcSubscription_Task:639) Displaymode status: 6. [0m
[37m[25.898][linker]-[Debug]-[DjiProtocol_v1Unpack:215) <0x5a1>V1-Recv: 0x0701->0x0A06 0x0000 [0m
[37m[25.898][linker]-[Debug]-[DjiProtocol_v1Unpack:215) <0x195c>V1-Recv: 0x0300->0x0A06 0x221B [0m
[37m[25.899][linker]-[Debug]-[DjiCommand_RecvWork:1066)  <0x5a1>Receive msg from linker, 0x0701->0x0A06 0x0000 len:16 [0m
[37m[25.899][linker]-[Debug]-[DjiProtocol_v1Pack:123) <0x5a1>V1-Send: 0x0A06->0x0701 0x0000 [0m
[32m[25.900][user]-[Info]-[liveviewThreadFunc:177) Fpv stream is saved to file: fpv_stream_20250513_11-33-22.h264 [0m
[37m[25.900][linker]-[Debug]-[DjiCommand_RecvWork:1066)  <0x195c>Receive msg from linker, 0x0300->0x0A06 0x221B len:9 [0m
[37m[25.900][linker]-[Debug]-[DjiCommand_DealCmd:919) received unsupport request cmd that noneed ack, <0x195c> cmdset: 0x22 cmdid: 0x1B [0m
[37m[25.909][linker]-[Debug]-[DjiProtocol_v1Pack:123) <0xde5d>V1-Send: 0x0A06->0x0200 0x3C10 [0m
[37m[25.909][linker]-[Debug]-[DjiProtocol_v1Pack:123) <0xde5e>V1-Send: 0x0A06->0x0A01 0x3C10 [0m
[37m[25.909][linker]-[Debug]-[DjiProtocol_v1Pack:123) <0xde5f>V1-Send: 0x0A06->0x0300 0x3C10 [0m
[37m[25.941][linker]-[Debug]-[DjiProtocol_v1Unpack:215) <0x19a1>V1-Recv: 0x0300->0x0A06 0x036C [0m
[37m[25.941][linker]-[Debug]-[DjiProtocol_v1Unpack:215) <0x37c4>V1-Recv: 0x0A01->0x0A06 0x3C45 [0m
[37m[25.942][linker]-[Debug]-[DjiCommand_RecvWork:1066)  <0x19a1>Receive msg from linker, 0x0300->0x0A06 0x036C len:71 [0m
[37m[25.942][linker]-[Debug]-[DjiCommand_DealCmd:919) received unsupport request cmd that noneed ack, <0x19a1> cmdset: 0x03 cmdid: 0x6C [0m
[37m[25.943][linker]-[Debug]-[DjiCommand_RecvWork:1066)  <0x37c4>Receive msg from linker, 0x0A01->0x0A06 0x3C45 len:0 [0m
[37m[25.943][upgrade]-[Debug]-[DjiUpgrade_GetUpgradeServiceInfo:239) Get upgrade service info [0m
[37m[25.943][linker]-[Debug]-[DjiProtocol_v1Pack:123) <0x37c4>V1-Send: 0x0A06->0x0A01 0x3C45 [0m
[37m[25.959][linker]-[Debug]-[DjiProtocol_v1Unpack:215) <0x19cd>V1-Recv: 0x0300->0x0A06 0x4900 [0m
[37m[25.960][linker]-[Debug]-[DjiCommand_RecvWork:1066)  <0x19cd>Receive msg from linker, 0x0300->0x0A06 0x4900 len:14 [0m
[37m[25.960][linker]-[Debug]-[DjiProtocol_v1Pack:123) <0x19cd>V1-Send: 0x0A06->0x0300 0x4900 [0m
[37m[25.977][linker]-[Debug]-[DjiProtocol_v1Unpack:215) <0x19ea>V1-Recv: 0x0306->0x0A06 0x03C1 [0m
[37m[25.978][linker]-[Debug]-[DjiCommand_RecvWork:1066)  <0x19ea>Receive msg from linker, 0x0306->0x0A06 0x03C1 len:13 [0m
[37m[25.997][linker]-[Debug]-[DjiProtocol_v1Unpack:215) <0x1a1b>V1-Recv: 0x0300->0x0A06 0x221B [0m
[37m[25.997][linker]-[Debug]-[DjiCommand_RecvWork:1066)  <0x1a1b>Receive msg from linker, 0x0300->0x0A06 0x221B len:9 [0m
[37m[25.997][linker]-[Debug]-[DjiCommand_DealCmd:919) received unsupport request cmd that noneed ack, <0x1a1b> cmdset: 0x22 cmdid: 0x1B [0m
[37m[26.022][linker]-[Debug]-[DjiProtocol_v1Unpack:215) <0x0c>V1-Recv: 0x0800->0x0A06 0x0866 [0m
[37m[26.022][linker]-[Debug]-[DjiCommand_RecvWork:1066)  <0x0c>Receive msg from linker, 0x0800->0x0A06 0x0866 len:16 [0m
[37m[26.022][liveview]-[Debug]-[DjiLiveview_DecodeLiveviewStatusHandle:1169) Liveview uuid info total_num: 1, index: 0, version: 1, major_type: 0, minor_type: 39, idx: 0, pos: 7 [0m
[37m[26.022][liveview]-[Debug]-[DjiLiveview_DecodeLiveviewStatusHandle:1183) sdr num: 1 [0m
[37m[26.022][liveview]-[Debug]-[DjiLiveview_DecodeLiveviewStatusHandle:1207) consumeBytes: 14, availBytes: 14 [0m
[37m[26.040][linker]-[Debug]-[DjiProtocol_v1Unpack:215) <0x1a5c>V1-Recv: 0x0300->0x0A06 0x036C [0m
[37m[26.041][linker]-[Debug]-[DjiCommand_RecvWork:1066)  <0x1a5c>Receive msg from linker, 0x0300->0x0A06 0x036C len:71 [0m
[37m[26.041][linker]-[Debug]-[DjiCommand_DealCmd:919) received unsupport request cmd that noneed ack, <0x1a5c> cmdset: 0x03 cmdid: 0x6C [0m
[37m[26.058][linker]-[Debug]-[DjiProtocol_v1Unpack:215) <0x1a84>V1-Recv: 0x0300->0x0A06 0x4900 [0m
[37m[26.059][linker]-[Debug]-[DjiCommand_RecvWork:1066)  <0x1a84>Receive msg from linker, 0x0300->0x0A06 0x4900 len:14 [0m
[37m[26.059][linker]-[Debug]-[DjiProtocol_v1Pack:123) <0x1a84>V1-Send: 0x0A06->0x0300 0x4900 [0m
[37m[26.076][linker]-[Debug]-[DjiProtocol_v1Unpack:215) <0x1a9f>V1-Recv: 0x0306->0x0A06 0x03C1 [0m
[37m[26.076][linker]-[Debug]-[DjiCommand_RecvWork:1066)  <0x1a9f>Receive msg from linker, 0x0306->0x0A06 0x03C1 len:13 [0m
[37m[26.098][linker]-[Debug]-[DjiProtocol_v1Unpack:215) <0x1ac6>V1-Recv: 0x0300->0x0A06 0x221B [0m
[37m[26.098][linker]-[Debug]-[DjiCommand_RecvWork:1066)  <0x1ac6>Receive msg from linker, 0x0300->0x0A06 0x221B len:9 [0m
[37m[26.098][linker]-[Debug]-[DjiCommand_DealCmd:919) received unsupport request cmd that noneed ack, <0x1ac6> cmdset: 0x22 cmdid: 0x1B [0m
[37m[26.122][linker]-[Debug]-[DjiProtocol_v1Pack:123) <0xde60>V1-Send: 0x0A06->0x0200 0x3C10 [0m
[37m[26.122][linker]-[Debug]-[DjiProtocol_v1Pack:123) <0xde61>V1-Send: 0x0A06->0x0A01 0x3C10 [0m
[37m[26.122][linker]-[Debug]-[DjiProtocol_v1Pack:123) <0xde62>V1-Send: 0x0A06->0x0300 0x3C10 [0m
[37m[26.140][linker]-[Debug]-[DjiProtocol_v1Unpack:215) <0x1b0b>V1-Recv: 0x0300->0x0A06 0x036C [0m
[37m[26.140][linker]-[Debug]-[DjiProtocol_v1Unpack:215) <0x37c5>V1-Recv: 0x0A01->0x0A06 0x3C45 [0m
[37m[26.141][linker]-[Debug]-[DjiCommand_RecvWork:1066)  <0x1b0b>Receive msg from linker, 0x0300->0x0A06 0x036C len:71 [0m
[37m[26.141][linker]-[Debug]-[DjiCommand_DealCmd:919) received unsupport request cmd that noneed ack, <0x1b0b> cmdset: 0x03 cmdid: 0x6C [0m
[37m[26.142][linker]-[Debug]-[DjiCommand_RecvWork:1066)  <0x37c5>Receive msg from linker, 0x0A01->0x0A06 0x3C45 len:0 [0m
[37m[26.142][upgrade]-[Debug]-[DjiUpgrade_GetUpgradeServiceInfo:239) Get upgrade service info [0m
[37m[26.142][linker]-[Debug]-[DjiProtocol_v1Pack:123) <0x37c5>V1-Send: 0x0A06->0x0A01 0x3C45 [0m
[37m[26.161][linker]-[Debug]-[DjiProtocol_v1Unpack:215) <0x1b34>V1-Recv: 0x0300->0x0100 0x0405 [0m
[37m[26.161][linker]-[Debug]-[DjiProtocol_v1Unpack:215) <0x1b35>V1-Recv: 0x0300->0x0A06 0x4900 [0m
[37m[26.161][linker]-[Debug]-[DjiCommand_RecvWork:1066)  <0x1b34>Receive msg from linker, 0x0300->0x0100 0x0405 len:22 [0m
[37m[26.161][linker]-[Debug]-[DjiCommand_DealCmd:919) received unsupport request cmd that noneed ack, <0x1b34> cmdset: 0x04 cmdid: 0x05 [0m
[37m[26.162][linker]-[Debug]-[DjiCommand_RecvWork:1066)  <0x1b35>Receive msg from linker, 0x0300->0x0A06 0x4900 len:14 [0m
[37m[26.162][linker]-[Debug]-[DjiProtocol_v1Pack:123) <0x1b35>V1-Send: 0x0A06->0x0300 0x4900 [0m
[37m[26.177][linker]-[Debug]-[DjiProtocol_v1Unpack:215) <0x1b53>V1-Recv: 0x0306->0x0A06 0x03C1 [0m
[37m[26.177][linker]-[Debug]-[DjiCommand_RecvWork:1066)  <0x1b53>Receive msg from linker, 0x0306->0x0A06 0x03C1 len:13 [0m
[37m[26.198][linker]-[Debug]-[DjiProtocol_v1Unpack:215) <0x1b81>V1-Recv: 0x0300->0x0A06 0x221B [0m
[37m[26.198][linker]-[Debug]-[DjiCommand_RecvWork:1066)  <0x1b81>Receive msg from linker, 0x0300->0x0A06 0x221B len:9 [0m
[37m[26.198][linker]-[Debug]-[DjiCommand_DealCmd:919) received unsupport request cmd that noneed ack, <0x1b81> cmdset: 0x22 cmdid: 0x1B [0m
[37m[26.240][linker]-[Debug]-[DjiProtocol_v1Unpack:215) <0x1bc6>V1-Recv: 0x0300->0x0A06 0x036C [0m
[37m[26.241][linker]-[Debug]-[DjiCommand_RecvWork:1066)  <0x1bc6>Receive msg from linker, 0x0300->0x0A06 0x036C len:71 [0m
[37m[26.241][linker]-[Debug]-[DjiCommand_DealCmd:919) received unsupport request cmd that noneed ack, <0x1bc6> cmdset: 0x03 cmdid: 0x6C [0m
[37m[26.258][linker]-[Debug]-[DjiProtocol_v1Unpack:215) <0x1bf4>V1-Recv: 0x0300->0x0A06 0x4900 [0m
[37m[26.259][linker]-[Debug]-[DjiCommand_RecvWork:1066)  <0x1bf4>Receive msg from linker, 0x0300->0x0A06 0x4900 len:14 [0m
[37m[26.259][linker]-[Debug]-[DjiProtocol_v1Pack:123) <0x1bf4>V1-Send: 0x0A06->0x0300 0x4900 [0m
[37m[26.272][linker]-[Debug]-[DjiProtocol_v1Unpack:215) <0x0d>V1-Recv: 0x0800->0x0A06 0x0866 [0m
[37m[26.273][linker]-[Debug]-[DjiCommand_RecvWork:1066)  <0x0d>Receive msg from linker, 0x0800->0x0A06 0x0866 len:16 [0m
[37m[26.273][liveview]-[Debug]-[DjiLiveview_DecodeLiveviewStatusHandle:1169) Liveview uuid info total_num: 1, index: 0, version: 1, major_type: 0, minor_type: 39, idx: 0, pos: 7 [0m
[37m[26.273][liveview]-[Debug]-[DjiLiveview_DecodeLiveviewStatusHandle:1183) sdr num: 1 [0m
[37m[26.273][liveview]-[Debug]-[DjiLiveview_DecodeLiveviewStatusHandle:1207) consumeBytes: 14, availBytes: 14 [0m
[37m[26.277][linker]-[Debug]-[DjiProtocol_v1Unpack:215) <0x1c13>V1-Recv: 0x0306->0x0A06 0x03C1 [0m
[37m[26.277][linker]-[Debug]-[DjiCommand_RecvWork:1066)  <0x1c13>Receive msg from linker, 0x0306->0x0A06 0x03C1 len:13 [0m
[37m[26.298][linker]-[Debug]-[DjiProtocol_v1Unpack:215) <0x1c46>V1-Recv: 0x0300->0x0A06 0x221B [0m
[37m[26.298][linker]-[Debug]-[DjiCommand_RecvWork:1066)  <0x1c46>Receive msg from linker, 0x0300->0x0A06 0x221B len:9 [0m
[37m[26.298][linker]-[Debug]-[DjiCommand_DealCmd:919) received unsupport request cmd that noneed ack, <0x1c46> cmdset: 0x22 cmdid: 0x1B [0m
[37m[26.336][linker]-[Debug]-[DjiProtocol_v1Pack:123) <0xde63>V1-Send: 0x0A06->0x0200 0x3C10 [0m
[37m[26.336][linker]-[Debug]-[DjiProtocol_v1Pack:123) <0xde64>V1-Send: 0x0A06->0x0A01 0x3C10 [0m
[37m[26.336][linker]-[Debug]-[DjiProtocol_v1Pack:123) <0xde65>V1-Send: 0x0A06->0x0300 0x3C10 [0m
[37m[26.340][linker]-[Debug]-[DjiProtocol_v1Unpack:215) <0x1c8f>V1-Recv: 0x0300->0x0A06 0x036C [0m
[37m[26.340][linker]-[Debug]-[DjiCommand_RecvWork:1066)  <0x1c8f>Receive msg from linker, 0x0300->0x0A06 0x036C len:71 [0m
[37m[26.340][linker]-[Debug]-[DjiCommand_DealCmd:919) received unsupport request cmd that noneed ack, <0x1c8f> cmdset: 0x03 cmdid: 0x6C [0m
[37m[26.359][linker]-[Debug]-[DjiProtocol_v1Unpack:215) <0x1cb9>V1-Recv: 0x0300->0x0A06 0x4900 [0m
[37m[26.359][linker]-[Debug]-[DjiProtocol_v1Unpack:215) <0x37c8>V1-Recv: 0x0A01->0x0A06 0x3C45 [0m
[37m[26.359][linker]-[Debug]-[DjiCommand_RecvWork:1066)  <0x1cb9>Receive msg from linker, 0x0300->0x0A06 0x4900 len:14 [0m
[37m[26.359][linker]-[Debug]-[DjiProtocol_v1Pack:123) <0x1cb9>V1-Send: 0x0A06->0x0300 0x4900 [0m
[37m[26.360][linker]-[Debug]-[DjiCommand_RecvWork:1066)  <0x37c8>Receive msg from linker, 0x0A01->0x0A06 0x3C45 len:0 [0m
[37m[26.360][upgrade]-[Debug]-[DjiUpgrade_GetUpgradeServiceInfo:239) Get upgrade service info [0m
[37m[26.360][linker]-[Debug]-[DjiProtocol_v1Pack:123) <0x37c8>V1-Send: 0x0A06->0x0A01 0x3C45 [0m
[37m[26.377][linker]-[Debug]-[DjiProtocol_v1Unpack:215) <0x1cd6>V1-Recv: 0x0306->0x0A06 0x03C1 [0m
[37m[26.377][linker]-[Debug]-[DjiCommand_RecvWork:1066)  <0x1cd6>Receive msg from linker, 0x0306->0x0A06 0x03C1 len:13 [0m
[37m[26.397][linker]-[Debug]-[DjiProtocol_v1Unpack:215) <0x1d00>V1-Recv: 0x0300->0x0A06 0x221B [0m
[37m[26.398][linker]-[Debug]-[DjiCommand_RecvWork:1066)  <0x1d00>Receive msg from linker, 0x0300->0x0A06 0x221B len:9 [0m
[37m[26.398][linker]-[Debug]-[DjiCommand_DealCmd:919) received unsupport request cmd that noneed ack, <0x1d00> cmdset: 0x22 cmdid: 0x1B [0m
[37m[26.440][linker]-[Debug]-[DjiProtocol_v1Unpack:215) <0x1d42>V1-Recv: 0x0300->0x0A06 0x036C [0m
[37m[26.440][linker]-[Debug]-[DjiCommand_RecvWork:1066)  <0x1d42>Receive msg from linker, 0x0300->0x0A06 0x036C len:71 [0m
[37m[26.440][linker]-[Debug]-[DjiCommand_DealCmd:919) received unsupport request cmd that noneed ack, <0x1d42> cmdset: 0x03 cmdid: 0x6C [0m
[37m[26.449][linker]-[Debug]-[DjiProtocol_v1Unpack:215) <0x174f>V1-Recv: 0x1D07->0x0A06 0x2105 [0m
[37m[26.449][linker]-[Debug]-[DjiCommand_RecvWork:1066)  <0x174f>Receive msg from linker, 0x1D07->0x0A06 0x2105 len:1 [0m
[37m[26.449][linker]-[Debug]-[DjiCommand_DealCmd:919) received unsupport request cmd that need ack, <0x174f> cmdset: 0x21 cmdid: 0x05 [0m
[37m[26.458][linker]-[Debug]-[DjiProtocol_v1Unpack:215) <0x1d6c>V1-Recv: 0x0300->0x0A06 0x4900 [0m
[37m[26.459][linker]-[Debug]-[DjiCommand_RecvWork:1066)  <0x1d6c>Receive msg from linker, 0x0300->0x0A06 0x4900 len:14 [0m
[37m[26.459][linker]-[Debug]-[DjiProtocol_v1Pack:123) <0x1d6c>V1-Send: 0x0A06->0x0300 0x4900 [0m
[37m[26.476][linker]-[Debug]-[DjiProtocol_v1Unpack:215) <0x1d8a>V1-Recv: 0x0306->0x0A06 0x03C1 [0m
[37m[26.477][linker]-[Debug]-[DjiCommand_RecvWork:1066)  <0x1d8a>Receive msg from linker, 0x0306->0x0A06 0x03C1 len:13 [0m
[37m[26.498][linker]-[Debug]-[DjiProtocol_v1Unpack:215) <0x1db9>V1-Recv: 0x0300->0x0A06 0x221B [0m
[37m[26.499][linker]-[Debug]-[DjiCommand_RecvWork:1066)  <0x1db9>Receive msg from linker, 0x0300->0x0A06 0x221B len:9 [0m
[37m[26.499][linker]-[Debug]-[DjiCommand_DealCmd:919) received unsupport request cmd that noneed ack, <0x1db9> cmdset: 0x22 cmdid: 0x1B [0m
[37m[26.522][linker]-[Debug]-[DjiProtocol_v1Unpack:215) <0x0e>V1-Recv: 0x0800->0x0A06 0x0866 [0m
[37m[26.523][linker]-[Debug]-[DjiCommand_RecvWork:1066)  <0x0e>Receive msg from linker, 0x0800->0x0A06 0x0866 len:16 [0m
[37m[26.524][liveview]-[Debug]-[DjiLiveview_DecodeLiveviewStatusHandle:1169) Liveview uuid info total_num: 1, index: 0, version: 1, major_type: 0, minor_type: 39, idx: 0, pos: 7 [0m
[37m[26.524][liveview]-[Debug]-[DjiLiveview_DecodeLiveviewStatusHandle:1183) sdr num: 1 [0m
[37m[26.524][liveview]-[Debug]-[DjiLiveview_DecodeLiveviewStatusHandle:1207) consumeBytes: 14, availBytes: 14 [0m
[37m[26.541][linker]-[Debug]-[DjiProtocol_v1Unpack:215) <0x1dfe>V1-Recv: 0x0300->0x0A06 0x036C [0m
[37m[26.542][linker]-[Debug]-[DjiCommand_RecvWork:1066)  <0x1dfe>Receive msg from linker, 0x0300->0x0A06 0x036C len:71 [0m
[37m[26.542][linker]-[Debug]-[DjiCommand_DealCmd:919) received unsupport request cmd that noneed ack, <0x1dfe> cmdset: 0x03 cmdid: 0x6C [0m
[37m[26.549][linker]-[Debug]-[DjiProtocol_v1Pack:123) <0xde66>V1-Send: 0x0A06->0x0300 0x0000 [0m
[37m[26.549][infor]-[Debug]-[DjiAircraftConnection_CheckExtensionPortConnectStatusByV1Protocol:170) check connect status:1 [0m
[37m[26.550][linker]-[Debug]-[DjiProtocol_v1Pack:123) <0xde67>V1-Send: 0x0A06->0x0200 0x3C10 [0m
[37m[26.550][linker]-[Debug]-[DjiProtocol_v1Pack:123) <0xde68>V1-Send: 0x0A06->0x0A01 0x3C10 [0m
[37m[26.550][linker]-[Debug]-[DjiProtocol_v1Pack:123) <0xde69>V1-Send: 0x0A06->0x0300 0x3C10 [0m
[37m[26.558][linker]-[Debug]-[DjiProtocol_v1Unpack:215) <0xde66>V1-Recv: 0x0300->0x0A06 0x0000 [0m
[37m[26.558][linker]-[Debug]-[DjiCommand_RecvWork:1066)  <0xde66>Receive msg from linker, 0x0300->0x0A06 0x0000 len:0 [0m
[37m[26.558][infor]-[Debug]-[DjiAircraftInfo_CheckPingStatusAsyncCallback:269) connect status async sucess [0m
[37m[26.558][linker]-[Debug]-[DjiCommand_DealCmd:830) callback function (cmdset: 0x00 cmdid: 0x00) deal time: 0 ms [0m
[37m[26.559][linker]-[Debug]-[DjiProtocol_v1Unpack:215) <0x1e26>V1-Recv: 0x0300->0x0A06 0x4900 [0m
[37m[26.559][linker]-[Debug]-[DjiCommand_RecvWork:1066)  <0x1e26>Receive msg from linker, 0x0300->0x0A06 0x4900 len:14 [0m
[37m[26.559][linker]-[Debug]-[DjiProtocol_v1Pack:123) <0x1e26>V1-Send: 0x0A06->0x0300 0x4900 [0m
[37m[26.577][linker]-[Debug]-[DjiProtocol_v1Unpack:215) <0x1e46>V1-Recv: 0x0306->0x0A06 0x03C1 [0m
[37m[26.577][linker]-[Debug]-[DjiCommand_RecvWork:1066)  <0x1e46>Receive msg from linker, 0x0306->0x0A06 0x03C1 len:13 [0m
[37m[26.579][linker]-[Debug]-[DjiProtocol_v1Unpack:215) <0x37c9>V1-Recv: 0x0A01->0x0A06 0x3C45 [0m
[37m[26.579][linker]-[Debug]-[DjiCommand_RecvWork:1066)  <0x37c9>Receive msg from linker, 0x0A01->0x0A06 0x3C45 len:0 [0m
[37m[26.579][upgrade]-[Debug]-[DjiUpgrade_GetUpgradeServiceInfo:239) Get upgrade service info [0m
[37m[26.579][linker]-[Debug]-[DjiProtocol_v1Pack:123) <0x37c9>V1-Send: 0x0A06->0x0A01 0x3C45 [0m
[37m[26.597][linker]-[Debug]-[DjiProtocol_v1Unpack:215) <0x1e72>V1-Recv: 0x0300->0x0A06 0x221B [0m
[37m[26.597][linker]-[Debug]-[DjiCommand_RecvWork:1066)  <0x1e72>Receive msg from linker, 0x0300->0x0A06 0x221B len:9 [0m
[37m[26.597][linker]-[Debug]-[DjiCommand_DealCmd:919) received unsupport request cmd that noneed ack, <0x1e72> cmdset: 0x22 cmdid: 0x1B [0m
[37m[26.640][linker]-[Debug]-[DjiProtocol_v1Unpack:215) <0x1eaf>V1-Recv: 0x0300->0x0A06 0x036C [0m
[37m[26.641][linker]-[Debug]-[DjiCommand_RecvWork:1066)  <0x1eaf>Receive msg from linker, 0x0300->0x0A06 0x036C len:71 [0m
[37m[26.641][linker]-[Debug]-[DjiCommand_DealCmd:919) received unsupport request cmd that noneed ack, <0x1eaf> cmdset: 0x03 cmdid: 0x6C [0m
[37m[26.661][linker]-[Debug]-[DjiProtocol_v1Unpack:215) <0x1ed9>V1-Recv: 0x0300->0x0A06 0x0F74 [0m
[37m[26.661][linker]-[Debug]-[DjiProtocol_v1Unpack:215) <0x1edc>V1-Recv: 0x0300->0x0100 0x0406 [0m
[37m[26.661][linker]-[Debug]-[DjiProtocol_v1Unpack:215) <0x1edd>V1-Recv: 0x0300->0x0100 0x0407 [0m
[37m[26.661][linker]-[Debug]-[DjiProtocol_v1Unpack:215) <0x1ede>V1-Recv: 0x0300->0x0A06 0x4900 [0m
[37m[26.661][linker]-[Debug]-[DjiCommand_RecvWork:1066)  <0x1ed9>Receive msg from linker, 0x0300->0x0A06 0x0F74 len:28 [0m
[37m[26.661][linker]-[Debug]-[DjiCommand_DealCmd:919) received unsupport request cmd that noneed ack, <0x1ed9> cmdset: 0x0F cmdid: 0x74 [0m
[37m[26.662][linker]-[Debug]-[DjiCommand_RecvWork:1066)  <0x1edc>Receive msg from linker, 0x0300->0x0100 0x0406 len:12 [0m
[37m[26.662][linker]-[Debug]-[DjiCommand_DealCmd:919) received unsupport request cmd that noneed ack, <0x1edc> cmdset: 0x04 cmdid: 0x06 [0m
[37m[26.663][linker]-[Debug]-[DjiCommand_RecvWork:1066)  <0x1edd>Receive msg from linker, 0x0300->0x0100 0x0407 len:1 [0m
[37m[26.663][linker]-[Debug]-[DjiCommand_DealCmd:919) received unsupport request cmd that noneed ack, <0x1edd> cmdset: 0x04 cmdid: 0x07 [0m
[37m[26.664][linker]-[Debug]-[DjiCommand_RecvWork:1066)  <0x1ede>Receive msg from linker, 0x0300->0x0A06 0x4900 len:14 [0m
[37m[26.664][linker]-[Debug]-[DjiProtocol_v1Pack:123) <0x1ede>V1-Send: 0x0A06->0x0300 0x4900 [0m
[37m[26.669][utils]-[Debug]-[DjiCore_RootTask:131) work execution time: [0m
[37m[26.669][utils]-[Debug]-[DjiCore_RootTask:132) name	                execution time (ms)	  max execution time (ms) [0m
[37m[26.669][utils]-[Debug]-[DjiCore_RootTask:134) recorderWork                    	1       	1        [0m
[37m[26.669][utils]-[Debug]-[DjiCore_RootTask:134) flowControllerTask              	0       	1        [0m
[37m[26.669][utils]-[Debug]-[DjiCore_RootTask:134) commandTask                     	1       	1        [0m
[37m[26.669][utils]-[Debug]-[DjiCore_RootTask:134) aircraftWorkNode                	0       	1        [0m
[37m[26.669][utils]-[Debug]-[DjiCore_RootTask:134) StatePushWork                   	0       	1        [0m
[37m[26.677][linker]-[Debug]-[DjiProtocol_v1Unpack:215) <0x1efa>V1-Recv: 0x0306->0x0A06 0x03C1 [0m
[37m[26.678][linker]-[Debug]-[DjiCommand_RecvWork:1066)  <0x1efa>Receive msg from linker, 0x0306->0x0A06 0x03C1 len:13 [0m
[37m[26.698][linker]-[Debug]-[DjiProtocol_v1Unpack:215) <0x1f23>V1-Recv: 0x0300->0x0A06 0x221B [0m
[37m[26.699][linker]-[Debug]-[DjiCommand_RecvWork:1066)  <0x1f23>Receive msg from linker, 0x0300->0x0A06 0x221B len:9 [0m
[37m[26.699][linker]-[Debug]-[DjiCommand_DealCmd:919) received unsupport request cmd that noneed ack, <0x1f23> cmdset: 0x22 cmdid: 0x1B [0m
[37m[26.740][linker]-[Debug]-[DjiProtocol_v1Unpack:215) <0x1f72>V1-Recv: 0x0300->0x0A06 0x036C [0m
[37m[26.740][linker]-[Debug]-[DjiCommand_RecvWork:1066)  <0x1f72>Receive msg from linker, 0x0300->0x0A06 0x036C len:71 [0m
[37m[26.740][linker]-[Debug]-[DjiCommand_DealCmd:919) received unsupport request cmd that noneed ack, <0x1f72> cmdset: 0x03 cmdid: 0x6C [0m
[37m[26.758][linker]-[Debug]-[DjiProtocol_v1Unpack:215) <0x1fa7>V1-Recv: 0x0300->0x0A06 0x4900 [0m
[37m[26.758][linker]-[Debug]-[DjiCommand_RecvWork:1066)  <0x1fa7>Receive msg from linker, 0x0300->0x0A06 0x4900 len:14 [0m
[37m[26.759][linker]-[Debug]-[DjiProtocol_v1Pack:123) <0x1fa7>V1-Send: 0x0A06->0x0300 0x4900 [0m
[37m[26.764][linker]-[Debug]-[DjiProtocol_v1Pack:123) <0xde6a>V1-Send: 0x0A06->0x0200 0x3C10 [0m
[37m[26.764][linker]-[Debug]-[DjiProtocol_v1Pack:123) <0xde6b>V1-Send: 0x0A06->0x0A01 0x3C10 [0m
[37m[26.764][linker]-[Debug]-[DjiProtocol_v1Pack:123) <0xde6c>V1-Send: 0x0A06->0x0300 0x3C10 [0m
[37m[26.772][linker]-[Debug]-[DjiProtocol_v1Unpack:215) <0x0f>V1-Recv: 0x0800->0x0A06 0x0866 [0m
[37m[26.773][linker]-[Debug]-[DjiCommand_RecvWork:1066)  <0x0f>Receive msg from linker, 0x0800->0x0A06 0x0866 len:16 [0m
[37m[26.773][liveview]-[Debug]-[DjiLiveview_DecodeLiveviewStatusHandle:1169) Liveview uuid info total_num: 1, index: 0, version: 1, major_type: 0, minor_type: 39, idx: 0, pos: 7 [0m
[37m[26.773][liveview]-[Debug]-[DjiLiveview_DecodeLiveviewStatusHandle:1183) sdr num: 1 [0m
[37m[26.773][liveview]-[Debug]-[DjiLiveview_DecodeLiveviewStatusHandle:1207) consumeBytes: 14, availBytes: 14 [0m
[37m[26.776][linker]-[Debug]-[DjiProtocol_v1Unpack:215) <0x1fc7>V1-Recv: 0x0306->0x0A06 0x03C1 [0m
[37m[26.777][linker]-[Debug]-[DjiCommand_RecvWork:1066)  <0x1fc7>Receive msg from linker, 0x0306->0x0A06 0x03C1 len:13 [0m
[37m[26.779][linker]-[Debug]-[DjiProtocol_v1Unpack:215) <0x37ca>V1-Recv: 0x0A01->0x0A06 0x3C45 [0m
[37m[26.779][linker]-[Debug]-[DjiCommand_RecvWork:1066)  <0x37ca>Receive msg from linker, 0x0A01->0x0A06 0x3C45 len:0 [0m
[37m[26.779][upgrade]-[Debug]-[DjiUpgrade_GetUpgradeServiceInfo:239) Get upgrade service info [0m
[37m[26.779][linker]-[Debug]-[DjiProtocol_v1Pack:123) <0x37ca>V1-Send: 0x0A06->0x0A01 0x3C45 [0m
[37m[26.798][linker]-[Debug]-[DjiProtocol_v1Unpack:215) <0x1ff4>V1-Recv: 0x0300->0x0A06 0x221B [0m
[37m[26.798][linker]-[Debug]-[DjiCommand_RecvWork:1066)  <0x1ff4>Receive msg from linker, 0x0300->0x0A06 0x221B len:9 [0m
[37m[26.798][linker]-[Debug]-[DjiCommand_DealCmd:919) received unsupport request cmd that noneed ack, <0x1ff4> cmdset: 0x22 cmdid: 0x1B [0m
[37m[26.800][linker]-[Debug]-[DjiProtocol_v1Pack:123) <0xde29>V1-Send: 0x0A06->0x0800 0x0867 [0m
[37m[26.846][linker]-[Debug]-[DjiProtocol_v1Unpack:215) <0x2030>V1-Recv: 0x0306->0x0A06 0x03C1 [0m
[37m[26.846][linker]-[Debug]-[DjiProtocol_v1Unpack:215) <0x2032>V1-Recv: 0x0300->0x0A06 0x036C [0m
[37m[26.846][linker]-[Debug]-[DjiCommand_RecvWork:1066)  <0x2030>Receive msg from linker, 0x0306->0x0A06 0x03C1 len:126 [0m
[37m[26.847][linker]-[Debug]-[DjiCommand_RecvWork:1066)  <0x2032>Receive msg from linker, 0x0300->0x0A06 0x036C len:71 [0m
[37m[26.847][linker]-[Debug]-[DjiCommand_DealCmd:919) received unsupport request cmd that noneed ack, <0x2032> cmdset: 0x03 cmdid: 0x6C [0m
[37m[26.859][linker]-[Debug]-[DjiProtocol_v1Unpack:215) <0x205e>V1-Recv: 0x0300->0x0A06 0x4900 [0m
[37m[26.859][linker]-[Debug]-[DjiCommand_RecvWork:1066)  <0x205e>Receive msg from linker, 0x0300->0x0A06 0x4900 len:14 [0m
[37m[26.859][linker]-[Debug]-[DjiProtocol_v1Pack:123) <0x205e>V1-Send: 0x0A06->0x0300 0x4900 [0m
[37m[26.877][linker]-[Debug]-[DjiProtocol_v1Unpack:215) <0x207b>V1-Recv: 0x0306->0x0A06 0x03C1 [0m
[37m[26.877][linker]-[Debug]-[DjiCommand_RecvWork:1066)  <0x207b>Receive msg from linker, 0x0306->0x0A06 0x03C1 len:13 [0m
[32m[26.881][user]-[Info]-[UserFcSubscription_Task:453) Current speed: 0.000000.
 [0m
[32m[26.881][user]-[Info]-[UserFcSubscription_Task:639) Displaymode status: 6. [0m
[37m[26.898][linker]-[Debug]-[DjiProtocol_v1Unpack:215) <0x5a2>V1-Recv: 0x0701->0x0A06 0x0000 [0m
[37m[26.898][linker]-[Debug]-[DjiProtocol_v1Unpack:215) <0x20a4>V1-Recv: 0x0300->0x0A06 0x221B [0m
[37m[26.898][linker]-[Debug]-[DjiCommand_RecvWork:1066)  <0x5a2>Receive msg from linker, 0x0701->0x0A06 0x0000 len:16 [0m
[37m[26.898][linker]-[Debug]-[DjiProtocol_v1Pack:123) <0x5a2>V1-Send: 0x0A06->0x0701 0x0000 [0m
[37m[26.899][linker]-[Debug]-[DjiCommand_RecvWork:1066)  <0x20a4>Receive msg from linker, 0x0300->0x0A06 0x221B len:9 [0m
[37m[26.899][linker]-[Debug]-[DjiCommand_DealCmd:919) received unsupport request cmd that noneed ack, <0x20a4> cmdset: 0x22 cmdid: 0x1B [0m
[37m[26.941][linker]-[Debug]-[DjiProtocol_v1Unpack:215) <0x20e9>V1-Recv: 0x0300->0x0A06 0x036C [0m
[37m[26.942][linker]-[Debug]-[DjiCommand_RecvWork:1066)  <0x20e9>Receive msg from linker, 0x0300->0x0A06 0x036C len:71 [0m
[37m[26.942][linker]-[Debug]-[DjiCommand_DealCmd:919) received unsupport request cmd that noneed ack, <0x20e9> cmdset: 0x03 cmdid: 0x6C [0m
[37m[26.959][linker]-[Debug]-[DjiProtocol_v1Unpack:215) <0x2116>V1-Recv: 0x0300->0x0A06 0x4900 [0m
[37m[26.960][linker]-[Debug]-[DjiCommand_RecvWork:1066)  <0x2116>Receive msg from linker, 0x0300->0x0A06 0x4900 len:14 [0m
[37m[26.960][linker]-[Debug]-[DjiProtocol_v1Pack:123) <0x2116>V1-Send: 0x0A06->0x0300 0x4900 [0m
[37m[26.977][linker]-[Debug]-[DjiProtocol_v1Unpack:215) <0x2133>V1-Recv: 0x0306->0x0A06 0x03C1 [0m
[37m[26.978][linker]-[Debug]-[DjiCommand_RecvWork:1066)  <0x2133>Receive msg from linker, 0x0306->0x0A06 0x03C1 len:13 [0m
[37m[26.978][linker]-[Debug]-[DjiProtocol_v1Pack:123) <0xde6d>V1-Send: 0x0A06->0x0200 0x3C10 [0m
[37m[26.978][linker]-[Debug]-[DjiProtocol_v1Pack:123) <0xde6e>V1-Send: 0x0A06->0x0A01 0x3C10 [0m
[37m[26.978][linker]-[Debug]-[DjiProtocol_v1Pack:123) <0xde6f>V1-Send: 0x0A06->0x0300 0x3C10 [0m
[37m[26.997][linker]-[Debug]-[DjiProtocol_v1Unpack:215) <0x215e>V1-Recv: 0x0300->0x0A06 0x221B [0m
[37m[26.997][linker]-[Debug]-[DjiCommand_RecvWork:1066)  <0x215e>Receive msg from linker, 0x0300->0x0A06 0x221B len:9 [0m
[37m[26.997][linker]-[Debug]-[DjiCommand_DealCmd:919) received unsupport request cmd that noneed ack, <0x215e> cmdset: 0x22 cmdid: 0x1B [0m
[37m[26.999][linker]-[Debug]-[DjiProtocol_v1Unpack:215) <0x37cb>V1-Recv: 0x0A01->0x0A06 0x3C45 [0m
[37m[27.000][linker]-[Debug]-[DjiCommand_RecvWork:1066)  <0x37cb>Receive msg from linker, 0x0A01->0x0A06 0x3C45 len:0 [0m
[37m[27.000][upgrade]-[Debug]-[DjiUpgrade_GetUpgradeServiceInfo:239) Get upgrade service info [0m
[37m[27.000][linker]-[Debug]-[DjiProtocol_v1Pack:123) <0x37cb>V1-Send: 0x0A06->0x0A01 0x3C45 [0m
[37m[27.022][linker]-[Debug]-[DjiProtocol_v1Unpack:215) <0x10>V1-Recv: 0x0800->0x0A06 0x0866 [0m
[37m[27.022][linker]-[Debug]-[DjiCommand_RecvWork:1066)  <0x10>Receive msg from linker, 0x0800->0x0A06 0x0866 len:16 [0m
[37m[27.022][liveview]-[Debug]-[DjiLiveview_DecodeLiveviewStatusHandle:1169) Liveview uuid info total_num: 1, index: 0, version: 1, major_type: 0, minor_type: 39, idx: 0, pos: 7 [0m
[37m[27.022][liveview]-[Debug]-[DjiLiveview_DecodeLiveviewStatusHandle:1183) sdr num: 1 [0m
[37m[27.022][liveview]-[Debug]-[DjiLiveview_DecodeLiveviewStatusHandle:1207) consumeBytes: 14, availBytes: 14 [0m
[37m[27.040][linker]-[Debug]-[DjiProtocol_v1Unpack:215) <0x219d>V1-Recv: 0x0300->0x0A06 0x036C [0m
[37m[27.040][linker]-[Debug]-[DjiCommand_RecvWork:1066)  <0x219d>Receive msg from linker, 0x0300->0x0A06 0x036C len:71 [0m
[37m[27.040][linker]-[Debug]-[DjiCommand_DealCmd:919) received unsupport request cmd that noneed ack, <0x219d> cmdset: 0x03 cmdid: 0x6C [0m
[37m[27.059][linker]-[Debug]-[DjiProtocol_v1Unpack:215) <0x21c4>V1-Recv: 0x0300->0x0A06 0x4900 [0m
[37m[27.059][linker]-[Debug]-[DjiCommand_RecvWork:1066)  <0x21c4>Receive msg from linker, 0x0300->0x0A06 0x4900 len:14 [0m
[37m[27.059][linker]-[Debug]-[DjiProtocol_v1Pack:123) <0x21c4>V1-Send: 0x0A06->0x0300 0x4900 [0m
[37m[27.077][linker]-[Debug]-[DjiProtocol_v1Unpack:215) <0x21df>V1-Recv: 0x0306->0x0A06 0x03C1 [0m
[37m[27.078][linker]-[Debug]-[DjiCommand_RecvWork:1066)  <0x21df>Receive msg from linker, 0x0306->0x0A06 0x03C1 len:13 [0m
[37m[27.098][linker]-[Debug]-[DjiProtocol_v1Unpack:215) <0x2209>V1-Recv: 0x0300->0x0A06 0x221B [0m
[37m[27.099][linker]-[Debug]-[DjiCommand_RecvWork:1066)  <0x2209>Receive msg from linker, 0x0300->0x0A06 0x221B len:9 [0m
[37m[27.099][linker]-[Debug]-[DjiCommand_DealCmd:919) received unsupport request cmd that noneed ack, <0x2209> cmdset: 0x22 cmdid: 0x1B [0m
[37m[27.141][linker]-[Debug]-[DjiProtocol_v1Unpack:215) <0x224f>V1-Recv: 0x0300->0x0A06 0x036C [0m
[37m[27.142][linker]-[Debug]-[DjiCommand_RecvWork:1066)  <0x224f>Receive msg from linker, 0x0300->0x0A06 0x036C len:71 [0m
[37m[27.142][linker]-[Debug]-[DjiCommand_DealCmd:919) received unsupport request cmd that noneed ack, <0x224f> cmdset: 0x03 cmdid: 0x6C [0m
[37m[27.160][linker]-[Debug]-[DjiProtocol_v1Unpack:215) <0x2275>V1-Recv: 0x0300->0x0100 0x0405 [0m
[37m[27.160][linker]-[Debug]-[DjiProtocol_v1Unpack:215) <0x2276>V1-Recv: 0x0300->0x0A06 0x4900 [0m
[37m[27.161][linker]-[Debug]-[DjiCommand_RecvWork:1066)  <0x2275>Receive msg from linker, 0x0300->0x0100 0x0405 len:22 [0m
[37m[27.161][linker]-[Debug]-[DjiCommand_DealCmd:919) received unsupport request cmd that noneed ack, <0x2275> cmdset: 0x04 cmdid: 0x05 [0m
[37m[27.162][linker]-[Debug]-[DjiCommand_RecvWork:1066)  <0x2276>Receive msg from linker, 0x0300->0x0A06 0x4900 len:14 [0m
[37m[27.162][linker]-[Debug]-[DjiProtocol_v1Pack:123) <0x2276>V1-Send: 0x0A06->0x0300 0x4900 [0m
[37m[27.177][linker]-[Debug]-[DjiProtocol_v1Unpack:215) <0x2293>V1-Recv: 0x0306->0x0A06 0x03C1 [0m
[37m[27.178][linker]-[Debug]-[DjiCommand_RecvWork:1066)  <0x2293>Receive msg from linker, 0x0306->0x0A06 0x03C1 len:13 [0m
[37m[27.192][linker]-[Debug]-[DjiProtocol_v1Pack:123) <0xde70>V1-Send: 0x0A06->0x0200 0x3C10 [0m
[37m[27.192][linker]-[Debug]-[DjiProtocol_v1Pack:123) <0xde71>V1-Send: 0x0A06->0x0A01 0x3C10 [0m
[37m[27.192][linker]-[Debug]-[DjiProtocol_v1Pack:123) <0xde72>V1-Send: 0x0A06->0x0300 0x3C10 [0m
[37m[27.198][linker]-[Debug]-[DjiProtocol_v1Unpack:215) <0x22c4>V1-Recv: 0x0300->0x0A06 0x221B [0m
[37m[27.198][linker]-[Debug]-[DjiCommand_RecvWork:1066)  <0x22c4>Receive msg from linker, 0x0300->0x0A06 0x221B len:9 [0m
[37m[27.198][linker]-[Debug]-[DjiCommand_DealCmd:919) received unsupport request cmd that noneed ack, <0x22c4> cmdset: 0x22 cmdid: 0x1B [0m
[37m[27.219][linker]-[Debug]-[DjiProtocol_v1Unpack:215) <0x37cc>V1-Recv: 0x0A01->0x0A06 0x3C45 [0m
[37m[27.219][linker]-[Debug]-[DjiCommand_RecvWork:1066)  <0x37cc>Receive msg from linker, 0x0A01->0x0A06 0x3C45 len:0 [0m
[37m[27.219][upgrade]-[Debug]-[DjiUpgrade_GetUpgradeServiceInfo:239) Get upgrade service info [0m
[37m[27.219][linker]-[Debug]-[DjiProtocol_v1Pack:123) <0x37cc>V1-Send: 0x0A06->0x0A01 0x3C45 [0m
[37m[27.240][linker]-[Debug]-[DjiProtocol_v1Unpack:215) <0x230b>V1-Recv: 0x0300->0x0A06 0x036C [0m
[37m[27.240][linker]-[Debug]-[DjiCommand_RecvWork:1066)  <0x230b>Receive msg from linker, 0x0300->0x0A06 0x036C len:71 [0m
[37m[27.240][linker]-[Debug]-[DjiCommand_DealCmd:919) received unsupport request cmd that noneed ack, <0x230b> cmdset: 0x03 cmdid: 0x6C [0m
[37m[27.258][linker]-[Debug]-[DjiProtocol_v1Unpack:215) <0x233b>V1-Recv: 0x0300->0x0A06 0x4900 [0m
[37m[27.258][linker]-[Debug]-[DjiCommand_RecvWork:1066)  <0x233b>Receive msg from linker, 0x0300->0x0A06 0x4900 len:14 [0m
[37m[27.258][linker]-[Debug]-[DjiProtocol_v1Pack:123) <0x233b>V1-Send: 0x0A06->0x0300 0x4900 [0m
[37m[27.272][linker]-[Debug]-[DjiProtocol_v1Unpack:215) <0x11>V1-Recv: 0x0800->0x0A06 0x0866 [0m
[37m[27.273][linker]-[Debug]-[DjiCommand_RecvWork:1066)  <0x11>Receive msg from linker, 0x0800->0x0A06 0x0866 len:16 [0m
[37m[27.273][liveview]-[Debug]-[DjiLiveview_DecodeLiveviewStatusHandle:1169) Liveview uuid info total_num: 1, index: 0, version: 1, major_type: 0, minor_type: 39, idx: 0, pos: 7 [0m
[37m[27.273][liveview]-[Debug]-[DjiLiveview_DecodeLiveviewStatusHandle:1183) sdr num: 1 [0m
[37m[27.273][liveview]-[Debug]-[DjiLiveview_DecodeLiveviewStatusHandle:1207) consumeBytes: 14, availBytes: 14 [0m
[37m[27.276][linker]-[Debug]-[DjiProtocol_v1Unpack:215) <0x235c>V1-Recv: 0x0306->0x0A06 0x03C1 [0m
[37m[27.277][linker]-[Debug]-[DjiCommand_RecvWork:1066)  <0x235c>Receive msg from linker, 0x0306->0x0A06 0x03C1 len:13 [0m
[37m[27.298][linker]-[Debug]-[DjiProtocol_v1Unpack:215) <0x238c>V1-Recv: 0x0300->0x0A06 0x221B [0m
[37m[27.299][linker]-[Debug]-[DjiCommand_RecvWork:1066)  <0x238c>Receive msg from linker, 0x0300->0x0A06 0x221B len:9 [0m
[37m[27.299][linker]-[Debug]-[DjiCommand_DealCmd:919) received unsupport request cmd that noneed ack, <0x238c> cmdset: 0x22 cmdid: 0x1B [0m
[37m[27.301][linker]-[Debug]-[DjiProtocol_v1Unpack:215) <0xb09c>V1-Recv: 0x0202->0x0A06 0x0026 [0m
[37m[27.302][linker]-[Debug]-[DjiCommand_RecvWork:1066)  <0xb09c>Receive msg from linker, 0x0202->0x0A06 0x0026 len:37 [0m
[37m[27.302][linker]-[Debug]-[DjiCommand_DealCmd:919) received unsupport request cmd that need ack, <0xb09c> cmdset: 0x00 cmdid: 0x26 [0m
[37m[27.340][linker]-[Debug]-[DjiProtocol_v1Unpack:215) <0x23ce>V1-Recv: 0x0300->0x0A06 0x036C [0m
[37m[27.341][linker]-[Debug]-[DjiCommand_RecvWork:1066)  <0x23ce>Receive msg from linker, 0x0300->0x0A06 0x036C len:71 [0m
[37m[27.341][linker]-[Debug]-[DjiCommand_DealCmd:919) received unsupport request cmd that noneed ack, <0x23ce> cmdset: 0x03 cmdid: 0x6C [0m
[37m[27.359][linker]-[Debug]-[DjiProtocol_v1Unpack:215) <0x23f7>V1-Recv: 0x0300->0x0A06 0x4900 [0m
[37m[27.359][linker]-[Debug]-[DjiCommand_RecvWork:1066)  <0x23f7>Receive msg from linker, 0x0300->0x0A06 0x4900 len:14 [0m
[37m[27.359][linker]-[Debug]-[DjiProtocol_v1Pack:123) <0x23f7>V1-Send: 0x0A06->0x0300 0x4900 [0m
[37m[27.377][linker]-[Debug]-[DjiProtocol_v1Unpack:215) <0x2416>V1-Recv: 0x0306->0x0A06 0x03C1 [0m
[37m[27.377][linker]-[Debug]-[DjiCommand_RecvWork:1066)  <0x2416>Receive msg from linker, 0x0306->0x0A06 0x03C1 len:13 [0m
[37m[27.398][linker]-[Debug]-[DjiProtocol_v1Unpack:215) <0x2442>V1-Recv: 0x0300->0x0A06 0x221B [0m
[37m[27.399][linker]-[Debug]-[DjiCommand_RecvWork:1066)  <0x2442>Receive msg from linker, 0x0300->0x0A06 0x221B len:9 [0m
[37m[27.399][linker]-[Debug]-[DjiCommand_DealCmd:919) received unsupport request cmd that noneed ack, <0x2442> cmdset: 0x22 cmdid: 0x1B [0m
[32m[27.400][user]-[Info]-[liveviewThreadFunc:185) --> Step 4: Deinit liveview module [0m
[37m[27.400][linker]-[Debug]-[DjiCommand_AntiRegRecvCmdHandler:722) Anti reg command handle list success, index:15 [0m
[32m[27.400][user]-[Info]-[liveviewThreadFunc:198) Liveview sample end [0m
[37m[27.407][linker]-[Debug]-[DjiProtocol_v1Pack:123) <0xde73>V1-Send: 0x0A06->0x0200 0x3C10 [0m
[37m[27.407][linker]-[Debug]-[DjiProtocol_v1Pack:123) <0xde74>V1-Send: 0x0A06->0x0A01 0x3C10 [0m
[37m[27.407][linker]-[Debug]-[DjiProtocol_v1Pack:123) <0xde75>V1-Send: 0x0A06->0x0300 0x3C10 [0m
[37m[27.419][linker]-[Debug]-[DjiProtocol_v1Unpack:215) <0x37d0>V1-Recv: 0x0A01->0x0A06 0x3C45 [0m
[37m[27.419][linker]-[Debug]-[DjiCommand_RecvWork:1066)  <0x37d0>Receive msg from linker, 0x0A01->0x0A06 0x3C45 len:0 [0m
[37m[27.419][upgrade]-[Debug]-[DjiUpgrade_GetUpgradeServiceInfo:239) Get upgrade service info [0m
[37m[27.419][linker]-[Debug]-[DjiProtocol_v1Pack:123) <0x37d0>V1-Send: 0x0A06->0x0A01 0x3C45 [0m
[37m[27.440][linker]-[Debug]-[DjiProtocol_v1Unpack:215) <0x2481>V1-Recv: 0x0300->0x0A06 0x036C [0m
[37m[27.440][linker]-[Debug]-[DjiCommand_RecvWork:1066)  <0x2481>Receive msg from linker, 0x0300->0x0A06 0x036C len:71 [0m
[37m[27.440][linker]-[Debug]-[DjiCommand_DealCmd:919) received unsupport request cmd that noneed ack, <0x2481> cmdset: 0x03 cmdid: 0x6C [0m
[37m[27.449][linker]-[Debug]-[DjiProtocol_v1Unpack:215) <0x1750>V1-Recv: 0x1D07->0x0A06 0x2105 [0m
[37m[27.449][linker]-[Debug]-[DjiCommand_RecvWork:1066)  <0x1750>Receive msg from linker, 0x1D07->0x0A06 0x2105 len:1 [0m
[37m[27.449][linker]-[Debug]-[DjiCommand_DealCmd:919) received unsupport request cmd that need ack, <0x1750> cmdset: 0x21 cmdid: 0x05 [0m
[37m[27.458][linker]-[Debug]-[DjiProtocol_v1Unpack:215) <0x24aa>V1-Recv: 0x0300->0x0A06 0x4900 [0m
[37m[27.459][linker]-[Debug]-[DjiCommand_RecvWork:1066)  <0x24aa>Receive msg from linker, 0x0300->0x0A06 0x4900 len:14 [0m
[37m[27.459][linker]-[Debug]-[DjiProtocol_v1Pack:123) <0x24aa>V1-Send: 0x0A06->0x0300 0x4900 [0m
[37m[27.476][linker]-[Debug]-[DjiProtocol_v1Unpack:215) <0x24c6>V1-Recv: 0x0306->0x0A06 0x03C1 [0m
[37m[27.477][linker]-[Debug]-[DjiCommand_RecvWork:1066)  <0x24c6>Receive msg from linker, 0x0306->0x0A06 0x03C1 len:13 [0m
[37m[27.498][linker]-[Debug]-[DjiProtocol_v1Unpack:215) <0x24f5>V1-Recv: 0x0300->0x0A06 0x221B [0m
[37m[27.498][linker]-[Debug]-[DjiCommand_RecvWork:1066)  <0x24f5>Receive msg from linker, 0x0300->0x0A06 0x221B len:9 [0m
[37m[27.498][linker]-[Debug]-[DjiCommand_DealCmd:919) received unsupport request cmd that noneed ack, <0x24f5> cmdset: 0x22 cmdid: 0x1B [0m
[37m[27.522][linker]-[Debug]-[DjiProtocol_v1Unpack:215) <0x12>V1-Recv: 0x0800->0x0A06 0x0866 [0m
[37m[27.523][linker]-[Debug]-[DjiCommand_RecvWork:1066)  <0x12>Receive msg from linker, 0x0800->0x0A06 0x0866 len:16 [0m
[37m[27.523][linker]-[Debug]-[DjiCommand_DealCmd:919) received unsupport request cmd that noneed ack, <0x12> cmdset: 0x08 cmdid: 0x66 [0m
[37m[27.540][linker]-[Debug]-[DjiProtocol_v1Unpack:215) <0x2539>V1-Recv: 0x0300->0x0A06 0x036C [0m
[37m[27.541][linker]-[Debug]-[DjiCommand_RecvWork:1066)  <0x2539>Receive msg from linker, 0x0300->0x0A06 0x036C len:71 [0m
[37m[27.541][linker]-[Debug]-[DjiCommand_DealCmd:919) received unsupport request cmd that noneed ack, <0x2539> cmdset: 0x03 cmdid: 0x6C [0m
[37m[27.558][linker]-[Debug]-[DjiProtocol_v1Unpack:215) <0x255f>V1-Recv: 0x0300->0x0A06 0x4900 [0m
[37m[27.559][linker]-[Debug]-[DjiCommand_RecvWork:1066)  <0x255f>Receive msg from linker, 0x0300->0x0A06 0x4900 len:14 [0m
[37m[27.559][linker]-[Debug]-[DjiProtocol_v1Pack:123) <0x255f>V1-Send: 0x0A06->0x0300 0x4900 [0m
[37m[27.577][linker]-[Debug]-[DjiProtocol_v1Unpack:215) <0x257c>V1-Recv: 0x0306->0x0A06 0x03C1 [0m
[37m[27.577][linker]-[Debug]-[DjiCommand_RecvWork:1066)  <0x257c>Receive msg from linker, 0x0306->0x0A06 0x03C1 len:13 [0m
[37m[27.598][linker]-[Debug]-[DjiProtocol_v1Unpack:215) <0x25a7>V1-Recv: 0x0300->0x0A06 0x221B [0m
[37m[27.599][linker]-[Debug]-[DjiCommand_RecvWork:1066)  <0x25a7>Receive msg from linker, 0x0300->0x0A06 0x221B len:9 [0m
[37m[27.599][linker]-[Debug]-[DjiCommand_DealCmd:919) received unsupport request cmd that noneed ack, <0x25a7> cmdset: 0x22 cmdid: 0x1B [0m
[37m[27.620][linker]-[Debug]-[DjiProtocol_v1Pack:123) <0xde76>V1-Send: 0x0A06->0x0300 0x0000 [0m
[37m[27.620][infor]-[Debug]-[DjiAircraftConnection_CheckExtensionPortConnectStatusByV1Protocol:170) check connect status:1 [0m
[37m[27.621][linker]-[Debug]-[DjiProtocol_v1Pack:123) <0xde77>V1-Send: 0x0A06->0x0200 0x3C10 [0m
[37m[27.621][linker]-[Debug]-[DjiProtocol_v1Pack:123) <0xde78>V1-Send: 0x0A06->0x0A01 0x3C10 [0m
[37m[27.621][linker]-[Debug]-[DjiProtocol_v1Pack:123) <0xde79>V1-Send: 0x0A06->0x0300 0x3C10 [0m
[37m[27.642][linker]-[Debug]-[DjiProtocol_v1Unpack:215) <0xde76>V1-Recv: 0x0300->0x0A06 0x0000 [0m
[37m[27.642][linker]-[Debug]-[DjiProtocol_v1Unpack:215) <0x25e4>V1-Recv: 0x0300->0x0A06 0x036C [0m
[37m[27.642][linker]-[Debug]-[DjiProtocol_v1Unpack:215) <0x37d1>V1-Recv: 0x0A01->0x0A06 0x3C45 [0m
[37m[27.642][linker]-[Debug]-[DjiCommand_RecvWork:1066)  <0xde76>Receive msg from linker, 0x0300->0x0A06 0x0000 len:0 [0m
[37m[27.642][infor]-[Debug]-[DjiAircraftInfo_CheckPingStatusAsyncCallback:269) connect status async sucess [0m
[37m[27.642][linker]-[Debug]-[DjiCommand_DealCmd:830) callback function (cmdset: 0x00 cmdid: 0x00) deal time: 0 ms [0m
[37m[27.643][linker]-[Debug]-[DjiCommand_RecvWork:1066)  <0x25e4>Receive msg from linker, 0x0300->0x0A06 0x036C len:71 [0m
[37m[27.643][linker]-[Debug]-[DjiCommand_DealCmd:919) received unsupport request cmd that noneed ack, <0x25e4> cmdset: 0x03 cmdid: 0x6C [0m
[37m[27.644][linker]-[Debug]-[DjiCommand_RecvWork:1066)  <0x37d1>Receive msg from linker, 0x0A01->0x0A06 0x3C45 len:0 [0m
[37m[27.644][upgrade]-[Debug]-[DjiUpgrade_GetUpgradeServiceInfo:239) Get upgrade service info [0m
[37m[27.644][linker]-[Debug]-[DjiProtocol_v1Pack:123) <0x37d1>V1-Send: 0x0A06->0x0A01 0x3C45 [0m
[37m[27.661][linker]-[Debug]-[DjiProtocol_v1Unpack:215) <0x2611>V1-Recv: 0x0300->0x0A06 0x0F74 [0m
[37m[27.661][linker]-[Debug]-[DjiProtocol_v1Unpack:215) <0x2614>V1-Recv: 0x0300->0x0100 0x0406 [0m
[37m[27.661][linker]-[Debug]-[DjiProtocol_v1Unpack:215) <0x2615>V1-Recv: 0x0300->0x0100 0x0407 [0m
[37m[27.661][linker]-[Debug]-[DjiProtocol_v1Unpack:215) <0x2616>V1-Recv: 0x0300->0x0A06 0x4900 [0m
[37m[27.661][linker]-[Debug]-[DjiCommand_RecvWork:1066)  <0x2611>Receive msg from linker, 0x0300->0x0A06 0x0F74 len:28 [0m
[37m[27.661][linker]-[Debug]-[DjiCommand_DealCmd:919) received unsupport request cmd that noneed ack, <0x2611> cmdset: 0x0F cmdid: 0x74 [0m
[37m[27.663][linker]-[Debug]-[DjiCommand_RecvWork:1066)  <0x2614>Receive msg from linker, 0x0300->0x0100 0x0406 len:12 [0m
[37m[27.663][linker]-[Debug]-[DjiCommand_DealCmd:919) received unsupport request cmd that noneed ack, <0x2614> cmdset: 0x04 cmdid: 0x06 [0m
[37m[27.664][linker]-[Debug]-[DjiCommand_RecvWork:1066)  <0x2615>Receive msg from linker, 0x0300->0x0100 0x0407 len:1 [0m
[37m[27.664][linker]-[Debug]-[DjiCommand_DealCmd:919) received unsupport request cmd that noneed ack, <0x2615> cmdset: 0x04 cmdid: 0x07 [0m
[37m[27.665][linker]-[Debug]-[DjiCommand_RecvWork:1066)  <0x2616>Receive msg from linker, 0x0300->0x0A06 0x4900 len:14 [0m
[37m[27.665][linker]-[Debug]-[DjiProtocol_v1Pack:123) <0x2616>V1-Send: 0x0A06->0x0300 0x4900 [0m
[37m[27.677][linker]-[Debug]-[DjiProtocol_v1Unpack:215) <0x2634>V1-Recv: 0x0306->0x0A06 0x03C1 [0m
[37m[27.677][linker]-[Debug]-[DjiCommand_RecvWork:1066)  <0x2634>Receive msg from linker, 0x0306->0x0A06 0x03C1 len:13 [0m
[37m[27.697][linker]-[Debug]-[DjiProtocol_v1Unpack:215) <0x265c>V1-Recv: 0x0300->0x0A06 0x221B [0m
[37m[27.698][linker]-[Debug]-[DjiCommand_RecvWork:1066)  <0x265c>Receive msg from linker, 0x0300->0x0A06 0x221B len:9 [0m
[37m[27.698][linker]-[Debug]-[DjiCommand_DealCmd:919) received unsupport request cmd that noneed ack, <0x265c> cmdset: 0x22 cmdid: 0x1B [0m
[37m[27.739][utils]-[Debug]-[DjiCore_RootTask:131) work execution time: [0m
[37m[27.739][utils]-[Debug]-[DjiCore_RootTask:132) name	                execution time (ms)	  max execution time (ms) [0m
[37m[27.739][utils]-[Debug]-[DjiCore_RootTask:134) recorderWork                    	1       	1        [0m
[37m[27.739][utils]-[Debug]-[DjiCore_RootTask:134) flowControllerTask              	0       	1        [0m
[37m[27.739][utils]-[Debug]-[DjiCore_RootTask:134) commandTask                     	1       	1        [0m
[37m[27.739][utils]-[Debug]-[DjiCore_RootTask:134) aircraftWorkNode                	0       	1        [0m
[37m[27.739][utils]-[Debug]-[DjiCore_RootTask:134) StatePushWork                   	1       	1        [0m
[37m[27.741][linker]-[Debug]-[DjiProtocol_v1Unpack:215) <0x26a4>V1-Recv: 0x0300->0x0A06 0x036C [0m
[37m[27.741][linker]-[Debug]-[DjiCommand_RecvWork:1066)  <0x26a4>Receive msg from linker, 0x0300->0x0A06 0x036C len:71 [0m
[37m[27.741][linker]-[Debug]-[DjiCommand_DealCmd:919) received unsupport request cmd that noneed ack, <0x26a4> cmdset: 0x03 cmdid: 0x6C [0m
[37m[27.759][linker]-[Debug]-[DjiProtocol_v1Unpack:215) <0x26d2>V1-Recv: 0x0300->0x0A06 0x4900 [0m
[37m[27.759][linker]-[Debug]-[DjiCommand_RecvWork:1066)  <0x26d2>Receive msg from linker, 0x0300->0x0A06 0x4900 len:14 [0m
[37m[27.759][linker]-[Debug]-[DjiProtocol_v1Pack:123) <0x26d2>V1-Send: 0x0A06->0x0300 0x4900 [0m
[37m[27.773][linker]-[Debug]-[DjiProtocol_v1Unpack:215) <0x13>V1-Recv: 0x0800->0x0A06 0x0866 [0m
[37m[27.773][linker]-[Debug]-[DjiCommand_RecvWork:1066)  <0x13>Receive msg from linker, 0x0800->0x0A06 0x0866 len:16 [0m
[37m[27.773][linker]-[Debug]-[DjiCommand_DealCmd:919) received unsupport request cmd that noneed ack, <0x13> cmdset: 0x08 cmdid: 0x66 [0m
[37m[27.777][linker]-[Debug]-[DjiProtocol_v1Unpack:215) <0x26f4>V1-Recv: 0x0306->0x0A06 0x03C1 [0m
[37m[27.778][linker]-[Debug]-[DjiCommand_RecvWork:1066)  <0x26f4>Receive msg from linker, 0x0306->0x0A06 0x03C1 len:13 [0m
[37m[27.797][linker]-[Debug]-[DjiProtocol_v1Unpack:215) <0x2728>V1-Recv: 0x0300->0x0A06 0x221B [0m
[37m[27.798][linker]-[Debug]-[DjiCommand_RecvWork:1066)  <0x2728>Receive msg from linker, 0x0300->0x0A06 0x221B len:9 [0m
[37m[27.798][linker]-[Debug]-[DjiCommand_DealCmd:919) received unsupport request cmd that noneed ack, <0x2728> cmdset: 0x22 cmdid: 0x1B [0m
[37m[27.834][linker]-[Debug]-[DjiProtocol_v1Pack:123) <0xde7a>V1-Send: 0x0A06->0x0200 0x3C10 [0m
[37m[27.834][linker]-[Debug]-[DjiProtocol_v1Pack:123) <0xde7b>V1-Send: 0x0A06->0x0A01 0x3C10 [0m
[37m[27.834][linker]-[Debug]-[DjiProtocol_v1Pack:123) <0xde7c>V1-Send: 0x0A06->0x0300 0x3C10 [0m
[37m[27.845][linker]-[Debug]-[DjiProtocol_v1Unpack:215) <0x2768>V1-Recv: 0x0306->0x0A06 0x03C1 [0m
[37m[27.845][linker]-[Debug]-[DjiProtocol_v1Unpack:215) <0x276a>V1-Recv: 0x0300->0x0A06 0x036C [0m
[37m[27.846][linker]-[Debug]-[DjiCommand_RecvWork:1066)  <0x2768>Receive msg from linker, 0x0306->0x0A06 0x03C1 len:126 [0m
[37m[27.847][linker]-[Debug]-[DjiCommand_RecvWork:1066)  <0x276a>Receive msg from linker, 0x0300->0x0A06 0x036C len:71 [0m
[37m[27.847][linker]-[Debug]-[DjiCommand_DealCmd:919) received unsupport request cmd that noneed ack, <0x276a> cmdset: 0x03 cmdid: 0x6C [0m
[37m[27.859][linker]-[Debug]-[DjiProtocol_v1Unpack:215) <0x2793>V1-Recv: 0x0300->0x0A06 0x4900 [0m
[37m[27.859][linker]-[Debug]-[DjiProtocol_v1Unpack:215) <0x37d2>V1-Recv: 0x0A01->0x0A06 0x3C45 [0m
[37m[27.860][linker]-[Debug]-[DjiCommand_RecvWork:1066)  <0x2793>Receive msg from linker, 0x0300->0x0A06 0x4900 len:14 [0m
[37m[27.860][linker]-[Debug]-[DjiProtocol_v1Pack:123) <0x2793>V1-Send: 0x0A06->0x0300 0x4900 [0m
[37m[27.861][linker]-[Debug]-[DjiCommand_RecvWork:1066)  <0x37d2>Receive msg from linker, 0x0A01->0x0A06 0x3C45 len:0 [0m
[37m[27.861][upgrade]-[Debug]-[DjiUpgrade_GetUpgradeServiceInfo:239) Get upgrade service info [0m
[37m[27.861][linker]-[Debug]-[DjiProtocol_v1Pack:123) <0x37d2>V1-Send: 0x0A06->0x0A01 0x3C45 [0m
[37m[27.876][linker]-[Debug]-[DjiProtocol_v1Unpack:215) <0x27ae>V1-Recv: 0x0306->0x0A06 0x03C1 [0m
[37m[27.878][linker]-[Debug]-[DjiCommand_RecvWork:1066)  <0x27ae>Receive msg from linker, 0x0306->0x0A06 0x03C1 len:13 [0m
[32m[27.881][user]-[Info]-[UserFcSubscription_Task:453) Current speed: 0.000000.
 [0m
[32m[27.881][user]-[Info]-[UserFcSubscription_Task:639) Displaymode status: 6. [0m
[37m[27.898][linker]-[Debug]-[DjiProtocol_v1Unpack:215) <0x5a3>V1-Recv: 0x0701->0x0A06 0x0000 [0m
[37m[27.898][linker]-[Debug]-[DjiProtocol_v1Unpack:215) <0x27d6>V1-Recv: 0x0300->0x0A06 0x221B [0m
[37m[27.899][linker]-[Debug]-[DjiCommand_RecvWork:1066)  <0x5a3>Receive msg from linker, 0x0701->0x0A06 0x0000 len:16 [0m
[37m[27.899][linker]-[Debug]-[DjiProtocol_v1Pack:123) <0x5a3>V1-Send: 0x0A06->0x0701 0x0000 [0m
[37m[27.900][linker]-[Debug]-[DjiCommand_RecvWork:1066)  <0x27d6>Receive msg from linker, 0x0300->0x0A06 0x221B len:9 [0m
[37m[27.900][linker]-[Debug]-[DjiCommand_DealCmd:919) received unsupport request cmd that noneed ack, <0x27d6> cmdset: 0x22 cmdid: 0x1B [0m
[37m[27.940][linker]-[Debug]-[DjiProtocol_v1Unpack:215) <0x281b>V1-Recv: 0x0300->0x0A06 0x036C [0m
[37m[27.940][linker]-[Debug]-[DjiCommand_RecvWork:1066)  <0x281b>Receive msg from linker, 0x0300->0x0A06 0x036C len:71 [0m
[37m[27.940][linker]-[Debug]-[DjiCommand_DealCmd:919) received unsupport request cmd that noneed ack, <0x281b> cmdset: 0x03 cmdid: 0x6C [0m
[37m[27.959][linker]-[Debug]-[DjiProtocol_v1Unpack:215) <0x284a>V1-Recv: 0x0300->0x0A06 0x4900 [0m
[37m[27.959][linker]-[Debug]-[DjiCommand_RecvWork:1066)  <0x284a>Receive msg from linker, 0x0300->0x0A06 0x4900 len:14 [0m
[37m[27.959][linker]-[Debug]-[DjiProtocol_v1Pack:123) <0x284a>V1-Send: 0x0A06->0x0300 0x4900 [0m
[37m[27.977][linker]-[Debug]-[DjiProtocol_v1Unpack:215) <0x2867>V1-Recv: 0x0306->0x0A06 0x03C1 [0m
[37m[27.978][linker]-[Debug]-[DjiCommand_RecvWork:1066)  <0x2867>Receive msg from linker, 0x0306->0x0A06 0x03C1 len:13 [0m
[37m[27.998][linker]-[Debug]-[DjiProtocol_v1Unpack:215) <0x2891>V1-Recv: 0x0300->0x0A06 0x221B [0m
[37m[27.998][linker]-[Debug]-[DjiCommand_RecvWork:1066)  <0x2891>Receive msg from linker, 0x0300->0x0A06 0x221B len:9 [0m
[37m[27.998][linker]-[Debug]-[DjiCommand_DealCmd:919) received unsupport request cmd that noneed ack, <0x2891> cmdset: 0x22 cmdid: 0x1B [0m
[37m[28.022][linker]-[Debug]-[DjiProtocol_v1Unpack:215) <0x14>V1-Recv: 0x0800->0x0A06 0x0866 [0m
[37m[28.023][linker]-[Debug]-[DjiCommand_RecvWork:1066)  <0x14>Receive msg from linker, 0x0800->0x0A06 0x0866 len:16 [0m
[37m[28.023][linker]-[Debug]-[DjiCommand_DealCmd:919) received unsupport request cmd that noneed ack, <0x14> cmdset: 0x08 cmdid: 0x66 [0m
[37m[28.040][linker]-[Debug]-[DjiProtocol_v1Unpack:215) <0x28d0>V1-Recv: 0x0300->0x0A06 0x036C [0m
[37m[28.040][linker]-[Debug]-[DjiCommand_RecvWork:1066)  <0x28d0>Receive msg from linker, 0x0300->0x0A06 0x036C len:71 [0m
[37m[28.040][linker]-[Debug]-[DjiCommand_DealCmd:919) received unsupport request cmd that noneed ack, <0x28d0> cmdset: 0x03 cmdid: 0x6C [0m
[37m[28.050][linker]-[Debug]-[DjiProtocol_v1Pack:123) <0xde7d>V1-Send: 0x0A06->0x0200 0x3C10 [0m
[37m[28.050][linker]-[Debug]-[DjiProtocol_v1Pack:123) <0xde7e>V1-Send: 0x0A06->0x0A01 0x3C10 [0m
[37m[28.050][linker]-[Debug]-[DjiProtocol_v1Pack:123) <0xde7f>V1-Send: 0x0A06->0x0300 0x3C10 [0m
[37m[28.058][linker]-[Debug]-[DjiProtocol_v1Unpack:215) <0x28f8>V1-Recv: 0x0300->0x0A06 0x4900 [0m
[37m[28.059][linker]-[Debug]-[DjiCommand_RecvWork:1066)  <0x28f8>Receive msg from linker, 0x0300->0x0A06 0x4900 len:14 [0m
[37m[28.059][linker]-[Debug]-[DjiProtocol_v1Pack:123) <0x28f8>V1-Send: 0x0A06->0x0300 0x4900 [0m
[37m[28.076][linker]-[Debug]-[DjiProtocol_v1Unpack:215) <0x2913>V1-Recv: 0x0306->0x0A06 0x03C1 [0m
[37m[28.077][linker]-[Debug]-[DjiCommand_RecvWork:1066)  <0x2913>Receive msg from linker, 0x0306->0x0A06 0x03C1 len:13 [0m
[37m[28.082][linker]-[Debug]-[DjiProtocol_v1Unpack:215) <0x37d3>V1-Recv: 0x0A01->0x0A06 0x3C45 [0m
[37m[28.082][linker]-[Debug]-[DjiCommand_RecvWork:1066)  <0x37d3>Receive msg from linker, 0x0A01->0x0A06 0x3C45 len:0 [0m
[37m[28.082][upgrade]-[Debug]-[DjiUpgrade_GetUpgradeServiceInfo:239) Get upgrade service info [0m
[37m[28.082][linker]-[Debug]-[DjiProtocol_v1Pack:123) <0x37d3>V1-Send: 0x0A06->0x0A01 0x3C45 [0m
[37m[28.098][linker]-[Debug]-[DjiProtocol_v1Unpack:215) <0x293d>V1-Recv: 0x0300->0x0A06 0x221B [0m
[37m[28.099][linker]-[Debug]-[DjiCommand_RecvWork:1066)  <0x293d>Receive msg from linker, 0x0300->0x0A06 0x221B len:9 [0m
[37m[28.099][linker]-[Debug]-[DjiCommand_DealCmd:919) received unsupport request cmd that noneed ack, <0x293d> cmdset: 0x22 cmdid: 0x1B [0m
[37m[28.140][linker]-[Debug]-[DjiProtocol_v1Unpack:215) <0x2983>V1-Recv: 0x0300->0x0A06 0x036C [0m
[37m[28.140][linker]-[Debug]-[DjiCommand_RecvWork:1066)  <0x2983>Receive msg from linker, 0x0300->0x0A06 0x036C len:71 [0m
[37m[28.140][linker]-[Debug]-[DjiCommand_DealCmd:919) received unsupport request cmd that noneed ack, <0x2983> cmdset: 0x03 cmdid: 0x6C [0m
[37m[28.160][linker]-[Debug]-[DjiProtocol_v1Unpack:215) <0x29ab>V1-Recv: 0x0300->0x0100 0x0405 [0m
[37m[28.160][linker]-[Debug]-[DjiProtocol_v1Unpack:215) <0x29ac>V1-Recv: 0x0300->0x0A06 0x4900 [0m
[37m[28.161][linker]-[Debug]-[DjiCommand_RecvWork:1066)  <0x29ab>Receive msg from linker, 0x0300->0x0100 0x0405 len:22 [0m
[37m[28.161][linker]-[Debug]-[DjiCommand_DealCmd:919) received unsupport request cmd that noneed ack, <0x29ab> cmdset: 0x04 cmdid: 0x05 [0m
[37m[28.162][linker]-[Debug]-[DjiCommand_RecvWork:1066)  <0x29ac>Receive msg from linker, 0x0300->0x0A06 0x4900 len:14 [0m
[37m[28.162][linker]-[Debug]-[DjiProtocol_v1Pack:123) <0x29ac>V1-Send: 0x0A06->0x0300 0x4900 [0m
[37m[28.177][linker]-[Debug]-[DjiProtocol_v1Unpack:215) <0x29cc>V1-Recv: 0x0306->0x0A06 0x03C1 [0m
[37m[28.178][linker]-[Debug]-[DjiCommand_RecvWork:1066)  <0x29cc>Receive msg from linker, 0x0306->0x0A06 0x03C1 len:13 [0m
[37m[28.197][linker]-[Debug]-[DjiProtocol_v1Unpack:215) <0x29f8>V1-Recv: 0x0300->0x0A06 0x221B [0m
[37m[28.198][linker]-[Debug]-[DjiCommand_RecvWork:1066)  <0x29f8>Receive msg from linker, 0x0300->0x0A06 0x221B len:9 [0m
[37m[28.198][linker]-[Debug]-[DjiCommand_DealCmd:919) received unsupport request cmd that noneed ack, <0x29f8> cmdset: 0x22 cmdid: 0x1B [0m
[37m[28.240][linker]-[Debug]-[DjiProtocol_v1Unpack:215) <0x2a39>V1-Recv: 0x0300->0x0A06 0x036C [0m
[37m[28.241][linker]-[Debug]-[DjiCommand_RecvWork:1066)  <0x2a39>Receive msg from linker, 0x0300->0x0A06 0x036C len:71 [0m
[37m[28.241][linker]-[Debug]-[DjiCommand_DealCmd:919) received unsupport request cmd that noneed ack, <0x2a39> cmdset: 0x03 cmdid: 0x6C [0m
[37m[28.258][linker]-[Debug]-[DjiProtocol_v1Unpack:215) <0x2a68>V1-Recv: 0x0300->0x0A06 0x4900 [0m
[37m[28.258][linker]-[Debug]-[DjiCommand_RecvWork:1066)  <0x2a68>Receive msg from linker, 0x0300->0x0A06 0x4900 len:14 [0m
[37m[28.258][linker]-[Debug]-[DjiProtocol_v1Pack:123) <0x2a68>V1-Send: 0x0A06->0x0300 0x4900 [0m
[37m[28.265][linker]-[Debug]-[DjiProtocol_v1Pack:123) <0xde80>V1-Send: 0x0A06->0x0200 0x3C10 [0m
[37m[28.265][linker]-[Debug]-[DjiProtocol_v1Pack:123) <0xde81>V1-Send: 0x0A06->0x0A01 0x3C10 [0m
[37m[28.265][linker]-[Debug]-[DjiProtocol_v1Pack:123) <0xde82>V1-Send: 0x0A06->0x0300 0x3C10 [0m
[37m[28.272][linker]-[Debug]-[DjiProtocol_v1Unpack:215) <0x15>V1-Recv: 0x0800->0x0A06 0x0866 [0m
[37m[28.273][linker]-[Debug]-[DjiCommand_RecvWork:1066)  <0x15>Receive msg from linker, 0x0800->0x0A06 0x0866 len:16 [0m
[37m[28.273][linker]-[Debug]-[DjiCommand_DealCmd:919) received unsupport request cmd that noneed ack, <0x15> cmdset: 0x08 cmdid: 0x66 [0m
[37m[28.277][linker]-[Debug]-[DjiProtocol_v1Unpack:215) <0x2a8b>V1-Recv: 0x0306->0x0A06 0x03C1 [0m
[37m[28.277][linker]-[Debug]-[DjiCommand_RecvWork:1066)  <0x2a8b>Receive msg from linker, 0x0306->0x0A06 0x03C1 len:13 [0m
[37m[28.279][linker]-[Debug]-[DjiProtocol_v1Unpack:215) <0x37d6>V1-Recv: 0x0A01->0x0A06 0x3C45 [0m
[37m[28.279][linker]-[Debug]-[DjiCommand_RecvWork:1066)  <0x37d6>Receive msg from linker, 0x0A01->0x0A06 0x3C45 len:0 [0m
[37m[28.279][upgrade]-[Debug]-[DjiUpgrade_GetUpgradeServiceInfo:239) Get upgrade service info [0m
[37m[28.279][linker]-[Debug]-[DjiProtocol_v1Pack:123) <0x37d6>V1-Send: 0x0A06->0x0A01 0x3C45 [0m
[37m[28.297][linker]-[Debug]-[DjiProtocol_v1Unpack:215) <0x2abd>V1-Recv: 0x0300->0x0A06 0x221B [0m
[37m[28.298][linker]-[Debug]-[DjiCommand_RecvWork:1066)  <0x2abd>Receive msg from linker, 0x0300->0x0A06 0x221B len:9 [0m
[37m[28.298][linker]-[Debug]-[DjiCommand_DealCmd:919) received unsupport request cmd that noneed ack, <0x2abd> cmdset: 0x22 cmdid: 0x1B [0m
[37m[28.340][linker]-[Debug]-[DjiProtocol_v1Unpack:215) <0x2b03>V1-Recv: 0x0300->0x0A06 0x036C [0m
[37m[28.340][linker]-[Debug]-[DjiCommand_RecvWork:1066)  <0x2b03>Receive msg from linker, 0x0300->0x0A06 0x036C len:71 [0m
[37m[28.340][linker]-[Debug]-[DjiCommand_DealCmd:919) received unsupport request cmd that noneed ack, <0x2b03> cmdset: 0x03 cmdid: 0x6C [0m
[37m[28.358][linker]-[Debug]-[DjiProtocol_v1Unpack:215) <0x2b29>V1-Recv: 0x0300->0x0A06 0x4900 [0m
[37m[28.359][linker]-[Debug]-[DjiCommand_RecvWork:1066)  <0x2b29>Receive msg from linker, 0x0300->0x0A06 0x4900 len:14 [0m
[37m[28.359][linker]-[Debug]-[DjiProtocol_v1Pack:123) <0x2b29>V1-Send: 0x0A06->0x0300 0x4900 [0m
[37m[28.377][linker]-[Debug]-[DjiProtocol_v1Unpack:215) <0x2b49>V1-Recv: 0x0306->0x0A06 0x03C1 [0m
[37m[28.378][linker]-[Debug]-[DjiCommand_RecvWork:1066)  <0x2b49>Receive msg from linker, 0x0306->0x0A06 0x03C1 len:13 [0m
[37m[28.397][linker]-[Debug]-[DjiProtocol_v1Unpack:215) <0x2b75>V1-Recv: 0x0300->0x0A06 0x221B [0m
[37m[28.398][linker]-[Debug]-[DjiCommand_RecvWork:1066)  <0x2b75>Receive msg from linker, 0x0300->0x0A06 0x221B len:9 [0m
[37m[28.398][linker]-[Debug]-[DjiCommand_DealCmd:919) received unsupport request cmd that noneed ack, <0x2b75> cmdset: 0x22 cmdid: 0x1B [0m
[37m[28.440][linker]-[Debug]-[DjiProtocol_v1Unpack:215) <0x2bb6>V1-Recv: 0x0300->0x0A06 0x036C [0m
[37m[28.440][linker]-[Debug]-[DjiCommand_RecvWork:1066)  <0x2bb6>Receive msg from linker, 0x0300->0x0A06 0x036C len:71 [0m
[37m[28.440][linker]-[Debug]-[DjiCommand_DealCmd:919) received unsupport request cmd that noneed ack, <0x2bb6> cmdset: 0x03 cmdid: 0x6C [0m
[37m[28.454][linker]-[Debug]-[DjiProtocol_v1Unpack:215) <0x1751>V1-Recv: 0x1D07->0x0A06 0x2105 [0m
[37m[28.454][linker]-[Debug]-[DjiCommand_RecvWork:1066)  <0x1751>Receive msg from linker, 0x1D07->0x0A06 0x2105 len:1 [0m
[37m[28.454][linker]-[Debug]-[DjiCommand_DealCmd:919) received unsupport request cmd that need ack, <0x1751> cmdset: 0x21 cmdid: 0x05 [0m
[37m[28.459][linker]-[Debug]-[DjiProtocol_v1Unpack:215) <0x2bdc>V1-Recv: 0x0300->0x0A06 0x4900 [0m
[37m[28.459][linker]-[Debug]-[DjiCommand_RecvWork:1066)  <0x2bdc>Receive msg from linker, 0x0300->0x0A06 0x4900 len:14 [0m
[37m[28.460][linker]-[Debug]-[DjiProtocol_v1Pack:123) <0x2bdc>V1-Send: 0x0A06->0x0300 0x4900 [0m
[37m[28.477][linker]-[Debug]-[DjiProtocol_v1Unpack:215) <0x2bf7>V1-Recv: 0x0306->0x0A06 0x03C1 [0m
[37m[28.478][linker]-[Debug]-[DjiCommand_RecvWork:1066)  <0x2bf7>Receive msg from linker, 0x0306->0x0A06 0x03C1 len:13 [0m
[37m[28.479][linker]-[Debug]-[DjiProtocol_v1Pack:123) <0xde83>V1-Send: 0x0A06->0x0200 0x3C10 [0m
[37m[28.479][linker]-[Debug]-[DjiProtocol_v1Pack:123) <0xde84>V1-Send: 0x0A06->0x0A01 0x3C10 [0m
[37m[28.479][linker]-[Debug]-[DjiProtocol_v1Pack:123) <0xde85>V1-Send: 0x0A06->0x0300 0x3C10 [0m
[37m[28.484][user]-[Debug]-[DjiUser_MonitorTask:803) thread pcpu: [0m
[37m[28.484][user]-[Debug]-[DjiUser_MonitorTask:804) tid	name	pcpu [0m
[37m[28.498][linker]-[Debug]-[DjiProtocol_v1Unpack:215) <0x2c23>V1-Recv: 0x0300->0x0A06 0x221B [0m
[37m[28.499][linker]-[Debug]-[DjiCommand_RecvWork:1066)  <0x2c23>Receive msg from linker, 0x0300->0x0A06 0x221B len:9 [0m
[37m[28.499][linker]-[Debug]-[DjiCommand_DealCmd:919) received unsupport request cmd that noneed ack, <0x2c23> cmdset: 0x22 cmdid: 0x1B [0m
[37m[28.499][linker]-[Debug]-[DjiProtocol_v1Unpack:215) <0x37d7>V1-Recv: 0x0A01->0x0A06 0x3C45 [0m
[37m[28.500][linker]-[Debug]-[DjiCommand_RecvWork:1066)  <0x37d7>Receive msg from linker, 0x0A01->0x0A06 0x3C45 len:0 [0m
[37m[28.500][upgrade]-[Debug]-[DjiUpgrade_GetUpgradeServiceInfo:239) Get upgrade service info [0m
[37m[28.500][linker]-[Debug]-[DjiProtocol_v1Pack:123) <0x37d7>V1-Send: 0x0A06->0x0A01 0x3C45 [0m
[37m[28.503][user]-[Debug]-[DjiUser_MonitorTask:808) 11779	dji_sdk_demo_on	0.700000 %. [0m
[37m[28.522][user]-[Debug]-[DjiUser_MonitorTask:808) 11780	 MQTTAsync_send	0.000000 %. [0m
[37m[28.523][linker]-[Debug]-[DjiProtocol_v1Unpack:215) <0x16>V1-Recv: 0x0800->0x0A06 0x0866 [0m
[37m[28.523][linker]-[Debug]-[DjiCommand_RecvWork:1066)  <0x16>Receive msg from linker, 0x0800->0x0A06 0x0866 len:16 [0m
[37m[28.523][linker]-[Debug]-[DjiCommand_DealCmd:919) received unsupport request cmd that noneed ack, <0x16> cmdset: 0x08 cmdid: 0x66 [0m
[37m[28.540][user]-[Debug]-[DjiUser_MonitorTask:808) 11781	  MQTTAsync_rcv	0.000000 %. [0m
[37m[28.541][linker]-[Debug]-[DjiProtocol_v1Unpack:215) <0x2c66>V1-Recv: 0x0300->0x0A06 0x036C [0m
[37m[28.541][linker]-[Debug]-[DjiCommand_RecvWork:1066)  <0x2c66>Receive msg from linker, 0x0300->0x0A06 0x036C len:71 [0m
[37m[28.541][linker]-[Debug]-[DjiCommand_DealCmd:919) received unsupport request cmd that noneed ack, <0x2c66> cmdset: 0x03 cmdid: 0x6C [0m
[37m[28.559][linker]-[Debug]-[DjiProtocol_v1Unpack:215) <0x2c92>V1-Recv: 0x0300->0x0A06 0x4900 [0m
[37m[28.559][user]-[Debug]-[DjiUser_MonitorTask:808) 11784	    logger_task	0.600000 %. [0m
[37m[28.559][linker]-[Debug]-[DjiCommand_RecvWork:1066)  <0x2c92>Receive msg from linker, 0x0300->0x0A06 0x4900 len:14 [0m
[37m[28.559][linker]-[Debug]-[DjiProtocol_v1Pack:123) <0x2c92>V1-Send: 0x0A06->0x0300 0x4900 [0m
[37m[28.577][linker]-[Debug]-[DjiProtocol_v1Unpack:215) <0x2cb1>V1-Recv: 0x0306->0x0A06 0x03C1 [0m
[37m[28.578][linker]-[Debug]-[DjiCommand_RecvWork:1066)  <0x2cb1>Receive msg from linker, 0x0306->0x0A06 0x03C1 len:13 [0m
[37m[28.579][user]-[Debug]-[DjiUser_MonitorTask:808) 11785	      root_task	0.900000 %. [0m
[37m[28.597][user]-[Debug]-[DjiUser_MonitorTask:808) 11822	    linker_task	0.700000 %. [0m
[37m[28.598][linker]-[Debug]-[DjiProtocol_v1Unpack:215) <0x2cde>V1-Recv: 0x0300->0x0A06 0x221B [0m
[37m[28.599][linker]-[Debug]-[DjiCommand_RecvWork:1066)  <0x2cde>Receive msg from linker, 0x0300->0x0A06 0x221B len:9 [0m
[37m[28.599][linker]-[Debug]-[DjiCommand_DealCmd:919) received unsupport request cmd that noneed ack, <0x2cde> cmdset: 0x22 cmdid: 0x1B [0m
[37m[28.615][user]-[Debug]-[DjiUser_MonitorTask:808) 11825	    linker_task	0.000000 %. [0m
[37m[28.633][user]-[Debug]-[DjiUser_MonitorTask:808) 11827	user_subscripti	0.000000 %. [0m
[37m[28.640][linker]-[Debug]-[DjiProtocol_v1Unpack:215) <0x2d1d>V1-Recv: 0x0300->0x0A06 0x036C [0m
[37m[28.640][linker]-[Debug]-[DjiCommand_RecvWork:1066)  <0x2d1d>Receive msg from linker, 0x0300->0x0A06 0x036C len:71 [0m
[37m[28.640][linker]-[Debug]-[DjiCommand_DealCmd:919) received unsupport request cmd that noneed ack, <0x2d1d> cmdset: 0x03 cmdid: 0x6C [0m
[37m[28.651][user]-[Debug]-[DjiUser_MonitorTask:808) 11830	   upgrade_task	0.000000 %. [0m
[37m[28.661][linker]-[Debug]-[DjiProtocol_v1Unpack:215) <0x2d45>V1-Recv: 0x0300->0x0A06 0x0F74 [0m
[37m[28.661][linker]-[Debug]-[DjiProtocol_v1Unpack:215) <0x2d48>V1-Recv: 0x0300->0x0100 0x0406 [0m
[37m[28.661][linker]-[Debug]-[DjiProtocol_v1Unpack:215) <0x2d49>V1-Recv: 0x0300->0x0100 0x0407 [0m
[37m[28.661][linker]-[Debug]-[DjiProtocol_v1Unpack:215) <0x2d4a>V1-Recv: 0x0300->0x0A06 0x4900 [0m
[37m[28.661][linker]-[Debug]-[DjiCommand_RecvWork:1066)  <0x2d45>Receive msg from linker, 0x0300->0x0A06 0x0F74 len:28 [0m
[37m[28.661][linker]-[Debug]-[DjiCommand_DealCmd:919) received unsupport request cmd that noneed ack, <0x2d45> cmdset: 0x0F cmdid: 0x74 [0m
[37m[28.662][linker]-[Debug]-[DjiCommand_RecvWork:1066)  <0x2d48>Receive msg from linker, 0x0300->0x0100 0x0406 len:12 [0m
[37m[28.662][linker]-[Debug]-[DjiCommand_DealCmd:919) received unsupport request cmd that noneed ack, <0x2d48> cmdset: 0x04 cmdid: 0x06 [0m
[37m[28.664][linker]-[Debug]-[DjiCommand_RecvWork:1066)  <0x2d49>Receive msg from linker, 0x0300->0x0100 0x0407 len:1 [0m
[37m[28.664][linker]-[Debug]-[DjiCommand_DealCmd:919) received unsupport request cmd that noneed ack, <0x2d49> cmdset: 0x04 cmdid: 0x07 [0m
[37m[28.665][linker]-[Debug]-[DjiCommand_RecvWork:1066)  <0x2d4a>Receive msg from linker, 0x0300->0x0A06 0x4900 len:14 [0m
[37m[28.665][linker]-[Debug]-[DjiProtocol_v1Pack:123) <0x2d4a>V1-Send: 0x0A06->0x0300 0x4900 [0m
[37m[28.669][user]-[Debug]-[DjiUser_MonitorTask:808) 11831	enter_upgrade_m	0.000000 %. [0m
[37m[28.677][linker]-[Debug]-[DjiProtocol_v1Unpack:215) <0x2d65>V1-Recv: 0x0306->0x0A06 0x03C1 [0m
[37m[28.677][linker]-[Debug]-[DjiCommand_RecvWork:1066)  <0x2d65>Receive msg from linker, 0x0306->0x0A06 0x03C1 len:13 [0m
[37m[28.687][user]-[Debug]-[DjiUser_MonitorTask:808) 11832	   monitor task	0.000000 %. [0m
[37m[28.690][linker]-[Debug]-[DjiProtocol_v1Pack:123) <0xde86>V1-Send: 0x0A06->0x0300 0x0000 [0m
[37m[28.690][infor]-[Debug]-[DjiAircraftConnection_CheckExtensionPortConnectStatusByV1Protocol:170) check connect status:1 [0m
[37m[28.691][linker]-[Debug]-[DjiProtocol_v1Pack:123) <0xde87>V1-Send: 0x0A06->0x0200 0x3C10 [0m
[37m[28.691][linker]-[Debug]-[DjiProtocol_v1Pack:123) <0xde88>V1-Send: 0x0A06->0x0A01 0x3C10 [0m
[37m[28.691][linker]-[Debug]-[DjiProtocol_v1Pack:123) <0xde89>V1-Send: 0x0A06->0x0300 0x3C10 [0m
[37m[28.698][linker]-[Debug]-[DjiProtocol_v1Unpack:215) <0xde86>V1-Recv: 0x0300->0x0A06 0x0000 [0m
[37m[28.698][linker]-[Debug]-[DjiProtocol_v1Unpack:215) <0x2d90>V1-Recv: 0x0300->0x0A06 0x221B [0m
[37m[28.699][linker]-[Debug]-[DjiCommand_RecvWork:1066)  <0xde86>Receive msg from linker, 0x0300->0x0A06 0x0000 len:0 [0m
[37m[28.699][infor]-[Debug]-[DjiAircraftInfo_CheckPingStatusAsyncCallback:269) connect status async sucess [0m
[37m[28.699][linker]-[Debug]-[DjiCommand_DealCmd:830) callback function (cmdset: 0x00 cmdid: 0x00) deal time: 0 ms [0m
[37m[28.700][linker]-[Debug]-[DjiCommand_RecvWork:1066)  <0x2d90>Receive msg from linker, 0x0300->0x0A06 0x221B len:9 [0m
[37m[28.700][linker]-[Debug]-[DjiCommand_DealCmd:919) received unsupport request cmd that noneed ack, <0x2d90> cmdset: 0x22 cmdid: 0x1B [0m
[37m[28.705][user]-[Debug]-[DjiUser_MonitorTask:808) 11919	  udp_recv_task	0.000000 %. [0m
[37m[28.719][linker]-[Debug]-[DjiProtocol_v1Unpack:215) <0x37d8>V1-Recv: 0x0A01->0x0A06 0x3C45 [0m
[37m[28.719][linker]-[Debug]-[DjiCommand_RecvWork:1066)  <0x37d8>Receive msg from linker, 0x0A01->0x0A06 0x3C45 len:0 [0m
[37m[28.719][upgrade]-[Debug]-[DjiUpgrade_GetUpgradeServiceInfo:239) Get upgrade service info [0m
[37m[28.719][linker]-[Debug]-[DjiProtocol_v1Pack:123) <0x37d8>V1-Send: 0x0A06->0x0A01 0x3C45 [0m
[37m[28.724][user]-[Debug]-[DjiUser_MonitorTask:808) 11922	  udp_recv_task	0.000000 %. [0m
[37m[28.726][user]-[Debug]-[DjiUser_MonitorTask:812) heap used: 184320 B. [0m
[37m[28.729][user]-[Debug]-[DjiUser_MonitorTask:813) stack used: 16384 B. [0m
[37m[28.740][linker]-[Debug]-[DjiProtocol_v1Unpack:215) <0x2ddb>V1-Recv: 0x0300->0x0A06 0x036C [0m
[37m[28.740][linker]-[Debug]-[DjiCommand_RecvWork:1066)  <0x2ddb>Receive msg from linker, 0x0300->0x0A06 0x036C len:71 [0m
[37m[28.740][linker]-[Debug]-[DjiCommand_DealCmd:919) received unsupport request cmd that noneed ack, <0x2ddb> cmdset: 0x03 cmdid: 0x6C [0m
[37m[28.759][linker]-[Debug]-[DjiProtocol_v1Unpack:215) <0x2e0e>V1-Recv: 0x0300->0x0A06 0x4900 [0m
[37m[28.759][linker]-[Debug]-[DjiCommand_RecvWork:1066)  <0x2e0e>Receive msg from linker, 0x0300->0x0A06 0x4900 len:14 [0m
[37m[28.759][linker]-[Debug]-[DjiProtocol_v1Pack:123) <0x2e0e>V1-Send: 0x0A06->0x0300 0x4900 [0m
[37m[28.772][linker]-[Debug]-[DjiProtocol_v1Unpack:215) <0x17>V1-Recv: 0x0800->0x0A06 0x0866 [0m
[37m[28.772][linker]-[Debug]-[DjiCommand_RecvWork:1066)  <0x17>Receive msg from linker, 0x0800->0x0A06 0x0866 len:16 [0m
[37m[28.772][linker]-[Debug]-[DjiCommand_DealCmd:919) received unsupport request cmd that noneed ack, <0x17> cmdset: 0x08 cmdid: 0x66 [0m
[37m[28.777][linker]-[Debug]-[DjiProtocol_v1Unpack:215) <0x2e2e>V1-Recv: 0x0306->0x0A06 0x03C1 [0m
[37m[28.778][linker]-[Debug]-[DjiCommand_RecvWork:1066)  <0x2e2e>Receive msg from linker, 0x0306->0x0A06 0x03C1 len:13 [0m
[37m[28.798][linker]-[Debug]-[DjiProtocol_v1Unpack:215) <0x2e5b>V1-Recv: 0x0300->0x0A06 0x221B [0m
[37m[28.798][linker]-[Debug]-[DjiCommand_RecvWork:1066)  <0x2e5b>Receive msg from linker, 0x0300->0x0A06 0x221B len:9 [0m
[37m[28.798][linker]-[Debug]-[DjiCommand_DealCmd:919) received unsupport request cmd that noneed ack, <0x2e5b> cmdset: 0x22 cmdid: 0x1B [0m
[37m[28.803][linker]-[Debug]-[DjiProtocol_v1Unpack:215) <0xb09c>V1-Recv: 0x0202->0x0A06 0x0026 [0m
[37m[28.804][linker]-[Debug]-[DjiCommand_RecvWork:1066)  <0xb09c>Receive msg from linker, 0x0202->0x0A06 0x0026 len:37 [0m
[37m[28.804][linker]-[Debug]-[DjiCommand_DealCmd:919) received unsupport request cmd that need ack, <0xb09c> cmdset: 0x00 cmdid: 0x26 [0m
[37m[28.810][utils]-[Debug]-[DjiCore_RootTask:131) work execution time: [0m
[37m[28.810][utils]-[Debug]-[DjiCore_RootTask:132) name	                execution time (ms)	  max execution time (ms) [0m
[37m[28.810][utils]-[Debug]-[DjiCore_RootTask:134) recorderWork                    	0       	1        [0m
[37m[28.810][utils]-[Debug]-[DjiCore_RootTask:134) flowControllerTask              	0       	1        [0m
[37m[28.810][utils]-[Debug]-[DjiCore_RootTask:134) commandTask                     	1       	1        [0m
[37m[28.810][utils]-[Debug]-[DjiCore_RootTask:134) aircraftWorkNode                	0       	1        [0m
[37m[28.810][utils]-[Debug]-[DjiCore_RootTask:134) StatePushWork                   	1       	1        [0m
[37m[28.846][linker]-[Debug]-[DjiProtocol_v1Unpack:215) <0x2e97>V1-Recv: 0x0306->0x0A06 0x03C1 [0m
[37m[28.846][linker]-[Debug]-[DjiProtocol_v1Unpack:215) <0x2e99>V1-Recv: 0x0300->0x0A06 0x036C [0m
[37m[28.846][linker]-[Debug]-[DjiCommand_RecvWork:1066)  <0x2e97>Receive msg from linker, 0x0306->0x0A06 0x03C1 len:126 [0m
[37m[28.847][linker]-[Debug]-[DjiCommand_RecvWork:1066)  <0x2e99>Receive msg from linker, 0x0300->0x0A06 0x036C len:71 [0m
[37m[28.847][linker]-[Debug]-[DjiCommand_DealCmd:919) received unsupport request cmd that noneed ack, <0x2e99> cmdset: 0x03 cmdid: 0x6C [0m
[37m[28.859][linker]-[Debug]-[DjiProtocol_v1Unpack:215) <0x2ec2>V1-Recv: 0x0300->0x0A06 0x4900 [0m
[37m[28.859][linker]-[Debug]-[DjiCommand_RecvWork:1066)  <0x2ec2>Receive msg from linker, 0x0300->0x0A06 0x4900 len:14 [0m
[37m[28.859][linker]-[Debug]-[DjiProtocol_v1Pack:123) <0x2ec2>V1-Send: 0x0A06->0x0300 0x4900 [0m
[37m[28.877][linker]-[Debug]-[DjiProtocol_v1Unpack:215) <0x2ede>V1-Recv: 0x0306->0x0A06 0x03C1 [0m
[37m[28.877][linker]-[Debug]-[DjiCommand_RecvWork:1066)  <0x2ede>Receive msg from linker, 0x0306->0x0A06 0x03C1 len:13 [0m
[32m[28.881][user]-[Info]-[UserFcSubscription_Task:453) Current speed: 0.000000.
 [0m
[32m[28.881][user]-[Info]-[UserFcSubscription_Task:639) Displaymode status: 6. [0m
[37m[28.898][linker]-[Debug]-[DjiProtocol_v1Unpack:215) <0x5a4>V1-Recv: 0x0701->0x0A06 0x0000 [0m
[37m[28.898][linker]-[Debug]-[DjiProtocol_v1Unpack:215) <0x2f0b>V1-Recv: 0x0300->0x0A06 0x221B [0m
[37m[28.899][linker]-[Debug]-[DjiCommand_RecvWork:1066)  <0x5a4>Receive msg from linker, 0x0701->0x0A06 0x0000 len:16 [0m
[37m[28.899][linker]-[Debug]-[DjiProtocol_v1Pack:123) <0x5a4>V1-Send: 0x0A06->0x0701 0x0000 [0m
[37m[28.900][linker]-[Debug]-[DjiCommand_RecvWork:1066)  <0x2f0b>Receive msg from linker, 0x0300->0x0A06 0x221B len:9 [0m
[37m[28.900][linker]-[Debug]-[DjiCommand_DealCmd:919) received unsupport request cmd that noneed ack, <0x2f0b> cmdset: 0x22 cmdid: 0x1B [0m
[37m[28.905][linker]-[Debug]-[DjiProtocol_v1Pack:123) <0xde8a>V1-Send: 0x0A06->0x0200 0x3C10 [0m
[37m[28.905][linker]-[Debug]-[DjiProtocol_v1Pack:123) <0xde8b>V1-Send: 0x0A06->0x0A01 0x3C10 [0m
[37m[28.905][linker]-[Debug]-[DjiProtocol_v1Pack:123) <0xde8c>V1-Send: 0x0A06->0x0300 0x3C10 [0m
[37m[28.919][linker]-[Debug]-[DjiProtocol_v1Unpack:215) <0x37da>V1-Recv: 0x0A01->0x0A06 0x3C45 [0m
[37m[28.919][linker]-[Debug]-[DjiCommand_RecvWork:1066)  <0x37da>Receive msg from linker, 0x0A01->0x0A06 0x3C45 len:0 [0m
[37m[28.919][upgrade]-[Debug]-[DjiUpgrade_GetUpgradeServiceInfo:239) Get upgrade service info [0m
[37m[28.919][linker]-[Debug]-[DjiProtocol_v1Pack:123) <0x37da>V1-Send: 0x0A06->0x0A01 0x3C45 [0m
[37m[28.940][linker]-[Debug]-[DjiProtocol_v1Unpack:215) <0x2f53>V1-Recv: 0x0300->0x0A06 0x036C [0m
[37m[28.941][linker]-[Debug]-[DjiCommand_RecvWork:1066)  <0x2f53>Receive msg from linker, 0x0300->0x0A06 0x036C len:71 [0m
[37m[28.941][linker]-[Debug]-[DjiCommand_DealCmd:919) received unsupport request cmd that noneed ack, <0x2f53> cmdset: 0x03 cmdid: 0x6C [0m
[37m[28.958][linker]-[Debug]-[DjiProtocol_v1Unpack:215) <0x2f7e>V1-Recv: 0x0300->0x0A06 0x4900 [0m
[37m[28.959][linker]-[Debug]-[DjiCommand_RecvWork:1066)  <0x2f7e>Receive msg from linker, 0x0300->0x0A06 0x4900 len:14 [0m
[37m[28.959][linker]-[Debug]-[DjiProtocol_v1Pack:123) <0x2f7e>V1-Send: 0x0A06->0x0300 0x4900 [0m
[37m[28.977][linker]-[Debug]-[DjiProtocol_v1Unpack:215) <0x2f9b>V1-Recv: 0x0306->0x0A06 0x03C1 [0m
[37m[28.978][linker]-[Debug]-[DjiCommand_RecvWork:1066)  <0x2f9b>Receive msg from linker, 0x0306->0x0A06 0x03C1 len:13 [0m
[37m[28.998][linker]-[Debug]-[DjiProtocol_v1Unpack:215) <0x2fc6>V1-Recv: 0x0300->0x0A06 0x221B [0m
[37m[28.998][linker]-[Debug]-[DjiCommand_RecvWork:1066)  <0x2fc6>Receive msg from linker, 0x0300->0x0A06 0x221B len:9 [0m
[37m[28.998][linker]-[Debug]-[DjiCommand_DealCmd:919) received unsupport request cmd that noneed ack, <0x2fc6> cmdset: 0x22 cmdid: 0x1B [0m
[37m[29.022][linker]-[Debug]-[DjiProtocol_v1Unpack:215) <0x18>V1-Recv: 0x0800->0x0A06 0x0866 [0m
[37m[29.023][linker]-[Debug]-[DjiCommand_RecvWork:1066)  <0x18>Receive msg from linker, 0x0800->0x0A06 0x0866 len:16 [0m
[37m[29.023][linker]-[Debug]-[DjiCommand_DealCmd:919) received unsupport request cmd that noneed ack, <0x18> cmdset: 0x08 cmdid: 0x66 [0m
[37m[29.041][linker]-[Debug]-[DjiProtocol_v1Unpack:215) <0x300a>V1-Recv: 0x0300->0x0A06 0x036C [0m
[37m[29.042][linker]-[Debug]-[DjiCommand_RecvWork:1066)  <0x300a>Receive msg from linker, 0x0300->0x0A06 0x036C len:71 [0m
[37m[29.042][linker]-[Debug]-[DjiCommand_DealCmd:919) received unsupport request cmd that noneed ack, <0x300a> cmdset: 0x03 cmdid: 0x6C [0m
[37m[29.059][linker]-[Debug]-[DjiProtocol_v1Unpack:215) <0x3034>V1-Recv: 0x0300->0x0A06 0x4900 [0m
[37m[29.060][linker]-[Debug]-[DjiCommand_RecvWork:1066)  <0x3034>Receive msg from linker, 0x0300->0x0A06 0x4900 len:14 [0m
[37m[29.060][linker]-[Debug]-[DjiProtocol_v1Pack:123) <0x3034>V1-Send: 0x0A06->0x0300 0x4900 [0m
[37m[29.077][linker]-[Debug]-[DjiProtocol_v1Unpack:215) <0x3050>V1-Recv: 0x0306->0x0A06 0x03C1 [0m
[37m[29.077][linker]-[Debug]-[DjiCommand_RecvWork:1066)  <0x3050>Receive msg from linker, 0x0306->0x0A06 0x03C1 len:13 [0m
[37m[29.097][linker]-[Debug]-[DjiProtocol_v1Unpack:215) <0x307a>V1-Recv: 0x0300->0x0A06 0x221B [0m
[37m[29.099][linker]-[Debug]-[DjiCommand_RecvWork:1066)  <0x307a>Receive msg from linker, 0x0300->0x0A06 0x221B len:9 [0m
[37m[29.099][linker]-[Debug]-[DjiCommand_DealCmd:919) received unsupport request cmd that noneed ack, <0x307a> cmdset: 0x22 cmdid: 0x1B [0m
[37m[29.120][linker]-[Debug]-[DjiProtocol_v1Pack:123) <0xde8d>V1-Send: 0x0A06->0x0200 0x3C10 [0m
[37m[29.120][linker]-[Debug]-[DjiProtocol_v1Pack:123) <0xde8e>V1-Send: 0x0A06->0x0A01 0x3C10 [0m
[37m[29.120][linker]-[Debug]-[DjiProtocol_v1Pack:123) <0xde8f>V1-Send: 0x0A06->0x0300 0x3C10 [0m
[37m[29.141][linker]-[Debug]-[DjiProtocol_v1Unpack:215) <0x30bd>V1-Recv: 0x0300->0x0A06 0x036C [0m
[37m[29.141][linker]-[Debug]-[DjiProtocol_v1Unpack:215) <0x37db>V1-Recv: 0x0A01->0x0A06 0x3C45 [0m
[37m[29.142][linker]-[Debug]-[DjiCommand_RecvWork:1066)  <0x30bd>Receive msg from linker, 0x0300->0x0A06 0x036C len:71 [0m
[37m[29.142][linker]-[Debug]-[DjiCommand_DealCmd:919) received unsupport request cmd that noneed ack, <0x30bd> cmdset: 0x03 cmdid: 0x6C [0m
[37m[29.143][linker]-[Debug]-[DjiCommand_RecvWork:1066)  <0x37db>Receive msg from linker, 0x0A01->0x0A06 0x3C45 len:0 [0m
[37m[29.143][upgrade]-[Debug]-[DjiUpgrade_GetUpgradeServiceInfo:239) Get upgrade service info [0m
[37m[29.143][linker]-[Debug]-[DjiProtocol_v1Pack:123) <0x37db>V1-Send: 0x0A06->0x0A01 0x3C45 [0m
[37m[29.159][linker]-[Debug]-[DjiProtocol_v1Unpack:215) <0x30e6>V1-Recv: 0x0300->0x0100 0x0405 [0m
[37m[29.159][linker]-[Debug]-[DjiProtocol_v1Unpack:215) <0x30e7>V1-Recv: 0x0300->0x0A06 0x4900 [0m
[37m[29.160][linker]-[Debug]-[DjiCommand_RecvWork:1066)  <0x30e6>Receive msg from linker, 0x0300->0x0100 0x0405 len:22 [0m
[37m[29.160][linker]-[Debug]-[DjiCommand_DealCmd:919) received unsupport request cmd that noneed ack, <0x30e6> cmdset: 0x04 cmdid: 0x05 [0m
[37m[29.161][linker]-[Debug]-[DjiCommand_RecvWork:1066)  <0x30e7>Receive msg from linker, 0x0300->0x0A06 0x4900 len:14 [0m
[37m[29.161][linker]-[Debug]-[DjiProtocol_v1Pack:123) <0x30e7>V1-Send: 0x0A06->0x0300 0x4900 [0m
[37m[29.176][linker]-[Debug]-[DjiProtocol_v1Unpack:215) <0x3106>V1-Recv: 0x0306->0x0A06 0x03C1 [0m
[37m[29.177][linker]-[Debug]-[DjiCommand_RecvWork:1066)  <0x3106>Receive msg from linker, 0x0306->0x0A06 0x03C1 len:13 [0m
[37m[29.198][linker]-[Debug]-[DjiProtocol_v1Unpack:215) <0x3139>V1-Recv: 0x0300->0x0A06 0x221B [0m
[37m[29.199][linker]-[Debug]-[DjiCommand_RecvWork:1066)  <0x3139>Receive msg from linker, 0x0300->0x0A06 0x221B len:9 [0m
[37m[29.199][linker]-[Debug]-[DjiCommand_DealCmd:919) received unsupport request cmd that noneed ack, <0x3139> cmdset: 0x22 cmdid: 0x1B [0m
[37m[29.240][linker]-[Debug]-[DjiProtocol_v1Unpack:215) <0x317c>V1-Recv: 0x0300->0x0A06 0x036C [0m
[37m[29.241][linker]-[Debug]-[DjiCommand_RecvWork:1066)  <0x317c>Receive msg from linker, 0x0300->0x0A06 0x036C len:71 [0m
[37m[29.241][linker]-[Debug]-[DjiCommand_DealCmd:919) received unsupport request cmd that noneed ack, <0x317c> cmdset: 0x03 cmdid: 0x6C [0m
[37m[29.258][linker]-[Debug]-[DjiProtocol_v1Unpack:215) <0x31ad>V1-Recv: 0x0300->0x0A06 0x4900 [0m
[37m[29.259][linker]-[Debug]-[DjiCommand_RecvWork:1066)  <0x31ad>Receive msg from linker, 0x0300->0x0A06 0x4900 len:14 [0m
[37m[29.259][linker]-[Debug]-[DjiProtocol_v1Pack:123) <0x31ad>V1-Send: 0x0A06->0x0300 0x4900 [0m
[37m[29.272][linker]-[Debug]-[DjiProtocol_v1Unpack:215) <0x19>V1-Recv: 0x0800->0x0A06 0x0866 [0m
[37m[29.273][linker]-[Debug]-[DjiCommand_RecvWork:1066)  <0x19>Receive msg from linker, 0x0800->0x0A06 0x0866 len:16 [0m
[37m[29.273][linker]-[Debug]-[DjiCommand_DealCmd:919) received unsupport request cmd that noneed ack, <0x19> cmdset: 0x08 cmdid: 0x66 [0m
[37m[29.277][linker]-[Debug]-[DjiProtocol_v1Unpack:215) <0x31ce>V1-Recv: 0x0306->0x0A06 0x03C1 [0m
[37m[29.277][linker]-[Debug]-[DjiCommand_RecvWork:1066)  <0x31ce>Receive msg from linker, 0x0306->0x0A06 0x03C1 len:13 [0m
[37m[29.298][linker]-[Debug]-[DjiProtocol_v1Unpack:215) <0x3200>V1-Recv: 0x0300->0x0A06 0x221B [0m
[37m[29.299][linker]-[Debug]-[DjiCommand_RecvWork:1066)  <0x3200>Receive msg from linker, 0x0300->0x0A06 0x221B len:9 [0m
[37m[29.299][linker]-[Debug]-[DjiCommand_DealCmd:919) received unsupport request cmd that noneed ack, <0x3200> cmdset: 0x22 cmdid: 0x1B [0m
[37m[29.333][linker]-[Debug]-[DjiProtocol_v1Pack:123) <0xde90>V1-Send: 0x0A06->0x0200 0x3C10 [0m
[37m[29.333][linker]-[Debug]-[DjiProtocol_v1Pack:123) <0xde91>V1-Send: 0x0A06->0x0A01 0x3C10 [0m
[37m[29.333][linker]-[Debug]-[DjiProtocol_v1Pack:123) <0xde92>V1-Send: 0x0A06->0x0300 0x3C10 [0m
[37m[29.340][linker]-[Debug]-[DjiProtocol_v1Unpack:215) <0x3244>V1-Recv: 0x0300->0x0A06 0x036C [0m
[37m[29.341][linker]-[Debug]-[DjiCommand_RecvWork:1066)  <0x3244>Receive msg from linker, 0x0300->0x0A06 0x036C len:71 [0m
[37m[29.341][linker]-[Debug]-[DjiCommand_DealCmd:919) received unsupport request cmd that noneed ack, <0x3244> cmdset: 0x03 cmdid: 0x6C [0m
[37m[29.359][linker]-[Debug]-[DjiProtocol_v1Unpack:215) <0x326a>V1-Recv: 0x0300->0x0A06 0x4900 [0m
[37m[29.359][linker]-[Debug]-[DjiProtocol_v1Unpack:215) <0x37de>V1-Recv: 0x0A01->0x0A06 0x3C45 [0m
[37m[29.360][linker]-[Debug]-[DjiCommand_RecvWork:1066)  <0x326a>Receive msg from linker, 0x0300->0x0A06 0x4900 len:14 [0m
[37m[29.360][linker]-[Debug]-[DjiProtocol_v1Pack:123) <0x326a>V1-Send: 0x0A06->0x0300 0x4900 [0m
[37m[29.361][linker]-[Debug]-[DjiCommand_RecvWork:1066)  <0x37de>Receive msg from linker, 0x0A01->0x0A06 0x3C45 len:0 [0m
[37m[29.361][upgrade]-[Debug]-[DjiUpgrade_GetUpgradeServiceInfo:239) Get upgrade service info [0m
[37m[29.361][linker]-[Debug]-[DjiProtocol_v1Pack:123) <0x37de>V1-Send: 0x0A06->0x0A01 0x3C45 [0m
[37m[29.376][linker]-[Debug]-[DjiProtocol_v1Unpack:215) <0x3287>V1-Recv: 0x0306->0x0A06 0x03C1 [0m
[37m[29.377][linker]-[Debug]-[DjiCommand_RecvWork:1066)  <0x3287>Receive msg from linker, 0x0306->0x0A06 0x03C1 len:13 [0m
[37m[29.398][linker]-[Debug]-[DjiProtocol_v1Unpack:215) <0x32b1>V1-Recv: 0x0300->0x0A06 0x221B [0m
[37m[29.398][linker]-[Debug]-[DjiCommand_RecvWork:1066)  <0x32b1>Receive msg from linker, 0x0300->0x0A06 0x221B len:9 [0m
[37m[29.398][linker]-[Debug]-[DjiCommand_DealCmd:919) received unsupport request cmd that noneed ack, <0x32b1> cmdset: 0x22 cmdid: 0x1B [0m
[37m[29.401][linker]-[Debug]-[DjiProtocol_v1Unpack:215) <0x1752>V1-Recv: 0x1D07->0x0A06 0x2105 [0m
[37m[29.401][linker]-[Debug]-[DjiCommand_RecvWork:1066)  <0x1752>Receive msg from linker, 0x1D07->0x0A06 0x2105 len:1 [0m
[37m[29.401][linker]-[Debug]-[DjiCommand_DealCmd:919) received unsupport request cmd that need ack, <0x1752> cmdset: 0x21 cmdid: 0x05 [0m
[37m[29.440][linker]-[Debug]-[DjiProtocol_v1Unpack:215) <0x32f4>V1-Recv: 0x0300->0x0A06 0x036C [0m
[37m[29.440][linker]-[Debug]-[DjiCommand_RecvWork:1066)  <0x32f4>Receive msg from linker, 0x0300->0x0A06 0x036C len:71 [0m
[37m[29.440][linker]-[Debug]-[DjiCommand_DealCmd:919) received unsupport request cmd that noneed ack, <0x32f4> cmdset: 0x03 cmdid: 0x6C [0m
[37m[29.458][linker]-[Debug]-[DjiProtocol_v1Unpack:215) <0x331c>V1-Recv: 0x0300->0x0A06 0x4900 [0m
[37m[29.458][linker]-[Debug]-[DjiCommand_RecvWork:1066)  <0x331c>Receive msg from linker, 0x0300->0x0A06 0x4900 len:14 [0m
[37m[29.458][linker]-[Debug]-[DjiProtocol_v1Pack:123) <0x331c>V1-Send: 0x0A06->0x0300 0x4900 [0m
[37m[29.476][linker]-[Debug]-[DjiProtocol_v1Unpack:215) <0x3339>V1-Recv: 0x0306->0x0A06 0x03C1 [0m
[37m[29.477][linker]-[Debug]-[DjiCommand_RecvWork:1066)  <0x3339>Receive msg from linker, 0x0306->0x0A06 0x03C1 len:13 [0m
[37m[29.498][linker]-[Debug]-[DjiProtocol_v1Unpack:215) <0x3368>V1-Recv: 0x0300->0x0A06 0x221B [0m
[37m[29.498][linker]-[Debug]-[DjiCommand_RecvWork:1066)  <0x3368>Receive msg from linker, 0x0300->0x0A06 0x221B len:9 [0m
[37m[29.498][linker]-[Debug]-[DjiCommand_DealCmd:919) received unsupport request cmd that noneed ack, <0x3368> cmdset: 0x22 cmdid: 0x1B [0m
[37m[29.522][linker]-[Debug]-[DjiProtocol_v1Unpack:215) <0x1a>V1-Recv: 0x0800->0x0A06 0x0866 [0m
[37m[29.522][linker]-[Debug]-[DjiCommand_RecvWork:1066)  <0x1a>Receive msg from linker, 0x0800->0x0A06 0x0866 len:16 [0m
[37m[29.522][linker]-[Debug]-[DjiCommand_DealCmd:919) received unsupport request cmd that noneed ack, <0x1a> cmdset: 0x08 cmdid: 0x66 [0m
[37m[29.540][linker]-[Debug]-[DjiProtocol_v1Unpack:215) <0x33aa>V1-Recv: 0x0300->0x0A06 0x036C [0m
[37m[29.541][linker]-[Debug]-[DjiCommand_RecvWork:1066)  <0x33aa>Receive msg from linker, 0x0300->0x0A06 0x036C len:71 [0m
[37m[29.542][linker]-[Debug]-[DjiCommand_DealCmd:919) received unsupport request cmd that noneed ack, <0x33aa> cmdset: 0x03 cmdid: 0x6C [0m
[37m[29.546][linker]-[Debug]-[DjiProtocol_v1Pack:123) <0xde93>V1-Send: 0x0A06->0x0200 0x3C10 [0m
[37m[29.546][linker]-[Debug]-[DjiProtocol_v1Pack:123) <0xde94>V1-Send: 0x0A06->0x0A01 0x3C10 [0m
[37m[29.546][linker]-[Debug]-[DjiProtocol_v1Pack:123) <0xde95>V1-Send: 0x0A06->0x0300 0x3C10 [0m
[37m[29.560][linker]-[Debug]-[DjiProtocol_v1Unpack:215) <0x33d2>V1-Recv: 0x0300->0x0A06 0x4900 [0m
[37m[29.560][linker]-[Debug]-[DjiProtocol_v1Unpack:215) <0x37df>V1-Recv: 0x0A01->0x0A06 0x3C45 [0m
[37m[29.560][linker]-[Debug]-[DjiCommand_RecvWork:1066)  <0x33d2>Receive msg from linker, 0x0300->0x0A06 0x4900 len:14 [0m
[37m[29.560][linker]-[Debug]-[DjiProtocol_v1Pack:123) <0x33d2>V1-Send: 0x0A06->0x0300 0x4900 [0m
[37m[29.561][linker]-[Debug]-[DjiCommand_RecvWork:1066)  <0x37df>Receive msg from linker, 0x0A01->0x0A06 0x3C45 len:0 [0m
[37m[29.561][upgrade]-[Debug]-[DjiUpgrade_GetUpgradeServiceInfo:239) Get upgrade service info [0m
[37m[29.561][linker]-[Debug]-[DjiProtocol_v1Pack:123) <0x37df>V1-Send: 0x0A06->0x0A01 0x3C45 [0m
[37m[29.577][linker]-[Debug]-[DjiProtocol_v1Unpack:215) <0x33f2>V1-Recv: 0x0306->0x0A06 0x03C1 [0m
[37m[29.577][linker]-[Debug]-[DjiCommand_RecvWork:1066)  <0x33f2>Receive msg from linker, 0x0306->0x0A06 0x03C1 len:13 [0m
[37m[29.598][linker]-[Debug]-[DjiProtocol_v1Unpack:215) <0x341f>V1-Recv: 0x0300->0x0A06 0x221B [0m
[37m[29.598][linker]-[Debug]-[DjiCommand_RecvWork:1066)  <0x341f>Receive msg from linker, 0x0300->0x0A06 0x221B len:9 [0m
[37m[29.598][linker]-[Debug]-[DjiCommand_DealCmd:919) received unsupport request cmd that noneed ack, <0x341f> cmdset: 0x22 cmdid: 0x1B [0m
[37m[29.641][linker]-[Debug]-[DjiProtocol_v1Unpack:215) <0x345d>V1-Recv: 0x0300->0x0A06 0x036C [0m
[37m[29.641][linker]-[Debug]-[DjiCommand_RecvWork:1066)  <0x345d>Receive msg from linker, 0x0300->0x0A06 0x036C len:71 [0m
[37m[29.641][linker]-[Debug]-[DjiCommand_DealCmd:919) received unsupport request cmd that noneed ack, <0x345d> cmdset: 0x03 cmdid: 0x6C [0m
[37m[29.661][linker]-[Debug]-[DjiProtocol_v1Unpack:215) <0x3485>V1-Recv: 0x0300->0x0A06 0x0F74 [0m
[37m[29.661][linker]-[Debug]-[DjiProtocol_v1Unpack:215) <0x3488>V1-Recv: 0x0300->0x0100 0x0406 [0m
[37m[29.661][linker]-[Debug]-[DjiProtocol_v1Unpack:215) <0x3489>V1-Recv: 0x0300->0x0100 0x0407 [0m
[37m[29.661][linker]-[Debug]-[DjiProtocol_v1Unpack:215) <0x348a>V1-Recv: 0x0300->0x0A06 0x4900 [0m
[37m[29.661][linker]-[Debug]-[DjiCommand_RecvWork:1066)  <0x3485>Receive msg from linker, 0x0300->0x0A06 0x0F74 len:28 [0m
[37m[29.661][linker]-[Debug]-[DjiCommand_DealCmd:919) received unsupport request cmd that noneed ack, <0x3485> cmdset: 0x0F cmdid: 0x74 [0m
[37m[29.662][linker]-[Debug]-[DjiCommand_RecvWork:1066)  <0x3488>Receive msg from linker, 0x0300->0x0100 0x0406 len:12 [0m
[37m[29.662][linker]-[Debug]-[DjiCommand_DealCmd:919) received unsupport request cmd that noneed ack, <0x3488> cmdset: 0x04 cmdid: 0x06 [0m
[37m[29.663][linker]-[Debug]-[DjiCommand_RecvWork:1066)  <0x3489>Receive msg from linker, 0x0300->0x0100 0x0407 len:1 [0m
[37m[29.663][linker]-[Debug]-[DjiCommand_DealCmd:919) received unsupport request cmd that noneed ack, <0x3489> cmdset: 0x04 cmdid: 0x07 [0m
[37m[29.664][linker]-[Debug]-[DjiCommand_RecvWork:1066)  <0x348a>Receive msg from linker, 0x0300->0x0A06 0x4900 len:14 [0m
[37m[29.664][linker]-[Debug]-[DjiProtocol_v1Pack:123) <0x348a>V1-Send: 0x0A06->0x0300 0x4900 [0m
[37m[29.677][linker]-[Debug]-[DjiProtocol_v1Unpack:215) <0x34a5>V1-Recv: 0x0306->0x0A06 0x03C1 [0m
[37m[29.677][linker]-[Debug]-[DjiCommand_RecvWork:1066)  <0x34a5>Receive msg from linker, 0x0306->0x0A06 0x03C1 len:13 [0m
[37m[29.697][linker]-[Debug]-[DjiProtocol_v1Unpack:215) <0x34ce>V1-Recv: 0x0300->0x0A06 0x221B [0m
[37m[29.697][linker]-[Debug]-[DjiCommand_RecvWork:1066)  <0x34ce>Receive msg from linker, 0x0300->0x0A06 0x221B len:9 [0m
[37m[29.697][linker]-[Debug]-[DjiCommand_DealCmd:919) received unsupport request cmd that noneed ack, <0x34ce> cmdset: 0x22 cmdid: 0x1B [0m
[37m[29.741][linker]-[Debug]-[DjiProtocol_v1Unpack:215) <0x3513>V1-Recv: 0x0300->0x0A06 0x036C [0m
[37m[29.741][linker]-[Debug]-[DjiCommand_RecvWork:1066)  <0x3513>Receive msg from linker, 0x0300->0x0A06 0x036C len:71 [0m
[37m[29.741][linker]-[Debug]-[DjiCommand_DealCmd:919) received unsupport request cmd that noneed ack, <0x3513> cmdset: 0x03 cmdid: 0x6C [0m
[37m[29.758][linker]-[Debug]-[DjiProtocol_v1Pack:123) <0xde96>V1-Send: 0x0A06->0x0300 0x0000 [0m
[37m[29.758][infor]-[Debug]-[DjiAircraftConnection_CheckExtensionPortConnectStatusByV1Protocol:170) check connect status:1 [0m
[37m[29.759][linker]-[Debug]-[DjiProtocol_v1Unpack:215) <0x3545>V1-Recv: 0x0300->0x0A06 0x4900 [0m
[37m[29.759][linker]-[Debug]-[DjiCommand_RecvWork:1066)  <0x3545>Receive msg from linker, 0x0300->0x0A06 0x4900 len:14 [0m
[37m[29.759][linker]-[Debug]-[DjiProtocol_v1Pack:123) <0x3545>V1-Send: 0x0A06->0x0300 0x4900 [0m
[37m[29.759][linker]-[Debug]-[DjiProtocol_v1Pack:123) <0xde97>V1-Send: 0x0A06->0x0200 0x3C10 [0m
[37m[29.759][linker]-[Debug]-[DjiProtocol_v1Pack:123) <0xde98>V1-Send: 0x0A06->0x0A01 0x3C10 [0m
[37m[29.759][linker]-[Debug]-[DjiProtocol_v1Pack:123) <0xde99>V1-Send: 0x0A06->0x0300 0x3C10 [0m
[37m[29.772][linker]-[Debug]-[DjiProtocol_v1Unpack:215) <0x1b>V1-Recv: 0x0800->0x0A06 0x0866 [0m
[37m[29.772][linker]-[Debug]-[DjiCommand_RecvWork:1066)  <0x1b>Receive msg from linker, 0x0800->0x0A06 0x0866 len:16 [0m
[37m[29.772][linker]-[Debug]-[DjiCommand_DealCmd:919) received unsupport request cmd that noneed ack, <0x1b> cmdset: 0x08 cmdid: 0x66 [0m
[37m[29.777][linker]-[Debug]-[DjiProtocol_v1Unpack:215) <0x3564>V1-Recv: 0x0306->0x0A06 0x03C1 [0m
[37m[29.777][linker]-[Debug]-[DjiProtocol_v1Unpack:215) <0xde96>V1-Recv: 0x0300->0x0A06 0x0000 [0m
[37m[29.777][linker]-[Debug]-[DjiCommand_RecvWork:1066)  <0x3564>Receive msg from linker, 0x0306->0x0A06 0x03C1 len:13 [0m
[37m[29.778][linker]-[Debug]-[DjiCommand_RecvWork:1066)  <0xde96>Receive msg from linker, 0x0300->0x0A06 0x0000 len:0 [0m
[37m[29.778][infor]-[Debug]-[DjiAircraftInfo_CheckPingStatusAsyncCallback:269) connect status async sucess [0m
[37m[29.778][linker]-[Debug]-[DjiCommand_DealCmd:830) callback function (cmdset: 0x00 cmdid: 0x00) deal time: 0 ms [0m
[37m[29.781][linker]-[Debug]-[DjiProtocol_v1Unpack:215) <0x37e0>V1-Recv: 0x0A01->0x0A06 0x3C45 [0m
[37m[29.782][linker]-[Debug]-[DjiCommand_RecvWork:1066)  <0x37e0>Receive msg from linker, 0x0A01->0x0A06 0x3C45 len:0 [0m
[37m[29.782][upgrade]-[Debug]-[DjiUpgrade_GetUpgradeServiceInfo:239) Get upgrade service info [0m
[37m[29.782][linker]-[Debug]-[DjiProtocol_v1Pack:123) <0x37e0>V1-Send: 0x0A06->0x0A01 0x3C45 [0m
[37m[29.797][linker]-[Debug]-[DjiProtocol_v1Unpack:215) <0x3595>V1-Recv: 0x0300->0x0A06 0x221B [0m
[37m[29.798][linker]-[Debug]-[DjiCommand_RecvWork:1066)  <0x3595>Receive msg from linker, 0x0300->0x0A06 0x221B len:9 [0m
[37m[29.798][linker]-[Debug]-[DjiCommand_DealCmd:919) received unsupport request cmd that noneed ack, <0x3595> cmdset: 0x22 cmdid: 0x1B [0m
[37m[29.845][linker]-[Debug]-[DjiProtocol_v1Unpack:215) <0x35d1>V1-Recv: 0x0306->0x0A06 0x03C1 [0m
[37m[29.845][linker]-[Debug]-[DjiProtocol_v1Unpack:215) <0x35d3>V1-Recv: 0x0300->0x0A06 0x036C [0m
[37m[29.845][linker]-[Debug]-[DjiCommand_RecvWork:1066)  <0x35d1>Receive msg from linker, 0x0306->0x0A06 0x03C1 len:126 [0m
[37m[29.846][linker]-[Debug]-[DjiCommand_RecvWork:1066)  <0x35d3>Receive msg from linker, 0x0300->0x0A06 0x036C len:71 [0m
[37m[29.846][linker]-[Debug]-[DjiCommand_DealCmd:919) received unsupport request cmd that noneed ack, <0x35d3> cmdset: 0x03 cmdid: 0x6C [0m
[37m[29.859][linker]-[Debug]-[DjiProtocol_v1Unpack:215) <0x35fc>V1-Recv: 0x0300->0x0A06 0x4900 [0m
[37m[29.859][linker]-[Debug]-[DjiCommand_RecvWork:1066)  <0x35fc>Receive msg from linker, 0x0300->0x0A06 0x4900 len:14 [0m
[37m[29.859][linker]-[Debug]-[DjiProtocol_v1Pack:123) <0x35fc>V1-Send: 0x0A06->0x0300 0x4900 [0m
[37m[29.877][linker]-[Debug]-[DjiProtocol_v1Unpack:215) <0x3617>V1-Recv: 0x0306->0x0A06 0x03C1 [0m
[37m[29.877][linker]-[Debug]-[DjiCommand_RecvWork:1066)  <0x3617>Receive msg from linker, 0x0306->0x0A06 0x03C1 len:13 [0m
[37m[29.877][utils]-[Debug]-[DjiCore_RootTask:131) work execution time: [0m
[37m[29.877][utils]-[Debug]-[DjiCore_RootTask:132) name	                execution time (ms)	  max execution time (ms) [0m
[37m[29.877][utils]-[Debug]-[DjiCore_RootTask:134) recorderWork                    	1       	1        [0m
[37m[29.877][utils]-[Debug]-[DjiCore_RootTask:134) flowControllerTask              	0       	1        [0m
[37m[29.877][utils]-[Debug]-[DjiCore_RootTask:134) commandTask                     	1       	1        [0m
[37m[29.877][utils]-[Debug]-[DjiCore_RootTask:134) aircraftWorkNode                	0       	1        [0m
[37m[29.877][utils]-[Debug]-[DjiCore_RootTask:134) StatePushWork                   	1       	1        [0m
[32m[29.881][user]-[Info]-[UserFcSubscription_Task:453) Current speed: 0.000000.
 [0m
[32m[29.881][user]-[Info]-[UserFcSubscription_Task:639) Displaymode status: 6. [0m
[37m[29.898][linker]-[Debug]-[DjiProtocol_v1Unpack:215) <0x5a5>V1-Recv: 0x0701->0x0A06 0x0000 [0m
[37m[29.898][linker]-[Debug]-[DjiProtocol_v1Unpack:215) <0x3643>V1-Recv: 0x0300->0x0A06 0x221B [0m
[37m[29.898][linker]-[Debug]-[DjiCommand_RecvWork:1066)  <0x5a5>Receive msg from linker, 0x0701->0x0A06 0x0000 len:16 [0m
[37m[29.898][linker]-[Debug]-[DjiProtocol_v1Pack:123) <0x5a5>V1-Send: 0x0A06->0x0701 0x0000 [0m
[37m[29.899][linker]-[Debug]-[DjiCommand_RecvWork:1066)  <0x3643>Receive msg from linker, 0x0300->0x0A06 0x221B len:9 [0m
[37m[29.899][linker]-[Debug]-[DjiCommand_DealCmd:919) received unsupport request cmd that noneed ack, <0x3643> cmdset: 0x22 cmdid: 0x1B [0m
[37m[29.941][linker]-[Debug]-[DjiProtocol_v1Unpack:215) <0x3687>V1-Recv: 0x0300->0x0A06 0x036C [0m
[37m[29.942][linker]-[Debug]-[DjiCommand_RecvWork:1066)  <0x3687>Receive msg from linker, 0x0300->0x0A06 0x036C len:71 [0m
[37m[29.942][linker]-[Debug]-[DjiCommand_DealCmd:919) received unsupport request cmd that noneed ack, <0x3687> cmdset: 0x03 cmdid: 0x6C [0m
[37m[29.959][linker]-[Debug]-[DjiProtocol_v1Unpack:215) <0x36b2>V1-Recv: 0x0300->0x0A06 0x4900 [0m
[37m[29.959][linker]-[Debug]-[DjiCommand_RecvWork:1066)  <0x36b2>Receive msg from linker, 0x0300->0x0A06 0x4900 len:14 [0m
[37m[29.959][linker]-[Debug]-[DjiProtocol_v1Pack:123) <0x36b2>V1-Send: 0x0A06->0x0300 0x4900 [0m
[37m[29.973][linker]-[Debug]-[DjiProtocol_v1Pack:123) <0xde9a>V1-Send: 0x0A06->0x0200 0x3C10 [0m
[37m[29.973][linker]-[Debug]-[DjiProtocol_v1Pack:123) <0xde9b>V1-Send: 0x0A06->0x0A01 0x3C10 [0m
[37m[29.973][linker]-[Debug]-[DjiProtocol_v1Pack:123) <0xde9c>V1-Send: 0x0A06->0x0300 0x3C10 [0m
[37m[29.977][linker]-[Debug]-[DjiProtocol_v1Unpack:215) <0x36d0>V1-Recv: 0x0306->0x0A06 0x03C1 [0m
[37m[29.978][linker]-[Debug]-[DjiCommand_RecvWork:1066)  <0x36d0>Receive msg from linker, 0x0306->0x0A06 0x03C1 len:13 [0m
[37m[29.998][linker]-[Debug]-[DjiProtocol_v1Unpack:215) <0x36fc>V1-Recv: 0x0300->0x0A06 0x221B [0m
[37m[29.999][linker]-[Debug]-[DjiCommand_RecvWork:1066)  <0x36fc>Receive msg from linker, 0x0300->0x0A06 0x221B len:9 [0m
[37m[29.999][linker]-[Debug]-[DjiCommand_DealCmd:919) received unsupport request cmd that noneed ack, <0x36fc> cmdset: 0x22 cmdid: 0x1B [0m
[37m[29.999][linker]-[Debug]-[DjiProtocol_v1Unpack:215) <0x37e1>V1-Recv: 0x0A01->0x0A06 0x3C45 [0m
[37m[30.000][linker]-[Debug]-[DjiCommand_RecvWork:1066)  <0x37e1>Receive msg from linker, 0x0A01->0x0A06 0x3C45 len:0 [0m
[37m[30.000][upgrade]-[Debug]-[DjiUpgrade_GetUpgradeServiceInfo:239) Get upgrade service info [0m
[37m[30.000][linker]-[Debug]-[DjiProtocol_v1Pack:123) <0x37e1>V1-Send: 0x0A06->0x0A01 0x3C45 [0m
[37m[30.022][linker]-[Debug]-[DjiProtocol_v1Unpack:215) <0x1c>V1-Recv: 0x0800->0x0A06 0x0866 [0m
[37m[30.023][linker]-[Debug]-[DjiCommand_RecvWork:1066)  <0x1c>Receive msg from linker, 0x0800->0x0A06 0x0866 len:16 [0m
[37m[30.023][linker]-[Debug]-[DjiCommand_DealCmd:919) received unsupport request cmd that noneed ack, <0x1c> cmdset: 0x08 cmdid: 0x66 [0m
[37m[30.040][linker]-[Debug]-[DjiProtocol_v1Unpack:215) <0x373a>V1-Recv: 0x0300->0x0A06 0x036C [0m
[37m[30.041][linker]-[Debug]-[DjiCommand_RecvWork:1066)  <0x373a>Receive msg from linker, 0x0300->0x0A06 0x036C len:71 [0m
[37m[30.041][linker]-[Debug]-[DjiCommand_DealCmd:919) received unsupport request cmd that noneed ack, <0x373a> cmdset: 0x03 cmdid: 0x6C [0m
[37m[30.059][linker]-[Debug]-[DjiProtocol_v1Unpack:215) <0x3761>V1-Recv: 0x0300->0x0A06 0x4900 [0m
[37m[30.060][linker]-[Debug]-[DjiCommand_RecvWork:1066)  <0x3761>Receive msg from linker, 0x0300->0x0A06 0x4900 len:14 [0m
[37m[30.060][linker]-[Debug]-[DjiProtocol_v1Pack:123) <0x3761>V1-Send: 0x0A06->0x0300 0x4900 [0m
[37m[30.077][linker]-[Debug]-[DjiProtocol_v1Unpack:215) <0x377c>V1-Recv: 0x0306->0x0A06 0x03C1 [0m
[37m[30.078][linker]-[Debug]-[DjiCommand_RecvWork:1066)  <0x377c>Receive msg from linker, 0x0306->0x0A06 0x03C1 len:13 [0m
[37m[30.097][linker]-[Debug]-[DjiProtocol_v1Unpack:215) <0x37aa>V1-Recv: 0x0300->0x0A06 0x221B [0m
[37m[30.098][linker]-[Debug]-[DjiCommand_RecvWork:1066)  <0x37aa>Receive msg from linker, 0x0300->0x0A06 0x221B len:9 [0m
[37m[30.098][linker]-[Debug]-[DjiCommand_DealCmd:919) received unsupport request cmd that noneed ack, <0x37aa> cmdset: 0x22 cmdid: 0x1B [0m
[37m[30.140][linker]-[Debug]-[DjiProtocol_v1Unpack:215) <0x37f1>V1-Recv: 0x0300->0x0A06 0x036C [0m
[37m[30.140][linker]-[Debug]-[DjiCommand_RecvWork:1066)  <0x37f1>Receive msg from linker, 0x0300->0x0A06 0x036C len:71 [0m
[37m[30.140][linker]-[Debug]-[DjiCommand_DealCmd:919) received unsupport request cmd that noneed ack, <0x37f1> cmdset: 0x03 cmdid: 0x6C [0m
[37m[30.159][linker]-[Debug]-[DjiProtocol_v1Unpack:215) <0x3818>V1-Recv: 0x0300->0x0100 0x0405 [0m
[37m[30.159][linker]-[Debug]-[DjiProtocol_v1Unpack:215) <0x3819>V1-Recv: 0x0300->0x0A06 0x4900 [0m
[37m[30.159][linker]-[Debug]-[DjiCommand_RecvWork:1066)  <0x3818>Receive msg from linker, 0x0300->0x0100 0x0405 len:22 [0m
[37m[30.159][linker]-[Debug]-[DjiCommand_DealCmd:919) received unsupport request cmd that noneed ack, <0x3818> cmdset: 0x04 cmdid: 0x05 [0m
[37m[30.160][linker]-[Debug]-[DjiCommand_RecvWork:1066)  <0x3819>Receive msg from linker, 0x0300->0x0A06 0x4900 len:14 [0m
[37m[30.160][linker]-[Debug]-[DjiProtocol_v1Pack:123) <0x3819>V1-Send: 0x0A06->0x0300 0x4900 [0m
[37m[30.176][linker]-[Debug]-[DjiProtocol_v1Unpack:215) <0x3836>V1-Recv: 0x0306->0x0A06 0x03C1 [0m
[37m[30.176][linker]-[Debug]-[DjiCommand_RecvWork:1066)  <0x3836>Receive msg from linker, 0x0306->0x0A06 0x03C1 len:13 [0m
[37m[30.186][linker]-[Debug]-[DjiProtocol_v1Pack:123) <0xde9d>V1-Send: 0x0A06->0x0200 0x3C10 [0m
[37m[30.186][linker]-[Debug]-[DjiProtocol_v1Pack:123) <0xde9e>V1-Send: 0x0A06->0x0A01 0x3C10 [0m
[37m[30.186][linker]-[Debug]-[DjiProtocol_v1Pack:123) <0xde9f>V1-Send: 0x0A06->0x0300 0x3C10 [0m
[37m[30.198][linker]-[Debug]-[DjiProtocol_v1Unpack:215) <0x3861>V1-Recv: 0x0300->0x0A06 0x221B [0m
[37m[30.199][linker]-[Debug]-[DjiCommand_RecvWork:1066)  <0x3861>Receive msg from linker, 0x0300->0x0A06 0x221B len:9 [0m
[37m[30.199][linker]-[Debug]-[DjiCommand_DealCmd:919) received unsupport request cmd that noneed ack, <0x3861> cmdset: 0x22 cmdid: 0x1B [0m
[37m[30.199][linker]-[Debug]-[DjiProtocol_v1Unpack:215) <0x37e2>V1-Recv: 0x0A01->0x0A06 0x3C45 [0m
[37m[30.200][linker]-[Debug]-[DjiCommand_RecvWork:1066)  <0x37e2>Receive msg from linker, 0x0A01->0x0A06 0x3C45 len:0 [0m
[37m[30.200][upgrade]-[Debug]-[DjiUpgrade_GetUpgradeServiceInfo:239) Get upgrade service info [0m
[37m[30.200][linker]-[Debug]-[DjiProtocol_v1Pack:123) <0x37e2>V1-Send: 0x0A06->0x0A01 0x3C45 [0m
[37m[30.240][linker]-[Debug]-[DjiProtocol_v1Unpack:215) <0x38a7>V1-Recv: 0x0300->0x0A06 0x036C [0m
[37m[30.241][linker]-[Debug]-[DjiCommand_RecvWork:1066)  <0x38a7>Receive msg from linker, 0x0300->0x0A06 0x036C len:71 [0m
[37m[30.241][linker]-[Debug]-[DjiCommand_DealCmd:919) received unsupport request cmd that noneed ack, <0x38a7> cmdset: 0x03 cmdid: 0x6C [0m
[37m[30.259][linker]-[Debug]-[DjiProtocol_v1Unpack:215) <0x38d8>V1-Recv: 0x0300->0x0A06 0x4900 [0m
[37m[30.259][linker]-[Debug]-[DjiCommand_RecvWork:1066)  <0x38d8>Receive msg from linker, 0x0300->0x0A06 0x4900 len:14 [0m
[37m[30.259][linker]-[Debug]-[DjiProtocol_v1Pack:123) <0x38d8>V1-Send: 0x0A06->0x0300 0x4900 [0m
[37m[30.272][linker]-[Debug]-[DjiProtocol_v1Unpack:215) <0x1d>V1-Recv: 0x0800->0x0A06 0x0866 [0m
[37m[30.273][linker]-[Debug]-[DjiCommand_RecvWork:1066)  <0x1d>Receive msg from linker, 0x0800->0x0A06 0x0866 len:16 [0m
[37m[30.273][linker]-[Debug]-[DjiCommand_DealCmd:919) received unsupport request cmd that noneed ack, <0x1d> cmdset: 0x08 cmdid: 0x66 [0m
[37m[30.277][linker]-[Debug]-[DjiProtocol_v1Unpack:215) <0x38f9>V1-Recv: 0x0306->0x0A06 0x03C1 [0m
[37m[30.277][linker]-[Debug]-[DjiCommand_RecvWork:1066)  <0x38f9>Receive msg from linker, 0x0306->0x0A06 0x03C1 len:13 [0m
[37m[30.296][linker]-[Debug]-[DjiProtocol_v1Unpack:215) <0xb09c>V1-Recv: 0x0202->0x0A06 0x0026 [0m
[37m[30.296][linker]-[Debug]-[DjiCommand_RecvWork:1066)  <0xb09c>Receive msg from linker, 0x0202->0x0A06 0x0026 len:37 [0m
[37m[30.296][linker]-[Debug]-[DjiCommand_DealCmd:919) received unsupport request cmd that need ack, <0xb09c> cmdset: 0x00 cmdid: 0x26 [0m
[37m[30.298][linker]-[Debug]-[DjiProtocol_v1Unpack:215) <0x3929>V1-Recv: 0x0300->0x0A06 0x221B [0m
[37m[30.299][linker]-[Debug]-[DjiCommand_RecvWork:1066)  <0x3929>Receive msg from linker, 0x0300->0x0A06 0x221B len:9 [0m
[37m[30.299][linker]-[Debug]-[DjiCommand_DealCmd:919) received unsupport request cmd that noneed ack, <0x3929> cmdset: 0x22 cmdid: 0x1B [0m
[37m[30.340][linker]-[Debug]-[DjiProtocol_v1Unpack:215) <0x396e>V1-Recv: 0x0300->0x0A06 0x036C [0m
[37m[30.341][linker]-[Debug]-[DjiCommand_RecvWork:1066)  <0x396e>Receive msg from linker, 0x0300->0x0A06 0x036C len:71 [0m
[37m[30.341][linker]-[Debug]-[DjiCommand_DealCmd:919) received unsupport request cmd that noneed ack, <0x396e> cmdset: 0x03 cmdid: 0x6C [0m
[37m[30.358][linker]-[Debug]-[DjiProtocol_v1Unpack:215) <0x3996>V1-Recv: 0x0300->0x0A06 0x4900 [0m
[37m[30.359][linker]-[Debug]-[DjiCommand_RecvWork:1066)  <0x3996>Receive msg from linker, 0x0300->0x0A06 0x4900 len:14 [0m
[37m[30.359][linker]-[Debug]-[DjiProtocol_v1Pack:123) <0x3996>V1-Send: 0x0A06->0x0300 0x4900 [0m
[37m[30.376][linker]-[Debug]-[DjiProtocol_v1Unpack:215) <0x39b6>V1-Recv: 0x0306->0x0A06 0x03C1 [0m
[37m[30.377][linker]-[Debug]-[DjiCommand_RecvWork:1066)  <0x39b6>Receive msg from linker, 0x0306->0x0A06 0x03C1 len:13 [0m
[37m[30.398][linker]-[Debug]-[DjiProtocol_v1Unpack:215) <0x39e1>V1-Recv: 0x0300->0x0A06 0x221B [0m
[37m[30.399][linker]-[Debug]-[DjiCommand_RecvWork:1066)  <0x39e1>Receive msg from linker, 0x0300->0x0A06 0x221B len:9 [0m
[37m[30.399][linker]-[Debug]-[DjiCommand_DealCmd:919) received unsupport request cmd that noneed ack, <0x39e1> cmdset: 0x22 cmdid: 0x1B [0m
[37m[30.400][linker]-[Debug]-[DjiProtocol_v1Pack:123) <0xdea0>V1-Send: 0x0A06->0x0200 0x3C10 [0m
[37m[30.400][linker]-[Debug]-[DjiProtocol_v1Pack:123) <0xdea1>V1-Send: 0x0A06->0x0A01 0x3C10 [0m
[37m[30.400][linker]-[Debug]-[DjiProtocol_v1Pack:123) <0xdea2>V1-Send: 0x0A06->0x0300 0x3C10 [0m
[37m[30.419][linker]-[Debug]-[DjiProtocol_v1Unpack:215) <0x37e6>V1-Recv: 0x0A01->0x0A06 0x3C45 [0m
[37m[30.420][linker]-[Debug]-[DjiCommand_RecvWork:1066)  <0x37e6>Receive msg from linker, 0x0A01->0x0A06 0x3C45 len:0 [0m
[37m[30.420][upgrade]-[Debug]-[DjiUpgrade_GetUpgradeServiceInfo:239) Get upgrade service info [0m
[37m[30.420][linker]-[Debug]-[DjiProtocol_v1Pack:123) <0x37e6>V1-Send: 0x0A06->0x0A01 0x3C45 [0m
[37m[30.440][linker]-[Debug]-[DjiProtocol_v1Unpack:215) <0x3a1f>V1-Recv: 0x0300->0x0A06 0x036C [0m
[37m[30.441][linker]-[Debug]-[DjiCommand_RecvWork:1066)  <0x3a1f>Receive msg from linker, 0x0300->0x0A06 0x036C len:71 [0m
[37m[30.441][linker]-[Debug]-[DjiCommand_DealCmd:919) received unsupport request cmd that noneed ack, <0x3a1f> cmdset: 0x03 cmdid: 0x6C [0m
[37m[30.449][linker]-[Debug]-[DjiProtocol_v1Unpack:215) <0x1753>V1-Recv: 0x1D07->0x0A06 0x2105 [0m
[37m[30.450][linker]-[Debug]-[DjiCommand_RecvWork:1066)  <0x1753>Receive msg from linker, 0x1D07->0x0A06 0x2105 len:1 [0m
[37m[30.450][linker]-[Debug]-[DjiCommand_DealCmd:919) received unsupport request cmd that need ack, <0x1753> cmdset: 0x21 cmdid: 0x05 [0m
[37m[30.458][linker]-[Debug]-[DjiProtocol_v1Unpack:215) <0x3a45>V1-Recv: 0x0300->0x0A06 0x4900 [0m
[37m[30.459][linker]-[Debug]-[DjiCommand_RecvWork:1066)  <0x3a45>Receive msg from linker, 0x0300->0x0A06 0x4900 len:14 [0m
[37m[30.459][linker]-[Debug]-[DjiProtocol_v1Pack:123) <0x3a45>V1-Send: 0x0A06->0x0300 0x4900 [0m
[37m[30.477][linker]-[Debug]-[DjiProtocol_v1Unpack:215) <0x3a60>V1-Recv: 0x0306->0x0A06 0x03C1 [0m
[37m[30.477][linker]-[Debug]-[DjiCommand_RecvWork:1066)  <0x3a60>Receive msg from linker, 0x0306->0x0A06 0x03C1 len:13 [0m
[37m[30.498][linker]-[Debug]-[DjiProtocol_v1Unpack:215) <0x3a8c>V1-Recv: 0x0300->0x0A06 0x221B [0m
[37m[30.498][linker]-[Debug]-[DjiCommand_RecvWork:1066)  <0x3a8c>Receive msg from linker, 0x0300->0x0A06 0x221B len:9 [0m
[37m[30.498][linker]-[Debug]-[DjiCommand_DealCmd:919) received unsupport request cmd that noneed ack, <0x3a8c> cmdset: 0x22 cmdid: 0x1B [0m
[37m[30.522][linker]-[Debug]-[DjiProtocol_v1Unpack:215) <0x1e>V1-Recv: 0x0800->0x0A06 0x0866 [0m
[37m[30.523][linker]-[Debug]-[DjiCommand_RecvWork:1066)  <0x1e>Receive msg from linker, 0x0800->0x0A06 0x0866 len:16 [0m
[37m[30.523][linker]-[Debug]-[DjiCommand_DealCmd:919) received unsupport request cmd that noneed ack, <0x1e> cmdset: 0x08 cmdid: 0x66 [0m
[37m[30.540][linker]-[Debug]-[DjiProtocol_v1Unpack:215) <0x3ad3>V1-Recv: 0x0300->0x0A06 0x036C [0m
[37m[30.541][linker]-[Debug]-[DjiCommand_RecvWork:1066)  <0x3ad3>Receive msg from linker, 0x0300->0x0A06 0x036C len:71 [0m
[37m[30.541][linker]-[Debug]-[DjiCommand_DealCmd:919) received unsupport request cmd that noneed ack, <0x3ad3> cmdset: 0x03 cmdid: 0x6C [0m
[37m[30.559][linker]-[Debug]-[DjiProtocol_v1Unpack:215) <0x3afc>V1-Recv: 0x0300->0x0A06 0x4900 [0m
[37m[30.559][linker]-[Debug]-[DjiCommand_RecvWork:1066)  <0x3afc>Receive msg from linker, 0x0300->0x0A06 0x4900 len:14 [0m
[37m[30.559][linker]-[Debug]-[DjiProtocol_v1Pack:123) <0x3afc>V1-Send: 0x0A06->0x0300 0x4900 [0m
[37m[30.577][linker]-[Debug]-[DjiProtocol_v1Unpack:215) <0x3b1b>V1-Recv: 0x0306->0x0A06 0x03C1 [0m
[37m[30.577][linker]-[Debug]-[DjiCommand_RecvWork:1066)  <0x3b1b>Receive msg from linker, 0x0306->0x0A06 0x03C1 len:13 [0m
[37m[30.598][linker]-[Debug]-[DjiProtocol_v1Unpack:215) <0x3b46>V1-Recv: 0x0300->0x0A06 0x221B [0m
[37m[30.598][linker]-[Debug]-[DjiCommand_RecvWork:1066)  <0x3b46>Receive msg from linker, 0x0300->0x0A06 0x221B len:9 [0m
[37m[30.598][linker]-[Debug]-[DjiCommand_DealCmd:919) received unsupport request cmd that noneed ack, <0x3b46> cmdset: 0x22 cmdid: 0x1B [0m
[37m[30.613][linker]-[Debug]-[DjiProtocol_v1Pack:123) <0xdea3>V1-Send: 0x0A06->0x0200 0x3C10 [0m
[37m[30.613][linker]-[Debug]-[DjiProtocol_v1Pack:123) <0xdea4>V1-Send: 0x0A06->0x0A01 0x3C10 [0m
[37m[30.613][linker]-[Debug]-[DjiProtocol_v1Pack:123) <0xdea5>V1-Send: 0x0A06->0x0300 0x3C10 [0m
[37m[30.641][linker]-[Debug]-[DjiProtocol_v1Unpack:215) <0x3b83>V1-Recv: 0x0300->0x0A06 0x036C [0m
[37m[30.641][linker]-[Debug]-[DjiProtocol_v1Unpack:215) <0x37e7>V1-Recv: 0x0A01->0x0A06 0x3C45 [0m
[37m[30.641][linker]-[Debug]-[DjiCommand_RecvWork:1066)  <0x3b83>Receive msg from linker, 0x0300->0x0A06 0x036C len:71 [0m
[37m[30.641][linker]-[Debug]-[DjiCommand_DealCmd:919) received unsupport request cmd that noneed ack, <0x3b83> cmdset: 0x03 cmdid: 0x6C [0m
[37m[30.642][linker]-[Debug]-[DjiCommand_RecvWork:1066)  <0x37e7>Receive msg from linker, 0x0A01->0x0A06 0x3C45 len:0 [0m
[37m[30.642][upgrade]-[Debug]-[DjiUpgrade_GetUpgradeServiceInfo:239) Get upgrade service info [0m
[37m[30.642][linker]-[Debug]-[DjiProtocol_v1Pack:123) <0x37e7>V1-Send: 0x0A06->0x0A01 0x3C45 [0m
[37m[30.661][linker]-[Debug]-[DjiProtocol_v1Unpack:215) <0x3bae>V1-Recv: 0x0300->0x0A06 0x0F74 [0m
[37m[30.661][linker]-[Debug]-[DjiProtocol_v1Unpack:215) <0x3bb1>V1-Recv: 0x0300->0x0100 0x0406 [0m
[37m[30.661][linker]-[Debug]-[DjiProtocol_v1Unpack:215) <0x3bb2>V1-Recv: 0x0300->0x0100 0x0407 [0m
[37m[30.661][linker]-[Debug]-[DjiProtocol_v1Unpack:215) <0x3bb3>V1-Recv: 0x0300->0x0A06 0x4900 [0m
[37m[30.662][linker]-[Debug]-[DjiCommand_RecvWork:1066)  <0x3bae>Receive msg from linker, 0x0300->0x0A06 0x0F74 len:28 [0m
[37m[30.662][linker]-[Debug]-[DjiCommand_DealCmd:919) received unsupport request cmd that noneed ack, <0x3bae> cmdset: 0x0F cmdid: 0x74 [0m
[37m[30.663][linker]-[Debug]-[DjiCommand_RecvWork:1066)  <0x3bb1>Receive msg from linker, 0x0300->0x0100 0x0406 len:12 [0m
[37m[30.663][linker]-[Debug]-[DjiCommand_DealCmd:919) received unsupport request cmd that noneed ack, <0x3bb1> cmdset: 0x04 cmdid: 0x06 [0m
[37m[30.664][linker]-[Debug]-[DjiCommand_RecvWork:1066)  <0x3bb2>Receive msg from linker, 0x0300->0x0100 0x0407 len:1 [0m
[37m[30.664][linker]-[Debug]-[DjiCommand_DealCmd:919) received unsupport request cmd that noneed ack, <0x3bb2> cmdset: 0x04 cmdid: 0x07 [0m
[37m[30.665][linker]-[Debug]-[DjiCommand_RecvWork:1066)  <0x3bb3>Receive msg from linker, 0x0300->0x0A06 0x4900 len:14 [0m
[37m[30.665][linker]-[Debug]-[DjiProtocol_v1Pack:123) <0x3bb3>V1-Send: 0x0A06->0x0300 0x4900 [0m
[37m[30.677][linker]-[Debug]-[DjiProtocol_v1Unpack:215) <0x3bd0>V1-Recv: 0x0306->0x0A06 0x03C1 [0m
[37m[30.677][linker]-[Debug]-[DjiCommand_RecvWork:1066)  <0x3bd0>Receive msg from linker, 0x0306->0x0A06 0x03C1 len:13 [0m
[37m[30.698][linker]-[Debug]-[DjiProtocol_v1Unpack:215) <0x3bf9>V1-Recv: 0x0300->0x0A06 0x221B [0m
[37m[30.699][linker]-[Debug]-[DjiCommand_RecvWork:1066)  <0x3bf9>Receive msg from linker, 0x0300->0x0A06 0x221B len:9 [0m
[37m[30.699][linker]-[Debug]-[DjiCommand_DealCmd:919) received unsupport request cmd that noneed ack, <0x3bf9> cmdset: 0x22 cmdid: 0x1B [0m
[37m[30.741][linker]-[Debug]-[DjiProtocol_v1Unpack:215) <0x3c43>V1-Recv: 0x0300->0x0A06 0x036C [0m
[37m[30.742][linker]-[Debug]-[DjiCommand_RecvWork:1066)  <0x3c43>Receive msg from linker, 0x0300->0x0A06 0x036C len:71 [0m
[37m[30.742][linker]-[Debug]-[DjiCommand_DealCmd:919) received unsupport request cmd that noneed ack, <0x3c43> cmdset: 0x03 cmdid: 0x6C [0m
[37m[30.759][linker]-[Debug]-[DjiProtocol_v1Unpack:215) <0x3c75>V1-Recv: 0x0300->0x0A06 0x4900 [0m
[37m[30.760][linker]-[Debug]-[DjiCommand_RecvWork:1066)  <0x3c75>Receive msg from linker, 0x0300->0x0A06 0x4900 len:14 [0m
[37m[30.760][linker]-[Debug]-[DjiProtocol_v1Pack:123) <0x3c75>V1-Send: 0x0A06->0x0300 0x4900 [0m
[37m[30.772][linker]-[Debug]-[DjiProtocol_v1Unpack:215) <0x1f>V1-Recv: 0x0800->0x0A06 0x0866 [0m
[37m[30.773][linker]-[Debug]-[DjiCommand_RecvWork:1066)  <0x1f>Receive msg from linker, 0x0800->0x0A06 0x0866 len:16 [0m
[37m[30.773][linker]-[Debug]-[DjiCommand_DealCmd:919) received unsupport request cmd that noneed ack, <0x1f> cmdset: 0x08 cmdid: 0x66 [0m
[37m[30.777][linker]-[Debug]-[DjiProtocol_v1Unpack:215) <0x3c94>V1-Recv: 0x0306->0x0A06 0x03C1 [0m
[37m[30.778][linker]-[Debug]-[DjiCommand_RecvWork:1066)  <0x3c94>Receive msg from linker, 0x0306->0x0A06 0x03C1 len:13 [0m
[37m[30.798][linker]-[Debug]-[DjiProtocol_v1Unpack:215) <0x3cc1>V1-Recv: 0x0300->0x0A06 0x221B [0m
[37m[30.798][linker]-[Debug]-[DjiCommand_RecvWork:1066)  <0x3cc1>Receive msg from linker, 0x0300->0x0A06 0x221B len:9 [0m
[37m[30.798][linker]-[Debug]-[DjiCommand_DealCmd:919) received unsupport request cmd that noneed ack, <0x3cc1> cmdset: 0x22 cmdid: 0x1B [0m
[37m[30.826][linker]-[Debug]-[DjiProtocol_v1Pack:123) <0xdea6>V1-Send: 0x0A06->0x0300 0x0000 [0m
[37m[30.826][infor]-[Debug]-[DjiAircraftConnection_CheckExtensionPortConnectStatusByV1Protocol:170) check connect status:1 [0m
[37m[30.827][linker]-[Debug]-[DjiProtocol_v1Pack:123) <0xdea7>V1-Send: 0x0A06->0x0200 0x3C10 [0m
[37m[30.827][linker]-[Debug]-[DjiProtocol_v1Pack:123) <0xdea8>V1-Send: 0x0A06->0x0A01 0x3C10 [0m
[37m[30.827][linker]-[Debug]-[DjiProtocol_v1Pack:123) <0xdea9>V1-Send: 0x0A06->0x0300 0x3C10 [0m
[37m[30.847][linker]-[Debug]-[DjiProtocol_v1Unpack:215) <0x3cfd>V1-Recv: 0x0306->0x0A06 0x03C1 [0m
[37m[30.847][linker]-[Debug]-[DjiProtocol_v1Unpack:215) <0xdea6>V1-Recv: 0x0300->0x0A06 0x0000 [0m
[37m[30.847][linker]-[Debug]-[DjiProtocol_v1Unpack:215) <0x3cff>V1-Recv: 0x0300->0x0A06 0x036C [0m
[37m[30.847][linker]-[Debug]-[DjiProtocol_v1Unpack:215) <0x37e8>V1-Recv: 0x0A01->0x0A06 0x3C45 [0m
[37m[30.847][linker]-[Debug]-[DjiCommand_RecvWork:1066)  <0x3cfd>Receive msg from linker, 0x0306->0x0A06 0x03C1 len:126 [0m
[37m[30.849][linker]-[Debug]-[DjiCommand_RecvWork:1066)  <0xdea6>Receive msg from linker, 0x0300->0x0A06 0x0000 len:0 [0m
[37m[30.849][infor]-[Debug]-[DjiAircraftInfo_CheckPingStatusAsyncCallback:269) connect status async sucess [0m
[37m[30.849][linker]-[Debug]-[DjiCommand_DealCmd:830) callback function (cmdset: 0x00 cmdid: 0x00) deal time: 0 ms [0m
[37m[30.850][linker]-[Debug]-[DjiCommand_RecvWork:1066)  <0x3cff>Receive msg from linker, 0x0300->0x0A06 0x036C len:71 [0m
[37m[30.850][linker]-[Debug]-[DjiCommand_DealCmd:919) received unsupport request cmd that noneed ack, <0x3cff> cmdset: 0x03 cmdid: 0x6C [0m
[37m[30.851][linker]-[Debug]-[DjiCommand_RecvWork:1066)  <0x37e8>Receive msg from linker, 0x0A01->0x0A06 0x3C45 len:0 [0m
[37m[30.851][upgrade]-[Debug]-[DjiUpgrade_GetUpgradeServiceInfo:239) Get upgrade service info [0m
[37m[30.851][linker]-[Debug]-[DjiProtocol_v1Pack:123) <0x37e8>V1-Send: 0x0A06->0x0A01 0x3C45 [0m
[37m[30.858][linker]-[Debug]-[DjiProtocol_v1Unpack:215) <0x3d28>V1-Recv: 0x0300->0x0A06 0x4900 [0m
[37m[30.859][linker]-[Debug]-[DjiCommand_RecvWork:1066)  <0x3d28>Receive msg from linker, 0x0300->0x0A06 0x4900 len:14 [0m
[37m[30.859][linker]-[Debug]-[DjiProtocol_v1Pack:123) <0x3d28>V1-Send: 0x0A06->0x0300 0x4900 [0m
[37m[30.877][linker]-[Debug]-[DjiProtocol_v1Unpack:215) <0x3d43>V1-Recv: 0x0306->0x0A06 0x03C1 [0m
[37m[30.878][linker]-[Debug]-[DjiCommand_RecvWork:1066)  <0x3d43>Receive msg from linker, 0x0306->0x0A06 0x03C1 len:13 [0m
[32m[30.881][user]-[Info]-[UserFcSubscription_Task:453) Current speed: 0.000000.
 [0m
[32m[30.881][user]-[Info]-[UserFcSubscription_Task:639) Displaymode status: 6. [0m
[37m[30.898][linker]-[Debug]-[DjiProtocol_v1Unpack:215) <0x5a6>V1-Recv: 0x0701->0x0A06 0x0000 [0m
[37m[30.898][linker]-[Debug]-[DjiProtocol_v1Unpack:215) <0x3d6e>V1-Recv: 0x0300->0x0A06 0x221B [0m
[37m[30.898][linker]-[Debug]-[DjiCommand_RecvWork:1066)  <0x5a6>Receive msg from linker, 0x0701->0x0A06 0x0000 len:16 [0m
[37m[30.898][linker]-[Debug]-[DjiProtocol_v1Pack:123) <0x5a6>V1-Send: 0x0A06->0x0701 0x0000 [0m
[37m[30.899][linker]-[Debug]-[DjiCommand_RecvWork:1066)  <0x3d6e>Receive msg from linker, 0x0300->0x0A06 0x221B len:9 [0m
[37m[30.899][linker]-[Debug]-[DjiCommand_DealCmd:919) received unsupport request cmd that noneed ack, <0x3d6e> cmdset: 0x22 cmdid: 0x1B [0m
[37m[30.941][linker]-[Debug]-[DjiProtocol_v1Unpack:215) <0x3db5>V1-Recv: 0x0300->0x0A06 0x036C [0m
[37m[30.941][linker]-[Debug]-[DjiCommand_RecvWork:1066)  <0x3db5>Receive msg from linker, 0x0300->0x0A06 0x036C len:71 [0m
[37m[30.941][linker]-[Debug]-[DjiCommand_DealCmd:919) received unsupport request cmd that noneed ack, <0x3db5> cmdset: 0x03 cmdid: 0x6C [0m
[37m[30.947][utils]-[Debug]-[DjiCore_RootTask:131) work execution time: [0m
[37m[30.947][utils]-[Debug]-[DjiCore_RootTask:132) name	                execution time (ms)	  max execution time (ms) [0m
[37m[30.947][utils]-[Debug]-[DjiCore_RootTask:134) recorderWork                    	1       	1        [0m
[37m[30.947][utils]-[Debug]-[DjiCore_RootTask:134) flowControllerTask              	0       	1        [0m
[37m[30.947][utils]-[Debug]-[DjiCore_RootTask:134) commandTask                     	1       	1        [0m
[37m[30.947][utils]-[Debug]-[DjiCore_RootTask:134) aircraftWorkNode                	0       	1        [0m
[37m[30.947][utils]-[Debug]-[DjiCore_RootTask:134) StatePushWork                   	1       	1        [0m
[37m[30.959][linker]-[Debug]-[DjiProtocol_v1Unpack:215) <0x3de0>V1-Recv: 0x0300->0x0A06 0x4900 [0m
[37m[30.959][linker]-[Debug]-[DjiCommand_RecvWork:1066)  <0x3de0>Receive msg from linker, 0x0300->0x0A06 0x4900 len:14 [0m
[37m[30.959][linker]-[Debug]-[DjiProtocol_v1Pack:123) <0x3de0>V1-Send: 0x0A06->0x0300 0x4900 [0m
[37m[30.977][linker]-[Debug]-[DjiProtocol_v1Unpack:215) <0x3dfd>V1-Recv: 0x0306->0x0A06 0x03C1 [0m
[37m[30.977][linker]-[Debug]-[DjiCommand_RecvWork:1066)  <0x3dfd>Receive msg from linker, 0x0306->0x0A06 0x03C1 len:13 [0m
