[32m[0.003][core]-[Info]-[DjiCore_Init:106) Payload SDK Version : V3.9.2-beta.0-build.2125 [0m
[37m[0.005][utils]-[Debug]-[DjiCore_RootTask:131) work execution time: [0m
[37m[0.005][utils]-[Debug]-[DjiCore_RootTask:132) name	                execution time (ms)	  max execution time (ms) [0m
[37m[0.005][utils]-[Debug]-[DjiCore_RootTask:134) recorderWork                    	0       	0        [0m
[37m[0.005][utils]-[Debug]-[DjiCore_RootTask:134) flowControllerTask              	0       	0        [0m
[37m[0.031][linker]-[Debug]-[DjiLinker_Init:128) init linker success, protocol:2, channelId:0 [0m
[37m[0.031][linker]-[Debug]-[DjiProtocol_v1Pack:123) <0000>V1-Send: 0x0A06->0x0300 0x03FD [0m
[37m[0.051][linker]-[Debug]-[DjiProtocol_v1Pack:123) <0x01>V1-Send: 0x0A06->0x0300 0x03FD [0m
[37m[0.071][linker]-[Debug]-[DjiProtocol_v1Pack:123) <0x02>V1-Send: 0x0A06->0x0300 0x03FD [0m
[37m[0.091][linker]-[Debug]-[DjiProtocol_v1Pack:123) <0x03>V1-Send: 0x0A06->0x0300 0x03FD [0m
[37m[0.111][linker]-[Debug]-[DjiProtocol_v1Pack:123) <0x04>V1-Send: 0x0A06->0x0300 0x03FD [0m
[37m[0.152][linker]-[Debug]-[DjiLinker_DeInit:170) deinit linker success, protocol:2, channelId:0 [0m
[37m[0.157][linker]-[Debug]-[DjiLinker_Init:128) init linker success, protocol:2, channelId:0 [0m
[37m[0.157][linker]-[Debug]-[DjiProtocol_v1Pack:123) <0000>V1-Send: 0x0507->0x0503 0x03FD [0m
[37m[0.177][linker]-[Debug]-[DjiProtocol_v1Pack:123) <0x01>V1-Send: 0x0507->0x0503 0x03FD [0m
[37m[0.197][linker]-[Debug]-[DjiProtocol_v1Pack:123) <0x02>V1-Send: 0x0507->0x0503 0x03FD [0m
[37m[0.217][linker]-[Debug]-[DjiProtocol_v1Pack:123) <0x03>V1-Send: 0x0507->0x0503 0x03FD [0m
[37m[0.237][linker]-[Debug]-[DjiProtocol_v1Pack:123) <0x04>V1-Send: 0x0507->0x0503 0x03FD [0m
[37m[0.278][linker]-[Debug]-[DjiLinker_DeInit:170) deinit linker success, protocol:2, channelId:0 [0m
[37m[0.281][linker]-[Debug]-[DjiLinker_Init:128) init linker success, protocol:2, channelId:0 [0m
[37m[0.281][linker]-[Debug]-[DjiProtocol_v1Pack:123) <0000>V1-Send: 0x0507->0x0503 0x03FD [0m
[37m[0.301][linker]-[Debug]-[DjiProtocol_v1Pack:123) <0x01>V1-Send: 0x0507->0x0503 0x03FD [0m
[37m[0.321][linker]-[Debug]-[DjiProtocol_v1Pack:123) <0x02>V1-Send: 0x0507->0x0503 0x03FD [0m
[37m[0.324][linker]-[Debug]-[DjiProtocol_v1Unpack:215) <0x17a5>V1-Recv: 0x0300->0x0A06 0x036C [0m
[37m[0.341][linker]-[Debug]-[DjiProtocol_v1Unpack:215) <0x17ca>V1-Recv: 0x0306->0x0A06 0x03C1 [0m
[37m[0.341][linker]-[Debug]-[DjiProtocol_v1Pack:123) <0x03>V1-Send: 0x0507->0x0503 0x03FD [0m
[37m[0.343][linker]-[Debug]-[DjiProtocol_v1Unpack:215) <0x17d4>V1-Recv: 0x0300->0x0A06 0x4900 [0m
[37m[0.362][linker]-[Debug]-[DjiProtocol_v1Pack:123) <0x04>V1-Send: 0x0507->0x0503 0x03FD [0m
[37m[0.381][linker]-[Debug]-[DjiProtocol_v1Unpack:215) <0x181f>V1-Recv: 0x0300->0x0A06 0x221B [0m
[37m[0.403][linker]-[Debug]-[DjiLinker_DeInit:170) deinit linker success, protocol:2, channelId:0 [0m
[37m[0.407][linker]-[Debug]-[DjiLinker_Init:128) init linker success, protocol:2, channelId:0 [0m
[37m[0.407][linker]-[Debug]-[DjiProtocol_v1Pack:123) <0000>V1-Send: 0x0507->0x0503 0x03FD [0m
[37m[0.427][linker]-[Debug]-[DjiProtocol_v1Pack:123) <0x01>V1-Send: 0x0507->0x0503 0x03FD [0m
[37m[0.447][linker]-[Debug]-[DjiProtocol_v1Pack:123) <0x02>V1-Send: 0x0507->0x0503 0x03FD [0m
[37m[0.467][linker]-[Debug]-[DjiProtocol_v1Pack:123) <0x03>V1-Send: 0x0507->0x0503 0x03FD [0m
[37m[0.487][linker]-[Debug]-[DjiProtocol_v1Pack:123) <0x04>V1-Send: 0x0507->0x0503 0x03FD [0m
[37m[0.528][linker]-[Debug]-[DjiLinker_DeInit:170) deinit linker success, protocol:2, channelId:0 [0m
[37m[0.532][linker]-[Debug]-[DjiLinker_Init:128) init linker success, protocol:2, channelId:0 [0m
[37m[0.532][linker]-[Debug]-[DjiProtocol_v1Pack:123) <0000>V1-Send: 0x0507->0x0503 0x03FD [0m
[37m[0.553][linker]-[Debug]-[DjiProtocol_v1Pack:123) <0x01>V1-Send: 0x0507->0x0503 0x03FD [0m
[37m[0.573][linker]-[Debug]-[DjiProtocol_v1Pack:123) <0x02>V1-Send: 0x0507->0x0503 0x03FD [0m
[37m[0.593][linker]-[Debug]-[DjiProtocol_v1Pack:123) <0x03>V1-Send: 0x0507->0x0503 0x03FD [0m
[37m[0.614][linker]-[Debug]-[DjiProtocol_v1Pack:123) <0x04>V1-Send: 0x0507->0x0503 0x03FD [0m
[37m[0.656][linker]-[Debug]-[DjiLinker_DeInit:170) deinit linker success, protocol:2, channelId:0 [0m
[37m[0.659][linker]-[Debug]-[DjiLinker_Init:128) init linker success, protocol:2, channelId:0 [0m
[37m[0.659][linker]-[Debug]-[DjiProtocol_v1Pack:123) <0000>V1-Send: 0x0507->0x0503 0x03FD [0m
[37m[0.680][linker]-[Debug]-[DjiProtocol_v1Pack:123) <0x01>V1-Send: 0x0507->0x0503 0x03FD [0m
[37m[0.700][linker]-[Debug]-[DjiProtocol_v1Pack:123) <0x02>V1-Send: 0x0507->0x0503 0x03FD [0m
[37m[0.720][linker]-[Debug]-[DjiProtocol_v1Pack:123) <0x03>V1-Send: 0x0507->0x0503 0x03FD [0m
[37m[0.740][linker]-[Debug]-[DjiProtocol_v1Pack:123) <0x04>V1-Send: 0x0507->0x0503 0x03FD [0m
[37m[0.791][linker]-[Debug]-[DjiLinker_DeInit:170) deinit linker success, protocol:2, channelId:0 [0m
[37m[0.811][linker]-[Debug]-[DjiLinker_Init:128) init linker success, protocol:2, channelId:0 [0m
[37m[0.811][linker]-[Debug]-[DjiProtocol_v1Pack:123) <0000>V1-Send: 0x0A06->0x0300 0x03FD [0m
[37m[0.831][linker]-[Debug]-[DjiProtocol_v1Pack:123) <0x01>V1-Send: 0x0A06->0x0300 0x03FD [0m
[37m[0.851][linker]-[Debug]-[DjiProtocol_v1Pack:123) <0x02>V1-Send: 0x0A06->0x0300 0x03FD [0m
[37m[0.872][linker]-[Debug]-[DjiProtocol_v1Pack:123) <0x03>V1-Send: 0x0A06->0x0300 0x03FD [0m
[37m[0.892][linker]-[Debug]-[DjiProtocol_v1Pack:123) <0x04>V1-Send: 0x0A06->0x0300 0x03FD [0m
[37m[0.933][linker]-[Debug]-[DjiLinker_DeInit:170) deinit linker success, protocol:2, channelId:0 [0m
[37m[0.936][linker]-[Debug]-[DjiLinker_Init:128) init linker success, protocol:2, channelId:0 [0m
[37m[0.936][linker]-[Debug]-[DjiProtocol_v1Pack:123) <0000>V1-Send: 0x0A06->0x0300 0x03FD [0m
[37m[0.941][linker]-[Debug]-[DjiProtocol_v1Unpack:215) <0x1bb8>V1-Recv: 0x0306->0x0A06 0x03C1 [0m
[37m[0.941][linker]-[Debug]-[DjiProtocol_v1Unpack:215) <0000>V1-Recv: 0x0300->0x0A06 0x03FD [0m
[37m[0.943][linker]-[Debug]-[DjiProtocol_v1Unpack:215) <0x1bc0>V1-Recv: 0x0300->0x0A06 0x4900 [0m
[37m[0.956][linker]-[Debug]-[DjiProtocol_v1Pack:123) <0x01>V1-Send: 0x0A06->0x0300 0x03FD [0m
[37m[0.961][linker]-[Debug]-[DjiProtocol_v1Unpack:215) <0x01>V1-Recv: 0x0300->0x0A06 0x03FD [0m
[37m[0.976][linker]-[Debug]-[DjiProtocol_v1Pack:123) <0x02>V1-Send: 0x0A06->0x0300 0x03FD [0m
[37m[1.011][linker]-[Debug]-[DjiLinker_DeInit:170) deinit linker success, protocol:2, channelId:0 [0m
[32m[1.011][adapter]-[Info]-[DjiAccessAdapter_Init:231) Identify aircraft series is Matrice 350 Series [0m
[32m[1.011][adapter]-[Info]-[DjiAccessAdapter_Init:264) Identify mount position type is Extension Port Type [0m
[37m[1.011][linker]-[Debug]-[DjiCommand_Init:158) config list channel id:2 [0m
[37m[1.014][linker]-[Debug]-[DjiLinker_Init:128) init linker success, protocol:2, channelId:0 [0m
[37m[1.014][linker]-[Debug]-[DjiCommand_Init:167) add linker node count:1 [0m
[32m[1.014][adapter]-[Info]-[DjiAccessAdapter_Init:365) Identity uart0 baudrate is 230400 bps [0m
[37m[1.014][linker]-[Debug]-[DjiProtocol_v1Pack:123) <0x522f>V1-Send: 0x0A06->0x0701 0x0000 [0m
[37m[1.014][linker]-[Debug]-[DjiCommand_SendAsync:497) Max wait ack item count is 32. [0m
[37m[1.024][linker]-[Debug]-[DjiProtocol_v1Unpack:215) <0x1c41>V1-Recv: 0x0300->0x0A06 0x036C [0m
[37m[1.025][linker]-[Debug]-[DjiCommand_RecvWork:1066)  <0x1c41>Receive msg from linker, 0x0300->0x0A06 0x036C len:71 [0m
[37m[1.025][linker]-[Debug]-[DjiCommand_DealCmd:919) received unsupport request cmd that noneed ack, <0x1c41> cmdset: 0x03 cmdid: 0x6C [0m
[37m[1.025][linker]-[Debug]-[DjiProtocol_v1Unpack:215) <0x522f>V1-Recv: 0x0701->0x0A06 0x0000 [0m
[37m[1.026][linker]-[Debug]-[DjiCommand_RecvWork:1066)  <0x522f>Receive msg from linker, 0x0701->0x0A06 0x0000 len:1 [0m
[37m[1.026][linker]-[Debug]-[DjiCommand_SendSyncCallback:1014) PsdkCommand_SendSyncCallback success [0m
[37m[1.026][linker]-[Debug]-[DjiCommand_DealCmd:830) callback function (cmdset: 0x00 cmdid: 0x00) deal time: 0 ms [0m
[37m[1.026][linker]-[Debug]-[DjiCommand_SendSync:553) sendSync callback success [0m
[37m[1.026][linker]-[Debug]-[DjiCommand_RegRecvCmdHandler:674) Reg command handle list success, index:0 [0m
[37m[1.026][linker]-[Debug]-[DjiCommand_RegRecvCmdHandler:674) Reg command handle list success, index:1 [0m
[37m[1.026][linker]-[Debug]-[DjiProtocol_v1Pack:123) <0x5230>V1-Send: 0x0A06->0x0701 0x0087 [0m
[37m[1.040][linker]-[Debug]-[DjiProtocol_v1Unpack:215) <0x1c61>V1-Recv: 0x0306->0x0A06 0x03C1 [0m
[37m[1.041][linker]-[Debug]-[DjiCommand_RecvWork:1066)  <0x1c61>Receive msg from linker, 0x0306->0x0A06 0x03C1 len:13 [0m
[37m[1.041][linker]-[Debug]-[DjiCommand_DealCmd:919) received unsupport request cmd that noneed ack, <0x1c61> cmdset: 0x03 cmdid: 0xC1 [0m
[37m[1.042][linker]-[Debug]-[DjiProtocol_v1Unpack:215) <0x1c63>V1-Recv: 0x0300->0x0A06 0x4900 [0m
[37m[1.043][linker]-[Debug]-[DjiCommand_RecvWork:1066)  <0x1c63>Receive msg from linker, 0x0300->0x0A06 0x4900 len:14 [0m
[37m[1.043][linker]-[Debug]-[DjiCommand_DealCmd:919) received unsupport request cmd that need ack, <0x1c63> cmdset: 0x49 cmdid: 0x00 [0m
[37m[1.084][linker]-[Debug]-[DjiProtocol_v1Unpack:215) <0x1ca2>V1-Recv: 0x0300->0x0A06 0x221B [0m
[37m[1.084][linker]-[Debug]-[DjiProtocol_v1Unpack:215) <0x1ca9>V1-Recv: 0x0300->0x0A06 0x0F74 [0m
[37m[1.084][linker]-[Debug]-[DjiProtocol_v1Unpack:215) <0x1caa>V1-Recv: 0x0300->0x0100 0x0406 [0m
[37m[1.084][linker]-[Debug]-[DjiProtocol_v1Unpack:215) <0x1cab>V1-Recv: 0x0300->0x0100 0x0407 [0m
[37m[1.084][linker]-[Debug]-[DjiCommand_RecvWork:1066)  <0x1ca2>Receive msg from linker, 0x0300->0x0A06 0x221B len:9 [0m
[37m[1.084][linker]-[Debug]-[DjiCommand_DealCmd:919) received unsupport request cmd that noneed ack, <0x1ca2> cmdset: 0x22 cmdid: 0x1B [0m
[37m[1.086][linker]-[Debug]-[DjiCommand_RecvWork:1066)  <0x1ca9>Receive msg from linker, 0x0300->0x0A06 0x0F74 len:28 [0m
[37m[1.086][linker]-[Debug]-[DjiCommand_DealCmd:919) received unsupport request cmd that noneed ack, <0x1ca9> cmdset: 0x0F cmdid: 0x74 [0m
[37m[1.087][linker]-[Debug]-[DjiCommand_RecvWork:1066)  <0x1caa>Receive msg from linker, 0x0300->0x0100 0x0406 len:12 [0m
[37m[1.087][linker]-[Debug]-[DjiCommand_DealCmd:919) received unsupport request cmd that noneed ack, <0x1caa> cmdset: 0x04 cmdid: 0x06 [0m
[37m[1.088][linker]-[Debug]-[DjiCommand_RecvWork:1066)  <0x1cab>Receive msg from linker, 0x0300->0x0100 0x0407 len:1 [0m
[37m[1.088][linker]-[Debug]-[DjiCommand_DealCmd:919) received unsupport request cmd that noneed ack, <0x1cab> cmdset: 0x04 cmdid: 0x07 [0m
[37m[1.088][utils]-[Debug]-[DjiCore_RootTask:131) work execution time: [0m
[37m[1.088][utils]-[Debug]-[DjiCore_RootTask:132) name	                execution time (ms)	  max execution time (ms) [0m
[37m[1.088][utils]-[Debug]-[DjiCore_RootTask:134) recorderWork                    	0       	0        [0m
[37m[1.088][utils]-[Debug]-[DjiCore_RootTask:134) flowControllerTask              	0       	0        [0m
[37m[1.088][utils]-[Debug]-[DjiCore_RootTask:134) commandTask                     	0       	0        [0m
[37m[1.124][linker]-[Debug]-[DjiProtocol_v1Unpack:215) <0x1ce8>V1-Recv: 0x0300->0x0A06 0x036C [0m
[37m[1.124][linker]-[Debug]-[DjiCommand_RecvWork:1066)  <0x1ce8>Receive msg from linker, 0x0300->0x0A06 0x036C len:71 [0m
[37m[1.124][linker]-[Debug]-[DjiCommand_DealCmd:919) received unsupport request cmd that noneed ack, <0x1ce8> cmdset: 0x03 cmdid: 0x6C [0m
[37m[1.140][linker]-[Debug]-[DjiProtocol_v1Unpack:215) <0x1d0d>V1-Recv: 0x0306->0x0A06 0x03C1 [0m
[37m[1.140][linker]-[Debug]-[DjiCommand_RecvWork:1066)  <0x1d0d>Receive msg from linker, 0x0306->0x0A06 0x03C1 len:13 [0m
[37m[1.140][linker]-[Debug]-[DjiCommand_DealCmd:919) received unsupport request cmd that noneed ack, <0x1d0d> cmdset: 0x03 cmdid: 0xC1 [0m
[37m[1.143][linker]-[Debug]-[DjiProtocol_v1Unpack:215) <0x1d14>V1-Recv: 0x0300->0x0A06 0x4900 [0m
[37m[1.143][linker]-[Debug]-[DjiCommand_RecvWork:1066)  <0x1d14>Receive msg from linker, 0x0300->0x0A06 0x4900 len:14 [0m
[37m[1.143][linker]-[Debug]-[DjiCommand_DealCmd:919) received unsupport request cmd that need ack, <0x1d14> cmdset: 0x49 cmdid: 0x00 [0m
[37m[1.181][linker]-[Debug]-[DjiProtocol_v1Unpack:215) <0x1d55>V1-Recv: 0x0300->0x0A06 0x221B [0m
[37m[1.182][linker]-[Debug]-[DjiCommand_RecvWork:1066)  <0x1d55>Receive msg from linker, 0x0300->0x0A06 0x221B len:9 [0m
[37m[1.182][linker]-[Debug]-[DjiCommand_DealCmd:919) received unsupport request cmd that noneed ack, <0x1d55> cmdset: 0x22 cmdid: 0x1B [0m
[37m[1.224][linker]-[Debug]-[DjiProtocol_v1Unpack:215) <0x1d9e>V1-Recv: 0x0300->0x0A06 0x036C [0m
[37m[1.225][linker]-[Debug]-[DjiCommand_RecvWork:1066)  <0x1d9e>Receive msg from linker, 0x0300->0x0A06 0x036C len:71 [0m
[37m[1.225][linker]-[Debug]-[DjiCommand_DealCmd:919) received unsupport request cmd that noneed ack, <0x1d9e> cmdset: 0x03 cmdid: 0x6C [0m
[37m[1.240][linker]-[Debug]-[DjiProtocol_v1Unpack:215) <0x1dbe>V1-Recv: 0x0306->0x0A06 0x03C1 [0m
[37m[1.241][linker]-[Debug]-[DjiCommand_RecvWork:1066)  <0x1dbe>Receive msg from linker, 0x0306->0x0A06 0x03C1 len:13 [0m
[37m[1.241][linker]-[Debug]-[DjiCommand_DealCmd:919) received unsupport request cmd that noneed ack, <0x1dbe> cmdset: 0x03 cmdid: 0xC1 [0m
[37m[1.242][linker]-[Debug]-[DjiProtocol_v1Unpack:215) <0x1dbf>V1-Recv: 0x0300->0x0A06 0x4900 [0m
[37m[1.243][linker]-[Debug]-[DjiCommand_RecvWork:1066)  <0x1dbf>Receive msg from linker, 0x0300->0x0A06 0x4900 len:14 [0m
[37m[1.243][linker]-[Debug]-[DjiCommand_DealCmd:919) received unsupport request cmd that need ack, <0x1dbf> cmdset: 0x49 cmdid: 0x00 [0m
[37m[1.258][linker]-[Debug]-[DjiProtocol_v1Unpack:215) <0x221d>V1-Recv: 0x0800->0x0A06 0x0866 [0m
[37m[1.259][linker]-[Debug]-[DjiCommand_RecvWork:1066)  <0x221d>Receive msg from linker, 0x0800->0x0A06 0x0866 len:17 [0m
[37m[1.259][linker]-[Debug]-[DjiCommand_DealCmd:919) received unsupport request cmd that noneed ack, <0x221d> cmdset: 0x08 cmdid: 0x66 [0m
[37m[1.268][linker]-[Debug]-[DjiProtocol_v1Unpack:215) <0xbb8>V1-Recv: 0x0701->0x0A06 0x0087 [0m
[37m[1.269][linker]-[Debug]-[DjiCommand_RecvWork:1066)  <0xbb8>Receive msg from linker, 0x0701->0x0A06 0x0087 len:4 [0m
[37m[1.269][adapter]-[Debug]-[DjiPayloadNegotiate_PayloadNegotiateHandle:1073) receive payload negotiate notify, cmd = 1 [0m
[37m[1.269][adapter]-[Debug]-[DjiPayloadNegotiate_VersionHandle:503) Payload negotiate use dynamic ip config [0m
[37m[1.269][linker]-[Debug]-[DjiProtocol_v1Pack:123) <0xbb8>V1-Send: 0x0A06->0x0701 0x0087 [0m
[37m[1.281][linker]-[Debug]-[DjiProtocol_v1Unpack:215) <0x1e00>V1-Recv: 0x0300->0x0A06 0x221B [0m
[37m[1.282][linker]-[Debug]-[DjiCommand_RecvWork:1066)  <0x1e00>Receive msg from linker, 0x0300->0x0A06 0x221B len:9 [0m
[37m[1.282][linker]-[Debug]-[DjiCommand_DealCmd:919) received unsupport request cmd that noneed ack, <0x1e00> cmdset: 0x22 cmdid: 0x1B [0m
[37m[1.287][linker]-[Debug]-[DjiProtocol_v1Unpack:215) <0xbb9>V1-Recv: 0x0701->0x0A06 0x0087 [0m
[37m[1.288][linker]-[Debug]-[DjiCommand_RecvWork:1066)  <0xbb9>Receive msg from linker, 0x0701->0x0A06 0x0087 len:96 [0m
[37m[1.288][adapter]-[Debug]-[DjiPayloadNegotiate_PayloadNegotiateHandle:1073) receive payload negotiate notify, cmd = 3 [0m
[37m[1.288][adapter]-[Debug]-[DjiDeviceInfoParse_ParseCommand:396) command:3 [0m
[37m[1.288][adapter]-[Debug]-[DjiDeviceInfoParse_ParseAllInfo:65) command: 3 aciton: 0 [0m
[37m[1.288][adapter]-[Debug]-[DjiDeviceInfoParse_ParseAllInfo:75) info:DEV len:28 [0m
[37m[1.288][adapter]-[Debug]-[DjiDeviceInfoParse_ParseChannelInfo:276) parse 32 byte chnl_info [0m
[37m[1.288][adapter]-[Debug]-[DjiDeviceInfoParse_ParseAllInfo:85) info:CHN len:30 [0m
[37m[1.288][adapter]-[Debug]-[DjiDeviceInfoParse_ParseAllInfo:95) info:HST len:21 [0m
[37m[1.288][adapter]-[Debug]-[DjiDeviceInfoParse_ParseAllInfo:104) info:DAT len:5 [0m
[37m[1.288][adapter]-[Debug]-[DjiPayloadNegotiate_DeviceInfoHandle:944) generate device info:24 72 17 67, total size 208 [0m
[37m[1.288][linker]-[Debug]-[DjiProtocol_v1Pack:123) <0xbb9>V1-Send: 0x0A06->0x0701 0x0087 [0m
[37m[1.324][linker]-[Debug]-[DjiProtocol_v1Unpack:215) <0x1e44>V1-Recv: 0x0300->0x0A06 0x036C [0m
[37m[1.325][linker]-[Debug]-[DjiCommand_RecvWork:1066)  <0x1e44>Receive msg from linker, 0x0300->0x0A06 0x036C len:71 [0m
[37m[1.325][linker]-[Debug]-[DjiCommand_DealCmd:919) received unsupport request cmd that noneed ack, <0x1e44> cmdset: 0x03 cmdid: 0x6C [0m
[37m[1.340][linker]-[Debug]-[DjiProtocol_v1Unpack:215) <0x1e68>V1-Recv: 0x0306->0x0A06 0x03C1 [0m
[37m[1.341][linker]-[Debug]-[DjiCommand_RecvWork:1066)  <0x1e68>Receive msg from linker, 0x0306->0x0A06 0x03C1 len:13 [0m
[37m[1.341][linker]-[Debug]-[DjiCommand_DealCmd:919) received unsupport request cmd that noneed ack, <0x1e68> cmdset: 0x03 cmdid: 0xC1 [0m
[37m[1.342][linker]-[Debug]-[DjiProtocol_v1Unpack:215) <0x1e71>V1-Recv: 0x0300->0x0A06 0x4900 [0m
[37m[1.343][linker]-[Debug]-[DjiCommand_RecvWork:1066)  <0x1e71>Receive msg from linker, 0x0300->0x0A06 0x4900 len:14 [0m
[37m[1.343][linker]-[Debug]-[DjiCommand_DealCmd:919) received unsupport request cmd that need ack, <0x1e71> cmdset: 0x49 cmdid: 0x00 [0m
[37m[1.381][linker]-[Debug]-[DjiProtocol_v1Unpack:215) <0x1ebc>V1-Recv: 0x0300->0x0A06 0x221B [0m
[37m[1.382][linker]-[Debug]-[DjiCommand_RecvWork:1066)  <0x1ebc>Receive msg from linker, 0x0300->0x0A06 0x221B len:9 [0m
[37m[1.382][linker]-[Debug]-[DjiCommand_DealCmd:919) received unsupport request cmd that noneed ack, <0x1ebc> cmdset: 0x22 cmdid: 0x1B [0m
[37m[1.424][linker]-[Debug]-[DjiProtocol_v1Unpack:215) <0x1efa>V1-Recv: 0x0300->0x0A06 0x036C [0m
[37m[1.424][linker]-[Debug]-[DjiCommand_RecvWork:1066)  <0x1efa>Receive msg from linker, 0x0300->0x0A06 0x036C len:71 [0m
[37m[1.424][linker]-[Debug]-[DjiCommand_DealCmd:919) received unsupport request cmd that noneed ack, <0x1efa> cmdset: 0x03 cmdid: 0x6C [0m
[37m[1.428][linker]-[Debug]-[DjiProtocol_v1Unpack:215) <0xbba>V1-Recv: 0x0701->0x0A06 0x0087 [0m
[37m[1.428][linker]-[Debug]-[DjiCommand_RecvWork:1066)  <0xbba>Receive msg from linker, 0x0701->0x0A06 0x0087 len:6 [0m
[37m[1.428][adapter]-[Debug]-[DjiPayloadNegotiate_PayloadNegotiateHandle:1073) receive payload negotiate notify, cmd = 7 [0m
[37m[1.428][linker]-[Debug]-[DjiProtocol_v1Pack:123) <0xbba>V1-Send: 0x0A06->0x0701 0x0087 [0m
[37m[1.441][linker]-[Debug]-[DjiProtocol_v1Unpack:215) <0x1f19>V1-Recv: 0x0306->0x0A06 0x03C1 [0m
[37m[1.441][linker]-[Debug]-[DjiCommand_RecvWork:1066)  <0x1f19>Receive msg from linker, 0x0306->0x0A06 0x03C1 len:13 [0m
[37m[1.441][linker]-[Debug]-[DjiCommand_DealCmd:919) received unsupport request cmd that noneed ack, <0x1f19> cmdset: 0x03 cmdid: 0xC1 [0m
[37m[1.443][linker]-[Debug]-[DjiProtocol_v1Unpack:215) <0x1f1b>V1-Recv: 0x0300->0x0A06 0x4900 [0m
[37m[1.443][linker]-[Debug]-[DjiCommand_RecvWork:1066)  <0x1f1b>Receive msg from linker, 0x0300->0x0A06 0x4900 len:14 [0m
[37m[1.443][linker]-[Debug]-[DjiCommand_DealCmd:919) received unsupport request cmd that need ack, <0x1f1b> cmdset: 0x49 cmdid: 0x00 [0m
[37m[1.481][linker]-[Debug]-[DjiProtocol_v1Unpack:215) <0xbbb>V1-Recv: 0x0701->0x0A06 0x004A [0m
[37m[1.481][linker]-[Debug]-[DjiProtocol_v1Unpack:215) <0x1f5a>V1-Recv: 0x0300->0x0A06 0x221B [0m
[37m[1.481][linker]-[Debug]-[DjiCommand_RecvWork:1066)  <0xbbb>Receive msg from linker, 0x0701->0x0A06 0x004A len:15 [0m
[37m[1.481][linker]-[Debug]-[DjiCommand_DealCmd:919) received unsupport request cmd that need ack, <0xbbb> cmdset: 0x00 cmdid: 0x4A [0m
[37m[1.482][linker]-[Debug]-[DjiCommand_RecvWork:1066)  <0x1f5a>Receive msg from linker, 0x0300->0x0A06 0x221B len:9 [0m
[37m[1.482][linker]-[Debug]-[DjiCommand_DealCmd:919) received unsupport request cmd that noneed ack, <0x1f5a> cmdset: 0x22 cmdid: 0x1B [0m
[37m[1.492][linker]-[Debug]-[DjiProtocol_v1Unpack:215) <0xbbc>V1-Recv: 0x0701->0x0A06 0x0087 [0m
[37m[1.492][linker]-[Debug]-[DjiProtocol_v1Unpack:215) <0x5230>V1-Recv: 0x0701->0x0A06 0x0087 [0m
[37m[1.493][linker]-[Debug]-[DjiCommand_RecvWork:1066)  <0xbbc>Receive msg from linker, 0x0701->0x0A06 0x0087 len:208 [0m
[37m[1.493][adapter]-[Debug]-[DjiPayloadNegotiate_PayloadNegotiateHandle:1073) receive payload negotiate notify, cmd = 5 [0m
[37m[1.493][adapter]-[Debug]-[DjiPayloadNegotiate_NotifyHandle:1012) notify device cap info length:208 [0m
[37m[1.493][adapter]-[Debug]-[DjiDeviceInfoParse_ParseCommand:396) command:5 [0m
[37m[1.493][adapter]-[Debug]-[DjiDeviceInfoParse_ParseAllInfo:65) command: 5 aciton: 17 [0m
[37m[1.493][adapter]-[Debug]-[DjiDeviceInfoParse_ParseAllInfo:75) info:DEV len:24 [0m
[37m[1.493][adapter]-[Debug]-[DjiDeviceInfoParse_ParseChannelInfo:276) parse 78 byte chnl_info [0m
[37m[1.493][adapter]-[Debug]-[DjiDeviceInfoParse_ParseAllInfo:85) info:CHN len:72 [0m
[37m[1.493][adapter]-[Debug]-[DjiDeviceInfoParse_ParseAllInfo:95) info:HST len:17 [0m
[37m[1.493][adapter]-[Debug]-[DjiDeviceInfoParse_ParseDataInfo:376) parse 73 byte data_info [0m
[37m[1.493][adapter]-[Debug]-[DjiDeviceInfoParse_ParseAllInfo:104) info:DAT len:67 [0m
[37m[1.493][adapter]-[Debug]-[DjiPayloadNegotiate_NotifyHandle:1032) uav ip addr:192.168.108.1 [0m
[37m[1.493][linker]-[Debug]-[DjiProtocol_v1Pack:123) <0xbbc>V1-Send: 0x0A06->0x0701 0x0087 [0m
[37m[1.494][linker]-[Debug]-[DjiCommand_RecvWork:1066)  <0x5230>Receive msg from linker, 0x0701->0x0A06 0x0087 len:4 [0m
[37m[1.494][linker]-[Debug]-[DjiCommand_SendSyncCallback:1014) PsdkCommand_SendSyncCallback success [0m
[37m[1.494][linker]-[Debug]-[DjiCommand_DealCmd:830) callback function (cmdset: 0x00 cmdid: 0x87) deal time: 0 ms [0m
[37m[1.494][linker]-[Debug]-[DjiCommand_SendSync:553) sendSync callback success [0m
[37m[1.508][linker]-[Debug]-[DjiProtocol_v1Unpack:215) <0x221e>V1-Recv: 0x0800->0x0A06 0x0866 [0m
[37m[1.509][linker]-[Debug]-[DjiCommand_RecvWork:1066)  <0x221e>Receive msg from linker, 0x0800->0x0A06 0x0866 len:17 [0m
[37m[1.509][linker]-[Debug]-[DjiCommand_DealCmd:919) received unsupport request cmd that noneed ack, <0x221e> cmdset: 0x08 cmdid: 0x66 [0m
[37m[1.524][linker]-[Debug]-[DjiProtocol_v1Unpack:215) <0x1f99>V1-Recv: 0x0300->0x0A06 0x036C [0m
[37m[1.525][linker]-[Debug]-[DjiCommand_RecvWork:1066)  <0x1f99>Receive msg from linker, 0x0300->0x0A06 0x036C len:71 [0m
[37m[1.525][linker]-[Debug]-[DjiCommand_DealCmd:919) received unsupport request cmd that noneed ack, <0x1f99> cmdset: 0x03 cmdid: 0x6C [0m
[37m[1.540][linker]-[Debug]-[DjiProtocol_v1Unpack:215) <0x1fbc>V1-Recv: 0x0306->0x0A06 0x03C1 [0m
[37m[1.541][linker]-[Debug]-[DjiCommand_RecvWork:1066)  <0x1fbc>Receive msg from linker, 0x0306->0x0A06 0x03C1 len:13 [0m
[37m[1.541][linker]-[Debug]-[DjiCommand_DealCmd:919) received unsupport request cmd that noneed ack, <0x1fbc> cmdset: 0x03 cmdid: 0xC1 [0m
[37m[1.542][linker]-[Debug]-[DjiProtocol_v1Unpack:215) <0x1fc1>V1-Recv: 0x0300->0x0A06 0x4900 [0m
[37m[1.543][linker]-[Debug]-[DjiCommand_RecvWork:1066)  <0x1fc1>Receive msg from linker, 0x0300->0x0A06 0x4900 len:14 [0m
[37m[1.543][linker]-[Debug]-[DjiCommand_DealCmd:919) received unsupport request cmd that need ack, <0x1fc1> cmdset: 0x49 cmdid: 0x00 [0m
[37m[1.582][linker]-[Debug]-[DjiProtocol_v1Unpack:215) <0x2005>V1-Recv: 0x0300->0x0A06 0x221B [0m
[37m[1.582][linker]-[Debug]-[DjiProtocol_v1Unpack:215) <0x2009>V1-Recv: 0x0300->0x0100 0x0405 [0m
[37m[1.583][linker]-[Debug]-[DjiCommand_RecvWork:1066)  <0x2005>Receive msg from linker, 0x0300->0x0A06 0x221B len:9 [0m
[37m[1.583][linker]-[Debug]-[DjiCommand_DealCmd:919) received unsupport request cmd that noneed ack, <0x2005> cmdset: 0x22 cmdid: 0x1B [0m
[37m[1.584][linker]-[Debug]-[DjiCommand_RecvWork:1066)  <0x2009>Receive msg from linker, 0x0300->0x0100 0x0405 len:22 [0m
[37m[1.584][linker]-[Debug]-[DjiCommand_DealCmd:919) received unsupport request cmd that noneed ack, <0x2009> cmdset: 0x04 cmdid: 0x05 [0m
[37m[1.624][linker]-[Debug]-[DjiProtocol_v1Unpack:215) <0x2044>V1-Recv: 0x0300->0x0A06 0x036C [0m
[37m[1.625][linker]-[Debug]-[DjiCommand_RecvWork:1066)  <0x2044>Receive msg from linker, 0x0300->0x0A06 0x036C len:71 [0m
[37m[1.625][linker]-[Debug]-[DjiCommand_DealCmd:919) received unsupport request cmd that noneed ack, <0x2044> cmdset: 0x03 cmdid: 0x6C [0m
[37m[1.641][linker]-[Debug]-[DjiProtocol_v1Unpack:215) <0x2062>V1-Recv: 0x0306->0x0A06 0x03C1 [0m
[37m[1.641][linker]-[Debug]-[DjiCommand_RecvWork:1066)  <0x2062>Receive msg from linker, 0x0306->0x0A06 0x03C1 len:13 [0m
[37m[1.641][linker]-[Debug]-[DjiCommand_DealCmd:919) received unsupport request cmd that noneed ack, <0x2062> cmdset: 0x03 cmdid: 0xC1 [0m
[37m[1.642][linker]-[Debug]-[DjiProtocol_v1Unpack:215) <0x2063>V1-Recv: 0x0300->0x0A06 0x4900 [0m
[37m[1.643][linker]-[Debug]-[DjiCommand_RecvWork:1066)  <0x2063>Receive msg from linker, 0x0300->0x0A06 0x4900 len:14 [0m
[37m[1.643][linker]-[Debug]-[DjiCommand_DealCmd:919) received unsupport request cmd that need ack, <0x2063> cmdset: 0x49 cmdid: 0x00 [0m
[37m[1.681][linker]-[Debug]-[DjiProtocol_v1Unpack:215) <0x20a4>V1-Recv: 0x0300->0x0A06 0x221B [0m
[37m[1.682][linker]-[Debug]-[DjiCommand_RecvWork:1066)  <0x20a4>Receive msg from linker, 0x0300->0x0A06 0x221B len:9 [0m
[37m[1.682][linker]-[Debug]-[DjiCommand_DealCmd:919) received unsupport request cmd that noneed ack, <0x20a4> cmdset: 0x22 cmdid: 0x1B [0m
[37m[1.695][linker]-[Debug]-[DjiProtocol_v1Unpack:215) <0x1193>V1-Recv: 0x1D07->0x0A06 0x2105 [0m
[37m[1.696][linker]-[Debug]-[DjiCommand_RecvWork:1066)  <0x1193>Receive msg from linker, 0x1D07->0x0A06 0x2105 len:1 [0m
[37m[1.696][linker]-[Debug]-[DjiCommand_DealCmd:919) received unsupport request cmd that need ack, <0x1193> cmdset: 0x21 cmdid: 0x05 [0m
[37m[1.724][linker]-[Debug]-[DjiProtocol_v1Unpack:215) <0x20e6>V1-Recv: 0x0300->0x0A06 0x036C [0m
[37m[1.725][linker]-[Debug]-[DjiCommand_RecvWork:1066)  <0x20e6>Receive msg from linker, 0x0300->0x0A06 0x036C len:71 [0m
[37m[1.725][linker]-[Debug]-[DjiCommand_DealCmd:919) received unsupport request cmd that noneed ack, <0x20e6> cmdset: 0x03 cmdid: 0x6C [0m
[37m[1.740][linker]-[Debug]-[DjiProtocol_v1Unpack:215) <0x2106>V1-Recv: 0x0306->0x0A06 0x03C1 [0m
[37m[1.741][linker]-[Debug]-[DjiCommand_RecvWork:1066)  <0x2106>Receive msg from linker, 0x0306->0x0A06 0x03C1 len:13 [0m
[37m[1.741][linker]-[Debug]-[DjiCommand_DealCmd:919) received unsupport request cmd that noneed ack, <0x2106> cmdset: 0x03 cmdid: 0xC1 [0m
[37m[1.742][linker]-[Debug]-[DjiProtocol_v1Unpack:215) <0x210b>V1-Recv: 0x0300->0x0A06 0x4900 [0m
[37m[1.743][linker]-[Debug]-[DjiCommand_RecvWork:1066)  <0x210b>Receive msg from linker, 0x0300->0x0A06 0x4900 len:14 [0m
[37m[1.743][linker]-[Debug]-[DjiCommand_DealCmd:919) received unsupport request cmd that need ack, <0x210b> cmdset: 0x49 cmdid: 0x00 [0m
[37m[1.758][linker]-[Debug]-[DjiProtocol_v1Unpack:215) <0x221f>V1-Recv: 0x0800->0x0A06 0x0866 [0m
[37m[1.759][linker]-[Debug]-[DjiCommand_RecvWork:1066)  <0x221f>Receive msg from linker, 0x0800->0x0A06 0x0866 len:17 [0m
[37m[1.759][linker]-[Debug]-[DjiCommand_DealCmd:919) received unsupport request cmd that noneed ack, <0x221f> cmdset: 0x08 cmdid: 0x66 [0m
[37m[1.782][linker]-[Debug]-[DjiProtocol_v1Unpack:215) <0x214d>V1-Recv: 0x0300->0x0A06 0x221B [0m
[37m[1.782][linker]-[Debug]-[DjiCommand_RecvWork:1066)  <0x214d>Receive msg from linker, 0x0300->0x0A06 0x221B len:9 [0m
[37m[1.782][linker]-[Debug]-[DjiCommand_DealCmd:919) received unsupport request cmd that noneed ack, <0x214d> cmdset: 0x22 cmdid: 0x1B [0m
[37m[1.824][linker]-[Debug]-[DjiProtocol_v1Unpack:215) <0x218b>V1-Recv: 0x0300->0x0A06 0x036C [0m
[37m[1.825][linker]-[Debug]-[DjiCommand_RecvWork:1066)  <0x218b>Receive msg from linker, 0x0300->0x0A06 0x036C len:71 [0m
[37m[1.825][linker]-[Debug]-[DjiCommand_DealCmd:919) received unsupport request cmd that noneed ack, <0x218b> cmdset: 0x03 cmdid: 0x6C [0m
[37m[1.840][linker]-[Debug]-[DjiProtocol_v1Unpack:215) <0x21ab>V1-Recv: 0x0306->0x0A06 0x03C1 [0m
[37m[1.840][linker]-[Debug]-[DjiCommand_RecvWork:1066)  <0x21ab>Receive msg from linker, 0x0306->0x0A06 0x03C1 len:13 [0m
[37m[1.840][linker]-[Debug]-[DjiCommand_DealCmd:919) received unsupport request cmd that noneed ack, <0x21ab> cmdset: 0x03 cmdid: 0xC1 [0m
[37m[1.842][linker]-[Debug]-[DjiProtocol_v1Unpack:215) <0x21ac>V1-Recv: 0x0300->0x0A06 0x4900 [0m
[37m[1.842][linker]-[Debug]-[DjiCommand_RecvWork:1066)  <0x21ac>Receive msg from linker, 0x0300->0x0A06 0x4900 len:14 [0m
[37m[1.842][linker]-[Debug]-[DjiCommand_DealCmd:919) received unsupport request cmd that need ack, <0x21ac> cmdset: 0x49 cmdid: 0x00 [0m
[37m[1.881][linker]-[Debug]-[DjiProtocol_v1Unpack:215) <0x21ec>V1-Recv: 0x0300->0x0A06 0x221B [0m
[37m[1.881][linker]-[Debug]-[DjiCommand_RecvWork:1066)  <0x21ec>Receive msg from linker, 0x0300->0x0A06 0x221B len:9 [0m
[37m[1.881][linker]-[Debug]-[DjiCommand_DealCmd:919) received unsupport request cmd that noneed ack, <0x21ec> cmdset: 0x22 cmdid: 0x1B [0m
[37m[1.905][linker]-[Debug]-[DjiProtocol_v1Unpack:215) <0x220a>V1-Recv: 0x0306->0x0A06 0x03C1 [0m
[37m[1.906][linker]-[Debug]-[DjiCommand_RecvWork:1066)  <0x220a>Receive msg from linker, 0x0306->0x0A06 0x03C1 len:113 [0m
[37m[1.906][linker]-[Debug]-[DjiCommand_DealCmd:919) received unsupport request cmd that noneed ack, <0x220a> cmdset: 0x03 cmdid: 0xC1 [0m
[37m[1.924][linker]-[Debug]-[DjiProtocol_v1Unpack:215) <0x2230>V1-Recv: 0x0300->0x0A06 0x036C [0m
[37m[1.925][linker]-[Debug]-[DjiCommand_RecvWork:1066)  <0x2230>Receive msg from linker, 0x0300->0x0A06 0x036C len:71 [0m
[37m[1.925][linker]-[Debug]-[DjiCommand_DealCmd:919) received unsupport request cmd that noneed ack, <0x2230> cmdset: 0x03 cmdid: 0x6C [0m
[37m[1.940][linker]-[Debug]-[DjiProtocol_v1Unpack:215) <0x2251>V1-Recv: 0x0306->0x0A06 0x03C1 [0m
[37m[1.941][linker]-[Debug]-[DjiCommand_RecvWork:1066)  <0x2251>Receive msg from linker, 0x0306->0x0A06 0x03C1 len:13 [0m
[37m[1.941][linker]-[Debug]-[DjiCommand_DealCmd:919) received unsupport request cmd that noneed ack, <0x2251> cmdset: 0x03 cmdid: 0xC1 [0m
[37m[1.942][linker]-[Debug]-[DjiProtocol_v1Unpack:215) <0x2258>V1-Recv: 0x0300->0x0A06 0x4900 [0m
[37m[1.943][linker]-[Debug]-[DjiCommand_RecvWork:1066)  <0x2258>Receive msg from linker, 0x0300->0x0A06 0x4900 len:14 [0m
[37m[1.943][linker]-[Debug]-[DjiCommand_DealCmd:919) received unsupport request cmd that need ack, <0x2258> cmdset: 0x49 cmdid: 0x00 [0m
[37m[1.982][linker]-[Debug]-[DjiProtocol_v1Unpack:215) <0x229b>V1-Recv: 0x0300->0x0A06 0x221B [0m
[37m[1.982][linker]-[Debug]-[DjiCommand_RecvWork:1066)  <0x229b>Receive msg from linker, 0x0300->0x0A06 0x221B len:9 [0m
[37m[1.982][linker]-[Debug]-[DjiCommand_DealCmd:919) received unsupport request cmd that noneed ack, <0x229b> cmdset: 0x22 cmdid: 0x1B [0m
[37m[2.008][linker]-[Debug]-[DjiProtocol_v1Unpack:215) <0x2220>V1-Recv: 0x0800->0x0A06 0x0866 [0m
[37m[2.009][linker]-[Debug]-[DjiCommand_RecvWork:1066)  <0x2220>Receive msg from linker, 0x0800->0x0A06 0x0866 len:17 [0m
[37m[2.009][linker]-[Debug]-[DjiCommand_DealCmd:919) received unsupport request cmd that noneed ack, <0x2220> cmdset: 0x08 cmdid: 0x66 [0m
[37m[2.024][linker]-[Debug]-[DjiProtocol_v1Unpack:215) <0x22da>V1-Recv: 0x0300->0x0A06 0x036C [0m
[37m[2.025][linker]-[Debug]-[DjiCommand_RecvWork:1066)  <0x22da>Receive msg from linker, 0x0300->0x0A06 0x036C len:71 [0m
[37m[2.025][linker]-[Debug]-[DjiCommand_DealCmd:919) received unsupport request cmd that noneed ack, <0x22da> cmdset: 0x03 cmdid: 0x6C [0m
[37m[2.040][linker]-[Debug]-[DjiProtocol_v1Unpack:215) <0x22f8>V1-Recv: 0x0306->0x0A06 0x03C1 [0m
[37m[2.041][linker]-[Debug]-[DjiCommand_RecvWork:1066)  <0x22f8>Receive msg from linker, 0x0306->0x0A06 0x03C1 len:13 [0m
[37m[2.041][linker]-[Debug]-[DjiCommand_DealCmd:919) received unsupport request cmd that noneed ack, <0x22f8> cmdset: 0x03 cmdid: 0xC1 [0m
[37m[2.042][linker]-[Debug]-[DjiProtocol_v1Unpack:215) <0x22fa>V1-Recv: 0x0300->0x0A06 0x4900 [0m
[37m[2.043][linker]-[Debug]-[DjiCommand_RecvWork:1066)  <0x22fa>Receive msg from linker, 0x0300->0x0A06 0x4900 len:14 [0m
[37m[2.043][linker]-[Debug]-[DjiCommand_DealCmd:919) received unsupport request cmd that need ack, <0x22fa> cmdset: 0x49 cmdid: 0x00 [0m
[37m[2.085][linker]-[Debug]-[DjiProtocol_v1Unpack:215) <0x2339>V1-Recv: 0x0300->0x0A06 0x221B [0m
[37m[2.085][linker]-[Debug]-[DjiProtocol_v1Unpack:215) <0x2340>V1-Recv: 0x0300->0x0A06 0x0F74 [0m
[37m[2.085][linker]-[Debug]-[DjiProtocol_v1Unpack:215) <0x2341>V1-Recv: 0x0300->0x0100 0x0406 [0m
[37m[2.085][linker]-[Debug]-[DjiProtocol_v1Unpack:215) <0x2342>V1-Recv: 0x0300->0x0100 0x0407 [0m
[37m[2.085][linker]-[Debug]-[DjiCommand_RecvWork:1066)  <0x2339>Receive msg from linker, 0x0300->0x0A06 0x221B len:9 [0m
[37m[2.085][linker]-[Debug]-[DjiCommand_DealCmd:919) received unsupport request cmd that noneed ack, <0x2339> cmdset: 0x22 cmdid: 0x1B [0m
[37m[2.087][linker]-[Debug]-[DjiCommand_RecvWork:1066)  <0x2340>Receive msg from linker, 0x0300->0x0A06 0x0F74 len:28 [0m
[37m[2.087][linker]-[Debug]-[DjiCommand_DealCmd:919) received unsupport request cmd that noneed ack, <0x2340> cmdset: 0x0F cmdid: 0x74 [0m
[37m[2.088][linker]-[Debug]-[DjiCommand_RecvWork:1066)  <0x2341>Receive msg from linker, 0x0300->0x0100 0x0406 len:12 [0m
[37m[2.088][linker]-[Debug]-[DjiCommand_DealCmd:919) received unsupport request cmd that noneed ack, <0x2341> cmdset: 0x04 cmdid: 0x06 [0m
[37m[2.089][linker]-[Debug]-[DjiCommand_RecvWork:1066)  <0x2342>Receive msg from linker, 0x0300->0x0100 0x0407 len:1 [0m
[37m[2.089][linker]-[Debug]-[DjiCommand_DealCmd:919) received unsupport request cmd that noneed ack, <0x2342> cmdset: 0x04 cmdid: 0x07 [0m
[37m[2.124][linker]-[Debug]-[DjiProtocol_v1Unpack:215) <0x2381>V1-Recv: 0x0300->0x0A06 0x036C [0m
[37m[2.125][linker]-[Debug]-[DjiCommand_RecvWork:1066)  <0x2381>Receive msg from linker, 0x0300->0x0A06 0x036C len:71 [0m
[37m[2.125][linker]-[Debug]-[DjiCommand_DealCmd:919) received unsupport request cmd that noneed ack, <0x2381> cmdset: 0x03 cmdid: 0x6C [0m
[37m[2.140][linker]-[Debug]-[DjiProtocol_v1Unpack:215) <0x23aa>V1-Recv: 0x0306->0x0A06 0x03C1 [0m
[37m[2.141][linker]-[Debug]-[DjiCommand_RecvWork:1066)  <0x23aa>Receive msg from linker, 0x0306->0x0A06 0x03C1 len:13 [0m
[37m[2.141][linker]-[Debug]-[DjiCommand_DealCmd:919) received unsupport request cmd that noneed ack, <0x23aa> cmdset: 0x03 cmdid: 0xC1 [0m
[37m[2.143][linker]-[Debug]-[DjiProtocol_v1Unpack:215) <0x23b1>V1-Recv: 0x0300->0x0A06 0x4900 [0m
[37m[2.144][linker]-[Debug]-[DjiCommand_RecvWork:1066)  <0x23b1>Receive msg from linker, 0x0300->0x0A06 0x4900 len:14 [0m
[37m[2.144][linker]-[Debug]-[DjiCommand_DealCmd:919) received unsupport request cmd that need ack, <0x23b1> cmdset: 0x49 cmdid: 0x00 [0m
[37m[2.153][utils]-[Debug]-[DjiCore_RootTask:131) work execution time: [0m
[37m[2.153][utils]-[Debug]-[DjiCore_RootTask:132) name	                execution time (ms)	  max execution time (ms) [0m
[37m[2.153][utils]-[Debug]-[DjiCore_RootTask:134) recorderWork                    	1       	1        [0m
[37m[2.153][utils]-[Debug]-[DjiCore_RootTask:134) flowControllerTask              	0       	0        [0m
[37m[2.153][utils]-[Debug]-[DjiCore_RootTask:134) commandTask                     	1       	1        [0m
[37m[2.181][linker]-[Debug]-[DjiProtocol_v1Unpack:215) <0x23f7>V1-Recv: 0x0300->0x0A06 0x221B [0m
[37m[2.183][linker]-[Debug]-[DjiCommand_RecvWork:1066)  <0x23f7>Receive msg from linker, 0x0300->0x0A06 0x221B len:9 [0m
[37m[2.183][linker]-[Debug]-[DjiCommand_DealCmd:919) received unsupport request cmd that noneed ack, <0x23f7> cmdset: 0x22 cmdid: 0x1B [0m
[37m[2.224][linker]-[Debug]-[DjiProtocol_v1Unpack:215) <0x243c>V1-Recv: 0x0300->0x0A06 0x036C [0m
[37m[2.225][linker]-[Debug]-[DjiCommand_RecvWork:1066)  <0x243c>Receive msg from linker, 0x0300->0x0A06 0x036C len:71 [0m
[37m[2.225][linker]-[Debug]-[DjiCommand_DealCmd:919) received unsupport request cmd that noneed ack, <0x243c> cmdset: 0x03 cmdid: 0x6C [0m
[37m[2.240][linker]-[Debug]-[DjiProtocol_v1Unpack:215) <0x245a>V1-Recv: 0x0306->0x0A06 0x03C1 [0m
[37m[2.241][linker]-[Debug]-[DjiCommand_RecvWork:1066)  <0x245a>Receive msg from linker, 0x0306->0x0A06 0x03C1 len:13 [0m
[37m[2.241][linker]-[Debug]-[DjiCommand_DealCmd:919) received unsupport request cmd that noneed ack, <0x245a> cmdset: 0x03 cmdid: 0xC1 [0m
[37m[2.242][linker]-[Debug]-[DjiProtocol_v1Unpack:215) <0x245b>V1-Recv: 0x0300->0x0A06 0x4900 [0m
[37m[2.243][linker]-[Debug]-[DjiCommand_RecvWork:1066)  <0x245b>Receive msg from linker, 0x0300->0x0A06 0x4900 len:14 [0m
[37m[2.243][linker]-[Debug]-[DjiCommand_DealCmd:919) received unsupport request cmd that need ack, <0x245b> cmdset: 0x49 cmdid: 0x00 [0m
[37m[2.258][linker]-[Debug]-[DjiProtocol_v1Unpack:215) <0x2221>V1-Recv: 0x0800->0x0A06 0x0866 [0m
[37m[2.259][linker]-[Debug]-[DjiCommand_RecvWork:1066)  <0x2221>Receive msg from linker, 0x0800->0x0A06 0x0866 len:17 [0m
[37m[2.259][linker]-[Debug]-[DjiCommand_DealCmd:919) received unsupport request cmd that noneed ack, <0x2221> cmdset: 0x08 cmdid: 0x66 [0m
[37m[2.281][linker]-[Debug]-[DjiProtocol_v1Unpack:215) <0x249c>V1-Recv: 0x0300->0x0A06 0x221B [0m
[37m[2.282][linker]-[Debug]-[DjiCommand_RecvWork:1066)  <0x249c>Receive msg from linker, 0x0300->0x0A06 0x221B len:9 [0m
[37m[2.282][linker]-[Debug]-[DjiCommand_DealCmd:919) received unsupport request cmd that noneed ack, <0x249c> cmdset: 0x22 cmdid: 0x1B [0m
[37m[2.324][linker]-[Debug]-[DjiProtocol_v1Unpack:215) <0x24e3>V1-Recv: 0x0300->0x0A06 0x036C [0m
[37m[2.325][linker]-[Debug]-[DjiCommand_RecvWork:1066)  <0x24e3>Receive msg from linker, 0x0300->0x0A06 0x036C len:71 [0m
[37m[2.325][linker]-[Debug]-[DjiCommand_DealCmd:919) received unsupport request cmd that noneed ack, <0x24e3> cmdset: 0x03 cmdid: 0x6C [0m
[37m[2.340][linker]-[Debug]-[DjiProtocol_v1Unpack:215) <0x2507>V1-Recv: 0x0306->0x0A06 0x03C1 [0m
[37m[2.341][linker]-[Debug]-[DjiCommand_RecvWork:1066)  <0x2507>Receive msg from linker, 0x0306->0x0A06 0x03C1 len:13 [0m
[37m[2.341][linker]-[Debug]-[DjiCommand_DealCmd:919) received unsupport request cmd that noneed ack, <0x2507> cmdset: 0x03 cmdid: 0xC1 [0m
[37m[2.343][linker]-[Debug]-[DjiProtocol_v1Unpack:215) <0x2511>V1-Recv: 0x0300->0x0A06 0x4900 [0m
[37m[2.343][linker]-[Debug]-[DjiCommand_RecvWork:1066)  <0x2511>Receive msg from linker, 0x0300->0x0A06 0x4900 len:14 [0m
[37m[2.343][linker]-[Debug]-[DjiCommand_DealCmd:919) received unsupport request cmd that need ack, <0x2511> cmdset: 0x49 cmdid: 0x00 [0m
[37m[2.381][linker]-[Debug]-[DjiProtocol_v1Unpack:215) <0x255b>V1-Recv: 0x0300->0x0A06 0x221B [0m
[37m[2.382][linker]-[Debug]-[DjiCommand_RecvWork:1066)  <0x255b>Receive msg from linker, 0x0300->0x0A06 0x221B len:9 [0m
[37m[2.382][linker]-[Debug]-[DjiCommand_DealCmd:919) received unsupport request cmd that noneed ack, <0x255b> cmdset: 0x22 cmdid: 0x1B [0m
[37m[2.424][linker]-[Debug]-[DjiProtocol_v1Unpack:215) <0x2599>V1-Recv: 0x0300->0x0A06 0x036C [0m
[37m[2.425][linker]-[Debug]-[DjiCommand_RecvWork:1066)  <0x2599>Receive msg from linker, 0x0300->0x0A06 0x036C len:71 [0m
[37m[2.425][linker]-[Debug]-[DjiCommand_DealCmd:919) received unsupport request cmd that noneed ack, <0x2599> cmdset: 0x03 cmdid: 0x6C [0m
[37m[2.440][linker]-[Debug]-[DjiProtocol_v1Unpack:215) <0x25b7>V1-Recv: 0x0306->0x0A06 0x03C1 [0m
[37m[2.441][linker]-[Debug]-[DjiCommand_RecvWork:1066)  <0x25b7>Receive msg from linker, 0x0306->0x0A06 0x03C1 len:13 [0m
[37m[2.441][linker]-[Debug]-[DjiCommand_DealCmd:919) received unsupport request cmd that noneed ack, <0x25b7> cmdset: 0x03 cmdid: 0xC1 [0m
[37m[2.442][linker]-[Debug]-[DjiProtocol_v1Unpack:215) <0x25b8>V1-Recv: 0x0300->0x0A06 0x4900 [0m
[37m[2.443][linker]-[Debug]-[DjiCommand_RecvWork:1066)  <0x25b8>Receive msg from linker, 0x0300->0x0A06 0x4900 len:14 [0m
[37m[2.443][linker]-[Debug]-[DjiCommand_DealCmd:919) received unsupport request cmd that need ack, <0x25b8> cmdset: 0x49 cmdid: 0x00 [0m
[37m[2.481][linker]-[Debug]-[DjiProtocol_v1Unpack:215) <0x25f7>V1-Recv: 0x0300->0x0A06 0x221B [0m
[37m[2.482][linker]-[Debug]-[DjiCommand_RecvWork:1066)  <0x25f7>Receive msg from linker, 0x0300->0x0A06 0x221B len:9 [0m
[37m[2.482][linker]-[Debug]-[DjiCommand_DealCmd:919) received unsupport request cmd that noneed ack, <0x25f7> cmdset: 0x22 cmdid: 0x1B [0m
[37m[2.508][linker]-[Debug]-[DjiProtocol_v1Unpack:215) <0x2222>V1-Recv: 0x0800->0x0A06 0x0866 [0m
[37m[2.509][linker]-[Debug]-[DjiCommand_RecvWork:1066)  <0x2222>Receive msg from linker, 0x0800->0x0A06 0x0866 len:17 [0m
[37m[2.509][linker]-[Debug]-[DjiCommand_DealCmd:919) received unsupport request cmd that noneed ack, <0x2222> cmdset: 0x08 cmdid: 0x66 [0m
[37m[2.524][linker]-[Debug]-[DjiProtocol_v1Unpack:215) <0x2636>V1-Recv: 0x0300->0x0A06 0x036C [0m
[37m[2.524][linker]-[Debug]-[DjiCommand_RecvWork:1066)  <0x2636>Receive msg from linker, 0x0300->0x0A06 0x036C len:71 [0m
[37m[2.524][linker]-[Debug]-[DjiCommand_DealCmd:919) received unsupport request cmd that noneed ack, <0x2636> cmdset: 0x03 cmdid: 0x6C [0m
[37m[2.541][linker]-[Debug]-[DjiProtocol_v1Unpack:215) <0x2659>V1-Recv: 0x0306->0x0A06 0x03C1 [0m
[37m[2.541][linker]-[Debug]-[DjiCommand_RecvWork:1066)  <0x2659>Receive msg from linker, 0x0306->0x0A06 0x03C1 len:13 [0m
[37m[2.541][linker]-[Debug]-[DjiCommand_DealCmd:919) received unsupport request cmd that noneed ack, <0x2659> cmdset: 0x03 cmdid: 0xC1 [0m
[37m[2.543][linker]-[Debug]-[DjiProtocol_v1Unpack:215) <0x265e>V1-Recv: 0x0300->0x0A06 0x4900 [0m
[37m[2.543][linker]-[Debug]-[DjiCommand_RecvWork:1066)  <0x265e>Receive msg from linker, 0x0300->0x0A06 0x4900 len:14 [0m
[37m[2.543][linker]-[Debug]-[DjiCommand_DealCmd:919) received unsupport request cmd that need ack, <0x265e> cmdset: 0x49 cmdid: 0x00 [0m
[37m[2.583][linker]-[Debug]-[DjiProtocol_v1Unpack:215) <0x26a2>V1-Recv: 0x0300->0x0A06 0x221B [0m
[37m[2.583][linker]-[Debug]-[DjiProtocol_v1Unpack:215) <0x26a6>V1-Recv: 0x0300->0x0100 0x0405 [0m
[37m[2.583][linker]-[Debug]-[DjiCommand_RecvWork:1066)  <0x26a2>Receive msg from linker, 0x0300->0x0A06 0x221B len:9 [0m
[37m[2.583][linker]-[Debug]-[DjiCommand_DealCmd:919) received unsupport request cmd that noneed ack, <0x26a2> cmdset: 0x22 cmdid: 0x1B [0m
[37m[2.585][linker]-[Debug]-[DjiCommand_RecvWork:1066)  <0x26a6>Receive msg from linker, 0x0300->0x0100 0x0405 len:22 [0m
[37m[2.585][linker]-[Debug]-[DjiCommand_DealCmd:919) received unsupport request cmd that noneed ack, <0x26a6> cmdset: 0x04 cmdid: 0x05 [0m
[37m[2.624][linker]-[Debug]-[DjiProtocol_v1Unpack:215) <0x26df>V1-Recv: 0x0300->0x0A06 0x036C [0m
[37m[2.624][linker]-[Debug]-[DjiCommand_RecvWork:1066)  <0x26df>Receive msg from linker, 0x0300->0x0A06 0x036C len:71 [0m
[37m[2.624][linker]-[Debug]-[DjiCommand_DealCmd:919) received unsupport request cmd that noneed ack, <0x26df> cmdset: 0x03 cmdid: 0x6C [0m
[37m[2.641][linker]-[Debug]-[DjiProtocol_v1Unpack:215) <0x26fd>V1-Recv: 0x0306->0x0A06 0x03C1 [0m
[37m[2.641][linker]-[Debug]-[DjiCommand_RecvWork:1066)  <0x26fd>Receive msg from linker, 0x0306->0x0A06 0x03C1 len:13 [0m
[37m[2.641][linker]-[Debug]-[DjiCommand_DealCmd:919) received unsupport request cmd that noneed ack, <0x26fd> cmdset: 0x03 cmdid: 0xC1 [0m
[37m[2.642][linker]-[Debug]-[DjiProtocol_v1Unpack:215) <0x26fe>V1-Recv: 0x0300->0x0A06 0x4900 [0m
[37m[2.642][linker]-[Debug]-[DjiCommand_RecvWork:1066)  <0x26fe>Receive msg from linker, 0x0300->0x0A06 0x4900 len:14 [0m
[37m[2.642][linker]-[Debug]-[DjiCommand_DealCmd:919) received unsupport request cmd that need ack, <0x26fe> cmdset: 0x49 cmdid: 0x00 [0m
[37m[2.681][linker]-[Debug]-[DjiProtocol_v1Unpack:215) <0x273f>V1-Recv: 0x0300->0x0A06 0x221B [0m
[37m[2.681][linker]-[Debug]-[DjiCommand_RecvWork:1066)  <0x273f>Receive msg from linker, 0x0300->0x0A06 0x221B len:9 [0m
[37m[2.681][linker]-[Debug]-[DjiCommand_DealCmd:919) received unsupport request cmd that noneed ack, <0x273f> cmdset: 0x22 cmdid: 0x1B [0m
[37m[2.695][linker]-[Debug]-[DjiProtocol_v1Unpack:215) <0x1194>V1-Recv: 0x1D07->0x0A06 0x2105 [0m
[37m[2.695][linker]-[Debug]-[DjiCommand_RecvWork:1066)  <0x1194>Receive msg from linker, 0x1D07->0x0A06 0x2105 len:1 [0m
[37m[2.695][linker]-[Debug]-[DjiCommand_DealCmd:919) received unsupport request cmd that need ack, <0x1194> cmdset: 0x21 cmdid: 0x05 [0m
[37m[2.723][linker]-[Debug]-[DjiProtocol_v1Unpack:215) <0x277e>V1-Recv: 0x0300->0x0A06 0x036C [0m
[37m[2.724][linker]-[Debug]-[DjiCommand_RecvWork:1066)  <0x277e>Receive msg from linker, 0x0300->0x0A06 0x036C len:71 [0m
[37m[2.724][linker]-[Debug]-[DjiCommand_DealCmd:919) received unsupport request cmd that noneed ack, <0x277e> cmdset: 0x03 cmdid: 0x6C [0m
[37m[2.741][linker]-[Debug]-[DjiProtocol_v1Unpack:215) <0x27a2>V1-Recv: 0x0306->0x0A06 0x03C1 [0m
[37m[2.741][linker]-[Debug]-[DjiCommand_RecvWork:1066)  <0x27a2>Receive msg from linker, 0x0306->0x0A06 0x03C1 len:13 [0m
[37m[2.741][linker]-[Debug]-[DjiCommand_DealCmd:919) received unsupport request cmd that noneed ack, <0x27a2> cmdset: 0x03 cmdid: 0xC1 [0m
[37m[2.743][linker]-[Debug]-[DjiProtocol_v1Unpack:215) <0x27a7>V1-Recv: 0x0300->0x0A06 0x4900 [0m
[37m[2.743][linker]-[Debug]-[DjiCommand_RecvWork:1066)  <0x27a7>Receive msg from linker, 0x0300->0x0A06 0x4900 len:14 [0m
[37m[2.743][linker]-[Debug]-[DjiCommand_DealCmd:919) received unsupport request cmd that need ack, <0x27a7> cmdset: 0x49 cmdid: 0x00 [0m
[37m[2.758][linker]-[Debug]-[DjiProtocol_v1Unpack:215) <0x2223>V1-Recv: 0x0800->0x0A06 0x0866 [0m
[37m[2.758][linker]-[Debug]-[DjiCommand_RecvWork:1066)  <0x2223>Receive msg from linker, 0x0800->0x0A06 0x0866 len:17 [0m
[37m[2.758][linker]-[Debug]-[DjiCommand_DealCmd:919) received unsupport request cmd that noneed ack, <0x2223> cmdset: 0x08 cmdid: 0x66 [0m
[37m[2.781][linker]-[Debug]-[DjiProtocol_v1Unpack:215) <0x27e9>V1-Recv: 0x0300->0x0A06 0x221B [0m
[37m[2.782][linker]-[Debug]-[DjiCommand_RecvWork:1066)  <0x27e9>Receive msg from linker, 0x0300->0x0A06 0x221B len:9 [0m
[37m[2.782][linker]-[Debug]-[DjiCommand_DealCmd:919) received unsupport request cmd that noneed ack, <0x27e9> cmdset: 0x22 cmdid: 0x1B [0m
[37m[2.824][linker]-[Debug]-[DjiProtocol_v1Unpack:215) <0x2828>V1-Recv: 0x0300->0x0A06 0x036C [0m
[37m[2.825][linker]-[Debug]-[DjiCommand_RecvWork:1066)  <0x2828>Receive msg from linker, 0x0300->0x0A06 0x036C len:71 [0m
[37m[2.825][linker]-[Debug]-[DjiCommand_DealCmd:919) received unsupport request cmd that noneed ack, <0x2828> cmdset: 0x03 cmdid: 0x6C [0m
[37m[2.840][linker]-[Debug]-[DjiProtocol_v1Unpack:215) <0x2848>V1-Recv: 0x0306->0x0A06 0x03C1 [0m
[37m[2.841][linker]-[Debug]-[DjiCommand_RecvWork:1066)  <0x2848>Receive msg from linker, 0x0306->0x0A06 0x03C1 len:13 [0m
[37m[2.841][linker]-[Debug]-[DjiCommand_DealCmd:919) received unsupport request cmd that noneed ack, <0x2848> cmdset: 0x03 cmdid: 0xC1 [0m
[37m[2.842][linker]-[Debug]-[DjiProtocol_v1Unpack:215) <0x2849>V1-Recv: 0x0300->0x0A06 0x4900 [0m
[37m[2.843][linker]-[Debug]-[DjiCommand_RecvWork:1066)  <0x2849>Receive msg from linker, 0x0300->0x0A06 0x4900 len:14 [0m
[37m[2.843][linker]-[Debug]-[DjiCommand_DealCmd:919) received unsupport request cmd that need ack, <0x2849> cmdset: 0x49 cmdid: 0x00 [0m
[37m[2.881][linker]-[Debug]-[DjiProtocol_v1Unpack:215) <0x288a>V1-Recv: 0x0300->0x0A06 0x221B [0m
[37m[2.882][linker]-[Debug]-[DjiCommand_RecvWork:1066)  <0x288a>Receive msg from linker, 0x0300->0x0A06 0x221B len:9 [0m
[37m[2.882][linker]-[Debug]-[DjiCommand_DealCmd:919) received unsupport request cmd that noneed ack, <0x288a> cmdset: 0x22 cmdid: 0x1B [0m
[37m[2.905][linker]-[Debug]-[DjiProtocol_v1Unpack:215) <0x28a9>V1-Recv: 0x0306->0x0A06 0x03C1 [0m
[37m[2.906][linker]-[Debug]-[DjiCommand_RecvWork:1066)  <0x28a9>Receive msg from linker, 0x0306->0x0A06 0x03C1 len:113 [0m
[37m[2.906][linker]-[Debug]-[DjiCommand_DealCmd:919) received unsupport request cmd that noneed ack, <0x28a9> cmdset: 0x03 cmdid: 0xC1 [0m
[37m[2.924][linker]-[Debug]-[DjiProtocol_v1Unpack:215) <0x28cc>V1-Recv: 0x0300->0x0A06 0x036C [0m
[37m[2.925][linker]-[Debug]-[DjiCommand_RecvWork:1066)  <0x28cc>Receive msg from linker, 0x0300->0x0A06 0x036C len:71 [0m
[37m[2.925][linker]-[Debug]-[DjiCommand_DealCmd:919) received unsupport request cmd that noneed ack, <0x28cc> cmdset: 0x03 cmdid: 0x6C [0m
[37m[2.940][linker]-[Debug]-[DjiProtocol_v1Unpack:215) <0x28f0>V1-Recv: 0x0306->0x0A06 0x03C1 [0m
[37m[2.941][linker]-[Debug]-[DjiCommand_RecvWork:1066)  <0x28f0>Receive msg from linker, 0x0306->0x0A06 0x03C1 len:13 [0m
[37m[2.941][linker]-[Debug]-[DjiCommand_DealCmd:919) received unsupport request cmd that noneed ack, <0x28f0> cmdset: 0x03 cmdid: 0xC1 [0m
[37m[2.942][linker]-[Debug]-[DjiProtocol_v1Unpack:215) <0x28f7>V1-Recv: 0x0300->0x0A06 0x4900 [0m
[37m[2.943][linker]-[Debug]-[DjiCommand_RecvWork:1066)  <0x28f7>Receive msg from linker, 0x0300->0x0A06 0x4900 len:14 [0m
[37m[2.943][linker]-[Debug]-[DjiCommand_DealCmd:919) received unsupport request cmd that need ack, <0x28f7> cmdset: 0x49 cmdid: 0x00 [0m
[37m[2.982][linker]-[Debug]-[DjiProtocol_v1Unpack:215) <0x293a>V1-Recv: 0x0300->0x0A06 0x221B [0m
[37m[2.982][linker]-[Debug]-[DjiCommand_RecvWork:1066)  <0x293a>Receive msg from linker, 0x0300->0x0A06 0x221B len:9 [0m
[37m[2.982][linker]-[Debug]-[DjiCommand_DealCmd:919) received unsupport request cmd that noneed ack, <0x293a> cmdset: 0x22 cmdid: 0x1B [0m
[37m[3.008][linker]-[Debug]-[DjiProtocol_v1Unpack:215) <0x2224>V1-Recv: 0x0800->0x0A06 0x0866 [0m
[37m[3.009][linker]-[Debug]-[DjiCommand_RecvWork:1066)  <0x2224>Receive msg from linker, 0x0800->0x0A06 0x0866 len:17 [0m
[37m[3.009][linker]-[Debug]-[DjiCommand_DealCmd:919) received unsupport request cmd that noneed ack, <0x2224> cmdset: 0x08 cmdid: 0x66 [0m
[37m[3.024][linker]-[Debug]-[DjiProtocol_v1Unpack:215) <0x2979>V1-Recv: 0x0300->0x0A06 0x036C [0m
[37m[3.025][linker]-[Debug]-[DjiCommand_RecvWork:1066)  <0x2979>Receive msg from linker, 0x0300->0x0A06 0x036C len:71 [0m
[37m[3.025][linker]-[Debug]-[DjiCommand_DealCmd:919) received unsupport request cmd that noneed ack, <0x2979> cmdset: 0x03 cmdid: 0x6C [0m
[37m[3.040][linker]-[Debug]-[DjiProtocol_v1Unpack:215) <0x2998>V1-Recv: 0x0306->0x0A06 0x03C1 [0m
[37m[3.040][linker]-[Debug]-[DjiCommand_RecvWork:1066)  <0x2998>Receive msg from linker, 0x0306->0x0A06 0x03C1 len:13 [0m
[37m[3.041][linker]-[Debug]-[DjiCommand_DealCmd:919) received unsupport request cmd that noneed ack, <0x2998> cmdset: 0x03 cmdid: 0xC1 [0m
[37m[3.043][linker]-[Debug]-[DjiProtocol_v1Unpack:215) <0x299a>V1-Recv: 0x0300->0x0A06 0x4900 [0m
[37m[3.043][linker]-[Debug]-[DjiCommand_RecvWork:1066)  <0x299a>Receive msg from linker, 0x0300->0x0A06 0x4900 len:14 [0m
[37m[3.043][linker]-[Debug]-[DjiCommand_DealCmd:919) received unsupport request cmd that need ack, <0x299a> cmdset: 0x49 cmdid: 0x00 [0m
[37m[3.085][linker]-[Debug]-[DjiProtocol_v1Unpack:215) <0x29da>V1-Recv: 0x0300->0x0A06 0x221B [0m
[37m[3.085][linker]-[Debug]-[DjiProtocol_v1Unpack:215) <0x29e1>V1-Recv: 0x0300->0x0A06 0x0F74 [0m
[37m[3.085][linker]-[Debug]-[DjiProtocol_v1Unpack:215) <0x29e2>V1-Recv: 0x0300->0x0100 0x0406 [0m
[37m[3.085][linker]-[Debug]-[DjiProtocol_v1Unpack:215) <0x29e3>V1-Recv: 0x0300->0x0100 0x0407 [0m
[37m[3.085][linker]-[Debug]-[DjiCommand_RecvWork:1066)  <0x29da>Receive msg from linker, 0x0300->0x0A06 0x221B len:9 [0m
[37m[3.085][linker]-[Debug]-[DjiCommand_DealCmd:919) received unsupport request cmd that noneed ack, <0x29da> cmdset: 0x22 cmdid: 0x1B [0m
[37m[3.086][linker]-[Debug]-[DjiCommand_RecvWork:1066)  <0x29e1>Receive msg from linker, 0x0300->0x0A06 0x0F74 len:28 [0m
[37m[3.086][linker]-[Debug]-[DjiCommand_DealCmd:919) received unsupport request cmd that noneed ack, <0x29e1> cmdset: 0x0F cmdid: 0x74 [0m
[37m[3.087][linker]-[Debug]-[DjiCommand_RecvWork:1066)  <0x29e2>Receive msg from linker, 0x0300->0x0100 0x0406 len:12 [0m
[37m[3.087][linker]-[Debug]-[DjiCommand_DealCmd:919) received unsupport request cmd that noneed ack, <0x29e2> cmdset: 0x04 cmdid: 0x06 [0m
[37m[3.088][linker]-[Debug]-[DjiCommand_RecvWork:1066)  <0x29e3>Receive msg from linker, 0x0300->0x0100 0x0407 len:1 [0m
[37m[3.088][linker]-[Debug]-[DjiCommand_DealCmd:919) received unsupport request cmd that noneed ack, <0x29e3> cmdset: 0x04 cmdid: 0x07 [0m
[37m[3.124][linker]-[Debug]-[DjiProtocol_v1Unpack:215) <0x2a21>V1-Recv: 0x0300->0x0A06 0x036C [0m
[37m[3.125][linker]-[Debug]-[DjiCommand_RecvWork:1066)  <0x2a21>Receive msg from linker, 0x0300->0x0A06 0x036C len:71 [0m
[37m[3.125][linker]-[Debug]-[DjiCommand_DealCmd:919) received unsupport request cmd that noneed ack, <0x2a21> cmdset: 0x03 cmdid: 0x6C [0m
[37m[3.140][linker]-[Debug]-[DjiProtocol_v1Unpack:215) <0x2a4c>V1-Recv: 0x0306->0x0A06 0x03C1 [0m
[37m[3.141][linker]-[Debug]-[DjiCommand_RecvWork:1066)  <0x2a4c>Receive msg from linker, 0x0306->0x0A06 0x03C1 len:13 [0m
[37m[3.141][linker]-[Debug]-[DjiCommand_DealCmd:919) received unsupport request cmd that noneed ack, <0x2a4c> cmdset: 0x03 cmdid: 0xC1 [0m
[37m[3.143][linker]-[Debug]-[DjiProtocol_v1Unpack:215) <0x2a53>V1-Recv: 0x0300->0x0A06 0x4900 [0m
[37m[3.143][linker]-[Debug]-[DjiCommand_RecvWork:1066)  <0x2a53>Receive msg from linker, 0x0300->0x0A06 0x4900 len:14 [0m
[37m[3.143][linker]-[Debug]-[DjiCommand_DealCmd:919) received unsupport request cmd that need ack, <0x2a53> cmdset: 0x49 cmdid: 0x00 [0m
[37m[3.181][linker]-[Debug]-[DjiProtocol_v1Unpack:215) <0x2a99>V1-Recv: 0x0300->0x0A06 0x221B [0m
[37m[3.181][linker]-[Debug]-[DjiCommand_RecvWork:1066)  <0x2a99>Receive msg from linker, 0x0300->0x0A06 0x221B len:9 [0m
[37m[3.181][linker]-[Debug]-[DjiCommand_DealCmd:919) received unsupport request cmd that noneed ack, <0x2a99> cmdset: 0x22 cmdid: 0x1B [0m
[37m[3.216][utils]-[Debug]-[DjiCore_RootTask:131) work execution time: [0m
[37m[3.216][utils]-[Debug]-[DjiCore_RootTask:132) name	                execution time (ms)	  max execution time (ms) [0m
[37m[3.216][utils]-[Debug]-[DjiCore_RootTask:134) recorderWork                    	0       	1        [0m
[37m[3.216][utils]-[Debug]-[DjiCore_RootTask:134) flowControllerTask              	0       	0        [0m
[37m[3.216][utils]-[Debug]-[DjiCore_RootTask:134) commandTask                     	1       	1        [0m
[37m[3.224][linker]-[Debug]-[DjiProtocol_v1Unpack:215) <0x2add>V1-Recv: 0x0300->0x0A06 0x036C [0m
[37m[3.225][linker]-[Debug]-[DjiCommand_RecvWork:1066)  <0x2add>Receive msg from linker, 0x0300->0x0A06 0x036C len:71 [0m
[37m[3.225][linker]-[Debug]-[DjiCommand_DealCmd:919) received unsupport request cmd that noneed ack, <0x2add> cmdset: 0x03 cmdid: 0x6C [0m
[37m[3.241][linker]-[Debug]-[DjiProtocol_v1Unpack:215) <0x2afc>V1-Recv: 0x0306->0x0A06 0x03C1 [0m
[37m[3.242][linker]-[Debug]-[DjiCommand_RecvWork:1066)  <0x2afc>Receive msg from linker, 0x0306->0x0A06 0x03C1 len:13 [0m
[37m[3.242][linker]-[Debug]-[DjiCommand_DealCmd:919) received unsupport request cmd that noneed ack, <0x2afc> cmdset: 0x03 cmdid: 0xC1 [0m
[37m[3.242][linker]-[Debug]-[DjiProtocol_v1Unpack:215) <0x2afd>V1-Recv: 0x0300->0x0A06 0x4900 [0m
[37m[3.243][linker]-[Debug]-[DjiCommand_RecvWork:1066)  <0x2afd>Receive msg from linker, 0x0300->0x0A06 0x4900 len:14 [0m
[37m[3.243][linker]-[Debug]-[DjiCommand_DealCmd:919) received unsupport request cmd that need ack, <0x2afd> cmdset: 0x49 cmdid: 0x00 [0m
[37m[3.258][linker]-[Debug]-[DjiProtocol_v1Unpack:215) <0x2225>V1-Recv: 0x0800->0x0A06 0x0866 [0m
[37m[3.259][linker]-[Debug]-[DjiCommand_RecvWork:1066)  <0x2225>Receive msg from linker, 0x0800->0x0A06 0x0866 len:17 [0m
[37m[3.259][linker]-[Debug]-[DjiCommand_DealCmd:919) received unsupport request cmd that noneed ack, <0x2225> cmdset: 0x08 cmdid: 0x66 [0m
[37m[3.281][linker]-[Debug]-[DjiProtocol_v1Unpack:215) <0x2b3e>V1-Recv: 0x0300->0x0A06 0x221B [0m
[37m[3.282][linker]-[Debug]-[DjiCommand_RecvWork:1066)  <0x2b3e>Receive msg from linker, 0x0300->0x0A06 0x221B len:9 [0m
[37m[3.282][linker]-[Debug]-[DjiCommand_DealCmd:919) received unsupport request cmd that noneed ack, <0x2b3e> cmdset: 0x22 cmdid: 0x1B [0m
[37m[3.324][linker]-[Debug]-[DjiProtocol_v1Unpack:215) <0x2b82>V1-Recv: 0x0300->0x0A06 0x036C [0m
[37m[3.325][linker]-[Debug]-[DjiCommand_RecvWork:1066)  <0x2b82>Receive msg from linker, 0x0300->0x0A06 0x036C len:71 [0m
[37m[3.325][linker]-[Debug]-[DjiCommand_DealCmd:919) received unsupport request cmd that noneed ack, <0x2b82> cmdset: 0x03 cmdid: 0x6C [0m
[37m[3.341][linker]-[Debug]-[DjiProtocol_v1Unpack:215) <0x2ba6>V1-Recv: 0x0306->0x0A06 0x03C1 [0m
[37m[3.342][linker]-[Debug]-[DjiCommand_RecvWork:1066)  <0x2ba6>Receive msg from linker, 0x0306->0x0A06 0x03C1 len:13 [0m
[37m[3.342][linker]-[Debug]-[DjiCommand_DealCmd:919) received unsupport request cmd that noneed ack, <0x2ba6> cmdset: 0x03 cmdid: 0xC1 [0m
[37m[3.343][linker]-[Debug]-[DjiProtocol_v1Unpack:215) <0x2bb0>V1-Recv: 0x0300->0x0A06 0x4900 [0m
[37m[3.344][linker]-[Debug]-[DjiCommand_RecvWork:1066)  <0x2bb0>Receive msg from linker, 0x0300->0x0A06 0x4900 len:14 [0m
[37m[3.344][linker]-[Debug]-[DjiCommand_DealCmd:919) received unsupport request cmd that need ack, <0x2bb0> cmdset: 0x49 cmdid: 0x00 [0m
[37m[3.381][linker]-[Debug]-[DjiProtocol_v1Unpack:215) <0x2bfb>V1-Recv: 0x0300->0x0A06 0x221B [0m
[37m[3.382][linker]-[Debug]-[DjiCommand_RecvWork:1066)  <0x2bfb>Receive msg from linker, 0x0300->0x0A06 0x221B len:9 [0m
[37m[3.382][linker]-[Debug]-[DjiCommand_DealCmd:919) received unsupport request cmd that noneed ack, <0x2bfb> cmdset: 0x22 cmdid: 0x1B [0m
[37m[3.424][linker]-[Debug]-[DjiProtocol_v1Unpack:215) <0x2c3a>V1-Recv: 0x0300->0x0A06 0x036C [0m
[37m[3.425][linker]-[Debug]-[DjiCommand_RecvWork:1066)  <0x2c3a>Receive msg from linker, 0x0300->0x0A06 0x036C len:71 [0m
[37m[3.425][linker]-[Debug]-[DjiCommand_DealCmd:919) received unsupport request cmd that noneed ack, <0x2c3a> cmdset: 0x03 cmdid: 0x6C [0m
[37m[3.440][linker]-[Debug]-[DjiProtocol_v1Unpack:215) <0x2c59>V1-Recv: 0x0306->0x0A06 0x03C1 [0m
[37m[3.441][linker]-[Debug]-[DjiCommand_RecvWork:1066)  <0x2c59>Receive msg from linker, 0x0306->0x0A06 0x03C1 len:13 [0m
[37m[3.441][linker]-[Debug]-[DjiCommand_DealCmd:919) received unsupport request cmd that noneed ack, <0x2c59> cmdset: 0x03 cmdid: 0xC1 [0m
[37m[3.442][linker]-[Debug]-[DjiProtocol_v1Unpack:215) <0x2c5a>V1-Recv: 0x0300->0x0A06 0x4900 [0m
[37m[3.443][linker]-[Debug]-[DjiCommand_RecvWork:1066)  <0x2c5a>Receive msg from linker, 0x0300->0x0A06 0x4900 len:14 [0m
[37m[3.443][linker]-[Debug]-[DjiCommand_DealCmd:919) received unsupport request cmd that need ack, <0x2c5a> cmdset: 0x49 cmdid: 0x00 [0m
[37m[3.481][linker]-[Debug]-[DjiProtocol_v1Unpack:215) <0x2c99>V1-Recv: 0x0300->0x0A06 0x221B [0m
[37m[3.482][linker]-[Debug]-[DjiCommand_RecvWork:1066)  <0x2c99>Receive msg from linker, 0x0300->0x0A06 0x221B len:9 [0m
[37m[3.482][linker]-[Debug]-[DjiCommand_DealCmd:919) received unsupport request cmd that noneed ack, <0x2c99> cmdset: 0x22 cmdid: 0x1B [0m
[37m[3.494][linker]-[Debug]-[DjiProtocol_v1Pack:123) <0x5231>V1-Send: 0x0A06->0x0701 0x0087 [0m
[37m[3.503][linker]-[Debug]-[DjiProtocol_v1Unpack:215) <0x5231>V1-Recv: 0x0701->0x0A06 0x0087 [0m
[37m[3.504][linker]-[Debug]-[DjiCommand_RecvWork:1066)  <0x5231>Receive msg from linker, 0x0701->0x0A06 0x0087 len:4 [0m
[37m[3.504][linker]-[Debug]-[DjiCommand_SendSyncCallback:1014) PsdkCommand_SendSyncCallback success [0m
[37m[3.504][linker]-[Debug]-[DjiCommand_DealCmd:830) callback function (cmdset: 0x00 cmdid: 0x87) deal time: 0 ms [0m
[37m[3.504][linker]-[Debug]-[DjiCommand_SendSync:553) sendSync callback success [0m
[32m[3.504][adapter]-[Info]-[DjiPayloadNegotiate_Init:228) Waiting payload negotiate finish. [0m
[37m[3.508][linker]-[Debug]-[DjiProtocol_v1Unpack:215) <0x2226>V1-Recv: 0x0800->0x0A06 0x0866 [0m
[37m[3.509][linker]-[Debug]-[DjiCommand_RecvWork:1066)  <0x2226>Receive msg from linker, 0x0800->0x0A06 0x0866 len:17 [0m
[37m[3.509][linker]-[Debug]-[DjiCommand_DealCmd:919) received unsupport request cmd that noneed ack, <0x2226> cmdset: 0x08 cmdid: 0x66 [0m
[37m[3.524][linker]-[Debug]-[DjiProtocol_v1Unpack:215) <0x2cd9>V1-Recv: 0x0300->0x0A06 0x036C [0m
[37m[3.525][linker]-[Debug]-[DjiCommand_RecvWork:1066)  <0x2cd9>Receive msg from linker, 0x0300->0x0A06 0x036C len:71 [0m
[37m[3.525][linker]-[Debug]-[DjiCommand_DealCmd:919) received unsupport request cmd that noneed ack, <0x2cd9> cmdset: 0x03 cmdid: 0x6C [0m
[37m[3.540][linker]-[Debug]-[DjiProtocol_v1Unpack:215) <0x2cfc>V1-Recv: 0x0306->0x0A06 0x03C1 [0m
[37m[3.541][linker]-[Debug]-[DjiCommand_RecvWork:1066)  <0x2cfc>Receive msg from linker, 0x0306->0x0A06 0x03C1 len:13 [0m
[37m[3.541][linker]-[Debug]-[DjiCommand_DealCmd:919) received unsupport request cmd that noneed ack, <0x2cfc> cmdset: 0x03 cmdid: 0xC1 [0m
[37m[3.544][linker]-[Debug]-[DjiProtocol_v1Unpack:215) <0x2d01>V1-Recv: 0x0300->0x0A06 0x4900 [0m
[37m[3.544][linker]-[Debug]-[DjiProtocol_v1Unpack:215) <0xbbd>V1-Recv: 0x0701->0x0A06 0x0087 [0m
[37m[3.544][linker]-[Debug]-[DjiCommand_RecvWork:1066)  <0x2d01>Receive msg from linker, 0x0300->0x0A06 0x4900 len:14 [0m
[37m[3.544][linker]-[Debug]-[DjiCommand_DealCmd:919) received unsupport request cmd that need ack, <0x2d01> cmdset: 0x49 cmdid: 0x00 [0m
[37m[3.545][linker]-[Debug]-[DjiCommand_RecvWork:1066)  <0xbbd>Receive msg from linker, 0x0701->0x0A06 0x0087 len:4 [0m
[37m[3.545][adapter]-[Debug]-[DjiPayloadNegotiate_PayloadNegotiateHandle:1073) receive payload negotiate notify, cmd = 1 [0m
[37m[3.545][adapter]-[Debug]-[DjiPayloadNegotiate_VersionHandle:503) Payload negotiate use dynamic ip config [0m
[37m[3.545][linker]-[Debug]-[DjiProtocol_v1Pack:123) <0xbbd>V1-Send: 0x0A06->0x0701 0x0087 [0m
[37m[3.566][linker]-[Debug]-[DjiProtocol_v1Unpack:215) <0xbbe>V1-Recv: 0x0701->0x0A06 0x0087 [0m
[37m[3.567][linker]-[Debug]-[DjiCommand_RecvWork:1066)  <0xbbe>Receive msg from linker, 0x0701->0x0A06 0x0087 len:96 [0m
[37m[3.567][adapter]-[Debug]-[DjiPayloadNegotiate_PayloadNegotiateHandle:1073) receive payload negotiate notify, cmd = 3 [0m
[37m[3.567][adapter]-[Debug]-[DjiDeviceInfoParse_ParseCommand:396) command:3 [0m
[37m[3.567][adapter]-[Debug]-[DjiDeviceInfoParse_ParseAllInfo:65) command: 3 aciton: 0 [0m
[37m[3.567][adapter]-[Debug]-[DjiDeviceInfoParse_ParseAllInfo:75) info:DEV len:28 [0m
[37m[3.567][adapter]-[Debug]-[DjiDeviceInfoParse_ParseChannelInfo:276) parse 32 byte chnl_info [0m
[37m[3.567][adapter]-[Debug]-[DjiDeviceInfoParse_ParseAllInfo:85) info:CHN len:30 [0m
[37m[3.567][adapter]-[Debug]-[DjiDeviceInfoParse_ParseAllInfo:95) info:HST len:21 [0m
[37m[3.567][adapter]-[Debug]-[DjiDeviceInfoParse_ParseAllInfo:104) info:DAT len:5 [0m
[37m[3.567][adapter]-[Debug]-[DjiPayloadNegotiate_DeviceInfoHandle:944) generate device info:24 72 17 67, total size 208 [0m
[37m[3.567][linker]-[Debug]-[DjiProtocol_v1Pack:123) <0xbbe>V1-Send: 0x0A06->0x0701 0x0087 [0m
[37m[3.583][linker]-[Debug]-[DjiProtocol_v1Unpack:215) <0x2d45>V1-Recv: 0x0300->0x0A06 0x221B [0m
[37m[3.583][linker]-[Debug]-[DjiProtocol_v1Unpack:215) <0x2d49>V1-Recv: 0x0300->0x0100 0x0405 [0m
[37m[3.584][linker]-[Debug]-[DjiCommand_RecvWork:1066)  <0x2d45>Receive msg from linker, 0x0300->0x0A06 0x221B len:9 [0m
[37m[3.584][linker]-[Debug]-[DjiCommand_DealCmd:919) received unsupport request cmd that noneed ack, <0x2d45> cmdset: 0x22 cmdid: 0x1B [0m
[37m[3.585][linker]-[Debug]-[DjiCommand_RecvWork:1066)  <0x2d49>Receive msg from linker, 0x0300->0x0100 0x0405 len:22 [0m
[37m[3.585][linker]-[Debug]-[DjiCommand_DealCmd:919) received unsupport request cmd that noneed ack, <0x2d49> cmdset: 0x04 cmdid: 0x05 [0m
[37m[3.624][linker]-[Debug]-[DjiProtocol_v1Unpack:215) <0x2d82>V1-Recv: 0x0300->0x0A06 0x036C [0m
[37m[3.624][linker]-[Debug]-[DjiCommand_RecvWork:1066)  <0x2d82>Receive msg from linker, 0x0300->0x0A06 0x036C len:71 [0m
[37m[3.624][linker]-[Debug]-[DjiCommand_DealCmd:919) received unsupport request cmd that noneed ack, <0x2d82> cmdset: 0x03 cmdid: 0x6C [0m
[37m[3.641][linker]-[Debug]-[DjiProtocol_v1Unpack:215) <0x2da0>V1-Recv: 0x0306->0x0A06 0x03C1 [0m
[37m[3.641][linker]-[Debug]-[DjiCommand_RecvWork:1066)  <0x2da0>Receive msg from linker, 0x0306->0x0A06 0x03C1 len:13 [0m
[37m[3.641][linker]-[Debug]-[DjiCommand_DealCmd:919) received unsupport request cmd that noneed ack, <0x2da0> cmdset: 0x03 cmdid: 0xC1 [0m
[37m[3.642][linker]-[Debug]-[DjiProtocol_v1Unpack:215) <0x2da1>V1-Recv: 0x0300->0x0A06 0x4900 [0m
[37m[3.642][linker]-[Debug]-[DjiCommand_RecvWork:1066)  <0x2da1>Receive msg from linker, 0x0300->0x0A06 0x4900 len:14 [0m
[37m[3.642][linker]-[Debug]-[DjiCommand_DealCmd:919) received unsupport request cmd that need ack, <0x2da1> cmdset: 0x49 cmdid: 0x00 [0m
[37m[3.681][linker]-[Debug]-[DjiProtocol_v1Unpack:215) <0x2de2>V1-Recv: 0x0300->0x0A06 0x221B [0m
[37m[3.681][linker]-[Debug]-[DjiCommand_RecvWork:1066)  <0x2de2>Receive msg from linker, 0x0300->0x0A06 0x221B len:9 [0m
[37m[3.681][linker]-[Debug]-[DjiCommand_DealCmd:919) received unsupport request cmd that noneed ack, <0x2de2> cmdset: 0x22 cmdid: 0x1B [0m
[37m[3.692][linker]-[Debug]-[DjiProtocol_v1Unpack:215) <0x1195>V1-Recv: 0x1D07->0x0A06 0x2105 [0m
[37m[3.692][linker]-[Debug]-[DjiCommand_RecvWork:1066)  <0x1195>Receive msg from linker, 0x1D07->0x0A06 0x2105 len:1 [0m
[37m[3.692][linker]-[Debug]-[DjiCommand_DealCmd:919) received unsupport request cmd that need ack, <0x1195> cmdset: 0x21 cmdid: 0x05 [0m
[37m[3.712][linker]-[Debug]-[DjiProtocol_v1Unpack:215) <0xbbf>V1-Recv: 0x0701->0x0A06 0x0087 [0m
[37m[3.712][linker]-[Debug]-[DjiCommand_RecvWork:1066)  <0xbbf>Receive msg from linker, 0x0701->0x0A06 0x0087 len:6 [0m
[37m[3.712][adapter]-[Debug]-[DjiPayloadNegotiate_PayloadNegotiateHandle:1073) receive payload negotiate notify, cmd = 7 [0m
[37m[3.712][linker]-[Debug]-[DjiProtocol_v1Pack:123) <0xbbf>V1-Send: 0x0A06->0x0701 0x0087 [0m
[37m[3.724][linker]-[Debug]-[DjiProtocol_v1Unpack:215) <0x2e24>V1-Recv: 0x0300->0x0A06 0x036C [0m
[37m[3.724][linker]-[Debug]-[DjiCommand_RecvWork:1066)  <0x2e24>Receive msg from linker, 0x0300->0x0A06 0x036C len:71 [0m
[37m[3.724][linker]-[Debug]-[DjiCommand_DealCmd:919) received unsupport request cmd that noneed ack, <0x2e24> cmdset: 0x03 cmdid: 0x6C [0m
[37m[3.741][linker]-[Debug]-[DjiProtocol_v1Unpack:215) <0x2e44>V1-Recv: 0x0306->0x0A06 0x03C1 [0m
[37m[3.741][linker]-[Debug]-[DjiCommand_RecvWork:1066)  <0x2e44>Receive msg from linker, 0x0306->0x0A06 0x03C1 len:13 [0m
[37m[3.741][linker]-[Debug]-[DjiCommand_DealCmd:919) received unsupport request cmd that noneed ack, <0x2e44> cmdset: 0x03 cmdid: 0xC1 [0m
[37m[3.742][linker]-[Debug]-[DjiProtocol_v1Unpack:215) <0x2e49>V1-Recv: 0x0300->0x0A06 0x4900 [0m
[37m[3.742][linker]-[Debug]-[DjiCommand_RecvWork:1066)  <0x2e49>Receive msg from linker, 0x0300->0x0A06 0x4900 len:14 [0m
[37m[3.742][linker]-[Debug]-[DjiCommand_DealCmd:919) received unsupport request cmd that need ack, <0x2e49> cmdset: 0x49 cmdid: 0x00 [0m
[37m[3.750][linker]-[Debug]-[DjiProtocol_v1Unpack:215) <0xbc0>V1-Recv: 0x0701->0x0A06 0x004A [0m
[37m[3.750][linker]-[Debug]-[DjiCommand_RecvWork:1066)  <0xbc0>Receive msg from linker, 0x0701->0x0A06 0x004A len:15 [0m
[37m[3.750][linker]-[Debug]-[DjiCommand_DealCmd:919) received unsupport request cmd that need ack, <0xbc0> cmdset: 0x00 cmdid: 0x4A [0m
[37m[3.762][linker]-[Debug]-[DjiProtocol_v1Unpack:215) <0xbc1>V1-Recv: 0x0701->0x0A06 0x0087 [0m
[37m[3.762][linker]-[Debug]-[DjiProtocol_v1Unpack:215) <0x2227>V1-Recv: 0x0800->0x0A06 0x0866 [0m
[37m[3.763][linker]-[Debug]-[DjiCommand_RecvWork:1066)  <0xbc1>Receive msg from linker, 0x0701->0x0A06 0x0087 len:208 [0m
[37m[3.763][adapter]-[Debug]-[DjiPayloadNegotiate_PayloadNegotiateHandle:1073) receive payload negotiate notify, cmd = 5 [0m
[37m[3.763][adapter]-[Debug]-[DjiPayloadNegotiate_NotifyHandle:1012) notify device cap info length:208 [0m
[37m[3.763][adapter]-[Debug]-[DjiDeviceInfoParse_ParseCommand:396) command:5 [0m
[37m[3.763][adapter]-[Debug]-[DjiDeviceInfoParse_ParseAllInfo:65) command: 5 aciton: 17 [0m
[37m[3.763][adapter]-[Debug]-[DjiDeviceInfoParse_ParseAllInfo:75) info:DEV len:24 [0m
[37m[3.763][adapter]-[Debug]-[DjiDeviceInfoParse_ParseChannelInfo:276) parse 78 byte chnl_info [0m
[37m[3.763][adapter]-[Debug]-[DjiDeviceInfoParse_ParseAllInfo:85) info:CHN len:72 [0m
[37m[3.763][adapter]-[Debug]-[DjiDeviceInfoParse_ParseAllInfo:95) info:HST len:17 [0m
[37m[3.763][adapter]-[Debug]-[DjiDeviceInfoParse_ParseDataInfo:376) parse 73 byte data_info [0m
[37m[3.763][adapter]-[Debug]-[DjiDeviceInfoParse_ParseAllInfo:104) info:DAT len:67 [0m
[37m[3.763][adapter]-[Debug]-[DjiPayloadNegotiate_NotifyHandle:1032) uav ip addr:192.168.108.1 [0m
[37m[3.763][linker]-[Debug]-[DjiProtocol_v1Pack:123) <0xbc1>V1-Send: 0x0A06->0x0701 0x0087 [0m
[37m[3.764][linker]-[Debug]-[DjiCommand_RecvWork:1066)  <0x2227>Receive msg from linker, 0x0800->0x0A06 0x0866 len:17 [0m
[37m[3.764][linker]-[Debug]-[DjiCommand_DealCmd:919) received unsupport request cmd that noneed ack, <0x2227> cmdset: 0x08 cmdid: 0x66 [0m
[37m[3.781][linker]-[Debug]-[DjiProtocol_v1Unpack:215) <0x2e8d>V1-Recv: 0x0300->0x0A06 0x221B [0m
[37m[3.782][linker]-[Debug]-[DjiCommand_RecvWork:1066)  <0x2e8d>Receive msg from linker, 0x0300->0x0A06 0x221B len:9 [0m
[37m[3.782][linker]-[Debug]-[DjiCommand_DealCmd:919) received unsupport request cmd that noneed ack, <0x2e8d> cmdset: 0x22 cmdid: 0x1B [0m
[37m[3.824][linker]-[Debug]-[DjiProtocol_v1Unpack:215) <0x2eca>V1-Recv: 0x0300->0x0A06 0x036C [0m
[37m[3.824][linker]-[Debug]-[DjiCommand_RecvWork:1066)  <0x2eca>Receive msg from linker, 0x0300->0x0A06 0x036C len:71 [0m
[37m[3.824][linker]-[Debug]-[DjiCommand_DealCmd:919) received unsupport request cmd that noneed ack, <0x2eca> cmdset: 0x03 cmdid: 0x6C [0m
[37m[3.840][linker]-[Debug]-[DjiProtocol_v1Unpack:215) <0x2eea>V1-Recv: 0x0306->0x0A06 0x03C1 [0m
[37m[3.840][linker]-[Debug]-[DjiCommand_RecvWork:1066)  <0x2eea>Receive msg from linker, 0x0306->0x0A06 0x03C1 len:13 [0m
[37m[3.840][linker]-[Debug]-[DjiCommand_DealCmd:919) received unsupport request cmd that noneed ack, <0x2eea> cmdset: 0x03 cmdid: 0xC1 [0m
[37m[3.842][linker]-[Debug]-[DjiProtocol_v1Unpack:215) <0x2eeb>V1-Recv: 0x0300->0x0A06 0x4900 [0m
[37m[3.842][linker]-[Debug]-[DjiCommand_RecvWork:1066)  <0x2eeb>Receive msg from linker, 0x0300->0x0A06 0x4900 len:14 [0m
[37m[3.842][linker]-[Debug]-[DjiCommand_DealCmd:919) received unsupport request cmd that need ack, <0x2eeb> cmdset: 0x49 cmdid: 0x00 [0m
[37m[3.881][linker]-[Debug]-[DjiProtocol_v1Unpack:215) <0x2f2b>V1-Recv: 0x0300->0x0A06 0x221B [0m
[37m[3.881][linker]-[Debug]-[DjiCommand_RecvWork:1066)  <0x2f2b>Receive msg from linker, 0x0300->0x0A06 0x221B len:9 [0m
[37m[3.881][linker]-[Debug]-[DjiCommand_DealCmd:919) received unsupport request cmd that noneed ack, <0x2f2b> cmdset: 0x22 cmdid: 0x1B [0m
[37m[3.905][linker]-[Debug]-[DjiProtocol_v1Unpack:215) <0x2f49>V1-Recv: 0x0306->0x0A06 0x03C1 [0m
[37m[3.905][linker]-[Debug]-[DjiCommand_RecvWork:1066)  <0x2f49>Receive msg from linker, 0x0306->0x0A06 0x03C1 len:113 [0m
[37m[3.905][linker]-[Debug]-[DjiCommand_DealCmd:919) received unsupport request cmd that noneed ack, <0x2f49> cmdset: 0x03 cmdid: 0xC1 [0m
[37m[3.924][linker]-[Debug]-[DjiProtocol_v1Unpack:215) <0x2f6e>V1-Recv: 0x0300->0x0A06 0x036C [0m
[37m[3.925][linker]-[Debug]-[DjiCommand_RecvWork:1066)  <0x2f6e>Receive msg from linker, 0x0300->0x0A06 0x036C len:71 [0m
[37m[3.925][linker]-[Debug]-[DjiCommand_DealCmd:919) received unsupport request cmd that noneed ack, <0x2f6e> cmdset: 0x03 cmdid: 0x6C [0m
[37m[3.940][linker]-[Debug]-[DjiProtocol_v1Unpack:215) <0x2f90>V1-Recv: 0x0306->0x0A06 0x03C1 [0m
[37m[3.941][linker]-[Debug]-[DjiCommand_RecvWork:1066)  <0x2f90>Receive msg from linker, 0x0306->0x0A06 0x03C1 len:13 [0m
[37m[3.941][linker]-[Debug]-[DjiCommand_DealCmd:919) received unsupport request cmd that noneed ack, <0x2f90> cmdset: 0x03 cmdid: 0xC1 [0m
[37m[3.942][linker]-[Debug]-[DjiProtocol_v1Unpack:215) <0x2f9a>V1-Recv: 0x0300->0x0A06 0x4900 [0m
[37m[3.943][linker]-[Debug]-[DjiCommand_RecvWork:1066)  <0x2f9a>Receive msg from linker, 0x0300->0x0A06 0x4900 len:14 [0m
[37m[3.943][linker]-[Debug]-[DjiCommand_DealCmd:919) received unsupport request cmd that need ack, <0x2f9a> cmdset: 0x49 cmdid: 0x00 [0m
[37m[3.981][linker]-[Debug]-[DjiProtocol_v1Unpack:215) <0x2fdc>V1-Recv: 0x0300->0x0A06 0x221B [0m
[37m[3.982][linker]-[Debug]-[DjiCommand_RecvWork:1066)  <0x2fdc>Receive msg from linker, 0x0300->0x0A06 0x221B len:9 [0m
[37m[3.982][linker]-[Debug]-[DjiCommand_DealCmd:919) received unsupport request cmd that noneed ack, <0x2fdc> cmdset: 0x22 cmdid: 0x1B [0m
[37m[4.011][linker]-[Debug]-[DjiProtocol_v1Unpack:215) <0x2228>V1-Recv: 0x0800->0x0A06 0x0866 [0m
[37m[4.011][linker]-[Debug]-[DjiCommand_RecvWork:1066)  <0x2228>Receive msg from linker, 0x0800->0x0A06 0x0866 len:17 [0m
[37m[4.011][linker]-[Debug]-[DjiCommand_DealCmd:919) received unsupport request cmd that noneed ack, <0x2228> cmdset: 0x08 cmdid: 0x66 [0m
[37m[4.023][linker]-[Debug]-[DjiProtocol_v1Unpack:215) <0x301b>V1-Recv: 0x0300->0x0A06 0x036C [0m
[37m[4.024][linker]-[Debug]-[DjiCommand_RecvWork:1066)  <0x301b>Receive msg from linker, 0x0300->0x0A06 0x036C len:71 [0m
[37m[4.024][linker]-[Debug]-[DjiCommand_DealCmd:919) received unsupport request cmd that noneed ack, <0x301b> cmdset: 0x03 cmdid: 0x6C [0m
[37m[4.041][linker]-[Debug]-[DjiProtocol_v1Unpack:215) <0x3039>V1-Recv: 0x0306->0x0A06 0x03C1 [0m
[37m[4.041][linker]-[Debug]-[DjiCommand_RecvWork:1066)  <0x3039>Receive msg from linker, 0x0306->0x0A06 0x03C1 len:13 [0m
[37m[4.041][linker]-[Debug]-[DjiCommand_DealCmd:919) received unsupport request cmd that noneed ack, <0x3039> cmdset: 0x03 cmdid: 0xC1 [0m
[37m[4.043][linker]-[Debug]-[DjiProtocol_v1Unpack:215) <0x303b>V1-Recv: 0x0300->0x0A06 0x4900 [0m
[37m[4.043][linker]-[Debug]-[DjiCommand_RecvWork:1066)  <0x303b>Receive msg from linker, 0x0300->0x0A06 0x4900 len:14 [0m
[37m[4.043][linker]-[Debug]-[DjiCommand_DealCmd:919) received unsupport request cmd that need ack, <0x303b> cmdset: 0x49 cmdid: 0x00 [0m
[37m[4.085][linker]-[Debug]-[DjiProtocol_v1Unpack:215) <0x307a>V1-Recv: 0x0300->0x0A06 0x221B [0m
[37m[4.085][linker]-[Debug]-[DjiProtocol_v1Unpack:215) <0x3081>V1-Recv: 0x0300->0x0A06 0x0F74 [0m
[37m[4.085][linker]-[Debug]-[DjiProtocol_v1Unpack:215) <0x3082>V1-Recv: 0x0300->0x0100 0x0406 [0m
[37m[4.085][linker]-[Debug]-[DjiProtocol_v1Unpack:215) <0x3083>V1-Recv: 0x0300->0x0100 0x0407 [0m
[37m[4.086][linker]-[Debug]-[DjiCommand_RecvWork:1066)  <0x307a>Receive msg from linker, 0x0300->0x0A06 0x221B len:9 [0m
[37m[4.086][linker]-[Debug]-[DjiCommand_DealCmd:919) received unsupport request cmd that noneed ack, <0x307a> cmdset: 0x22 cmdid: 0x1B [0m
[37m[4.087][linker]-[Debug]-[DjiCommand_RecvWork:1066)  <0x3081>Receive msg from linker, 0x0300->0x0A06 0x0F74 len:28 [0m
[37m[4.087][linker]-[Debug]-[DjiCommand_DealCmd:919) received unsupport request cmd that noneed ack, <0x3081> cmdset: 0x0F cmdid: 0x74 [0m
[37m[4.088][linker]-[Debug]-[DjiCommand_RecvWork:1066)  <0x3082>Receive msg from linker, 0x0300->0x0100 0x0406 len:12 [0m
[37m[4.088][linker]-[Debug]-[DjiCommand_DealCmd:919) received unsupport request cmd that noneed ack, <0x3082> cmdset: 0x04 cmdid: 0x06 [0m
[37m[4.089][linker]-[Debug]-[DjiCommand_RecvWork:1066)  <0x3083>Receive msg from linker, 0x0300->0x0100 0x0407 len:1 [0m
[37m[4.089][linker]-[Debug]-[DjiCommand_DealCmd:919) received unsupport request cmd that noneed ack, <0x3083> cmdset: 0x04 cmdid: 0x07 [0m
[37m[4.124][linker]-[Debug]-[DjiProtocol_v1Unpack:215) <0x30c2>V1-Recv: 0x0300->0x0A06 0x036C [0m
[37m[4.124][linker]-[Debug]-[DjiCommand_RecvWork:1066)  <0x30c2>Receive msg from linker, 0x0300->0x0A06 0x036C len:71 [0m
[37m[4.124][linker]-[Debug]-[DjiCommand_DealCmd:919) received unsupport request cmd that noneed ack, <0x30c2> cmdset: 0x03 cmdid: 0x6C [0m
[37m[4.141][linker]-[Debug]-[DjiProtocol_v1Unpack:215) <0x30eb>V1-Recv: 0x0306->0x0A06 0x03C1 [0m
[37m[4.141][linker]-[Debug]-[DjiCommand_RecvWork:1066)  <0x30eb>Receive msg from linker, 0x0306->0x0A06 0x03C1 len:13 [0m
[37m[4.141][linker]-[Debug]-[DjiCommand_DealCmd:919) received unsupport request cmd that noneed ack, <0x30eb> cmdset: 0x03 cmdid: 0xC1 [0m
[37m[4.143][linker]-[Debug]-[DjiProtocol_v1Unpack:215) <0x30f2>V1-Recv: 0x0300->0x0A06 0x4900 [0m
[37m[4.143][linker]-[Debug]-[DjiCommand_RecvWork:1066)  <0x30f2>Receive msg from linker, 0x0300->0x0A06 0x4900 len:14 [0m
[37m[4.143][linker]-[Debug]-[DjiCommand_DealCmd:919) received unsupport request cmd that need ack, <0x30f2> cmdset: 0x49 cmdid: 0x00 [0m
[37m[4.181][linker]-[Debug]-[DjiProtocol_v1Unpack:215) <0x3138>V1-Recv: 0x0300->0x0A06 0x221B [0m
[37m[4.181][linker]-[Debug]-[DjiCommand_RecvWork:1066)  <0x3138>Receive msg from linker, 0x0300->0x0A06 0x221B len:9 [0m
[37m[4.181][linker]-[Debug]-[DjiCommand_DealCmd:919) received unsupport request cmd that noneed ack, <0x3138> cmdset: 0x22 cmdid: 0x1B [0m
[37m[4.224][linker]-[Debug]-[DjiProtocol_v1Unpack:215) <0x317b>V1-Recv: 0x0300->0x0A06 0x036C [0m
[37m[4.224][linker]-[Debug]-[DjiCommand_RecvWork:1066)  <0x317b>Receive msg from linker, 0x0300->0x0A06 0x036C len:71 [0m
[37m[4.224][linker]-[Debug]-[DjiCommand_DealCmd:919) received unsupport request cmd that noneed ack, <0x317b> cmdset: 0x03 cmdid: 0x6C [0m
[37m[4.240][linker]-[Debug]-[DjiProtocol_v1Unpack:215) <0x3199>V1-Recv: 0x0306->0x0A06 0x03C1 [0m
[37m[4.241][linker]-[Debug]-[DjiCommand_RecvWork:1066)  <0x3199>Receive msg from linker, 0x0306->0x0A06 0x03C1 len:13 [0m
[37m[4.241][linker]-[Debug]-[DjiCommand_DealCmd:919) received unsupport request cmd that noneed ack, <0x3199> cmdset: 0x03 cmdid: 0xC1 [0m
[37m[4.242][linker]-[Debug]-[DjiProtocol_v1Unpack:215) <0x319a>V1-Recv: 0x0300->0x0A06 0x4900 [0m
[37m[4.243][linker]-[Debug]-[DjiCommand_RecvWork:1066)  <0x319a>Receive msg from linker, 0x0300->0x0A06 0x4900 len:14 [0m
[37m[4.243][linker]-[Debug]-[DjiCommand_DealCmd:919) received unsupport request cmd that need ack, <0x319a> cmdset: 0x49 cmdid: 0x00 [0m
[37m[4.258][linker]-[Debug]-[DjiProtocol_v1Unpack:215) <0x2229>V1-Recv: 0x0800->0x0A06 0x0866 [0m
[37m[4.259][linker]-[Debug]-[DjiCommand_RecvWork:1066)  <0x2229>Receive msg from linker, 0x0800->0x0A06 0x0866 len:17 [0m
[37m[4.259][linker]-[Debug]-[DjiCommand_DealCmd:919) received unsupport request cmd that noneed ack, <0x2229> cmdset: 0x08 cmdid: 0x66 [0m
[37m[4.280][utils]-[Debug]-[DjiCore_RootTask:131) work execution time: [0m
[37m[4.280][utils]-[Debug]-[DjiCore_RootTask:132) name	                execution time (ms)	  max execution time (ms) [0m
[37m[4.280][utils]-[Debug]-[DjiCore_RootTask:134) recorderWork                    	0       	1        [0m
[37m[4.280][utils]-[Debug]-[DjiCore_RootTask:134) flowControllerTask              	0       	0        [0m
[37m[4.280][utils]-[Debug]-[DjiCore_RootTask:134) commandTask                     	1       	1        [0m
[37m[4.282][linker]-[Debug]-[DjiProtocol_v1Unpack:215) <0x31db>V1-Recv: 0x0300->0x0A06 0x221B [0m
[37m[4.282][linker]-[Debug]-[DjiCommand_RecvWork:1066)  <0x31db>Receive msg from linker, 0x0300->0x0A06 0x221B len:9 [0m
[37m[4.282][linker]-[Debug]-[DjiCommand_DealCmd:919) received unsupport request cmd that noneed ack, <0x31db> cmdset: 0x22 cmdid: 0x1B [0m
[37m[4.324][linker]-[Debug]-[DjiProtocol_v1Unpack:215) <0x321f>V1-Recv: 0x0300->0x0A06 0x036C [0m
[37m[4.325][linker]-[Debug]-[DjiCommand_RecvWork:1066)  <0x321f>Receive msg from linker, 0x0300->0x0A06 0x036C len:71 [0m
[37m[4.325][linker]-[Debug]-[DjiCommand_DealCmd:919) received unsupport request cmd that noneed ack, <0x321f> cmdset: 0x03 cmdid: 0x6C [0m
[37m[4.340][linker]-[Debug]-[DjiProtocol_v1Unpack:215) <0x3243>V1-Recv: 0x0306->0x0A06 0x03C1 [0m
[37m[4.341][linker]-[Debug]-[DjiCommand_RecvWork:1066)  <0x3243>Receive msg from linker, 0x0306->0x0A06 0x03C1 len:13 [0m
[37m[4.341][linker]-[Debug]-[DjiCommand_DealCmd:919) received unsupport request cmd that noneed ack, <0x3243> cmdset: 0x03 cmdid: 0xC1 [0m
[37m[4.343][linker]-[Debug]-[DjiProtocol_v1Unpack:215) <0x324c>V1-Recv: 0x0300->0x0A06 0x4900 [0m
[37m[4.343][linker]-[Debug]-[DjiCommand_RecvWork:1066)  <0x324c>Receive msg from linker, 0x0300->0x0A06 0x4900 len:14 [0m
[37m[4.343][linker]-[Debug]-[DjiCommand_DealCmd:919) received unsupport request cmd that need ack, <0x324c> cmdset: 0x49 cmdid: 0x00 [0m
[37m[4.381][linker]-[Debug]-[DjiProtocol_v1Unpack:215) <0x3297>V1-Recv: 0x0300->0x0A06 0x221B [0m
[37m[4.381][linker]-[Debug]-[DjiCommand_RecvWork:1066)  <0x3297>Receive msg from linker, 0x0300->0x0A06 0x221B len:9 [0m
[37m[4.381][linker]-[Debug]-[DjiCommand_DealCmd:919) received unsupport request cmd that noneed ack, <0x3297> cmdset: 0x22 cmdid: 0x1B [0m
[37m[4.424][linker]-[Debug]-[DjiProtocol_v1Unpack:215) <0x32d5>V1-Recv: 0x0300->0x0A06 0x036C [0m
[37m[4.425][linker]-[Debug]-[DjiCommand_RecvWork:1066)  <0x32d5>Receive msg from linker, 0x0300->0x0A06 0x036C len:71 [0m
[37m[4.425][linker]-[Debug]-[DjiCommand_DealCmd:919) received unsupport request cmd that noneed ack, <0x32d5> cmdset: 0x03 cmdid: 0x6C [0m
[37m[4.441][linker]-[Debug]-[DjiProtocol_v1Unpack:215) <0x32f3>V1-Recv: 0x0306->0x0A06 0x03C1 [0m
[37m[4.441][linker]-[Debug]-[DjiCommand_RecvWork:1066)  <0x32f3>Receive msg from linker, 0x0306->0x0A06 0x03C1 len:13 [0m
[37m[4.441][linker]-[Debug]-[DjiCommand_DealCmd:919) received unsupport request cmd that noneed ack, <0x32f3> cmdset: 0x03 cmdid: 0xC1 [0m
[37m[4.442][linker]-[Debug]-[DjiProtocol_v1Unpack:215) <0x32f4>V1-Recv: 0x0300->0x0A06 0x4900 [0m
[37m[4.442][linker]-[Debug]-[DjiCommand_RecvWork:1066)  <0x32f4>Receive msg from linker, 0x0300->0x0A06 0x4900 len:14 [0m
[37m[4.442][linker]-[Debug]-[DjiCommand_DealCmd:919) received unsupport request cmd that need ack, <0x32f4> cmdset: 0x49 cmdid: 0x00 [0m
[37m[4.481][linker]-[Debug]-[DjiProtocol_v1Unpack:215) <0x3333>V1-Recv: 0x0300->0x0A06 0x221B [0m
[37m[4.482][linker]-[Debug]-[DjiCommand_RecvWork:1066)  <0x3333>Receive msg from linker, 0x0300->0x0A06 0x221B len:9 [0m
[37m[4.482][linker]-[Debug]-[DjiCommand_DealCmd:919) received unsupport request cmd that noneed ack, <0x3333> cmdset: 0x22 cmdid: 0x1B [0m
[37m[4.504][adapter]-[Debug]-[DjiPayloadNegotiate_Init:240) Payload negotiate has finished. [0m
[37m[4.508][linker]-[Debug]-[DjiProtocol_v1Unpack:215) <0x222a>V1-Recv: 0x0800->0x0A06 0x0866 [0m
[37m[4.509][linker]-[Debug]-[DjiCommand_RecvWork:1066)  <0x222a>Receive msg from linker, 0x0800->0x0A06 0x0866 len:17 [0m
[37m[4.509][linker]-[Debug]-[DjiCommand_DealCmd:919) received unsupport request cmd that noneed ack, <0x222a> cmdset: 0x08 cmdid: 0x66 [0m
[37m[4.510][linker]-[Debug]-[DjiCommand_AntiRegRecvCmdHandler:722) Anti reg command handle list success, index:0 [0m
[37m[4.531][linker]-[Debug]-[DjiLinker_DeInit:170) deinit linker success, protocol:2, channelId:0 [0m
[37m[4.531][linker]-[Debug]-[DjiCommand_UpdateConfig:289) config list channel id:2 [0m
[37m[4.534][linker]-[Debug]-[DjiLinker_Init:128) init linker success, protocol:2, channelId:0 [0m
[37m[4.534][linker]-[Debug]-[DjiCommand_UpdateConfig:298) add linker node count:1 [0m
[37m[4.534][linker]-[Debug]-[DjiCommand_UpdateConfig:289) config list channel id:2 [0m
[37m[4.535][linker]-[Debug]-[DjiLinker_Init:128) init linker success, protocol:2, channelId:2 [0m
[37m[4.535][linker]-[Debug]-[DjiCommand_UpdateConfig:298) add linker node count:2 [0m
[37m[4.535][linker]-[Debug]-[DjiCommand_RegRecvCmdHandler:674) Reg command handle list success, index:0 [0m
[37m[4.535][auth]-[Debug]-[DjiSdkActivate_ExtensionPortActivateSyncByV1:125) This is a OSDK port. Now need to do activation. [0m
[37m[4.535][linker]-[Debug]-[DjiProtocol_v1Pack:123) <0x5232>V1-Send: 0x0A06->0x1D01 0x00F0 [0m
[37m[4.535][linker]-[Debug]-[DjiProtocol_v1Pack:123) <0x5233>V1-Send: 0x0A06->0x0306 0x0001 [0m
[37m[4.540][linker]-[Debug]-[DjiProtocol_v1Unpack:215) <0x3395>V1-Recv: 0x0306->0x0A06 0x03C1 [0m
[37m[4.541][linker]-[Debug]-[DjiCommand_RecvWork:1066)  <0x3395>Receive msg from linker, 0x0306->0x0A06 0x03C1 len:13 [0m
[37m[4.541][linker]-[Debug]-[DjiCommand_DealCmd:919) received unsupport request cmd that noneed ack, <0x3395> cmdset: 0x03 cmdid: 0xC1 [0m
[37m[4.542][linker]-[Debug]-[DjiProtocol_v1Unpack:215) <0x339a>V1-Recv: 0x0300->0x0A06 0x4900 [0m
[37m[4.543][linker]-[Debug]-[DjiCommand_RecvWork:1066)  <0x339a>Receive msg from linker, 0x0300->0x0A06 0x4900 len:14 [0m
[37m[4.543][linker]-[Debug]-[DjiCommand_DealCmd:919) received unsupport request cmd that need ack, <0x339a> cmdset: 0x49 cmdid: 0x00 [0m
[37m[4.546][linker]-[Debug]-[DjiProtocol_v1Pack:123) <0x5234>V1-Send: 0x0A06->0x1D01 0x00F0 [0m
[37m[4.557][linker]-[Debug]-[DjiProtocol_v1Pack:123) <0x5235>V1-Send: 0x0A06->0x1D01 0x00F0 [0m
[37m[4.562][linker]-[Debug]-[DjiProtocol_v1Unpack:215) <0x5233>V1-Recv: 0x0306->0x0A06 0x0001 [0m
[37m[4.563][linker]-[Debug]-[DjiCommand_RecvWork:1066)  <0x5233>Receive msg from linker, 0x0306->0x0A06 0x0001 len:31 [0m
[37m[4.563][linker]-[Debug]-[DjiCommand_SendSyncCallback:1014) PsdkCommand_SendSyncCallback success [0m
[37m[4.563][linker]-[Debug]-[DjiCommand_DealCmd:830) callback function (cmdset: 0x00 cmdid: 0x01) deal time: 0 ms [0m
[37m[4.563][linker]-[Debug]-[DjiCommand_SendSync:553) sendSync callback success [0m
[37m[4.563][linker]-[Debug]-[DjiCommand_SendSync:561) The ack data length is not equal with expect length, actual:31 exp:30. Probably because ack struct definition has changed. Please check command ack struct definition if changed. [0m
[37m[4.563][linker]-[Debug]-[DjiProtocol_v1Pack:123) <0x5236>V1-Send: 0x0A06->0x0306 0x0325 [0m
[37m[4.567][linker]-[Debug]-[DjiProtocol_v1Pack:123) <0x5237>V1-Send: 0x0A06->0x1D01 0x00F0 [0m
[37m[4.578][linker]-[Debug]-[DjiProtocol_v1Pack:123) <0x5238>V1-Send: 0x0A06->0x1D01 0x00F0 [0m
[37m[4.583][linker]-[Debug]-[DjiProtocol_v1Unpack:215) <0x5236>V1-Recv: 0x0306->0x0A06 0x0325 [0m
[37m[4.584][linker]-[Debug]-[DjiProtocol_v1Unpack:215) <0x33e1>V1-Recv: 0x0300->0x0A06 0x221B [0m
[37m[4.584][linker]-[Debug]-[DjiProtocol_v1Unpack:215) <0x33e5>V1-Recv: 0x0300->0x0100 0x0405 [0m
[37m[4.584][linker]-[Debug]-[DjiCommand_RecvWork:1066)  <0x5236>Receive msg from linker, 0x0306->0x0A06 0x0325 len:2 [0m
[37m[4.584][linker]-[Debug]-[DjiCommand_SendSyncCallback:1014) PsdkCommand_SendSyncCallback success [0m
[37m[4.584][linker]-[Debug]-[DjiCommand_DealCmd:830) callback function (cmdset: 0x03 cmdid: 0x25) deal time: 0 ms [0m
[37m[4.584][linker]-[Debug]-[DjiCommand_SendSync:553) sendSync callback success [0m
[37m[4.584][linker]-[Debug]-[DjiCommand_SendSync:561) The ack data length is not equal with expect length, actual:2 exp:1. Probably because ack struct definition has changed. Please check command ack struct definition if changed. [0m
[37m[4.584][auth]-[Debug]-[DjiSdkActivate_OSDKActivateSyncByV1:307) Activate sdk successfully. [0m
[37m[4.584][auth]-[Debug]-[DjiSdkActivate_ExtensionPortActivateSyncByV1:140) Activate OSDK functions successfully. [0m
[37m[4.584][linker]-[Debug]-[DjiProtocol_v1Pack:123) <0x5239>V1-Send: 0x0A06->0x1104 0x4910 [0m
[37m[4.585][linker]-[Debug]-[DjiCommand_RecvWork:1066)  <0x33e1>Receive msg from linker, 0x0300->0x0A06 0x221B len:9 [0m
[37m[4.585][linker]-[Debug]-[DjiCommand_DealCmd:919) received unsupport request cmd that noneed ack, <0x33e1> cmdset: 0x22 cmdid: 0x1B [0m
[37m[4.586][linker]-[Debug]-[DjiCommand_RecvWork:1066)  <0x33e5>Receive msg from linker, 0x0300->0x0100 0x0405 len:22 [0m
[37m[4.586][linker]-[Debug]-[DjiCommand_DealCmd:919) received unsupport request cmd that noneed ack, <0x33e5> cmdset: 0x04 cmdid: 0x05 [0m
[37m[4.589][linker]-[Debug]-[DjiProtocol_v1Pack:123) <0x523a>V1-Send: 0x0A06->0x1D01 0x00F0 [0m
[37m[4.599][linker]-[Debug]-[DjiProtocol_v1Pack:123) <0x523b>V1-Send: 0x0A06->0x1D01 0x00F0 [0m
[37m[4.603][linker]-[Debug]-[DjiProtocol_v1Unpack:215) <0x5239>V1-Recv: 0x1104->0x0A06 0x4910 [0m
[37m[4.604][linker]-[Debug]-[DjiCommand_RecvWork:1066)  <0x5239>Receive msg from linker, 0x1104->0x0A06 0x4910 len:1 [0m
[37m[4.604][linker]-[Debug]-[DjiCommand_SendSyncCallback:1014) PsdkCommand_SendSyncCallback success [0m
[37m[4.604][linker]-[Debug]-[DjiCommand_DealCmd:830) callback function (cmdset: 0x49 cmdid: 0x10) deal time: 0 ms [0m
[37m[4.604][linker]-[Debug]-[DjiCommand_SendSync:553) sendSync callback success [0m
[37m[4.604][linker]-[Debug]-[DjiProtocol_v1Pack:123) <0x523c>V1-Send: 0x0A06->0x1104 0x4910 [0m
[37m[4.610][linker]-[Debug]-[DjiProtocol_v1Pack:123) <0x523d>V1-Send: 0x0A06->0x1D01 0x00F0 [0m
[37m[4.621][linker]-[Debug]-[DjiProtocol_v1Pack:123) <0x523e>V1-Send: 0x0A06->0x1D01 0x00F0 [0m
[37m[4.625][linker]-[Debug]-[DjiProtocol_v1Unpack:215) <0x341f>V1-Recv: 0x0300->0x0A06 0x036C [0m
[37m[4.625][linker]-[Debug]-[DjiProtocol_v1Unpack:215) <0x523c>V1-Recv: 0x1104->0x0A06 0x4910 [0m
[37m[4.626][linker]-[Debug]-[DjiCommand_RecvWork:1066)  <0x341f>Receive msg from linker, 0x0300->0x0A06 0x036C len:71 [0m
[37m[4.626][linker]-[Debug]-[DjiCommand_DealCmd:919) received unsupport request cmd that noneed ack, <0x341f> cmdset: 0x03 cmdid: 0x6C [0m
[37m[4.627][linker]-[Debug]-[DjiCommand_RecvWork:1066)  <0x523c>Receive msg from linker, 0x1104->0x0A06 0x4910 len:1 [0m
[37m[4.627][linker]-[Debug]-[DjiCommand_SendSyncCallback:1014) PsdkCommand_SendSyncCallback success [0m
[37m[4.627][linker]-[Debug]-[DjiCommand_DealCmd:830) callback function (cmdset: 0x49 cmdid: 0x10) deal time: 0 ms [0m
[37m[4.627][linker]-[Debug]-[DjiCommand_SendSync:553) sendSync callback success [0m
[37m[4.627][linker]-[Debug]-[DjiProtocol_v1Pack:123) <0x523f>V1-Send: 0x0A06->0x1104 0x4910 [0m
[37m[4.631][linker]-[Debug]-[DjiProtocol_v1Pack:123) <0x5240>V1-Send: 0x0A06->0x1D01 0x00F0 [0m
[37m[4.640][linker]-[Debug]-[DjiProtocol_v1Unpack:215) <0x343d>V1-Recv: 0x0306->0x0A06 0x03C1 [0m
[37m[4.641][linker]-[Debug]-[DjiCommand_RecvWork:1066)  <0x343d>Receive msg from linker, 0x0306->0x0A06 0x03C1 len:13 [0m
[37m[4.641][linker]-[Debug]-[DjiCommand_DealCmd:919) received unsupport request cmd that noneed ack, <0x343d> cmdset: 0x03 cmdid: 0xC1 [0m
[37m[4.642][linker]-[Debug]-[DjiProtocol_v1Pack:123) <0x5241>V1-Send: 0x0A06->0x1D01 0x00F0 [0m
[37m[4.643][linker]-[Debug]-[DjiProtocol_v1Unpack:215) <0x343e>V1-Recv: 0x0300->0x0A06 0x4900 [0m
[37m[4.643][linker]-[Debug]-[DjiProtocol_v1Unpack:215) <0x523f>V1-Recv: 0x1104->0x0A06 0x4910 [0m
[37m[4.643][linker]-[Debug]-[DjiCommand_RecvWork:1066)  <0x343e>Receive msg from linker, 0x0300->0x0A06 0x4900 len:14 [0m
[37m[4.643][linker]-[Debug]-[DjiCommand_DealCmd:919) received unsupport request cmd that need ack, <0x343e> cmdset: 0x49 cmdid: 0x00 [0m
[37m[4.644][linker]-[Debug]-[DjiCommand_RecvWork:1066)  <0x523f>Receive msg from linker, 0x1104->0x0A06 0x4910 len:1 [0m
[37m[4.644][linker]-[Debug]-[DjiCommand_SendSyncCallback:1014) PsdkCommand_SendSyncCallback success [0m
[37m[4.644][linker]-[Debug]-[DjiCommand_DealCmd:830) callback function (cmdset: 0x49 cmdid: 0x10) deal time: 0 ms [0m
[37m[4.644][linker]-[Debug]-[DjiCommand_SendSync:553) sendSync callback success [0m
[37m[4.644][linker]-[Debug]-[DjiProtocol_v1Pack:123) <0x5242>V1-Send: 0x0A06->0x1104 0x4910 [0m
[37m[4.662][linker]-[Debug]-[DjiProtocol_v1Unpack:215) <0x5242>V1-Recv: 0x1104->0x0A06 0x4910 [0m
[37m[4.663][linker]-[Debug]-[DjiCommand_RecvWork:1066)  <0x5242>Receive msg from linker, 0x1104->0x0A06 0x4910 len:1 [0m
[37m[4.663][linker]-[Debug]-[DjiCommand_SendSyncCallback:1014) PsdkCommand_SendSyncCallback success [0m
[37m[4.663][linker]-[Debug]-[DjiCommand_DealCmd:830) callback function (cmdset: 0x49 cmdid: 0x10) deal time: 0 ms [0m
[37m[4.663][linker]-[Debug]-[DjiCommand_SendSync:553) sendSync callback success [0m
[37m[4.663][linker]-[Debug]-[DjiProtocol_v1Pack:123) <0x5243>V1-Send: 0x0A06->0x1104 0x4910 [0m
[37m[4.682][linker]-[Debug]-[DjiProtocol_v1Unpack:215) <0x347d>V1-Recv: 0x0300->0x0A06 0x221B [0m
[37m[4.682][linker]-[Debug]-[DjiCommand_RecvWork:1066)  <0x347d>Receive msg from linker, 0x0300->0x0A06 0x221B len:9 [0m
[37m[4.682][linker]-[Debug]-[DjiCommand_DealCmd:919) received unsupport request cmd that noneed ack, <0x347d> cmdset: 0x22 cmdid: 0x1B [0m
[37m[4.685][linker]-[Debug]-[DjiProtocol_v1Unpack:215) <0x5243>V1-Recv: 0x1104->0x0A06 0x4910 [0m
[37m[4.685][linker]-[Debug]-[DjiCommand_RecvWork:1066)  <0x5243>Receive msg from linker, 0x1104->0x0A06 0x4910 len:1 [0m
[37m[4.685][linker]-[Debug]-[DjiCommand_SendSyncCallback:1014) PsdkCommand_SendSyncCallback success [0m
[37m[4.685][linker]-[Debug]-[DjiCommand_DealCmd:830) callback function (cmdset: 0x49 cmdid: 0x10) deal time: 0 ms [0m
[37m[4.685][linker]-[Debug]-[DjiCommand_SendSync:553) sendSync callback success [0m
[37m[4.685][linker]-[Debug]-[DjiProtocol_v1Pack:123) <0x5244>V1-Send: 0x0A06->0x1104 0x4910 [0m
[37m[4.694][linker]-[Debug]-[DjiProtocol_v1Unpack:215) <0x1196>V1-Recv: 0x1D07->0x0A06 0x2105 [0m
[37m[4.695][linker]-[Debug]-[DjiCommand_RecvWork:1066)  <0x1196>Receive msg from linker, 0x1D07->0x0A06 0x2105 len:1 [0m
[37m[4.695][linker]-[Debug]-[DjiCommand_DealCmd:919) received unsupport request cmd that need ack, <0x1196> cmdset: 0x21 cmdid: 0x05 [0m
[37m[4.702][linker]-[Debug]-[DjiProtocol_v1Unpack:215) <0x5244>V1-Recv: 0x1104->0x0A06 0x4910 [0m
[37m[4.702][linker]-[Debug]-[DjiCommand_RecvWork:1066)  <0x5244>Receive msg from linker, 0x1104->0x0A06 0x4910 len:1 [0m
[37m[4.702][linker]-[Debug]-[DjiCommand_SendSyncCallback:1014) PsdkCommand_SendSyncCallback success [0m
[37m[4.702][linker]-[Debug]-[DjiCommand_DealCmd:830) callback function (cmdset: 0x49 cmdid: 0x10) deal time: 0 ms [0m
[37m[4.702][linker]-[Debug]-[DjiCommand_SendSync:553) sendSync callback success [0m
[37m[4.724][linker]-[Debug]-[DjiProtocol_v1Unpack:215) <0x34bf>V1-Recv: 0x0300->0x0A06 0x036C [0m
[37m[4.725][linker]-[Debug]-[DjiCommand_RecvWork:1066)  <0x34bf>Receive msg from linker, 0x0300->0x0A06 0x036C len:71 [0m
[37m[4.725][linker]-[Debug]-[DjiCommand_DealCmd:919) received unsupport request cmd that noneed ack, <0x34bf> cmdset: 0x03 cmdid: 0x6C [0m
[37m[4.740][linker]-[Debug]-[DjiProtocol_v1Unpack:215) <0x34df>V1-Recv: 0x0306->0x0A06 0x03C1 [0m
[37m[4.741][linker]-[Debug]-[DjiCommand_RecvWork:1066)  <0x34df>Receive msg from linker, 0x0306->0x0A06 0x03C1 len:13 [0m
[37m[4.741][linker]-[Debug]-[DjiCommand_DealCmd:919) received unsupport request cmd that noneed ack, <0x34df> cmdset: 0x03 cmdid: 0xC1 [0m
[37m[4.742][linker]-[Debug]-[DjiProtocol_v1Unpack:215) <0x34e4>V1-Recv: 0x0300->0x0A06 0x4900 [0m
[37m[4.743][linker]-[Debug]-[DjiCommand_RecvWork:1066)  <0x34e4>Receive msg from linker, 0x0300->0x0A06 0x4900 len:14 [0m
[37m[4.743][linker]-[Debug]-[DjiCommand_DealCmd:919) received unsupport request cmd that need ack, <0x34e4> cmdset: 0x49 cmdid: 0x00 [0m
[37m[4.751][linker]-[Debug]-[DjiProtocol_v1Unpack:215) <0xbc2>V1-Recv: 0x0701->0x0A06 0x0000 [0m
[37m[4.752][linker]-[Debug]-[DjiCommand_RecvWork:1066)  <0xbc2>Receive msg from linker, 0x0701->0x0A06 0x0000 len:16 [0m
[37m[4.752][linker]-[Debug]-[DjiProtocol_v1Pack:123) <0xbc2>V1-Send: 0x0A06->0x0701 0x0000 [0m
[37m[4.758][linker]-[Debug]-[DjiProtocol_v1Unpack:215) <0x222b>V1-Recv: 0x0800->0x0A06 0x0866 [0m
[37m[4.759][linker]-[Debug]-[DjiCommand_RecvWork:1066)  <0x222b>Receive msg from linker, 0x0800->0x0A06 0x0866 len:17 [0m
[37m[4.759][linker]-[Debug]-[DjiCommand_DealCmd:919) received unsupport request cmd that noneed ack, <0x222b> cmdset: 0x08 cmdid: 0x66 [0m
[37m[4.781][linker]-[Debug]-[DjiProtocol_v1Unpack:215) <0x3528>V1-Recv: 0x0300->0x0A06 0x221B [0m
[37m[4.781][linker]-[Debug]-[DjiCommand_RecvWork:1066)  <0x3528>Receive msg from linker, 0x0300->0x0A06 0x221B len:9 [0m
[37m[4.781][linker]-[Debug]-[DjiCommand_DealCmd:919) received unsupport request cmd that noneed ack, <0x3528> cmdset: 0x22 cmdid: 0x1B [0m
[37m[4.823][linker]-[Debug]-[DjiProtocol_v1Unpack:215) <0x3564>V1-Recv: 0x0300->0x0A06 0x036C [0m
[37m[4.824][linker]-[Debug]-[DjiCommand_RecvWork:1066)  <0x3564>Receive msg from linker, 0x0300->0x0A06 0x036C len:71 [0m
[37m[4.824][linker]-[Debug]-[DjiCommand_DealCmd:919) received unsupport request cmd that noneed ack, <0x3564> cmdset: 0x03 cmdid: 0x6C [0m
[37m[4.840][linker]-[Debug]-[DjiProtocol_v1Unpack:215) <0x3584>V1-Recv: 0x0306->0x0A06 0x03C1 [0m
[37m[4.841][linker]-[Debug]-[DjiCommand_RecvWork:1066)  <0x3584>Receive msg from linker, 0x0306->0x0A06 0x03C1 len:13 [0m
[37m[4.841][linker]-[Debug]-[DjiCommand_DealCmd:919) received unsupport request cmd that noneed ack, <0x3584> cmdset: 0x03 cmdid: 0xC1 [0m
[37m[4.843][linker]-[Debug]-[DjiProtocol_v1Unpack:215) <0x3585>V1-Recv: 0x0300->0x0A06 0x4900 [0m
[37m[4.844][linker]-[Debug]-[DjiCommand_RecvWork:1066)  <0x3585>Receive msg from linker, 0x0300->0x0A06 0x4900 len:14 [0m
[37m[4.844][linker]-[Debug]-[DjiCommand_DealCmd:919) received unsupport request cmd that need ack, <0x3585> cmdset: 0x49 cmdid: 0x00 [0m
[37m[4.881][linker]-[Debug]-[DjiProtocol_v1Unpack:215) <0x35c7>V1-Recv: 0x0300->0x0A06 0x221B [0m
[37m[4.882][linker]-[Debug]-[DjiCommand_RecvWork:1066)  <0x35c7>Receive msg from linker, 0x0300->0x0A06 0x221B len:9 [0m
[37m[4.882][linker]-[Debug]-[DjiCommand_DealCmd:919) received unsupport request cmd that noneed ack, <0x35c7> cmdset: 0x22 cmdid: 0x1B [0m
[37m[4.902][linker]-[Debug]-[DjiProtocol_v1Pack:123) <0x5245>V1-Send: 0x0A06->0x1104 0x4910 [0m
[37m[4.904][linker]-[Debug]-[DjiProtocol_v1Unpack:215) <0x35e5>V1-Recv: 0x0306->0x0A06 0x03C1 [0m
[37m[4.905][linker]-[Debug]-[DjiCommand_RecvWork:1066)  <0x35e5>Receive msg from linker, 0x0306->0x0A06 0x03C1 len:113 [0m
[37m[4.905][linker]-[Debug]-[DjiCommand_DealCmd:919) received unsupport request cmd that noneed ack, <0x35e5> cmdset: 0x03 cmdid: 0xC1 [0m
[37m[4.925][linker]-[Debug]-[DjiProtocol_v1Unpack:215) <0x360b>V1-Recv: 0x0300->0x0A06 0x036C [0m
[37m[4.925][linker]-[Debug]-[DjiProtocol_v1Unpack:215) <0x5245>V1-Recv: 0x1104->0x0A06 0x4910 [0m
[37m[4.925][linker]-[Debug]-[DjiCommand_RecvWork:1066)  <0x360b>Receive msg from linker, 0x0300->0x0A06 0x036C len:71 [0m
[37m[4.925][linker]-[Debug]-[DjiCommand_DealCmd:919) received unsupport request cmd that noneed ack, <0x360b> cmdset: 0x03 cmdid: 0x6C [0m
[37m[4.926][linker]-[Debug]-[DjiCommand_RecvWork:1066)  <0x5245>Receive msg from linker, 0x1104->0x0A06 0x4910 len:1 [0m
[37m[4.926][linker]-[Debug]-[DjiCommand_SendSyncCallback:1014) PsdkCommand_SendSyncCallback success [0m
[37m[4.926][linker]-[Debug]-[DjiCommand_DealCmd:830) callback function (cmdset: 0x49 cmdid: 0x10) deal time: 0 ms [0m
[37m[4.926][linker]-[Debug]-[DjiCommand_SendSync:553) sendSync callback success [0m
[37m[4.926][linker]-[Debug]-[DjiProtocol_v1Pack:123) <0x5246>V1-Send: 0x0A06->0x1104 0x4910 [0m
[37m[4.941][linker]-[Debug]-[DjiProtocol_v1Unpack:215) <0x362c>V1-Recv: 0x0306->0x0A06 0x03C1 [0m
[37m[4.941][linker]-[Debug]-[DjiCommand_RecvWork:1066)  <0x362c>Receive msg from linker, 0x0306->0x0A06 0x03C1 len:13 [0m
[37m[4.941][linker]-[Debug]-[DjiCommand_DealCmd:919) received unsupport request cmd that noneed ack, <0x362c> cmdset: 0x03 cmdid: 0xC1 [0m
[37m[4.944][linker]-[Debug]-[DjiProtocol_v1Unpack:215) <0x5246>V1-Recv: 0x1104->0x0A06 0x4910 [0m
[37m[4.944][linker]-[Debug]-[DjiProtocol_v1Unpack:215) <0x3636>V1-Recv: 0x0300->0x0A06 0x4900 [0m
[37m[4.944][linker]-[Debug]-[DjiCommand_RecvWork:1066)  <0x5246>Receive msg from linker, 0x1104->0x0A06 0x4910 len:1 [0m
[37m[4.944][linker]-[Debug]-[DjiCommand_SendSyncCallback:1014) PsdkCommand_SendSyncCallback success [0m
[37m[4.944][linker]-[Debug]-[DjiCommand_DealCmd:830) callback function (cmdset: 0x49 cmdid: 0x10) deal time: 0 ms [0m
[37m[4.944][linker]-[Debug]-[DjiCommand_SendSync:553) sendSync callback success [0m
[37m[4.944][linker]-[Debug]-[DjiProtocol_v1Pack:123) <0x5247>V1-Send: 0x0A06->0x1104 0x4910 [0m
[37m[4.945][linker]-[Debug]-[DjiCommand_RecvWork:1066)  <0x3636>Receive msg from linker, 0x0300->0x0A06 0x4900 len:14 [0m
[37m[4.945][linker]-[Debug]-[DjiCommand_DealCmd:919) received unsupport request cmd that need ack, <0x3636> cmdset: 0x49 cmdid: 0x00 [0m
[37m[4.962][linker]-[Debug]-[DjiProtocol_v1Unpack:215) <0x5247>V1-Recv: 0x1104->0x0A06 0x4910 [0m
[37m[4.962][linker]-[Debug]-[DjiCommand_RecvWork:1066)  <0x5247>Receive msg from linker, 0x1104->0x0A06 0x4910 len:1 [0m
[37m[4.962][linker]-[Debug]-[DjiCommand_SendSyncCallback:1014) PsdkCommand_SendSyncCallback success [0m
[37m[4.962][linker]-[Debug]-[DjiCommand_DealCmd:830) callback function (cmdset: 0x49 cmdid: 0x10) deal time: 0 ms [0m
[37m[4.962][linker]-[Debug]-[DjiCommand_SendSync:553) sendSync callback success [0m
[37m[4.962][linker]-[Debug]-[DjiProtocol_v1Pack:123) <0x5248>V1-Send: 0x0A06->0x1104 0x4910 [0m
[37m[4.981][linker]-[Debug]-[DjiProtocol_v1Unpack:215) <0x3678>V1-Recv: 0x0300->0x0A06 0x221B [0m
[37m[4.981][linker]-[Debug]-[DjiCommand_RecvWork:1066)  <0x3678>Receive msg from linker, 0x0300->0x0A06 0x221B len:9 [0m
[37m[4.981][linker]-[Debug]-[DjiCommand_DealCmd:919) received unsupport request cmd that noneed ack, <0x3678> cmdset: 0x22 cmdid: 0x1B [0m
[37m[4.982][linker]-[Debug]-[DjiProtocol_v1Unpack:215) <0x5248>V1-Recv: 0x1104->0x0A06 0x4910 [0m
[37m[4.983][linker]-[Debug]-[DjiCommand_RecvWork:1066)  <0x5248>Receive msg from linker, 0x1104->0x0A06 0x4910 len:1 [0m
[37m[4.983][linker]-[Debug]-[DjiCommand_SendSyncCallback:1014) PsdkCommand_SendSyncCallback success [0m
[37m[4.983][linker]-[Debug]-[DjiCommand_DealCmd:830) callback function (cmdset: 0x49 cmdid: 0x10) deal time: 0 ms [0m
[37m[4.983][linker]-[Debug]-[DjiCommand_SendSync:553) sendSync callback success [0m
[37m[4.983][linker]-[Debug]-[DjiProtocol_v1Pack:123) <0x5249>V1-Send: 0x0A06->0x1104 0x4910 [0m
[37m[5.005][linker]-[Debug]-[DjiProtocol_v1Unpack:215) <0x5249>V1-Recv: 0x1104->0x0A06 0x4910 [0m
[37m[5.005][linker]-[Debug]-[DjiCommand_RecvWork:1066)  <0x5249>Receive msg from linker, 0x1104->0x0A06 0x4910 len:1 [0m
[37m[5.005][linker]-[Debug]-[DjiCommand_SendSyncCallback:1014) PsdkCommand_SendSyncCallback success [0m
[37m[5.005][linker]-[Debug]-[DjiCommand_DealCmd:830) callback function (cmdset: 0x49 cmdid: 0x10) deal time: 0 ms [0m
[37m[5.005][linker]-[Debug]-[DjiCommand_SendSync:553) sendSync callback success [0m
[37m[5.005][linker]-[Debug]-[DjiProtocol_v1Pack:123) <0x524a>V1-Send: 0x0A06->0x1104 0x4910 [0m
[37m[5.008][linker]-[Debug]-[DjiProtocol_v1Unpack:215) <0x222c>V1-Recv: 0x0800->0x0A06 0x0866 [0m
[37m[5.009][linker]-[Debug]-[DjiCommand_RecvWork:1066)  <0x222c>Receive msg from linker, 0x0800->0x0A06 0x0866 len:17 [0m
[37m[5.009][linker]-[Debug]-[DjiCommand_DealCmd:919) received unsupport request cmd that noneed ack, <0x222c> cmdset: 0x08 cmdid: 0x66 [0m
[37m[5.024][linker]-[Debug]-[DjiProtocol_v1Unpack:215) <0x36b4>V1-Recv: 0x0300->0x0A06 0x036C [0m
[37m[5.025][linker]-[Debug]-[DjiCommand_RecvWork:1066)  <0x36b4>Receive msg from linker, 0x0300->0x0A06 0x036C len:71 [0m
[37m[5.025][linker]-[Debug]-[DjiCommand_DealCmd:919) received unsupport request cmd that noneed ack, <0x36b4> cmdset: 0x03 cmdid: 0x6C [0m
[37m[5.025][linker]-[Debug]-[DjiProtocol_v1Unpack:215) <0x524a>V1-Recv: 0x1104->0x0A06 0x4910 [0m
[37m[5.026][linker]-[Debug]-[DjiCommand_RecvWork:1066)  <0x524a>Receive msg from linker, 0x1104->0x0A06 0x4910 len:1 [0m
[37m[5.026][linker]-[Debug]-[DjiCommand_SendSyncCallback:1014) PsdkCommand_SendSyncCallback success [0m
[37m[5.026][linker]-[Debug]-[DjiCommand_DealCmd:830) callback function (cmdset: 0x49 cmdid: 0x10) deal time: 0 ms [0m
[37m[5.026][linker]-[Debug]-[DjiCommand_SendSync:553) sendSync callback success [0m
[37m[5.040][linker]-[Debug]-[DjiProtocol_v1Unpack:215) <0x36d2>V1-Recv: 0x0306->0x0A06 0x03C1 [0m
[37m[5.041][linker]-[Debug]-[DjiCommand_RecvWork:1066)  <0x36d2>Receive msg from linker, 0x0306->0x0A06 0x03C1 len:13 [0m
[37m[5.041][linker]-[Debug]-[DjiCommand_DealCmd:919) received unsupport request cmd that noneed ack, <0x36d2> cmdset: 0x03 cmdid: 0xC1 [0m
[37m[5.042][linker]-[Debug]-[DjiProtocol_v1Unpack:215) <0x36d4>V1-Recv: 0x0300->0x0A06 0x4900 [0m
[37m[5.043][linker]-[Debug]-[DjiCommand_RecvWork:1066)  <0x36d4>Receive msg from linker, 0x0300->0x0A06 0x4900 len:14 [0m
[37m[5.043][linker]-[Debug]-[DjiCommand_DealCmd:919) received unsupport request cmd that need ack, <0x36d4> cmdset: 0x49 cmdid: 0x00 [0m
[37m[5.085][linker]-[Debug]-[DjiProtocol_v1Unpack:215) <0x3713>V1-Recv: 0x0300->0x0A06 0x221B [0m
[37m[5.085][linker]-[Debug]-[DjiProtocol_v1Unpack:215) <0x371a>V1-Recv: 0x0300->0x0A06 0x0F74 [0m
[37m[5.085][linker]-[Debug]-[DjiProtocol_v1Unpack:215) <0x371b>V1-Recv: 0x0300->0x0100 0x0406 [0m
[37m[5.085][linker]-[Debug]-[DjiProtocol_v1Unpack:215) <0x371c>V1-Recv: 0x0300->0x0100 0x0407 [0m
[37m[5.086][linker]-[Debug]-[DjiCommand_RecvWork:1066)  <0x3713>Receive msg from linker, 0x0300->0x0A06 0x221B len:9 [0m
[37m[5.086][linker]-[Debug]-[DjiCommand_DealCmd:919) received unsupport request cmd that noneed ack, <0x3713> cmdset: 0x22 cmdid: 0x1B [0m
[37m[5.087][linker]-[Debug]-[DjiCommand_RecvWork:1066)  <0x371a>Receive msg from linker, 0x0300->0x0A06 0x0F74 len:28 [0m
[37m[5.087][linker]-[Debug]-[DjiCommand_DealCmd:919) received unsupport request cmd that noneed ack, <0x371a> cmdset: 0x0F cmdid: 0x74 [0m
[37m[5.088][linker]-[Debug]-[DjiCommand_RecvWork:1066)  <0x371b>Receive msg from linker, 0x0300->0x0100 0x0406 len:12 [0m
[37m[5.088][linker]-[Debug]-[DjiCommand_DealCmd:919) received unsupport request cmd that noneed ack, <0x371b> cmdset: 0x04 cmdid: 0x06 [0m
[37m[5.089][linker]-[Debug]-[DjiCommand_RecvWork:1066)  <0x371c>Receive msg from linker, 0x0300->0x0100 0x0407 len:1 [0m
[37m[5.089][linker]-[Debug]-[DjiCommand_DealCmd:919) received unsupport request cmd that noneed ack, <0x371c> cmdset: 0x04 cmdid: 0x07 [0m
[37m[5.124][linker]-[Debug]-[DjiProtocol_v1Unpack:215) <0x3758>V1-Recv: 0x0300->0x0A06 0x036C [0m
[37m[5.125][linker]-[Debug]-[DjiCommand_RecvWork:1066)  <0x3758>Receive msg from linker, 0x0300->0x0A06 0x036C len:71 [0m
[37m[5.125][linker]-[Debug]-[DjiCommand_DealCmd:919) received unsupport request cmd that noneed ack, <0x3758> cmdset: 0x03 cmdid: 0x6C [0m
[37m[5.140][linker]-[Debug]-[DjiProtocol_v1Unpack:215) <0x3782>V1-Recv: 0x0306->0x0A06 0x03C1 [0m
[37m[5.141][linker]-[Debug]-[DjiCommand_RecvWork:1066)  <0x3782>Receive msg from linker, 0x0306->0x0A06 0x03C1 len:13 [0m
[37m[5.141][linker]-[Debug]-[DjiCommand_DealCmd:919) received unsupport request cmd that noneed ack, <0x3782> cmdset: 0x03 cmdid: 0xC1 [0m
[37m[5.143][linker]-[Debug]-[DjiProtocol_v1Unpack:215) <0x3789>V1-Recv: 0x0300->0x0A06 0x4900 [0m
[37m[5.143][linker]-[Debug]-[DjiCommand_RecvWork:1066)  <0x3789>Receive msg from linker, 0x0300->0x0A06 0x4900 len:14 [0m
[37m[5.143][linker]-[Debug]-[DjiCommand_DealCmd:919) received unsupport request cmd that need ack, <0x3789> cmdset: 0x49 cmdid: 0x00 [0m
[37m[5.181][linker]-[Debug]-[DjiProtocol_v1Unpack:215) <0x37ce>V1-Recv: 0x0300->0x0A06 0x221B [0m
[37m[5.181][linker]-[Debug]-[DjiCommand_RecvWork:1066)  <0x37ce>Receive msg from linker, 0x0300->0x0A06 0x221B len:9 [0m
[37m[5.181][linker]-[Debug]-[DjiCommand_DealCmd:919) received unsupport request cmd that noneed ack, <0x37ce> cmdset: 0x22 cmdid: 0x1B [0m
[37m[5.223][linker]-[Debug]-[DjiProtocol_v1Unpack:215) <0x3815>V1-Recv: 0x0300->0x0A06 0x036C [0m
[37m[5.224][linker]-[Debug]-[DjiCommand_RecvWork:1066)  <0x3815>Receive msg from linker, 0x0300->0x0A06 0x036C len:71 [0m
[37m[5.224][linker]-[Debug]-[DjiCommand_DealCmd:919) received unsupport request cmd that noneed ack, <0x3815> cmdset: 0x03 cmdid: 0x6C [0m
[37m[5.226][linker]-[Debug]-[DjiProtocol_v1Pack:123) <0x524b>V1-Send: 0x0A06->0x1104 0x4910 [0m
[37m[5.240][linker]-[Debug]-[DjiProtocol_v1Unpack:215) <0x3833>V1-Recv: 0x0306->0x0A06 0x03C1 [0m
[37m[5.241][linker]-[Debug]-[DjiCommand_RecvWork:1066)  <0x3833>Receive msg from linker, 0x0306->0x0A06 0x03C1 len:13 [0m
[37m[5.241][linker]-[Debug]-[DjiCommand_DealCmd:919) received unsupport request cmd that noneed ack, <0x3833> cmdset: 0x03 cmdid: 0xC1 [0m
[37m[5.243][linker]-[Debug]-[DjiProtocol_v1Unpack:215) <0x3834>V1-Recv: 0x0300->0x0A06 0x4900 [0m
[37m[5.243][linker]-[Debug]-[DjiProtocol_v1Unpack:215) <0x524b>V1-Recv: 0x1104->0x0A06 0x4910 [0m
[37m[5.243][linker]-[Debug]-[DjiCommand_RecvWork:1066)  <0x3834>Receive msg from linker, 0x0300->0x0A06 0x4900 len:14 [0m
[37m[5.243][linker]-[Debug]-[DjiCommand_DealCmd:919) received unsupport request cmd that need ack, <0x3834> cmdset: 0x49 cmdid: 0x00 [0m
[37m[5.244][linker]-[Debug]-[DjiCommand_RecvWork:1066)  <0x524b>Receive msg from linker, 0x1104->0x0A06 0x4910 len:1 [0m
[37m[5.244][linker]-[Debug]-[DjiCommand_SendSyncCallback:1014) PsdkCommand_SendSyncCallback success [0m
[37m[5.244][linker]-[Debug]-[DjiCommand_DealCmd:830) callback function (cmdset: 0x49 cmdid: 0x10) deal time: 0 ms [0m
[37m[5.244][linker]-[Debug]-[DjiCommand_SendSync:553) sendSync callback success [0m
[37m[5.244][linker]-[Debug]-[DjiProtocol_v1Pack:123) <0x524c>V1-Send: 0x0A06->0x1104 0x4910 [0m
[37m[5.258][linker]-[Debug]-[DjiProtocol_v1Unpack:215) <0x222d>V1-Recv: 0x0800->0x0A06 0x0866 [0m
[37m[5.258][linker]-[Debug]-[DjiCommand_RecvWork:1066)  <0x222d>Receive msg from linker, 0x0800->0x0A06 0x0866 len:17 [0m
[37m[5.258][linker]-[Debug]-[DjiCommand_DealCmd:919) received unsupport request cmd that noneed ack, <0x222d> cmdset: 0x08 cmdid: 0x66 [0m
[37m[5.262][linker]-[Debug]-[DjiProtocol_v1Unpack:215) <0x524c>V1-Recv: 0x1104->0x0A06 0x4910 [0m
[37m[5.263][linker]-[Debug]-[DjiCommand_RecvWork:1066)  <0x524c>Receive msg from linker, 0x1104->0x0A06 0x4910 len:1 [0m
[37m[5.263][linker]-[Debug]-[DjiCommand_SendSyncCallback:1014) PsdkCommand_SendSyncCallback success [0m
[37m[5.263][linker]-[Debug]-[DjiCommand_DealCmd:830) callback function (cmdset: 0x49 cmdid: 0x10) deal time: 0 ms [0m
[37m[5.263][linker]-[Debug]-[DjiCommand_SendSync:553) sendSync callback success [0m
[37m[5.263][linker]-[Debug]-[DjiProtocol_v1Pack:123) <0x524d>V1-Send: 0x0A06->0x1104 0x4910 [0m
[37m[5.281][linker]-[Debug]-[DjiProtocol_v1Unpack:215) <0x3875>V1-Recv: 0x0300->0x0A06 0x221B [0m
[37m[5.282][linker]-[Debug]-[DjiCommand_RecvWork:1066)  <0x3875>Receive msg from linker, 0x0300->0x0A06 0x221B len:9 [0m
[37m[5.282][linker]-[Debug]-[DjiCommand_DealCmd:919) received unsupport request cmd that noneed ack, <0x3875> cmdset: 0x22 cmdid: 0x1B [0m
[37m[5.282][linker]-[Debug]-[DjiProtocol_v1Unpack:215) <0x524d>V1-Recv: 0x1104->0x0A06 0x4910 [0m
[37m[5.283][linker]-[Debug]-[DjiCommand_RecvWork:1066)  <0x524d>Receive msg from linker, 0x1104->0x0A06 0x4910 len:1 [0m
[37m[5.283][linker]-[Debug]-[DjiCommand_SendSyncCallback:1014) PsdkCommand_SendSyncCallback success [0m
[37m[5.283][linker]-[Debug]-[DjiCommand_DealCmd:830) callback function (cmdset: 0x49 cmdid: 0x10) deal time: 0 ms [0m
[37m[5.283][linker]-[Debug]-[DjiCommand_SendSync:553) sendSync callback success [0m
[37m[5.283][linker]-[Debug]-[DjiProtocol_v1Pack:123) <0x524e>V1-Send: 0x0A06->0x1104 0x4910 [0m
[37m[5.303][linker]-[Debug]-[DjiProtocol_v1Unpack:215) <0x524e>V1-Recv: 0x1104->0x0A06 0x4910 [0m
[37m[5.303][linker]-[Debug]-[DjiCommand_RecvWork:1066)  <0x524e>Receive msg from linker, 0x1104->0x0A06 0x4910 len:1 [0m
[37m[5.303][linker]-[Debug]-[DjiCommand_SendSyncCallback:1014) PsdkCommand_SendSyncCallback success [0m
[37m[5.303][linker]-[Debug]-[DjiCommand_DealCmd:830) callback function (cmdset: 0x49 cmdid: 0x10) deal time: 0 ms [0m
[37m[5.303][linker]-[Debug]-[DjiCommand_SendSync:553) sendSync callback success [0m
[37m[5.303][linker]-[Debug]-[DjiProtocol_v1Pack:123) <0x524f>V1-Send: 0x0A06->0x1104 0x4910 [0m
[37m[5.325][linker]-[Debug]-[DjiProtocol_v1Unpack:215) <0x38be>V1-Recv: 0x0300->0x0A06 0x036C [0m
[37m[5.325][linker]-[Debug]-[DjiProtocol_v1Unpack:215) <0x524f>V1-Recv: 0x1104->0x0A06 0x4910 [0m
[37m[5.325][linker]-[Debug]-[DjiCommand_RecvWork:1066)  <0x38be>Receive msg from linker, 0x0300->0x0A06 0x036C len:71 [0m
[37m[5.325][linker]-[Debug]-[DjiCommand_DealCmd:919) received unsupport request cmd that noneed ack, <0x38be> cmdset: 0x03 cmdid: 0x6C [0m
[37m[5.327][linker]-[Debug]-[DjiCommand_RecvWork:1066)  <0x524f>Receive msg from linker, 0x1104->0x0A06 0x4910 len:1 [0m
[37m[5.327][linker]-[Debug]-[DjiCommand_SendSyncCallback:1014) PsdkCommand_SendSyncCallback success [0m
[37m[5.327][linker]-[Debug]-[DjiCommand_DealCmd:830) callback function (cmdset: 0x49 cmdid: 0x10) deal time: 0 ms [0m
[37m[5.327][linker]-[Debug]-[DjiCommand_SendSync:553) sendSync callback success [0m
[37m[5.327][linker]-[Debug]-[DjiProtocol_v1Pack:123) <0x5250>V1-Send: 0x0A06->0x1104 0x4910 [0m
[37m[5.340][linker]-[Debug]-[DjiProtocol_v1Unpack:215) <0x38e2>V1-Recv: 0x0306->0x0A06 0x03C1 [0m
[37m[5.340][linker]-[Debug]-[DjiCommand_RecvWork:1066)  <0x38e2>Receive msg from linker, 0x0306->0x0A06 0x03C1 len:13 [0m
[37m[5.340][linker]-[Debug]-[DjiCommand_DealCmd:919) received unsupport request cmd that noneed ack, <0x38e2> cmdset: 0x03 cmdid: 0xC1 [0m
[37m[5.343][linker]-[Debug]-[DjiProtocol_v1Unpack:215) <0x5250>V1-Recv: 0x1104->0x0A06 0x4910 [0m
[37m[5.343][linker]-[Debug]-[DjiProtocol_v1Unpack:215) <0x38ec>V1-Recv: 0x0300->0x0A06 0x4900 [0m
[37m[5.344][linker]-[Debug]-[DjiCommand_RecvWork:1066)  <0x5250>Receive msg from linker, 0x1104->0x0A06 0x4910 len:1 [0m
[37m[5.344][linker]-[Debug]-[DjiCommand_SendSyncCallback:1014) PsdkCommand_SendSyncCallback success [0m
[37m[5.344][linker]-[Debug]-[DjiCommand_DealCmd:830) callback function (cmdset: 0x49 cmdid: 0x10) deal time: 0 ms [0m
[37m[5.344][linker]-[Debug]-[DjiCommand_SendSync:553) sendSync callback success [0m
[37m[5.345][linker]-[Debug]-[DjiCommand_RecvWork:1066)  <0x38ec>Receive msg from linker, 0x0300->0x0A06 0x4900 len:14 [0m
[37m[5.345][linker]-[Debug]-[DjiCommand_DealCmd:919) received unsupport request cmd that need ack, <0x38ec> cmdset: 0x49 cmdid: 0x00 [0m
[37m[5.346][utils]-[Debug]-[DjiCore_RootTask:131) work execution time: [0m
[37m[5.346][utils]-[Debug]-[DjiCore_RootTask:132) name	                execution time (ms)	  max execution time (ms) [0m
[37m[5.346][utils]-[Debug]-[DjiCore_RootTask:134) recorderWork                    	1       	1        [0m
[37m[5.346][utils]-[Debug]-[DjiCore_RootTask:134) flowControllerTask              	0       	0        [0m
[37m[5.346][utils]-[Debug]-[DjiCore_RootTask:134) commandTask                     	1       	1        [0m
[37m[5.382][linker]-[Debug]-[DjiProtocol_v1Unpack:215) <0x3938>V1-Recv: 0x0300->0x0A06 0x221B [0m
[37m[5.382][linker]-[Debug]-[DjiCommand_RecvWork:1066)  <0x3938>Receive msg from linker, 0x0300->0x0A06 0x221B len:9 [0m
[37m[5.382][linker]-[Debug]-[DjiCommand_DealCmd:919) received unsupport request cmd that noneed ack, <0x3938> cmdset: 0x22 cmdid: 0x1B [0m
[37m[5.424][linker]-[Debug]-[DjiProtocol_v1Unpack:215) <0x3978>V1-Recv: 0x0300->0x0A06 0x036C [0m
[37m[5.424][linker]-[Debug]-[DjiCommand_RecvWork:1066)  <0x3978>Receive msg from linker, 0x0300->0x0A06 0x036C len:71 [0m
[37m[5.424][linker]-[Debug]-[DjiCommand_DealCmd:919) received unsupport request cmd that noneed ack, <0x3978> cmdset: 0x03 cmdid: 0x6C [0m
[37m[5.440][linker]-[Debug]-[DjiProtocol_v1Unpack:215) <0x3996>V1-Recv: 0x0306->0x0A06 0x03C1 [0m
[37m[5.440][linker]-[Debug]-[DjiCommand_RecvWork:1066)  <0x3996>Receive msg from linker, 0x0306->0x0A06 0x03C1 len:13 [0m
[37m[5.440][linker]-[Debug]-[DjiCommand_DealCmd:919) received unsupport request cmd that noneed ack, <0x3996> cmdset: 0x03 cmdid: 0xC1 [0m
[37m[5.442][linker]-[Debug]-[DjiProtocol_v1Unpack:215) <0x3997>V1-Recv: 0x0300->0x0A06 0x4900 [0m
[37m[5.442][linker]-[Debug]-[DjiCommand_RecvWork:1066)  <0x3997>Receive msg from linker, 0x0300->0x0A06 0x4900 len:14 [0m
[37m[5.442][linker]-[Debug]-[DjiCommand_DealCmd:919) received unsupport request cmd that need ack, <0x3997> cmdset: 0x49 cmdid: 0x00 [0m
[37m[5.482][linker]-[Debug]-[DjiProtocol_v1Unpack:215) <0x39d6>V1-Recv: 0x0300->0x0A06 0x221B [0m
[37m[5.482][linker]-[Debug]-[DjiCommand_RecvWork:1066)  <0x39d6>Receive msg from linker, 0x0300->0x0A06 0x221B len:9 [0m
[37m[5.482][linker]-[Debug]-[DjiCommand_DealCmd:919) received unsupport request cmd that noneed ack, <0x39d6> cmdset: 0x22 cmdid: 0x1B [0m
[37m[5.508][linker]-[Debug]-[DjiProtocol_v1Unpack:215) <0x222e>V1-Recv: 0x0800->0x0A06 0x0866 [0m
[37m[5.509][linker]-[Debug]-[DjiCommand_RecvWork:1066)  <0x222e>Receive msg from linker, 0x0800->0x0A06 0x0866 len:17 [0m
[37m[5.509][linker]-[Debug]-[DjiCommand_DealCmd:919) received unsupport request cmd that noneed ack, <0x222e> cmdset: 0x08 cmdid: 0x66 [0m
[37m[5.524][linker]-[Debug]-[DjiProtocol_v1Unpack:215) <0x3a15>V1-Recv: 0x0300->0x0A06 0x036C [0m
[37m[5.525][linker]-[Debug]-[DjiCommand_RecvWork:1066)  <0x3a15>Receive msg from linker, 0x0300->0x0A06 0x036C len:71 [0m
[37m[5.525][linker]-[Debug]-[DjiCommand_DealCmd:919) received unsupport request cmd that noneed ack, <0x3a15> cmdset: 0x03 cmdid: 0x6C [0m
[37m[5.540][linker]-[Debug]-[DjiProtocol_v1Unpack:215) <0x3a38>V1-Recv: 0x0306->0x0A06 0x03C1 [0m
[37m[5.541][linker]-[Debug]-[DjiCommand_RecvWork:1066)  <0x3a38>Receive msg from linker, 0x0306->0x0A06 0x03C1 len:13 [0m
[37m[5.541][linker]-[Debug]-[DjiCommand_DealCmd:919) received unsupport request cmd that noneed ack, <0x3a38> cmdset: 0x03 cmdid: 0xC1 [0m
[37m[5.543][linker]-[Debug]-[DjiProtocol_v1Unpack:215) <0x3a3e>V1-Recv: 0x0300->0x0A06 0x4900 [0m
[37m[5.544][linker]-[Debug]-[DjiProtocol_v1Pack:123) <0x5251>V1-Send: 0x0A06->0x1104 0x4910 [0m
[37m[5.544][linker]-[Debug]-[DjiCommand_RecvWork:1066)  <0x3a3e>Receive msg from linker, 0x0300->0x0A06 0x4900 len:14 [0m
[37m[5.544][linker]-[Debug]-[DjiCommand_DealCmd:919) received unsupport request cmd that need ack, <0x3a3e> cmdset: 0x49 cmdid: 0x00 [0m
[37m[5.562][linker]-[Debug]-[DjiProtocol_v1Unpack:215) <0x5251>V1-Recv: 0x1104->0x0A06 0x4910 [0m
[37m[5.563][linker]-[Debug]-[DjiCommand_RecvWork:1066)  <0x5251>Receive msg from linker, 0x1104->0x0A06 0x4910 len:1 [0m
[37m[5.563][linker]-[Debug]-[DjiCommand_SendSyncCallback:1014) PsdkCommand_SendSyncCallback success [0m
[37m[5.563][linker]-[Debug]-[DjiCommand_DealCmd:830) callback function (cmdset: 0x49 cmdid: 0x10) deal time: 0 ms [0m
[37m[5.563][linker]-[Debug]-[DjiCommand_SendSync:553) sendSync callback success [0m
[37m[5.563][linker]-[Debug]-[DjiProtocol_v1Pack:123) <0x5252>V1-Send: 0x0A06->0x1104 0x4910 [0m
[37m[5.584][linker]-[Debug]-[DjiProtocol_v1Unpack:215) <0x3a81>V1-Recv: 0x0300->0x0A06 0x221B [0m
[37m[5.584][linker]-[Debug]-[DjiProtocol_v1Unpack:215) <0x3a83>V1-Recv: 0x0300->0x0100 0x0405 [0m
[37m[5.584][linker]-[Debug]-[DjiProtocol_v1Unpack:215) <0x5252>V1-Recv: 0x1104->0x0A06 0x4910 [0m
[37m[5.584][linker]-[Debug]-[DjiCommand_RecvWork:1066)  <0x3a81>Receive msg from linker, 0x0300->0x0A06 0x221B len:9 [0m
[37m[5.584][linker]-[Debug]-[DjiCommand_DealCmd:919) received unsupport request cmd that noneed ack, <0x3a81> cmdset: 0x22 cmdid: 0x1B [0m
[37m[5.585][linker]-[Debug]-[DjiCommand_RecvWork:1066)  <0x3a83>Receive msg from linker, 0x0300->0x0100 0x0405 len:22 [0m
[37m[5.586][linker]-[Debug]-[DjiCommand_DealCmd:919) received unsupport request cmd that noneed ack, <0x3a83> cmdset: 0x04 cmdid: 0x05 [0m
[37m[5.587][linker]-[Debug]-[DjiCommand_RecvWork:1066)  <0x5252>Receive msg from linker, 0x1104->0x0A06 0x4910 len:1 [0m
[37m[5.587][linker]-[Debug]-[DjiCommand_SendSyncCallback:1014) PsdkCommand_SendSyncCallback success [0m
[37m[5.587][linker]-[Debug]-[DjiCommand_DealCmd:830) callback function (cmdset: 0x49 cmdid: 0x10) deal time: 0 ms [0m
[37m[5.587][linker]-[Debug]-[DjiCommand_SendSync:553) sendSync callback success [0m
[37m[5.587][linker]-[Debug]-[DjiProtocol_v1Pack:123) <0x5253>V1-Send: 0x0A06->0x1104 0x4910 [0m
[37m[5.602][linker]-[Debug]-[DjiProtocol_v1Unpack:215) <0x5253>V1-Recv: 0x1104->0x0A06 0x4910 [0m
[37m[5.603][linker]-[Debug]-[DjiCommand_RecvWork:1066)  <0x5253>Receive msg from linker, 0x1104->0x0A06 0x4910 len:1 [0m
[37m[5.603][linker]-[Debug]-[DjiCommand_SendSyncCallback:1014) PsdkCommand_SendSyncCallback success [0m
[37m[5.603][linker]-[Debug]-[DjiCommand_DealCmd:830) callback function (cmdset: 0x49 cmdid: 0x10) deal time: 0 ms [0m
[37m[5.603][linker]-[Debug]-[DjiCommand_SendSync:553) sendSync callback success [0m
[37m[5.603][linker]-[Debug]-[DjiProtocol_v1Pack:123) <0x5254>V1-Send: 0x0A06->0x1104 0x4910 [0m
[37m[5.625][linker]-[Debug]-[DjiProtocol_v1Unpack:215) <0x3abd>V1-Recv: 0x0300->0x0A06 0x036C [0m
[37m[5.625][linker]-[Debug]-[DjiProtocol_v1Unpack:215) <0x5254>V1-Recv: 0x1104->0x0A06 0x4910 [0m
[37m[5.626][linker]-[Debug]-[DjiCommand_RecvWork:1066)  <0x3abd>Receive msg from linker, 0x0300->0x0A06 0x036C len:71 [0m
[37m[5.626][linker]-[Debug]-[DjiCommand_DealCmd:919) received unsupport request cmd that noneed ack, <0x3abd> cmdset: 0x03 cmdid: 0x6C [0m
[37m[5.627][linker]-[Debug]-[DjiCommand_RecvWork:1066)  <0x5254>Receive msg from linker, 0x1104->0x0A06 0x4910 len:1 [0m
[37m[5.627][linker]-[Debug]-[DjiCommand_SendSyncCallback:1014) PsdkCommand_SendSyncCallback success [0m
[37m[5.627][linker]-[Debug]-[DjiCommand_DealCmd:830) callback function (cmdset: 0x49 cmdid: 0x10) deal time: 0 ms [0m
[37m[5.627][linker]-[Debug]-[DjiCommand_SendSync:553) sendSync callback success [0m
[37m[5.627][linker]-[Debug]-[DjiProtocol_v1Pack:123) <0x5255>V1-Send: 0x0A06->0x1104 0x4910 [0m
[37m[5.640][linker]-[Debug]-[DjiProtocol_v1Unpack:215) <0x3add>V1-Recv: 0x0306->0x0A06 0x03C1 [0m
[37m[5.641][linker]-[Debug]-[DjiCommand_RecvWork:1066)  <0x3add>Receive msg from linker, 0x0306->0x0A06 0x03C1 len:13 [0m
[37m[5.641][linker]-[Debug]-[DjiCommand_DealCmd:919) received unsupport request cmd that noneed ack, <0x3add> cmdset: 0x03 cmdid: 0xC1 [0m
[37m[5.642][linker]-[Debug]-[DjiProtocol_v1Unpack:215) <0x3ade>V1-Recv: 0x0300->0x0A06 0x4900 [0m
[37m[5.642][linker]-[Debug]-[DjiProtocol_v1Unpack:215) <0x5255>V1-Recv: 0x1104->0x0A06 0x4910 [0m
[37m[5.643][linker]-[Debug]-[DjiCommand_RecvWork:1066)  <0x3ade>Receive msg from linker, 0x0300->0x0A06 0x4900 len:14 [0m
[37m[5.643][linker]-[Debug]-[DjiCommand_DealCmd:919) received unsupport request cmd that need ack, <0x3ade> cmdset: 0x49 cmdid: 0x00 [0m
[37m[5.644][linker]-[Debug]-[DjiCommand_RecvWork:1066)  <0x5255>Receive msg from linker, 0x1104->0x0A06 0x4910 len:1 [0m
[37m[5.644][linker]-[Debug]-[DjiCommand_SendSyncCallback:1014) PsdkCommand_SendSyncCallback success [0m
[37m[5.644][linker]-[Debug]-[DjiCommand_DealCmd:830) callback function (cmdset: 0x49 cmdid: 0x10) deal time: 0 ms [0m
[37m[5.644][linker]-[Debug]-[DjiCommand_SendSync:553) sendSync callback success [0m
[37m[5.644][linker]-[Debug]-[DjiProtocol_v1Pack:123) <0x5256>V1-Send: 0x0A06->0x1104 0x4910 [0m
[37m[5.662][linker]-[Debug]-[DjiProtocol_v1Unpack:215) <0x5256>V1-Recv: 0x1104->0x0A06 0x4910 [0m
[37m[5.663][linker]-[Debug]-[DjiCommand_RecvWork:1066)  <0x5256>Receive msg from linker, 0x1104->0x0A06 0x4910 len:1 [0m
[37m[5.663][linker]-[Debug]-[DjiCommand_SendSyncCallback:1014) PsdkCommand_SendSyncCallback success [0m
[37m[5.663][linker]-[Debug]-[DjiCommand_DealCmd:830) callback function (cmdset: 0x49 cmdid: 0x10) deal time: 0 ms [0m
[37m[5.663][linker]-[Debug]-[DjiCommand_SendSync:553) sendSync callback success [0m
[37m[5.682][linker]-[Debug]-[DjiProtocol_v1Unpack:215) <0x3b1d>V1-Recv: 0x0300->0x0A06 0x221B [0m
[37m[5.682][linker]-[Debug]-[DjiCommand_RecvWork:1066)  <0x3b1d>Receive msg from linker, 0x0300->0x0A06 0x221B len:9 [0m
[37m[5.682][linker]-[Debug]-[DjiCommand_DealCmd:919) received unsupport request cmd that noneed ack, <0x3b1d> cmdset: 0x22 cmdid: 0x1B [0m
[37m[5.692][linker]-[Debug]-[DjiProtocol_v1Unpack:215) <0x1197>V1-Recv: 0x1D07->0x0A06 0x2105 [0m
[37m[5.693][linker]-[Debug]-[DjiCommand_RecvWork:1066)  <0x1197>Receive msg from linker, 0x1D07->0x0A06 0x2105 len:1 [0m
[37m[5.693][linker]-[Debug]-[DjiCommand_DealCmd:919) received unsupport request cmd that need ack, <0x1197> cmdset: 0x21 cmdid: 0x05 [0m
[37m[5.724][linker]-[Debug]-[DjiProtocol_v1Unpack:215) <0x3b60>V1-Recv: 0x0300->0x0A06 0x036C [0m
[37m[5.725][linker]-[Debug]-[DjiCommand_RecvWork:1066)  <0x3b60>Receive msg from linker, 0x0300->0x0A06 0x036C len:71 [0m
[37m[5.725][linker]-[Debug]-[DjiCommand_DealCmd:919) received unsupport request cmd that noneed ack, <0x3b60> cmdset: 0x03 cmdid: 0x6C [0m
[37m[5.740][linker]-[Debug]-[DjiProtocol_v1Unpack:215) <0x3b80>V1-Recv: 0x0306->0x0A06 0x03C1 [0m
[37m[5.741][linker]-[Debug]-[DjiCommand_RecvWork:1066)  <0x3b80>Receive msg from linker, 0x0306->0x0A06 0x03C1 len:13 [0m
[37m[5.741][linker]-[Debug]-[DjiCommand_DealCmd:919) received unsupport request cmd that noneed ack, <0x3b80> cmdset: 0x03 cmdid: 0xC1 [0m
[37m[5.742][linker]-[Debug]-[DjiProtocol_v1Unpack:215) <0x3b89>V1-Recv: 0x0300->0x0A06 0x4900 [0m
[37m[5.743][linker]-[Debug]-[DjiCommand_RecvWork:1066)  <0x3b89>Receive msg from linker, 0x0300->0x0A06 0x4900 len:14 [0m
[37m[5.743][linker]-[Debug]-[DjiCommand_DealCmd:919) received unsupport request cmd that need ack, <0x3b89> cmdset: 0x49 cmdid: 0x00 [0m
[37m[5.751][linker]-[Debug]-[DjiProtocol_v1Unpack:215) <0xbc3>V1-Recv: 0x0701->0x0A06 0x0000 [0m
[37m[5.752][linker]-[Debug]-[DjiCommand_RecvWork:1066)  <0xbc3>Receive msg from linker, 0x0701->0x0A06 0x0000 len:16 [0m
[37m[5.752][linker]-[Debug]-[DjiProtocol_v1Pack:123) <0xbc3>V1-Send: 0x0A06->0x0701 0x0000 [0m
[37m[5.758][linker]-[Debug]-[DjiProtocol_v1Unpack:215) <0x222f>V1-Recv: 0x0800->0x0A06 0x0866 [0m
[37m[5.759][linker]-[Debug]-[DjiCommand_RecvWork:1066)  <0x222f>Receive msg from linker, 0x0800->0x0A06 0x0866 len:17 [0m
[37m[5.759][linker]-[Debug]-[DjiCommand_DealCmd:919) received unsupport request cmd that noneed ack, <0x222f> cmdset: 0x08 cmdid: 0x66 [0m
[37m[5.782][linker]-[Debug]-[DjiProtocol_v1Unpack:215) <0x3bcc>V1-Recv: 0x0300->0x0A06 0x221B [0m
[37m[5.783][linker]-[Debug]-[DjiCommand_RecvWork:1066)  <0x3bcc>Receive msg from linker, 0x0300->0x0A06 0x221B len:9 [0m
[37m[5.783][linker]-[Debug]-[DjiCommand_DealCmd:919) received unsupport request cmd that noneed ack, <0x3bcc> cmdset: 0x22 cmdid: 0x1B [0m
[37m[5.824][linker]-[Debug]-[DjiProtocol_v1Unpack:215) <0x3c08>V1-Recv: 0x0300->0x0A06 0x036C [0m
[37m[5.825][linker]-[Debug]-[DjiCommand_RecvWork:1066)  <0x3c08>Receive msg from linker, 0x0300->0x0A06 0x036C len:71 [0m
[37m[5.825][linker]-[Debug]-[DjiCommand_DealCmd:919) received unsupport request cmd that noneed ack, <0x3c08> cmdset: 0x03 cmdid: 0x6C [0m
[37m[5.840][linker]-[Debug]-[DjiProtocol_v1Unpack:215) <0x3c28>V1-Recv: 0x0306->0x0A06 0x03C1 [0m
[37m[5.841][linker]-[Debug]-[DjiCommand_RecvWork:1066)  <0x3c28>Receive msg from linker, 0x0306->0x0A06 0x03C1 len:13 [0m
[37m[5.841][linker]-[Debug]-[DjiCommand_DealCmd:919) received unsupport request cmd that noneed ack, <0x3c28> cmdset: 0x03 cmdid: 0xC1 [0m
[37m[5.842][linker]-[Debug]-[DjiProtocol_v1Unpack:215) <0x3c29>V1-Recv: 0x0300->0x0A06 0x4900 [0m
[37m[5.843][linker]-[Debug]-[DjiCommand_RecvWork:1066)  <0x3c29>Receive msg from linker, 0x0300->0x0A06 0x4900 len:14 [0m
[37m[5.843][linker]-[Debug]-[DjiCommand_DealCmd:919) received unsupport request cmd that need ack, <0x3c29> cmdset: 0x49 cmdid: 0x00 [0m
[37m[5.863][linker]-[Debug]-[DjiProtocol_v1Pack:123) <0x5257>V1-Send: 0x0A06->0x1104 0x4910 [0m
[37m[5.882][linker]-[Debug]-[DjiProtocol_v1Unpack:215) <0x3c6a>V1-Recv: 0x0300->0x0A06 0x221B [0m
[37m[5.883][linker]-[Debug]-[DjiCommand_RecvWork:1066)  <0x3c6a>Receive msg from linker, 0x0300->0x0A06 0x221B len:9 [0m
[37m[5.883][linker]-[Debug]-[DjiCommand_DealCmd:919) received unsupport request cmd that noneed ack, <0x3c6a> cmdset: 0x22 cmdid: 0x1B [0m
[37m[5.885][linker]-[Debug]-[DjiProtocol_v1Unpack:215) <0x5257>V1-Recv: 0x1104->0x0A06 0x4910 [0m
[37m[5.886][linker]-[Debug]-[DjiCommand_RecvWork:1066)  <0x5257>Receive msg from linker, 0x1104->0x0A06 0x4910 len:1 [0m
[37m[5.886][linker]-[Debug]-[DjiCommand_SendSyncCallback:1014) PsdkCommand_SendSyncCallback success [0m
[37m[5.886][linker]-[Debug]-[DjiCommand_DealCmd:830) callback function (cmdset: 0x49 cmdid: 0x10) deal time: 0 ms [0m
[37m[5.886][linker]-[Debug]-[DjiCommand_SendSync:553) sendSync callback success [0m
[37m[5.886][linker]-[Debug]-[DjiProtocol_v1Pack:123) <0x5258>V1-Send: 0x0A06->0x1104 0x4910 [0m
[37m[5.905][linker]-[Debug]-[DjiProtocol_v1Unpack:215) <0x3c8b>V1-Recv: 0x0306->0x0A06 0x03C1 [0m
[37m[5.905][linker]-[Debug]-[DjiProtocol_v1Unpack:215) <0x5258>V1-Recv: 0x1104->0x0A06 0x4910 [0m
[37m[5.906][linker]-[Debug]-[DjiCommand_RecvWork:1066)  <0x3c8b>Receive msg from linker, 0x0306->0x0A06 0x03C1 len:113 [0m
[37m[5.906][linker]-[Debug]-[DjiCommand_DealCmd:919) received unsupport request cmd that noneed ack, <0x3c8b> cmdset: 0x03 cmdid: 0xC1 [0m
[37m[5.907][linker]-[Debug]-[DjiCommand_RecvWork:1066)  <0x5258>Receive msg from linker, 0x1104->0x0A06 0x4910 len:1 [0m
[37m[5.907][linker]-[Debug]-[DjiCommand_SendSyncCallback:1014) PsdkCommand_SendSyncCallback success [0m
[37m[5.907][linker]-[Debug]-[DjiCommand_DealCmd:830) callback function (cmdset: 0x49 cmdid: 0x10) deal time: 0 ms [0m
[37m[5.907][linker]-[Debug]-[DjiCommand_SendSync:553) sendSync callback success [0m
[37m[5.907][linker]-[Debug]-[DjiProtocol_v1Pack:123) <0x5259>V1-Send: 0x0A06->0x1104 0x4910 [0m
[37m[5.924][linker]-[Debug]-[DjiProtocol_v1Unpack:215) <0x3cb1>V1-Recv: 0x0300->0x0A06 0x036C [0m
[37m[5.924][linker]-[Debug]-[DjiProtocol_v1Unpack:215) <0x5259>V1-Recv: 0x1104->0x0A06 0x4910 [0m
[37m[5.925][linker]-[Debug]-[DjiCommand_RecvWork:1066)  <0x3cb1>Receive msg from linker, 0x0300->0x0A06 0x036C len:71 [0m
[37m[5.925][linker]-[Debug]-[DjiCommand_DealCmd:919) received unsupport request cmd that noneed ack, <0x3cb1> cmdset: 0x03 cmdid: 0x6C [0m
[37m[5.926][linker]-[Debug]-[DjiCommand_RecvWork:1066)  <0x5259>Receive msg from linker, 0x1104->0x0A06 0x4910 len:1 [0m
[37m[5.926][linker]-[Debug]-[DjiCommand_SendSyncCallback:1014) PsdkCommand_SendSyncCallback success [0m
[37m[5.927][linker]-[Debug]-[DjiCommand_DealCmd:830) callback function (cmdset: 0x49 cmdid: 0x10) deal time: 1 ms [0m
[37m[5.927][linker]-[Debug]-[DjiCommand_SendSync:553) sendSync callback success [0m
[37m[5.927][linker]-[Debug]-[DjiProtocol_v1Pack:123) <0x525a>V1-Send: 0x0A06->0x1104 0x4910 [0m
[37m[5.940][linker]-[Debug]-[DjiProtocol_v1Unpack:215) <0x3cd2>V1-Recv: 0x0306->0x0A06 0x03C1 [0m
[37m[5.941][linker]-[Debug]-[DjiCommand_RecvWork:1066)  <0x3cd2>Receive msg from linker, 0x0306->0x0A06 0x03C1 len:13 [0m
[37m[5.941][linker]-[Debug]-[DjiCommand_DealCmd:919) received unsupport request cmd that noneed ack, <0x3cd2> cmdset: 0x03 cmdid: 0xC1 [0m
[37m[5.944][linker]-[Debug]-[DjiProtocol_v1Unpack:215) <0x525a>V1-Recv: 0x1104->0x0A06 0x4910 [0m
[37m[5.944][linker]-[Debug]-[DjiProtocol_v1Unpack:215) <0x3cda>V1-Recv: 0x0300->0x0A06 0x4900 [0m
[37m[5.945][linker]-[Debug]-[DjiCommand_RecvWork:1066)  <0x525a>Receive msg from linker, 0x1104->0x0A06 0x4910 len:1 [0m
[37m[5.945][linker]-[Debug]-[DjiCommand_SendSyncCallback:1014) PsdkCommand_SendSyncCallback success [0m
[37m[5.945][linker]-[Debug]-[DjiCommand_DealCmd:830) callback function (cmdset: 0x49 cmdid: 0x10) deal time: 0 ms [0m
[37m[5.945][linker]-[Debug]-[DjiCommand_SendSync:553) sendSync callback success [0m
[37m[5.945][linker]-[Debug]-[DjiProtocol_v1Pack:123) <0x525b>V1-Send: 0x0A06->0x1104 0x4910 [0m
[37m[5.946][linker]-[Debug]-[DjiCommand_RecvWork:1066)  <0x3cda>Receive msg from linker, 0x0300->0x0A06 0x4900 len:14 [0m
[37m[5.946][linker]-[Debug]-[DjiCommand_DealCmd:919) received unsupport request cmd that need ack, <0x3cda> cmdset: 0x49 cmdid: 0x00 [0m
[37m[5.962][linker]-[Debug]-[DjiProtocol_v1Unpack:215) <0x525b>V1-Recv: 0x1104->0x0A06 0x4910 [0m
[37m[5.962][linker]-[Debug]-[DjiCommand_RecvWork:1066)  <0x525b>Receive msg from linker, 0x1104->0x0A06 0x4910 len:1 [0m
[37m[5.962][linker]-[Debug]-[DjiCommand_SendSyncCallback:1014) PsdkCommand_SendSyncCallback success [0m
[37m[5.962][linker]-[Debug]-[DjiCommand_DealCmd:830) callback function (cmdset: 0x49 cmdid: 0x10) deal time: 0 ms [0m
[37m[5.962][linker]-[Debug]-[DjiCommand_SendSync:553) sendSync callback success [0m
[37m[5.962][linker]-[Debug]-[DjiProtocol_v1Pack:123) <0x525c>V1-Send: 0x0A06->0x1104 0x4910 [0m
[37m[5.981][linker]-[Debug]-[DjiProtocol_v1Unpack:215) <0x3d1f>V1-Recv: 0x0300->0x0A06 0x221B [0m
[37m[5.981][linker]-[Debug]-[DjiCommand_RecvWork:1066)  <0x3d1f>Receive msg from linker, 0x0300->0x0A06 0x221B len:9 [0m
[37m[5.981][linker]-[Debug]-[DjiCommand_DealCmd:919) received unsupport request cmd that noneed ack, <0x3d1f> cmdset: 0x22 cmdid: 0x1B [0m
[37m[5.982][linker]-[Debug]-[DjiProtocol_v1Unpack:215) <0x525c>V1-Recv: 0x1104->0x0A06 0x4910 [0m
[37m[5.982][linker]-[Debug]-[DjiCommand_RecvWork:1066)  <0x525c>Receive msg from linker, 0x1104->0x0A06 0x4910 len:1 [0m
[37m[5.982][linker]-[Debug]-[DjiCommand_SendSyncCallback:1014) PsdkCommand_SendSyncCallback success [0m
[37m[5.982][linker]-[Debug]-[DjiCommand_DealCmd:830) callback function (cmdset: 0x49 cmdid: 0x10) deal time: 0 ms [0m
[37m[5.982][linker]-[Debug]-[DjiCommand_SendSync:553) sendSync callback success [0m
[37m[6.008][linker]-[Debug]-[DjiProtocol_v1Unpack:215) <0x2230>V1-Recv: 0x0800->0x0A06 0x0866 [0m
[37m[6.008][linker]-[Debug]-[DjiCommand_RecvWork:1066)  <0x2230>Receive msg from linker, 0x0800->0x0A06 0x0866 len:17 [0m
[37m[6.008][linker]-[Debug]-[DjiCommand_DealCmd:919) received unsupport request cmd that noneed ack, <0x2230> cmdset: 0x08 cmdid: 0x66 [0m
[37m[6.024][linker]-[Debug]-[DjiProtocol_v1Unpack:215) <0x3d59>V1-Recv: 0x0300->0x0A06 0x036C [0m
[37m[6.024][linker]-[Debug]-[DjiCommand_RecvWork:1066)  <0x3d59>Receive msg from linker, 0x0300->0x0A06 0x036C len:71 [0m
[37m[6.024][linker]-[Debug]-[DjiCommand_DealCmd:919) received unsupport request cmd that noneed ack, <0x3d59> cmdset: 0x03 cmdid: 0x6C [0m
[37m[6.041][linker]-[Debug]-[DjiProtocol_v1Unpack:215) <0x3d77>V1-Recv: 0x0306->0x0A06 0x03C1 [0m
[37m[6.041][linker]-[Debug]-[DjiCommand_RecvWork:1066)  <0x3d77>Receive msg from linker, 0x0306->0x0A06 0x03C1 len:13 [0m
[37m[6.041][linker]-[Debug]-[DjiCommand_DealCmd:919) received unsupport request cmd that noneed ack, <0x3d77> cmdset: 0x03 cmdid: 0xC1 [0m
[37m[6.042][linker]-[Debug]-[DjiProtocol_v1Unpack:215) <0x3d79>V1-Recv: 0x0300->0x0A06 0x4900 [0m
[37m[6.042][linker]-[Debug]-[DjiCommand_RecvWork:1066)  <0x3d79>Receive msg from linker, 0x0300->0x0A06 0x4900 len:14 [0m
[37m[6.042][linker]-[Debug]-[DjiCommand_DealCmd:919) received unsupport request cmd that need ack, <0x3d79> cmdset: 0x49 cmdid: 0x00 [0m
[37m[6.084][linker]-[Debug]-[DjiProtocol_v1Unpack:215) <0x3dbc>V1-Recv: 0x0300->0x0A06 0x221B [0m
[37m[6.084][linker]-[Debug]-[DjiProtocol_v1Unpack:215) <0x3dc3>V1-Recv: 0x0300->0x0A06 0x0F74 [0m
[37m[6.084][linker]-[Debug]-[DjiProtocol_v1Unpack:215) <0x3dc4>V1-Recv: 0x0300->0x0100 0x0406 [0m
[37m[6.084][linker]-[Debug]-[DjiProtocol_v1Unpack:215) <0x3dc5>V1-Recv: 0x0300->0x0100 0x0407 [0m
[37m[6.085][linker]-[Debug]-[DjiCommand_RecvWork:1066)  <0x3dbc>Receive msg from linker, 0x0300->0x0A06 0x221B len:9 [0m
[37m[6.085][linker]-[Debug]-[DjiCommand_DealCmd:919) received unsupport request cmd that noneed ack, <0x3dbc> cmdset: 0x22 cmdid: 0x1B [0m
[37m[6.086][linker]-[Debug]-[DjiCommand_RecvWork:1066)  <0x3dc3>Receive msg from linker, 0x0300->0x0A06 0x0F74 len:28 [0m
[37m[6.086][linker]-[Debug]-[DjiCommand_DealCmd:919) received unsupport request cmd that noneed ack, <0x3dc3> cmdset: 0x0F cmdid: 0x74 [0m
[37m[6.087][linker]-[Debug]-[DjiCommand_RecvWork:1066)  <0x3dc4>Receive msg from linker, 0x0300->0x0100 0x0406 len:12 [0m
[37m[6.087][linker]-[Debug]-[DjiCommand_DealCmd:919) received unsupport request cmd that noneed ack, <0x3dc4> cmdset: 0x04 cmdid: 0x06 [0m
[37m[6.088][linker]-[Debug]-[DjiCommand_RecvWork:1066)  <0x3dc5>Receive msg from linker, 0x0300->0x0100 0x0407 len:1 [0m
[37m[6.088][linker]-[Debug]-[DjiCommand_DealCmd:919) received unsupport request cmd that noneed ack, <0x3dc5> cmdset: 0x04 cmdid: 0x07 [0m
[37m[6.124][linker]-[Debug]-[DjiProtocol_v1Unpack:215) <0x3e02>V1-Recv: 0x0300->0x0A06 0x036C [0m
[37m[6.124][linker]-[Debug]-[DjiCommand_RecvWork:1066)  <0x3e02>Receive msg from linker, 0x0300->0x0A06 0x036C len:71 [0m
[37m[6.124][linker]-[Debug]-[DjiCommand_DealCmd:919) received unsupport request cmd that noneed ack, <0x3e02> cmdset: 0x03 cmdid: 0x6C [0m
[37m[6.140][linker]-[Debug]-[DjiProtocol_v1Unpack:215) <0x3e28>V1-Recv: 0x0306->0x0A06 0x03C1 [0m
[37m[6.141][linker]-[Debug]-[DjiCommand_RecvWork:1066)  <0x3e28>Receive msg from linker, 0x0306->0x0A06 0x03C1 len:13 [0m
[37m[6.141][linker]-[Debug]-[DjiCommand_DealCmd:919) received unsupport request cmd that noneed ack, <0x3e28> cmdset: 0x03 cmdid: 0xC1 [0m
[37m[6.143][linker]-[Debug]-[DjiProtocol_v1Unpack:215) <0x3e2f>V1-Recv: 0x0300->0x0A06 0x4900 [0m
[37m[6.144][linker]-[Debug]-[DjiCommand_RecvWork:1066)  <0x3e2f>Receive msg from linker, 0x0300->0x0A06 0x4900 len:14 [0m
[37m[6.144][linker]-[Debug]-[DjiCommand_DealCmd:919) received unsupport request cmd that need ack, <0x3e2f> cmdset: 0x49 cmdid: 0x00 [0m
[37m[6.181][linker]-[Debug]-[DjiProtocol_v1Unpack:215) <0x3e71>V1-Recv: 0x0300->0x0A06 0x221B [0m
[37m[6.182][linker]-[Debug]-[DjiCommand_RegRecvCmdHandler:674) Reg command handle list success, index:2 [0m
[37m[6.182][linker]-[Debug]-[DjiCommand_RegRecvCmdHandler:674) Reg command handle list success, index:3 [0m
[37m[6.182][linker]-[Debug]-[DjiProtocol_v1Pack:123) <0x525d>V1-Send: 0x0A06->0x0306 0x3C40 [0m
[37m[6.182][linker]-[Debug]-[DjiCommand_RecvWork:1066)  <0x3e71>Receive msg from linker, 0x0300->0x0A06 0x221B len:9 [0m
[32m[6.182][core]-[Info]-[DjiIdentityVerify_UpdatePolicy:474) Updating dji sdk policy file... [0m
[37m[6.182][linker]-[Debug]-[DjiCommand_DealCmd:919) received unsupport request cmd that noneed ack, <0x3e71> cmdset: 0x22 cmdid: 0x1B [0m
[37m[6.188][linker]-[Debug]-[DjiProtocol_v1Pack:123) <0x525e>V1-Send: 0x0A06->0x1D01 0x00F0 [0m
[37m[6.201][linker]-[Debug]-[DjiProtocol_v1Unpack:215) <0x525d>V1-Recv: 0x0306->0x0A06 0x3C40 [0m
[37m[6.202][linker]-[Debug]-[DjiCommand_RecvWork:1066)  <0x525d>Receive msg from linker, 0x0306->0x0A06 0x3C40 len:4 [0m
[37m[6.202][auth]-[Debug]-[DjiIdentityVerify_RequestUpdatePolicyAsyncCallback:429) request update policy file success [0m
[37m[6.202][linker]-[Debug]-[DjiCommand_DealCmd:830) callback function (cmdset: 0x3C cmdid: 0x40) deal time: 0 ms [0m
[37m[6.203][linker]-[Debug]-[DjiProtocol_v1Unpack:215) <0x14>V1-Recv: 0x0801->0x0A06 0x3C40 [0m
[37m[6.204][linker]-[Debug]-[DjiCommand_RecvWork:1066)  <0x14>Receive msg from linker, 0x0801->0x0A06 0x3C40 len:12 [0m
[37m[6.204][auth]-[Debug]-[DjiIdentityVerify_RequestUploadPolicyFileHandle:300) request upload policy file type:0 [0m
[37m[6.204][auth]-[Debug]-[DjiIdentityVerify_RequestUploadPolicyFileHandle:313) upload policy file info md5 checksum and version [0m
[37m[6.204][linker]-[Debug]-[DjiProtocol_v1Pack:123) <0x14>V1-Send: 0x0A06->0x0801 0x3C40 [0m
[37m[6.225][linker]-[Debug]-[DjiProtocol_v1Unpack:215) <0x3ebe>V1-Recv: 0x0300->0x0A06 0x036C [0m
[37m[6.225][linker]-[Debug]-[DjiProtocol_v1Unpack:215) <0x15>V1-Recv: 0x0801->0x0A06 0x3C40 [0m
[37m[6.226][linker]-[Debug]-[DjiCommand_RecvWork:1066)  <0x3ebe>Receive msg from linker, 0x0300->0x0A06 0x036C len:71 [0m
[37m[6.226][linker]-[Debug]-[DjiCommand_DealCmd:919) received unsupport request cmd that noneed ack, <0x3ebe> cmdset: 0x03 cmdid: 0x6C [0m
[37m[6.227][linker]-[Debug]-[DjiCommand_RecvWork:1066)  <0x15>Receive msg from linker, 0x0801->0x0A06 0x3C40 len:12 [0m
[37m[6.227][auth]-[Debug]-[DjiIdentityVerify_RequestUploadPolicyFileHandle:300) request upload policy file type:1 [0m
[37m[6.227][auth]-[Debug]-[DjiIdentityVerify_RequestUploadPolicyFileHandle:332) request upload policy file data: 0 0 200 [0m
[37m[6.227][linker]-[Debug]-[DjiProtocol_v1Pack:123) <0x15>V1-Send: 0x0A06->0x0801 0x3C40 [0m
[37m[6.240][linker]-[Debug]-[DjiProtocol_v1Unpack:215) <0x3ede>V1-Recv: 0x0306->0x0A06 0x03C1 [0m
[37m[6.241][linker]-[Debug]-[DjiCommand_RecvWork:1066)  <0x3ede>Receive msg from linker, 0x0306->0x0A06 0x03C1 len:13 [0m
[37m[6.241][linker]-[Debug]-[DjiCommand_DealCmd:919) received unsupport request cmd that noneed ack, <0x3ede> cmdset: 0x03 cmdid: 0xC1 [0m
[37m[6.243][linker]-[Debug]-[DjiProtocol_v1Unpack:215) <0x3edf>V1-Recv: 0x0300->0x0A06 0x4900 [0m
[37m[6.243][linker]-[Debug]-[DjiProtocol_v1Unpack:215) <0x16>V1-Recv: 0x0801->0x0A06 0x3C40 [0m
[37m[6.244][linker]-[Debug]-[DjiCommand_RecvWork:1066)  <0x3edf>Receive msg from linker, 0x0300->0x0A06 0x4900 len:14 [0m
[37m[6.244][linker]-[Debug]-[DjiCommand_DealCmd:919) received unsupport request cmd that need ack, <0x3edf> cmdset: 0x49 cmdid: 0x00 [0m
[37m[6.245][linker]-[Debug]-[DjiCommand_RecvWork:1066)  <0x16>Receive msg from linker, 0x0801->0x0A06 0x3C40 len:12 [0m
[37m[6.245][auth]-[Debug]-[DjiIdentityVerify_RequestUploadPolicyFileHandle:300) request upload policy file type:1 [0m
[37m[6.245][auth]-[Debug]-[DjiIdentityVerify_RequestUploadPolicyFileHandle:332) request upload policy file data: 1 200 200 [0m
[37m[6.245][linker]-[Debug]-[DjiProtocol_v1Pack:123) <0x16>V1-Send: 0x0A06->0x0801 0x3C40 [0m
[37m[6.258][linker]-[Debug]-[DjiProtocol_v1Unpack:215) <0x2231>V1-Recv: 0x0800->0x0A06 0x0866 [0m
[37m[6.259][linker]-[Debug]-[DjiCommand_RecvWork:1066)  <0x2231>Receive msg from linker, 0x0800->0x0A06 0x0866 len:17 [0m
[37m[6.259][linker]-[Debug]-[DjiCommand_DealCmd:919) received unsupport request cmd that noneed ack, <0x2231> cmdset: 0x08 cmdid: 0x66 [0m
[37m[6.263][linker]-[Debug]-[DjiProtocol_v1Unpack:215) <0x17>V1-Recv: 0x0801->0x0A06 0x3C40 [0m
[37m[6.263][linker]-[Debug]-[DjiCommand_RecvWork:1066)  <0x17>Receive msg from linker, 0x0801->0x0A06 0x3C40 len:12 [0m
[37m[6.263][auth]-[Debug]-[DjiIdentityVerify_RequestUploadPolicyFileHandle:300) request upload policy file type:1 [0m
[37m[6.263][auth]-[Debug]-[DjiIdentityVerify_RequestUploadPolicyFileHandle:332) request upload policy file data: 2 400 111 [0m
[37m[6.263][linker]-[Debug]-[DjiProtocol_v1Pack:123) <0x17>V1-Send: 0x0A06->0x0801 0x3C40 [0m
[37m[6.281][linker]-[Debug]-[DjiProtocol_v1Unpack:215) <0x3f20>V1-Recv: 0x0300->0x0A06 0x221B [0m
[37m[6.281][linker]-[Debug]-[DjiCommand_RecvWork:1066)  <0x3f20>Receive msg from linker, 0x0300->0x0A06 0x221B len:9 [0m
[37m[6.281][linker]-[Debug]-[DjiCommand_DealCmd:919) received unsupport request cmd that noneed ack, <0x3f20> cmdset: 0x22 cmdid: 0x1B [0m
[37m[6.283][linker]-[Debug]-[DjiProtocol_v1Unpack:215) <0x18>V1-Recv: 0x0801->0x0A06 0x3C40 [0m
[37m[6.284][linker]-[Debug]-[DjiCommand_RecvWork:1066)  <0x18>Receive msg from linker, 0x0801->0x0A06 0x3C40 len:12 [0m
[37m[6.284][auth]-[Debug]-[DjiIdentityVerify_RequestUploadPolicyFileHandle:300) request upload policy file type:2 [0m
[37m[6.284][auth]-[Debug]-[DjiIdentityVerify_RequestUploadPolicyFileHandle:354) request upload policy file success [0m
[37m[6.284][linker]-[Debug]-[DjiProtocol_v1Pack:123) <0x18>V1-Send: 0x0A06->0x0801 0x3C40 [0m
[37m[6.324][linker]-[Debug]-[DjiProtocol_v1Unpack:215) <0x3f65>V1-Recv: 0x0300->0x0A06 0x036C [0m
[37m[6.324][linker]-[Debug]-[DjiCommand_RecvWork:1066)  <0x3f65>Receive msg from linker, 0x0300->0x0A06 0x036C len:71 [0m
[37m[6.324][linker]-[Debug]-[DjiCommand_DealCmd:919) received unsupport request cmd that noneed ack, <0x3f65> cmdset: 0x03 cmdid: 0x6C [0m
[37m[6.341][linker]-[Debug]-[DjiProtocol_v1Unpack:215) <0x3f89>V1-Recv: 0x0306->0x0A06 0x03C1 [0m
[37m[6.341][linker]-[Debug]-[DjiCommand_RecvWork:1066)  <0x3f89>Receive msg from linker, 0x0306->0x0A06 0x03C1 len:13 [0m
[37m[6.341][linker]-[Debug]-[DjiCommand_DealCmd:919) received unsupport request cmd that noneed ack, <0x3f89> cmdset: 0x03 cmdid: 0xC1 [0m
[37m[6.343][linker]-[Debug]-[DjiProtocol_v1Unpack:215) <0x3f93>V1-Recv: 0x0300->0x0A06 0x4900 [0m
[37m[6.343][linker]-[Debug]-[DjiCommand_RecvWork:1066)  <0x3f93>Receive msg from linker, 0x0300->0x0A06 0x4900 len:14 [0m
[37m[6.343][linker]-[Debug]-[DjiCommand_DealCmd:919) received unsupport request cmd that need ack, <0x3f93> cmdset: 0x49 cmdid: 0x00 [0m
[37m[6.381][linker]-[Debug]-[DjiProtocol_v1Unpack:215) <0x3fde>V1-Recv: 0x0300->0x0A06 0x221B [0m
[37m[6.381][linker]-[Debug]-[DjiCommand_RecvWork:1066)  <0x3fde>Receive msg from linker, 0x0300->0x0A06 0x221B len:9 [0m
[37m[6.381][linker]-[Debug]-[DjiCommand_DealCmd:919) received unsupport request cmd that noneed ack, <0x3fde> cmdset: 0x22 cmdid: 0x1B [0m
[37m[6.411][utils]-[Debug]-[DjiCore_RootTask:131) work execution time: [0m
[37m[6.411][utils]-[Debug]-[DjiCore_RootTask:132) name	                execution time (ms)	  max execution time (ms) [0m
[37m[6.411][utils]-[Debug]-[DjiCore_RootTask:134) recorderWork                    	1       	1        [0m
[37m[6.411][utils]-[Debug]-[DjiCore_RootTask:134) flowControllerTask              	0       	0        [0m
[37m[6.411][utils]-[Debug]-[DjiCore_RootTask:134) commandTask                     	1       	1        [0m
[37m[6.423][linker]-[Debug]-[DjiProtocol_v1Unpack:215) <0x401d>V1-Recv: 0x0300->0x0A06 0x036C [0m
[37m[6.424][linker]-[Debug]-[DjiCommand_RecvWork:1066)  <0x401d>Receive msg from linker, 0x0300->0x0A06 0x036C len:71 [0m
[37m[6.424][linker]-[Debug]-[DjiCommand_DealCmd:919) received unsupport request cmd that noneed ack, <0x401d> cmdset: 0x03 cmdid: 0x6C [0m
[37m[6.440][linker]-[Debug]-[DjiProtocol_v1Unpack:215) <0x403b>V1-Recv: 0x0306->0x0A06 0x03C1 [0m
[37m[6.441][linker]-[Debug]-[DjiCommand_RecvWork:1066)  <0x403b>Receive msg from linker, 0x0306->0x0A06 0x03C1 len:13 [0m
[37m[6.441][linker]-[Debug]-[DjiCommand_DealCmd:919) received unsupport request cmd that noneed ack, <0x403b> cmdset: 0x03 cmdid: 0xC1 [0m
[37m[6.443][linker]-[Debug]-[DjiProtocol_v1Unpack:215) <0x403c>V1-Recv: 0x0300->0x0A06 0x4900 [0m
[37m[6.443][linker]-[Debug]-[DjiCommand_RecvWork:1066)  <0x403c>Receive msg from linker, 0x0300->0x0A06 0x4900 len:14 [0m
[37m[6.443][linker]-[Debug]-[DjiCommand_DealCmd:919) received unsupport request cmd that need ack, <0x403c> cmdset: 0x49 cmdid: 0x00 [0m
[37m[6.481][linker]-[Debug]-[DjiProtocol_v1Unpack:215) <0x407b>V1-Recv: 0x0300->0x0A06 0x221B [0m
[37m[6.482][linker]-[Debug]-[DjiCommand_RecvWork:1066)  <0x407b>Receive msg from linker, 0x0300->0x0A06 0x221B len:9 [0m
[37m[6.482][linker]-[Debug]-[DjiCommand_DealCmd:919) received unsupport request cmd that noneed ack, <0x407b> cmdset: 0x22 cmdid: 0x1B [0m
[37m[6.508][linker]-[Debug]-[DjiProtocol_v1Unpack:215) <0x2232>V1-Recv: 0x0800->0x0A06 0x0866 [0m
[37m[6.508][linker]-[Debug]-[DjiCommand_RecvWork:1066)  <0x2232>Receive msg from linker, 0x0800->0x0A06 0x0866 len:17 [0m
[37m[6.508][linker]-[Debug]-[DjiCommand_DealCmd:919) received unsupport request cmd that noneed ack, <0x2232> cmdset: 0x08 cmdid: 0x66 [0m
[37m[6.523][linker]-[Debug]-[DjiProtocol_v1Unpack:215) <0x40ba>V1-Recv: 0x0300->0x0A06 0x036C [0m
[37m[6.524][linker]-[Debug]-[DjiCommand_RecvWork:1066)  <0x40ba>Receive msg from linker, 0x0300->0x0A06 0x036C len:71 [0m
[37m[6.525][linker]-[Debug]-[DjiCommand_DealCmd:919) received unsupport request cmd that noneed ack, <0x40ba> cmdset: 0x03 cmdid: 0x6C [0m
[37m[6.541][linker]-[Debug]-[DjiProtocol_v1Unpack:215) <0x40dd>V1-Recv: 0x0306->0x0A06 0x03C1 [0m
[37m[6.542][linker]-[Debug]-[DjiCommand_RecvWork:1066)  <0x40dd>Receive msg from linker, 0x0306->0x0A06 0x03C1 len:13 [0m
[37m[6.542][linker]-[Debug]-[DjiCommand_DealCmd:919) received unsupport request cmd that noneed ack, <0x40dd> cmdset: 0x03 cmdid: 0xC1 [0m
[37m[6.543][linker]-[Debug]-[DjiProtocol_v1Unpack:215) <0x40e2>V1-Recv: 0x0300->0x0A06 0x4900 [0m
[37m[6.544][linker]-[Debug]-[DjiCommand_RecvWork:1066)  <0x40e2>Receive msg from linker, 0x0300->0x0A06 0x4900 len:14 [0m
[37m[6.544][linker]-[Debug]-[DjiCommand_DealCmd:919) received unsupport request cmd that need ack, <0x40e2> cmdset: 0x49 cmdid: 0x00 [0m
[37m[6.583][linker]-[Debug]-[DjiProtocol_v1Unpack:215) <0x4126>V1-Recv: 0x0300->0x0A06 0x221B [0m
[37m[6.583][linker]-[Debug]-[DjiProtocol_v1Unpack:215) <0x4128>V1-Recv: 0x0300->0x0100 0x0405 [0m
[37m[6.584][linker]-[Debug]-[DjiCommand_RecvWork:1066)  <0x4126>Receive msg from linker, 0x0300->0x0A06 0x221B len:9 [0m
[37m[6.584][linker]-[Debug]-[DjiCommand_DealCmd:919) received unsupport request cmd that noneed ack, <0x4126> cmdset: 0x22 cmdid: 0x1B [0m
[37m[6.585][linker]-[Debug]-[DjiCommand_RecvWork:1066)  <0x4128>Receive msg from linker, 0x0300->0x0100 0x0405 len:22 [0m
[37m[6.585][linker]-[Debug]-[DjiCommand_DealCmd:919) received unsupport request cmd that noneed ack, <0x4128> cmdset: 0x04 cmdid: 0x05 [0m
[37m[6.624][linker]-[Debug]-[DjiProtocol_v1Unpack:215) <0x4161>V1-Recv: 0x0300->0x0A06 0x036C [0m
[37m[6.625][linker]-[Debug]-[DjiCommand_RecvWork:1066)  <0x4161>Receive msg from linker, 0x0300->0x0A06 0x036C len:71 [0m
[37m[6.625][linker]-[Debug]-[DjiCommand_DealCmd:919) received unsupport request cmd that noneed ack, <0x4161> cmdset: 0x03 cmdid: 0x6C [0m
[37m[6.641][linker]-[Debug]-[DjiProtocol_v1Unpack:215) <0x417f>V1-Recv: 0x0306->0x0A06 0x03C1 [0m
[37m[6.642][linker]-[Debug]-[DjiCommand_RecvWork:1066)  <0x417f>Receive msg from linker, 0x0306->0x0A06 0x03C1 len:13 [0m
[37m[6.642][linker]-[Debug]-[DjiCommand_DealCmd:919) received unsupport request cmd that noneed ack, <0x417f> cmdset: 0x03 cmdid: 0xC1 [0m
[37m[6.642][linker]-[Debug]-[DjiProtocol_v1Unpack:215) <0x4180>V1-Recv: 0x0300->0x0A06 0x4900 [0m
[37m[6.643][linker]-[Debug]-[DjiCommand_RecvWork:1066)  <0x4180>Receive msg from linker, 0x0300->0x0A06 0x4900 len:14 [0m
[37m[6.643][linker]-[Debug]-[DjiCommand_DealCmd:919) received unsupport request cmd that need ack, <0x4180> cmdset: 0x49 cmdid: 0x00 [0m
[37m[6.645][linker]-[Debug]-[DjiProtocol_v1Unpack:215) <0x1198>V1-Recv: 0x1D07->0x0A06 0x2105 [0m
[37m[6.646][linker]-[Debug]-[DjiCommand_RecvWork:1066)  <0x1198>Receive msg from linker, 0x1D07->0x0A06 0x2105 len:1 [0m
[37m[6.646][linker]-[Debug]-[DjiCommand_DealCmd:919) received unsupport request cmd that need ack, <0x1198> cmdset: 0x21 cmdid: 0x05 [0m
[37m[6.681][linker]-[Debug]-[DjiProtocol_v1Unpack:215) <0x41c0>V1-Recv: 0x0300->0x0A06 0x221B [0m
[37m[6.681][linker]-[Debug]-[DjiCommand_RecvWork:1066)  <0x41c0>Receive msg from linker, 0x0300->0x0A06 0x221B len:9 [0m
[37m[6.681][linker]-[Debug]-[DjiCommand_DealCmd:919) received unsupport request cmd that noneed ack, <0x41c0> cmdset: 0x22 cmdid: 0x1B [0m
[37m[6.723][linker]-[Debug]-[DjiProtocol_v1Unpack:215) <0x4202>V1-Recv: 0x0300->0x0A06 0x036C [0m
[37m[6.724][linker]-[Debug]-[DjiCommand_RecvWork:1066)  <0x4202>Receive msg from linker, 0x0300->0x0A06 0x036C len:71 [0m
[37m[6.724][linker]-[Debug]-[DjiCommand_DealCmd:919) received unsupport request cmd that noneed ack, <0x4202> cmdset: 0x03 cmdid: 0x6C [0m
[37m[6.741][linker]-[Debug]-[DjiProtocol_v1Unpack:215) <0x4222>V1-Recv: 0x0306->0x0A06 0x03C1 [0m
[37m[6.741][linker]-[Debug]-[DjiCommand_RecvWork:1066)  <0x4222>Receive msg from linker, 0x0306->0x0A06 0x03C1 len:13 [0m
[37m[6.741][linker]-[Debug]-[DjiCommand_DealCmd:919) received unsupport request cmd that noneed ack, <0x4222> cmdset: 0x03 cmdid: 0xC1 [0m
[37m[6.743][linker]-[Debug]-[DjiProtocol_v1Unpack:215) <0x4227>V1-Recv: 0x0300->0x0A06 0x4900 [0m
[37m[6.743][linker]-[Debug]-[DjiCommand_RecvWork:1066)  <0x4227>Receive msg from linker, 0x0300->0x0A06 0x4900 len:14 [0m
[37m[6.743][linker]-[Debug]-[DjiCommand_DealCmd:919) received unsupport request cmd that need ack, <0x4227> cmdset: 0x49 cmdid: 0x00 [0m
[37m[6.750][linker]-[Debug]-[DjiProtocol_v1Unpack:215) <0xbc4>V1-Recv: 0x0701->0x0A06 0x0000 [0m
[37m[6.750][linker]-[Debug]-[DjiCommand_RecvWork:1066)  <0xbc4>Receive msg from linker, 0x0701->0x0A06 0x0000 len:16 [0m
[37m[6.750][linker]-[Debug]-[DjiProtocol_v1Pack:123) <0xbc4>V1-Send: 0x0A06->0x0701 0x0000 [0m
[37m[6.758][linker]-[Debug]-[DjiProtocol_v1Unpack:215) <0x2233>V1-Recv: 0x0800->0x0A06 0x0866 [0m
[37m[6.758][linker]-[Debug]-[DjiCommand_RecvWork:1066)  <0x2233>Receive msg from linker, 0x0800->0x0A06 0x0866 len:17 [0m
[37m[6.758][linker]-[Debug]-[DjiCommand_DealCmd:919) received unsupport request cmd that noneed ack, <0x2233> cmdset: 0x08 cmdid: 0x66 [0m
[37m[6.781][linker]-[Debug]-[DjiProtocol_v1Unpack:215) <0x426b>V1-Recv: 0x0300->0x0A06 0x221B [0m
[37m[6.781][linker]-[Debug]-[DjiCommand_RecvWork:1066)  <0x426b>Receive msg from linker, 0x0300->0x0A06 0x221B len:9 [0m
[37m[6.781][linker]-[Debug]-[DjiCommand_DealCmd:919) received unsupport request cmd that noneed ack, <0x426b> cmdset: 0x22 cmdid: 0x1B [0m
[37m[6.824][linker]-[Debug]-[DjiProtocol_v1Unpack:215) <0x42a5>V1-Recv: 0x0300->0x0A06 0x036C [0m
[37m[6.824][linker]-[Debug]-[DjiCommand_RecvWork:1066)  <0x42a5>Receive msg from linker, 0x0300->0x0A06 0x036C len:71 [0m
[37m[6.824][linker]-[Debug]-[DjiCommand_DealCmd:919) received unsupport request cmd that noneed ack, <0x42a5> cmdset: 0x03 cmdid: 0x6C [0m
[37m[6.841][linker]-[Debug]-[DjiProtocol_v1Unpack:215) <0x42c5>V1-Recv: 0x0306->0x0A06 0x03C1 [0m
[37m[6.841][linker]-[Debug]-[DjiCommand_RecvWork:1066)  <0x42c5>Receive msg from linker, 0x0306->0x0A06 0x03C1 len:13 [0m
[37m[6.841][linker]-[Debug]-[DjiCommand_DealCmd:919) received unsupport request cmd that noneed ack, <0x42c5> cmdset: 0x03 cmdid: 0xC1 [0m
[37m[6.842][linker]-[Debug]-[DjiProtocol_v1Unpack:215) <0x42c6>V1-Recv: 0x0300->0x0A06 0x4900 [0m
[37m[6.842][linker]-[Debug]-[DjiCommand_RecvWork:1066)  <0x42c6>Receive msg from linker, 0x0300->0x0A06 0x4900 len:14 [0m
[37m[6.842][linker]-[Debug]-[DjiCommand_DealCmd:919) received unsupport request cmd that need ack, <0x42c6> cmdset: 0x49 cmdid: 0x00 [0m
[37m[6.881][linker]-[Debug]-[DjiProtocol_v1Unpack:215) <0x4306>V1-Recv: 0x0300->0x0A06 0x221B [0m
[37m[6.881][linker]-[Debug]-[DjiCommand_RecvWork:1066)  <0x4306>Receive msg from linker, 0x0300->0x0A06 0x221B len:9 [0m
[37m[6.881][linker]-[Debug]-[DjiCommand_DealCmd:919) received unsupport request cmd that noneed ack, <0x4306> cmdset: 0x22 cmdid: 0x1B [0m
[37m[6.905][linker]-[Debug]-[DjiProtocol_v1Unpack:215) <0x4324>V1-Recv: 0x0306->0x0A06 0x03C1 [0m
[37m[6.905][linker]-[Debug]-[DjiCommand_RecvWork:1066)  <0x4324>Receive msg from linker, 0x0306->0x0A06 0x03C1 len:113 [0m
[37m[6.905][linker]-[Debug]-[DjiCommand_DealCmd:919) received unsupport request cmd that noneed ack, <0x4324> cmdset: 0x03 cmdid: 0xC1 [0m
[37m[6.924][linker]-[Debug]-[DjiProtocol_v1Unpack:215) <0x434a>V1-Recv: 0x0300->0x0A06 0x036C [0m
[37m[6.925][linker]-[Debug]-[DjiCommand_RecvWork:1066)  <0x434a>Receive msg from linker, 0x0300->0x0A06 0x036C len:71 [0m
[37m[6.925][linker]-[Debug]-[DjiCommand_DealCmd:919) received unsupport request cmd that noneed ack, <0x434a> cmdset: 0x03 cmdid: 0x6C [0m
[37m[6.940][linker]-[Debug]-[DjiProtocol_v1Unpack:215) <0x436b>V1-Recv: 0x0306->0x0A06 0x03C1 [0m
[37m[6.941][linker]-[Debug]-[DjiCommand_RecvWork:1066)  <0x436b>Receive msg from linker, 0x0306->0x0A06 0x03C1 len:13 [0m
[37m[6.941][linker]-[Debug]-[DjiCommand_DealCmd:919) received unsupport request cmd that noneed ack, <0x436b> cmdset: 0x03 cmdid: 0xC1 [0m
[37m[6.942][linker]-[Debug]-[DjiProtocol_v1Unpack:215) <0x4372>V1-Recv: 0x0300->0x0A06 0x4900 [0m
[37m[6.943][linker]-[Debug]-[DjiCommand_RecvWork:1066)  <0x4372>Receive msg from linker, 0x0300->0x0A06 0x4900 len:14 [0m
[37m[6.943][linker]-[Debug]-[DjiCommand_DealCmd:919) received unsupport request cmd that need ack, <0x4372> cmdset: 0x49 cmdid: 0x00 [0m
[37m[6.982][linker]-[Debug]-[DjiProtocol_v1Unpack:215) <0x43b7>V1-Recv: 0x0300->0x0A06 0x221B [0m
[37m[6.982][linker]-[Debug]-[DjiCommand_RecvWork:1066)  <0x43b7>Receive msg from linker, 0x0300->0x0A06 0x221B len:9 [0m
[37m[6.982][linker]-[Debug]-[DjiCommand_DealCmd:919) received unsupport request cmd that noneed ack, <0x43b7> cmdset: 0x22 cmdid: 0x1B [0m
[37m[7.008][linker]-[Debug]-[DjiProtocol_v1Unpack:215) <0x2234>V1-Recv: 0x0800->0x0A06 0x0866 [0m
[37m[7.008][linker]-[Debug]-[DjiCommand_RecvWork:1066)  <0x2234>Receive msg from linker, 0x0800->0x0A06 0x0866 len:17 [0m
[37m[7.008][linker]-[Debug]-[DjiCommand_DealCmd:919) received unsupport request cmd that noneed ack, <0x2234> cmdset: 0x08 cmdid: 0x66 [0m
[37m[7.024][linker]-[Debug]-[DjiProtocol_v1Unpack:215) <0x43f2>V1-Recv: 0x0300->0x0A06 0x036C [0m
[37m[7.024][linker]-[Debug]-[DjiCommand_RecvWork:1066)  <0x43f2>Receive msg from linker, 0x0300->0x0A06 0x036C len:71 [0m
[37m[7.024][linker]-[Debug]-[DjiCommand_DealCmd:919) received unsupport request cmd that noneed ack, <0x43f2> cmdset: 0x03 cmdid: 0x6C [0m
[37m[7.040][linker]-[Debug]-[DjiProtocol_v1Unpack:215) <0x4412>V1-Recv: 0x0306->0x0A06 0x03C1 [0m
[37m[7.040][linker]-[Debug]-[DjiCommand_RecvWork:1066)  <0x4412>Receive msg from linker, 0x0306->0x0A06 0x03C1 len:13 [0m
[37m[7.040][linker]-[Debug]-[DjiCommand_DealCmd:919) received unsupport request cmd that noneed ack, <0x4412> cmdset: 0x03 cmdid: 0xC1 [0m
[37m[7.042][linker]-[Debug]-[DjiProtocol_v1Unpack:215) <0x4414>V1-Recv: 0x0300->0x0A06 0x4900 [0m
[37m[7.042][linker]-[Debug]-[DjiCommand_RecvWork:1066)  <0x4414>Receive msg from linker, 0x0300->0x0A06 0x4900 len:14 [0m
[37m[7.042][linker]-[Debug]-[DjiCommand_DealCmd:919) received unsupport request cmd that need ack, <0x4414> cmdset: 0x49 cmdid: 0x00 [0m
[37m[7.085][linker]-[Debug]-[DjiProtocol_v1Unpack:215) <0x4453>V1-Recv: 0x0300->0x0A06 0x221B [0m
[37m[7.085][linker]-[Debug]-[DjiProtocol_v1Unpack:215) <0x445a>V1-Recv: 0x0300->0x0A06 0x0F74 [0m
[37m[7.085][linker]-[Debug]-[DjiProtocol_v1Unpack:215) <0x445b>V1-Recv: 0x0300->0x0100 0x0406 [0m
[37m[7.085][linker]-[Debug]-[DjiProtocol_v1Unpack:215) <0x445c>V1-Recv: 0x0300->0x0100 0x0407 [0m
[37m[7.085][linker]-[Debug]-[DjiCommand_RecvWork:1066)  <0x4453>Receive msg from linker, 0x0300->0x0A06 0x221B len:9 [0m
[37m[7.085][linker]-[Debug]-[DjiCommand_DealCmd:919) received unsupport request cmd that noneed ack, <0x4453> cmdset: 0x22 cmdid: 0x1B [0m
[37m[7.086][linker]-[Debug]-[DjiCommand_RecvWork:1066)  <0x445a>Receive msg from linker, 0x0300->0x0A06 0x0F74 len:28 [0m
[37m[7.086][linker]-[Debug]-[DjiCommand_DealCmd:919) received unsupport request cmd that noneed ack, <0x445a> cmdset: 0x0F cmdid: 0x74 [0m
[37m[7.087][linker]-[Debug]-[DjiCommand_RecvWork:1066)  <0x445b>Receive msg from linker, 0x0300->0x0100 0x0406 len:12 [0m
[37m[7.087][linker]-[Debug]-[DjiCommand_DealCmd:919) received unsupport request cmd that noneed ack, <0x445b> cmdset: 0x04 cmdid: 0x06 [0m
[37m[7.088][linker]-[Debug]-[DjiCommand_RecvWork:1066)  <0x445c>Receive msg from linker, 0x0300->0x0100 0x0407 len:1 [0m
[37m[7.088][linker]-[Debug]-[DjiCommand_DealCmd:919) received unsupport request cmd that noneed ack, <0x445c> cmdset: 0x04 cmdid: 0x07 [0m
[37m[7.124][linker]-[Debug]-[DjiProtocol_v1Unpack:215) <0x4498>V1-Recv: 0x0300->0x0A06 0x036C [0m
[37m[7.125][linker]-[Debug]-[DjiCommand_RecvWork:1066)  <0x4498>Receive msg from linker, 0x0300->0x0A06 0x036C len:71 [0m
[37m[7.125][linker]-[Debug]-[DjiCommand_DealCmd:919) received unsupport request cmd that noneed ack, <0x4498> cmdset: 0x03 cmdid: 0x6C [0m
[37m[7.140][linker]-[Debug]-[DjiProtocol_v1Unpack:215) <0x44c4>V1-Recv: 0x0306->0x0A06 0x03C1 [0m
[37m[7.140][linker]-[Debug]-[DjiCommand_RecvWork:1066)  <0x44c4>Receive msg from linker, 0x0306->0x0A06 0x03C1 len:13 [0m
[37m[7.140][linker]-[Debug]-[DjiCommand_DealCmd:919) received unsupport request cmd that noneed ack, <0x44c4> cmdset: 0x03 cmdid: 0xC1 [0m
[37m[7.143][linker]-[Debug]-[DjiProtocol_v1Unpack:215) <0x44cb>V1-Recv: 0x0300->0x0A06 0x4900 [0m
[37m[7.144][linker]-[Debug]-[DjiCommand_RecvWork:1066)  <0x44cb>Receive msg from linker, 0x0300->0x0A06 0x4900 len:14 [0m
[37m[7.144][linker]-[Debug]-[DjiCommand_DealCmd:919) received unsupport request cmd that need ack, <0x44cb> cmdset: 0x49 cmdid: 0x00 [0m
[37m[7.181][linker]-[Debug]-[DjiProtocol_v1Unpack:215) <0x4510>V1-Recv: 0x0300->0x0A06 0x221B [0m
[37m[7.182][linker]-[Debug]-[DjiCommand_RecvWork:1066)  <0x4510>Receive msg from linker, 0x0300->0x0A06 0x221B len:9 [0m
[37m[7.182][linker]-[Debug]-[DjiCommand_DealCmd:919) received unsupport request cmd that noneed ack, <0x4510> cmdset: 0x22 cmdid: 0x1B [0m
[32m[7.182][core]-[Info]-[DjiIdentityVerify_UpdatePolicy:482) Update dji sdk policy file successfully [0m
[37m[7.183][linker]-[Debug]-[DjiCommand_RegRecvCmdHandler:674) Reg command handle list success, index:4 [0m
[37m[7.183][linker]-[Debug]-[DjiCommand_RegRecvCmdHandler:674) Reg command handle list success, index:5 [0m
[37m[7.183][linker]-[Debug]-[DjiProtocol_v1Pack:123) <0x525f>V1-Send: 0x0A06->0x0300 0x03FD [0m
[37m[7.190][linker]-[Debug]-[DjiProtocol_v1Pack:123) <0x5260>V1-Send: 0x0A06->0x1D01 0x00F0 [0m
[37m[7.201][linker]-[Debug]-[DjiProtocol_v1Unpack:215) <0x525f>V1-Recv: 0x0300->0x0A06 0x03FD [0m
[37m[7.201][linker]-[Debug]-[DjiCommand_RecvWork:1066)  <0x525f>Receive msg from linker, 0x0300->0x0A06 0x03FD len:1 [0m
[37m[7.201][linker]-[Debug]-[DjiCommand_SendSyncCallback:1014) PsdkCommand_SendSyncCallback success [0m
[37m[7.201][linker]-[Debug]-[DjiCommand_DealCmd:830) callback function (cmdset: 0x03 cmdid: 0xFD) deal time: 0 ms [0m
[37m[7.201][linker]-[Debug]-[DjiCommand_SendSync:553) sendSync callback success [0m
[37m[7.201][linker]-[Debug]-[DjiCommand_RegRecvCmdHandler:674) Reg command handle list success, index:6 [0m
[37m[7.202][linker]-[Debug]-[DjiProtocol_v1Pack:123) <0x5261>V1-Send: 0x0A06->0x0300 0x0000 [0m
[37m[7.202][infor]-[Debug]-[DjiAircraftConnection_CheckExtensionPortConnectStatusByV1Protocol:170) check connect status:1 [0m
[37m[7.203][auth]-[Debug]-[DjiAuth_Sha256RsaVerify:84) Application info verify successfully, ID: 155832, Key: 809dc34f1c695a7e7d13eca29a70ba6 [0m
[32m[7.203][core]-[Info]-[DjiCore_Init:174) Identify AircraftType = Matrice 350 RTK, MountPosition = Extension Port, SdkAdapterType = None [0m
[37m[7.203][linker]-[Debug]-[DjiCommand_RegRecvCmdHandler:674) Reg command handle list success, index:7 [0m
[37m[7.203][linker]-[Debug]-[DjiCommand_RegRecvCmdHandler:674) Reg command handle list success, index:8 [0m
[37m[7.203][sub]-[Debug]-[DjiDataSubscription_Init:60) Init data subscription. [0m
[37m[7.203][sub]-[Debug]-[DjiDataSubscriptionPublisher_InitPublisher:195) verify publisher successfully : name=0x00, version=0x00000100 [0m
[37m[7.203][linker]-[Debug]-[DjiProtocol_v1Pack:123) <0x5262>V1-Send: 0x0A06->0x0306 0x0315 [0m
[37m[7.204][linker]-[Debug]-[DjiProtocol_v1Pack:123) <0x5263>V1-Send: 0x0A06->0x0200 0x3C10 [0m
[37m[7.204][linker]-[Debug]-[DjiProtocol_v1Pack:123) <0x5264>V1-Send: 0x0A06->0x0A01 0x3C10 [0m
[37m[7.204][linker]-[Debug]-[DjiProtocol_v1Pack:123) <0x5265>V1-Send: 0x0A06->0x0300 0x3C10 [0m
[37m[7.211][linker]-[Debug]-[DjiProtocol_v1Pack:123) <0x5266>V1-Send: 0x0A06->0x1D01 0x00F0 [0m
[37m[7.225][linker]-[Debug]-[DjiProtocol_v1Unpack:215) <0x5261>V1-Recv: 0x0300->0x0A06 0x0000 [0m
[37m[7.225][linker]-[Debug]-[DjiProtocol_v1Unpack:215) <0x5262>V1-Recv: 0x0306->0x0A06 0x0315 [0m
[37m[7.225][linker]-[Debug]-[DjiProtocol_v1Unpack:215) <0x4553>V1-Recv: 0x0300->0x0A06 0x036C [0m
[37m[7.227][linker]-[Debug]-[DjiCommand_RecvWork:1066)  <0x5261>Receive msg from linker, 0x0300->0x0A06 0x0000 len:0 [0m
[37m[7.227][infor]-[Debug]-[DjiAircraftInfo_CheckPingStatusAsyncCallback:269) connect status async sucess [0m
[37m[7.227][linker]-[Debug]-[DjiCommand_DealCmd:830) callback function (cmdset: 0x00 cmdid: 0x00) deal time: 0 ms [0m
[37m[7.228][linker]-[Debug]-[DjiCommand_RecvWork:1066)  <0x5262>Receive msg from linker, 0x0306->0x0A06 0x0315 len:1 [0m
[37m[7.228][linker]-[Debug]-[DjiCommand_SendSyncCallback:1014) PsdkCommand_SendSyncCallback success [0m
[37m[7.228][linker]-[Debug]-[DjiCommand_DealCmd:830) callback function (cmdset: 0x03 cmdid: 0x15) deal time: 0 ms [0m
[37m[7.228][linker]-[Debug]-[DjiCommand_SendSync:553) sendSync callback success [0m
[37m[7.228][sub]-[Debug]-[DjiDataSubscriptionPublisher_InitPublisher:204) reset publisher successfully : name=0x00, version=0x00000100 [0m
[37m[7.228][linker]-[Debug]-[DjiCommand_RegRecvCmdHandler:674) Reg command handle list success, index:9 [0m
[37m[7.228][sub]-[Debug]-[DjiDataSubscription_Init:68) Init second type data subscription. [0m
[37m[7.228][sub]-[Debug]-[DjiDataSubscriptionDds_v3_XrceVersionCheck:55) Checking version is not yet supported on the DDS Agent 3.0. [0m
[37m[7.228][linker]-[Debug]-[DjiCommand_RegRecvCmdHandler:674) Reg command handle list success, index:10 [0m
[37m[7.228][linker]-[Debug]-[DjiCommand_RegRecvCmdHandler:674) Reg command handle list success, index:11 [0m
[37m[7.228][linker]-[Debug]-[DjiProtocol_v1Pack:123) <0x5267>V1-Send: 0x0A06->0x0801 0x0088 [0m
[37m[7.229][linker]-[Debug]-[DjiCommand_RecvWork:1066)  <0x4553>Receive msg from linker, 0x0300->0x0A06 0x036C len:71 [0m
[37m[7.229][linker]-[Debug]-[DjiCommand_DealCmd:919) received unsupport request cmd that noneed ack, <0x4553> cmdset: 0x03 cmdid: 0x6C [0m
[37m[7.243][linker]-[Debug]-[DjiProtocol_v1Unpack:215) <0x4571>V1-Recv: 0x0300->0x0A06 0x4900 [0m
[37m[7.243][linker]-[Debug]-[DjiProtocol_v1Unpack:215) <0x5267>V1-Recv: 0x0801->0x0A06 0x0088 [0m
[37m[7.244][linker]-[Debug]-[DjiCommand_RecvWork:1066)  <0x4571>Receive msg from linker, 0x0300->0x0A06 0x4900 len:14 [0m
[37m[7.244][linker]-[Debug]-[DjiProtocol_v1Pack:123) <0x4571>V1-Send: 0x0A06->0x0300 0x4900 [0m
[37m[7.245][linker]-[Debug]-[DjiCommand_RecvWork:1066)  <0x5267>Receive msg from linker, 0x0801->0x0A06 0x0088 len:4 [0m
[37m[7.245][linker]-[Debug]-[DjiCommand_SendSyncCallback:1014) PsdkCommand_SendSyncCallback success [0m
[37m[7.245][linker]-[Debug]-[DjiCommand_DealCmd:830) callback function (cmdset: 0x00 cmdid: 0x88) deal time: 0 ms [0m
[37m[7.245][linker]-[Debug]-[DjiCommand_SendSync:553) sendSync callback success [0m
[37m[7.245][adapter]-[Debug]-[DjiPayloadOnlinePerception_SubscribePayloadOnlineInfo:320) Successfully to subscribe payload online information. [0m
[37m[7.245][linker]-[Debug]-[DjiProtocol_v1Pack:123) <0x5268>V1-Send: 0x0A06->0x0802 0x004F [0m
[37m[7.258][linker]-[Debug]-[DjiProtocol_v1Unpack:215) <0x2235>V1-Recv: 0x0800->0x0A06 0x0866 [0m
[37m[7.259][linker]-[Debug]-[DjiCommand_RecvWork:1066)  <0x2235>Receive msg from linker, 0x0800->0x0A06 0x0866 len:17 [0m
[37m[7.259][linker]-[Debug]-[DjiCommand_DealCmd:919) received unsupport request cmd that noneed ack, <0x2235> cmdset: 0x08 cmdid: 0x66 [0m
[37m[7.281][linker]-[Debug]-[DjiProtocol_v1Unpack:215) <0x45b4>V1-Recv: 0x0300->0x0A06 0x221B [0m
[37m[7.282][linker]-[Debug]-[DjiCommand_RecvWork:1066)  <0x45b4>Receive msg from linker, 0x0300->0x0A06 0x221B len:9 [0m
[37m[7.282][linker]-[Debug]-[DjiCommand_DealCmd:919) received unsupport request cmd that noneed ack, <0x45b4> cmdset: 0x22 cmdid: 0x1B [0m
[37m[7.313][linker]-[Debug]-[DjiProtocol_v1Unpack:215) <0x5268>V1-Recv: 0x0802->0x0A06 0x004F [0m
[37m[7.314][linker]-[Debug]-[DjiCommand_RecvWork:1066)  <0x5268>Receive msg from linker, 0x0802->0x0A06 0x004F len:13 [0m
[37m[7.314][linker]-[Debug]-[DjiCommand_SendSyncCallback:1014) PsdkCommand_SendSyncCallback success [0m
[37m[7.314][linker]-[Debug]-[DjiCommand_DealCmd:830) callback function (cmdset: 0x00 cmdid: 0x4F) deal time: 0 ms [0m
[37m[7.314][linker]-[Debug]-[DjiCommand_SendSync:553) sendSync callback success [0m
[32m[7.314][user]-[Info]-[main:211) Aircraft version is V10.01.08.05 [0m
[37m[7.314][linker]-[Debug]-[DjiProtocol_v1Pack:123) <0x5269>V1-Send: 0x0A06->0x0306 0x0316 [0m
[37m[7.325][linker]-[Debug]-[DjiProtocol_v1Unpack:215) <0x5269>V1-Recv: 0x0306->0x0A06 0x0316 [0m
[37m[7.325][linker]-[Debug]-[DjiProtocol_v1Unpack:215) <0x45f8>V1-Recv: 0x0300->0x0A06 0x036C [0m
[37m[7.326][linker]-[Debug]-[DjiCommand_RecvWork:1066)  <0x5269>Receive msg from linker, 0x0306->0x0A06 0x0316 len:1 [0m
[37m[7.326][linker]-[Debug]-[DjiCommand_SendSyncCallback:1014) PsdkCommand_SendSyncCallback success [0m
[37m[7.326][linker]-[Debug]-[DjiCommand_DealCmd:830) callback function (cmdset: 0x03 cmdid: 0x16) deal time: 0 ms [0m
[37m[7.326][linker]-[Debug]-[DjiCommand_SendSync:553) sendSync callback success [0m
[37m[7.326][linker]-[Debug]-[DjiProtocol_v1Pack:123) <0x526a>V1-Send: 0x0A06->0x0306 0x0314 [0m
[37m[7.327][linker]-[Debug]-[DjiCommand_RecvWork:1066)  <0x45f8>Receive msg from linker, 0x0300->0x0A06 0x036C len:71 [0m
[37m[7.327][linker]-[Debug]-[DjiCommand_DealCmd:919) received unsupport request cmd that noneed ack, <0x45f8> cmdset: 0x03 cmdid: 0x6C [0m
[37m[7.341][linker]-[Debug]-[DjiProtocol_v1Unpack:215) <0x526a>V1-Recv: 0x0306->0x0A06 0x0314 [0m
[37m[7.342][linker]-[Debug]-[DjiCommand_RecvWork:1066)  <0x526a>Receive msg from linker, 0x0306->0x0A06 0x0314 len:5 [0m
[37m[7.342][linker]-[Debug]-[DjiCommand_SendSyncCallback:1014) PsdkCommand_SendSyncCallback success [0m
[37m[7.342][linker]-[Debug]-[DjiCommand_DealCmd:830) callback function (cmdset: 0x03 cmdid: 0x14) deal time: 0 ms [0m
[37m[7.342][linker]-[Debug]-[DjiCommand_SendSync:553) sendSync callback success [0m
[37m[7.342][user]-[Debug]-[DjiTest_FcSubscriptionStartService:158) Subscribe topic gps position success. [0m
[37m[7.342][linker]-[Debug]-[DjiProtocol_v1Pack:123) <0x526b>V1-Send: 0x0A06->0x0306 0x0316 [0m
[37m[7.343][linker]-[Debug]-[DjiProtocol_v1Unpack:215) <0x4625>V1-Recv: 0x0300->0x0A06 0x4900 [0m
[37m[7.344][linker]-[Debug]-[DjiCommand_RecvWork:1066)  <0x4625>Receive msg from linker, 0x0300->0x0A06 0x4900 len:14 [0m
[37m[7.344][linker]-[Debug]-[DjiProtocol_v1Pack:123) <0x4625>V1-Send: 0x0A06->0x0300 0x4900 [0m
[37m[7.360][linker]-[Debug]-[DjiProtocol_v1Unpack:215) <0x526b>V1-Recv: 0x0306->0x0A06 0x0316 [0m
[37m[7.361][linker]-[Debug]-[DjiCommand_RecvWork:1066)  <0x526b>Receive msg from linker, 0x0306->0x0A06 0x0316 len:1 [0m
[37m[7.361][linker]-[Debug]-[DjiCommand_SendSyncCallback:1014) PsdkCommand_SendSyncCallback success [0m
[37m[7.361][linker]-[Debug]-[DjiCommand_DealCmd:830) callback function (cmdset: 0x03 cmdid: 0x16) deal time: 0 ms [0m
[37m[7.361][linker]-[Debug]-[DjiCommand_SendSync:553) sendSync callback success [0m
[37m[7.361][linker]-[Debug]-[DjiProtocol_v1Pack:123) <0x526c>V1-Send: 0x0A06->0x0306 0x0314 [0m
[37m[7.382][linker]-[Debug]-[DjiProtocol_v1Unpack:215) <0x526c>V1-Recv: 0x0306->0x0A06 0x0314 [0m
[37m[7.382][linker]-[Debug]-[DjiProtocol_v1Unpack:215) <0x466f>V1-Recv: 0x0300->0x0A06 0x221B [0m
[37m[7.383][linker]-[Debug]-[DjiCommand_RecvWork:1066)  <0x526c>Receive msg from linker, 0x0306->0x0A06 0x0314 len:5 [0m
[37m[7.383][linker]-[Debug]-[DjiCommand_SendSyncCallback:1014) PsdkCommand_SendSyncCallback success [0m
[37m[7.383][linker]-[Debug]-[DjiCommand_SendSync:553) sendSync callback success [0m
[37m[7.383][user]-[Debug]-[DjiTest_FcSubscriptionStartService:167) Subscribe topic gps details success. [0m
[37m[7.383][linker]-[Debug]-[DjiProtocol_v1Pack:123) <0x526d>V1-Send: 0x0A06->0x0306 0x0316 [0m
[37m[7.383][linker]-[Debug]-[DjiCommand_DealCmd:830) callback function (cmdset: 0x03 cmdid: 0x14) deal time: 0 ms [0m
[37m[7.384][linker]-[Debug]-[DjiCommand_RecvWork:1066)  <0x466f>Receive msg from linker, 0x0300->0x0A06 0x221B len:9 [0m
[37m[7.384][linker]-[Debug]-[DjiCommand_DealCmd:919) received unsupport request cmd that noneed ack, <0x466f> cmdset: 0x22 cmdid: 0x1B [0m
[37m[7.401][linker]-[Debug]-[DjiProtocol_v1Unpack:215) <0x526d>V1-Recv: 0x0306->0x0A06 0x0316 [0m
[37m[7.401][linker]-[Debug]-[DjiCommand_RecvWork:1066)  <0x526d>Receive msg from linker, 0x0306->0x0A06 0x0316 len:1 [0m
[37m[7.401][linker]-[Debug]-[DjiCommand_SendSyncCallback:1014) PsdkCommand_SendSyncCallback success [0m
[37m[7.401][linker]-[Debug]-[DjiCommand_DealCmd:830) callback function (cmdset: 0x03 cmdid: 0x16) deal time: 0 ms [0m
[37m[7.401][linker]-[Debug]-[DjiCommand_SendSync:553) sendSync callback success [0m
[37m[7.401][linker]-[Debug]-[DjiProtocol_v1Pack:123) <0x526e>V1-Send: 0x0A06->0x0306 0x0314 [0m
[37m[7.418][linker]-[Debug]-[DjiProtocol_v1Pack:123) <0x526f>V1-Send: 0x0A06->0x0200 0x3C10 [0m
[37m[7.418][linker]-[Debug]-[DjiProtocol_v1Pack:123) <0x5270>V1-Send: 0x0A06->0x0A01 0x3C10 [0m
[37m[7.418][linker]-[Debug]-[DjiProtocol_v1Pack:123) <0x5271>V1-Send: 0x0A06->0x0300 0x3C10 [0m
[37m[7.424][linker]-[Debug]-[DjiProtocol_v1Unpack:215) <0x526e>V1-Recv: 0x0306->0x0A06 0x0314 [0m
[37m[7.424][linker]-[Debug]-[DjiProtocol_v1Unpack:215) <0x46ad>V1-Recv: 0x0300->0x0A06 0x036C [0m
[37m[7.425][linker]-[Debug]-[DjiCommand_RecvWork:1066)  <0x526e>Receive msg from linker, 0x0306->0x0A06 0x0314 len:5 [0m
[37m[7.425][linker]-[Debug]-[DjiCommand_SendSyncCallback:1014) PsdkCommand_SendSyncCallback success [0m
[37m[7.425][linker]-[Debug]-[DjiCommand_DealCmd:830) callback function (cmdset: 0x03 cmdid: 0x14) deal time: 0 ms [0m
[37m[7.425][linker]-[Debug]-[DjiCommand_SendSync:553) sendSync callback success [0m
[37m[7.425][user]-[Debug]-[DjiTest_FcSubscriptionStartService:176) Subscribe topic rtk position info success. [0m
[37m[7.425][linker]-[Debug]-[DjiProtocol_v1Pack:123) <0x5272>V1-Send: 0x0A06->0x0306 0x0316 [0m
[37m[7.426][linker]-[Debug]-[DjiCommand_RecvWork:1066)  <0x46ad>Receive msg from linker, 0x0300->0x0A06 0x036C len:71 [0m
[37m[7.426][linker]-[Debug]-[DjiCommand_DealCmd:919) received unsupport request cmd that noneed ack, <0x46ad> cmdset: 0x03 cmdid: 0x6C [0m
[37m[7.443][linker]-[Debug]-[DjiProtocol_v1Unpack:215) <0x5272>V1-Recv: 0x0306->0x0A06 0x0316 [0m
[37m[7.443][linker]-[Debug]-[DjiProtocol_v1Unpack:215) <0x46cb>V1-Recv: 0x0300->0x0A06 0x4900 [0m
[37m[7.443][linker]-[Debug]-[DjiCommand_RecvWork:1066)  <0x5272>Receive msg from linker, 0x0306->0x0A06 0x0316 len:1 [0m
[37m[7.443][linker]-[Debug]-[DjiCommand_SendSyncCallback:1014) PsdkCommand_SendSyncCallback success [0m
[37m[7.443][linker]-[Debug]-[DjiCommand_DealCmd:830) callback function (cmdset: 0x03 cmdid: 0x16) deal time: 0 ms [0m
[37m[7.443][linker]-[Debug]-[DjiCommand_SendSync:553) sendSync callback success [0m
[37m[7.443][linker]-[Debug]-[DjiProtocol_v1Pack:123) <0x5273>V1-Send: 0x0A06->0x0306 0x0314 [0m
[37m[7.444][linker]-[Debug]-[DjiCommand_RecvWork:1066)  <0x46cb>Receive msg from linker, 0x0300->0x0A06 0x4900 len:14 [0m
[37m[7.444][linker]-[Debug]-[DjiProtocol_v1Pack:123) <0x46cb>V1-Send: 0x0A06->0x0300 0x4900 [0m
[37m[7.462][linker]-[Debug]-[DjiProtocol_v1Unpack:215) <0x5273>V1-Recv: 0x0306->0x0A06 0x0314 [0m
[37m[7.462][linker]-[Debug]-[DjiCommand_RecvWork:1066)  <0x5273>Receive msg from linker, 0x0306->0x0A06 0x0314 len:5 [0m
[37m[7.462][linker]-[Debug]-[DjiCommand_SendSyncCallback:1014) PsdkCommand_SendSyncCallback success [0m
[37m[7.462][linker]-[Debug]-[DjiCommand_SendSync:553) sendSync callback success [0m
[37m[7.462][user]-[Debug]-[DjiTest_FcSubscriptionStartService:185) Subscribe topic rtk position success. [0m
[37m[7.462][linker]-[Debug]-[DjiProtocol_v1Pack:123) <0x5274>V1-Send: 0x0A06->0x0306 0x0316 [0m
[37m[7.462][linker]-[Debug]-[DjiCommand_DealCmd:830) callback function (cmdset: 0x03 cmdid: 0x14) deal time: 0 ms [0m
[37m[7.479][utils]-[Debug]-[DjiCore_RootTask:131) work execution time: [0m
[37m[7.479][utils]-[Debug]-[DjiCore_RootTask:132) name	                execution time (ms)	  max execution time (ms) [0m
[37m[7.479][utils]-[Debug]-[DjiCore_RootTask:134) recorderWork                    	0       	1        [0m
[37m[7.479][utils]-[Debug]-[DjiCore_RootTask:134) flowControllerTask              	0       	0        [0m
[37m[7.479][utils]-[Debug]-[DjiCore_RootTask:134) commandTask                     	1       	1        [0m
[37m[7.479][utils]-[Debug]-[DjiCore_RootTask:134) aircraftWorkNode                	0       	0        [0m
[37m[7.479][utils]-[Debug]-[DjiCore_RootTask:134) StatePushWork                   	0       	0        [0m
[37m[7.482][linker]-[Debug]-[DjiProtocol_v1Unpack:215) <0x5274>V1-Recv: 0x0306->0x0A06 0x0316 [0m
[37m[7.482][linker]-[Debug]-[DjiProtocol_v1Unpack:215) <0x470d>V1-Recv: 0x0300->0x0A06 0x221B [0m
[37m[7.482][linker]-[Debug]-[DjiCommand_RecvWork:1066)  <0x5274>Receive msg from linker, 0x0306->0x0A06 0x0316 len:1 [0m
[37m[7.482][linker]-[Debug]-[DjiCommand_SendSyncCallback:1014) PsdkCommand_SendSyncCallback success [0m
[37m[7.482][linker]-[Debug]-[DjiCommand_DealCmd:830) callback function (cmdset: 0x03 cmdid: 0x16) deal time: 0 ms [0m
[37m[7.482][linker]-[Debug]-[DjiCommand_SendSync:553) sendSync callback success [0m
[37m[7.483][linker]-[Debug]-[DjiProtocol_v1Pack:123) <0x5275>V1-Send: 0x0A06->0x0306 0x0314 [0m
[37m[7.484][linker]-[Debug]-[DjiCommand_RecvWork:1066)  <0x470d>Receive msg from linker, 0x0300->0x0A06 0x221B len:9 [0m
[37m[7.484][linker]-[Debug]-[DjiCommand_DealCmd:919) received unsupport request cmd that noneed ack, <0x470d> cmdset: 0x22 cmdid: 0x1B [0m
[37m[7.501][linker]-[Debug]-[DjiProtocol_v1Unpack:215) <0x5275>V1-Recv: 0x0306->0x0A06 0x0314 [0m
[37m[7.502][linker]-[Debug]-[DjiCommand_RecvWork:1066)  <0x5275>Receive msg from linker, 0x0306->0x0A06 0x0314 len:5 [0m
[37m[7.502][linker]-[Debug]-[DjiCommand_SendSyncCallback:1014) PsdkCommand_SendSyncCallback success [0m
[37m[7.502][linker]-[Debug]-[DjiCommand_DealCmd:830) callback function (cmdset: 0x03 cmdid: 0x14) deal time: 0 ms [0m
[37m[7.502][linker]-[Debug]-[DjiCommand_SendSync:553) sendSync callback success [0m
[37m[7.502][user]-[Debug]-[DjiTest_FcSubscriptionStartService:194) Subscribe topic altitude of homepoint success. [0m
[37m[7.502][linker]-[Debug]-[DjiProtocol_v1Pack:123) <0x5276>V1-Send: 0x0A06->0x0306 0x0316 [0m
[37m[7.508][linker]-[Debug]-[DjiProtocol_v1Unpack:215) <0x2236>V1-Recv: 0x0800->0x0A06 0x0866 [0m
[37m[7.508][linker]-[Debug]-[DjiCommand_RecvWork:1066)  <0x2236>Receive msg from linker, 0x0800->0x0A06 0x0866 len:17 [0m
[37m[7.508][linker]-[Debug]-[DjiCommand_DealCmd:919) received unsupport request cmd that noneed ack, <0x2236> cmdset: 0x08 cmdid: 0x66 [0m
[37m[7.525][linker]-[Debug]-[DjiProtocol_v1Unpack:215) <0x5276>V1-Recv: 0x0306->0x0A06 0x0316 [0m
[37m[7.525][linker]-[Debug]-[DjiProtocol_v1Unpack:215) <0x474c>V1-Recv: 0x0300->0x0A06 0x036C [0m
[37m[7.525][linker]-[Debug]-[DjiCommand_RecvWork:1066)  <0x5276>Receive msg from linker, 0x0306->0x0A06 0x0316 len:1 [0m
[37m[7.525][linker]-[Debug]-[DjiCommand_SendSyncCallback:1014) PsdkCommand_SendSyncCallback success [0m
[37m[7.525][linker]-[Debug]-[DjiCommand_DealCmd:830) callback function (cmdset: 0x03 cmdid: 0x16) deal time: 0 ms [0m
[37m[7.525][linker]-[Debug]-[DjiCommand_SendSync:553) sendSync callback success [0m
[37m[7.525][linker]-[Debug]-[DjiProtocol_v1Pack:123) <0x5277>V1-Send: 0x0A06->0x0306 0x0314 [0m
[37m[7.526][linker]-[Debug]-[DjiCommand_RecvWork:1066)  <0x474c>Receive msg from linker, 0x0300->0x0A06 0x036C len:71 [0m
[37m[7.526][linker]-[Debug]-[DjiCommand_DealCmd:919) received unsupport request cmd that noneed ack, <0x474c> cmdset: 0x03 cmdid: 0x6C [0m
[37m[7.541][linker]-[Debug]-[DjiProtocol_v1Unpack:215) <0x5277>V1-Recv: 0x0306->0x0A06 0x0314 [0m
[37m[7.541][linker]-[Debug]-[DjiCommand_RecvWork:1066)  <0x5277>Receive msg from linker, 0x0306->0x0A06 0x0314 len:5 [0m
[37m[7.541][linker]-[Debug]-[DjiCommand_SendSyncCallback:1014) PsdkCommand_SendSyncCallback success [0m
[37m[7.541][linker]-[Debug]-[DjiCommand_DealCmd:830) callback function (cmdset: 0x03 cmdid: 0x14) deal time: 0 ms [0m
[37m[7.541][linker]-[Debug]-[DjiCommand_SendSync:553) sendSync callback success [0m
[37m[7.541][user]-[Debug]-[DjiTest_FcSubscriptionStartService:203) Subscribe topic battery info success. [0m
[37m[7.541][linker]-[Debug]-[DjiProtocol_v1Pack:123) <0x5278>V1-Send: 0x0A06->0x0306 0x0316 [0m
[37m[7.542][linker]-[Debug]-[DjiProtocol_v1Unpack:215) <0x4773>V1-Recv: 0x0300->0x0A06 0x4900 [0m
[37m[7.542][linker]-[Debug]-[DjiCommand_RecvWork:1066)  <0x4773>Receive msg from linker, 0x0300->0x0A06 0x4900 len:14 [0m
[37m[7.542][linker]-[Debug]-[DjiProtocol_v1Pack:123) <0x4773>V1-Send: 0x0A06->0x0300 0x4900 [0m
[37m[7.561][linker]-[Debug]-[DjiProtocol_v1Unpack:215) <0x5278>V1-Recv: 0x0306->0x0A06 0x0316 [0m
[37m[7.562][linker]-[Debug]-[DjiCommand_RecvWork:1066)  <0x5278>Receive msg from linker, 0x0306->0x0A06 0x0316 len:1 [0m
[37m[7.562][linker]-[Debug]-[DjiCommand_SendSyncCallback:1014) PsdkCommand_SendSyncCallback success [0m
[37m[7.562][linker]-[Debug]-[DjiCommand_DealCmd:830) callback function (cmdset: 0x03 cmdid: 0x16) deal time: 0 ms [0m
[37m[7.562][linker]-[Debug]-[DjiCommand_SendSync:553) sendSync callback success [0m
[37m[7.562][linker]-[Debug]-[DjiProtocol_v1Pack:123) <0x5279>V1-Send: 0x0A06->0x0306 0x0314 [0m
[37m[7.583][linker]-[Debug]-[DjiProtocol_v1Unpack:215) <0x5279>V1-Recv: 0x0306->0x0A06 0x0314 [0m
[37m[7.583][linker]-[Debug]-[DjiProtocol_v1Unpack:215) <0x47b5>V1-Recv: 0x0300->0x0A06 0x221B [0m
[37m[7.583][linker]-[Debug]-[DjiProtocol_v1Unpack:215) <0x47b9>V1-Recv: 0x0300->0x0100 0x0405 [0m
[37m[7.584][linker]-[Debug]-[DjiCommand_RecvWork:1066)  <0x5279>Receive msg from linker, 0x0306->0x0A06 0x0314 len:5 [0m
[37m[7.584][linker]-[Debug]-[DjiCommand_SendSyncCallback:1014) PsdkCommand_SendSyncCallback success [0m
[37m[7.584][linker]-[Debug]-[DjiCommand_DealCmd:830) callback function (cmdset: 0x03 cmdid: 0x14) deal time: 0 ms [0m
[37m[7.584][linker]-[Debug]-[DjiCommand_SendSync:553) sendSync callback success [0m
[37m[7.584][user]-[Debug]-[DjiTest_FcSubscriptionStartService:212) Subscribe topic home point info success. [0m
[37m[7.584][linker]-[Debug]-[DjiProtocol_v1Pack:123) <0x527a>V1-Send: 0x0A06->0x0306 0x0316 [0m
[37m[7.585][linker]-[Debug]-[DjiCommand_RecvWork:1066)  <0x47b5>Receive msg from linker, 0x0300->0x0A06 0x221B len:9 [0m
[37m[7.585][linker]-[Debug]-[DjiCommand_DealCmd:919) received unsupport request cmd that noneed ack, <0x47b5> cmdset: 0x22 cmdid: 0x1B [0m
[37m[7.586][linker]-[Debug]-[DjiCommand_RecvWork:1066)  <0x47b9>Receive msg from linker, 0x0300->0x0100 0x0405 len:22 [0m
[37m[7.586][linker]-[Debug]-[DjiCommand_DealCmd:919) received unsupport request cmd that noneed ack, <0x47b9> cmdset: 0x04 cmdid: 0x05 [0m
[37m[7.601][linker]-[Debug]-[DjiProtocol_v1Unpack:215) <0x527a>V1-Recv: 0x0306->0x0A06 0x0316 [0m
[37m[7.602][linker]-[Debug]-[DjiCommand_RecvWork:1066)  <0x527a>Receive msg from linker, 0x0306->0x0A06 0x0316 len:1 [0m
[37m[7.602][linker]-[Debug]-[DjiCommand_SendSyncCallback:1014) PsdkCommand_SendSyncCallback success [0m
[37m[7.602][linker]-[Debug]-[DjiCommand_DealCmd:830) callback function (cmdset: 0x03 cmdid: 0x16) deal time: 0 ms [0m
[37m[7.602][linker]-[Debug]-[DjiCommand_SendSync:553) sendSync callback success [0m
[37m[7.602][linker]-[Debug]-[DjiProtocol_v1Pack:123) <0x527b>V1-Send: 0x0A06->0x0306 0x0314 [0m
[37m[7.625][linker]-[Debug]-[DjiProtocol_v1Unpack:215) <0x527b>V1-Recv: 0x0306->0x0A06 0x0314 [0m
[37m[7.625][linker]-[Debug]-[DjiProtocol_v1Unpack:215) <0x47f5>V1-Recv: 0x0300->0x0A06 0x036C [0m
[37m[7.626][linker]-[Debug]-[DjiCommand_RecvWork:1066)  <0x527b>Receive msg from linker, 0x0306->0x0A06 0x0314 len:5 [0m
[37m[7.626][linker]-[Debug]-[DjiCommand_SendSyncCallback:1014) PsdkCommand_SendSyncCallback success [0m
[37m[7.626][linker]-[Debug]-[DjiCommand_DealCmd:830) callback function (cmdset: 0x03 cmdid: 0x14) deal time: 0 ms [0m
[37m[7.626][linker]-[Debug]-[DjiCommand_SendSync:553) sendSync callback success [0m
[37m[7.626][user]-[Debug]-[DjiTest_FcSubscriptionStartService:221) Subscribe topic status flight success. [0m
[37m[7.626][linker]-[Debug]-[DjiProtocol_v1Pack:123) <0x527c>V1-Send: 0x0A06->0x0306 0x0316 [0m
[37m[7.627][linker]-[Debug]-[DjiCommand_RecvWork:1066)  <0x47f5>Receive msg from linker, 0x0300->0x0A06 0x036C len:71 [0m
[37m[7.627][linker]-[Debug]-[DjiCommand_DealCmd:919) received unsupport request cmd that noneed ack, <0x47f5> cmdset: 0x03 cmdid: 0x6C [0m
[37m[7.632][linker]-[Debug]-[DjiProtocol_v1Pack:123) <0x527d>V1-Send: 0x0A06->0x0200 0x3C10 [0m
[37m[7.632][linker]-[Debug]-[DjiProtocol_v1Pack:123) <0x527e>V1-Send: 0x0A06->0x0A01 0x3C10 [0m
[37m[7.632][linker]-[Debug]-[DjiProtocol_v1Pack:123) <0x527f>V1-Send: 0x0A06->0x0300 0x3C10 [0m
[37m[7.641][linker]-[Debug]-[DjiProtocol_v1Unpack:215) <0x527c>V1-Recv: 0x0306->0x0A06 0x0316 [0m
[37m[7.642][linker]-[Debug]-[DjiCommand_RecvWork:1066)  <0x527c>Receive msg from linker, 0x0306->0x0A06 0x0316 len:1 [0m
[37m[7.642][linker]-[Debug]-[DjiCommand_SendSyncCallback:1014) PsdkCommand_SendSyncCallback success [0m
[37m[7.642][linker]-[Debug]-[DjiCommand_DealCmd:830) callback function (cmdset: 0x03 cmdid: 0x16) deal time: 0 ms [0m
[37m[7.642][linker]-[Debug]-[DjiCommand_SendSync:553) sendSync callback success [0m
[37m[7.642][linker]-[Debug]-[DjiProtocol_v1Pack:123) <0x5280>V1-Send: 0x0A06->0x0306 0x0314 [0m
[37m[7.642][linker]-[Debug]-[DjiProtocol_v1Unpack:215) <0x4813>V1-Recv: 0x0300->0x0A06 0x4900 [0m
[37m[7.643][linker]-[Debug]-[DjiCommand_RecvWork:1066)  <0x4813>Receive msg from linker, 0x0300->0x0A06 0x4900 len:14 [0m
[37m[7.643][linker]-[Debug]-[DjiProtocol_v1Pack:123) <0x4813>V1-Send: 0x0A06->0x0300 0x4900 [0m
[37m[7.661][linker]-[Debug]-[DjiProtocol_v1Unpack:215) <0x5280>V1-Recv: 0x0306->0x0A06 0x0314 [0m
[37m[7.662][linker]-[Debug]-[DjiCommand_RecvWork:1066)  <0x5280>Receive msg from linker, 0x0306->0x0A06 0x0314 len:5 [0m
[37m[7.662][linker]-[Debug]-[DjiCommand_SendSyncCallback:1014) PsdkCommand_SendSyncCallback success [0m
[37m[7.662][linker]-[Debug]-[DjiCommand_DealCmd:830) callback function (cmdset: 0x03 cmdid: 0x14) deal time: 0 ms [0m
[37m[7.662][linker]-[Debug]-[DjiCommand_SendSync:553) sendSync callback success [0m
[37m[7.662][user]-[Debug]-[DjiTest_FcSubscriptionStartService:230) Subscribe topic status displaymode success. [0m
[37m[7.662][linker]-[Debug]-[DjiProtocol_v1Pack:123) <0x5281>V1-Send: 0x0A06->0x0306 0x0316 [0m
[37m[7.682][linker]-[Debug]-[DjiProtocol_v1Unpack:215) <0x5281>V1-Recv: 0x0306->0x0A06 0x0316 [0m
[37m[7.682][linker]-[Debug]-[DjiProtocol_v1Unpack:215) <0x4852>V1-Recv: 0x0300->0x0A06 0x221B [0m
[37m[7.683][linker]-[Debug]-[DjiCommand_RecvWork:1066)  <0x5281>Receive msg from linker, 0x0306->0x0A06 0x0316 len:1 [0m
[37m[7.683][linker]-[Debug]-[DjiCommand_SendSyncCallback:1014) PsdkCommand_SendSyncCallback success [0m
[37m[7.683][linker]-[Debug]-[DjiCommand_DealCmd:830) callback function (cmdset: 0x03 cmdid: 0x16) deal time: 0 ms [0m
[37m[7.683][linker]-[Debug]-[DjiCommand_SendSync:553) sendSync callback success [0m
[37m[7.683][linker]-[Debug]-[DjiProtocol_v1Pack:123) <0x5282>V1-Send: 0x0A06->0x0306 0x0314 [0m
[37m[7.684][linker]-[Debug]-[DjiCommand_RecvWork:1066)  <0x4852>Receive msg from linker, 0x0300->0x0A06 0x221B len:9 [0m
[37m[7.684][linker]-[Debug]-[DjiCommand_DealCmd:919) received unsupport request cmd that noneed ack, <0x4852> cmdset: 0x22 cmdid: 0x1B [0m
[37m[7.695][linker]-[Debug]-[DjiProtocol_v1Unpack:215) <0x1199>V1-Recv: 0x1D07->0x0A06 0x2105 [0m
[37m[7.696][linker]-[Debug]-[DjiCommand_RecvWork:1066)  <0x1199>Receive msg from linker, 0x1D07->0x0A06 0x2105 len:1 [0m
[37m[7.696][linker]-[Debug]-[DjiCommand_DealCmd:919) received unsupport request cmd that need ack, <0x1199> cmdset: 0x21 cmdid: 0x05 [0m
[37m[7.701][linker]-[Debug]-[DjiProtocol_v1Unpack:215) <0x5282>V1-Recv: 0x0306->0x0A06 0x0314 [0m
[37m[7.702][linker]-[Debug]-[DjiCommand_RecvWork:1066)  <0x5282>Receive msg from linker, 0x0306->0x0A06 0x0314 len:5 [0m
[37m[7.702][linker]-[Debug]-[DjiCommand_SendSyncCallback:1014) PsdkCommand_SendSyncCallback success [0m
[37m[7.702][linker]-[Debug]-[DjiCommand_DealCmd:830) callback function (cmdset: 0x03 cmdid: 0x14) deal time: 0 ms [0m
[37m[7.702][linker]-[Debug]-[DjiCommand_SendSync:553) sendSync callback success [0m
[37m[7.705][linker]-[Debug]-[DjiCommand_RegRecvCmdHandler:674) Reg command handle list success, index:12 [0m
[32m[7.705][upgrade]-[Info]-[DjiUpgrade_Init:120) Upgrade transfer type is common [0m
[37m[7.705][linker]-[Debug]-[DjiCommand_RegRecvCmdHandler:674) Reg command handle list success, index:13 [0m
[32m[7.705][upgrade]-[Info]-[DjiUpgrade_EnableLocalUpgrade:138) Enable local upgrade [0m
[32m[7.705][core]-[Info]-[DjiCore_ApplicationStart:238) Start dji sdk application [0m
[37m[7.714][linker]-[Debug]-[DjiProtocol_v1Pack:123) <0x5283>V1-Send: 0x0A06->0x1D01 0x00F0 [0m
[37m[7.724][linker]-[Debug]-[DjiProtocol_v1Unpack:215) <0x4891>V1-Recv: 0x0300->0x0A06 0x036C [0m
[37m[7.724][linker]-[Debug]-[DjiCommand_RecvWork:1066)  <0x4891>Receive msg from linker, 0x0300->0x0A06 0x036C len:71 [0m
[37m[7.724][linker]-[Debug]-[DjiCommand_DealCmd:919) received unsupport request cmd that noneed ack, <0x4891> cmdset: 0x03 cmdid: 0x6C [0m
[37m[7.725][linker]-[Debug]-[DjiProtocol_v1Pack:123) <0x5284>V1-Send: 0x0A06->0x1D01 0x00F0 [0m
[37m[7.736][linker]-[Debug]-[DjiProtocol_v1Pack:123) <0x5285>V1-Send: 0x0A06->0x1D01 0x00F0 [0m
[37m[7.743][linker]-[Debug]-[DjiProtocol_v1Unpack:215) <0x48b9>V1-Recv: 0x0300->0x0A06 0x4900 [0m
[37m[7.743][linker]-[Debug]-[DjiCommand_RecvWork:1066)  <0x48b9>Receive msg from linker, 0x0300->0x0A06 0x4900 len:14 [0m
[37m[7.743][linker]-[Debug]-[DjiProtocol_v1Pack:123) <0x48b9>V1-Send: 0x0A06->0x0300 0x4900 [0m
[37m[7.750][linker]-[Debug]-[DjiProtocol_v1Unpack:215) <0xbc5>V1-Recv: 0x0701->0x0A06 0x0000 [0m
[37m[7.752][linker]-[Debug]-[DjiCommand_RecvWork:1066)  <0xbc5>Receive msg from linker, 0x0701->0x0A06 0x0000 len:16 [0m
[37m[7.752][linker]-[Debug]-[DjiProtocol_v1Pack:123) <0xbc5>V1-Send: 0x0A06->0x0701 0x0000 [0m
[37m[7.758][linker]-[Debug]-[DjiProtocol_v1Unpack:215) <0x2237>V1-Recv: 0x0800->0x0A06 0x0866 [0m
[37m[7.759][linker]-[Debug]-[DjiCommand_RecvWork:1066)  <0x2237>Receive msg from linker, 0x0800->0x0A06 0x0866 len:17 [0m
[37m[7.759][linker]-[Debug]-[DjiCommand_DealCmd:919) received unsupport request cmd that noneed ack, <0x2237> cmdset: 0x08 cmdid: 0x66 [0m
[37m[7.762][user]-[Debug]-[DjiUser_MonitorTask:780) thread pcpu: [0m
[37m[7.762][user]-[Debug]-[DjiUser_MonitorTask:781) tid	name	pcpu [0m
[37m[7.780][user]-[Debug]-[DjiUser_MonitorTask:785) 16413	dji_sdk_demo_on	3.000000 %. [0m
[37m[7.781][linker]-[Debug]-[DjiProtocol_v1Unpack:215) <0x48fc>V1-Recv: 0x0300->0x0A06 0x221B [0m
[37m[7.781][linker]-[Debug]-[DjiCommand_RecvWork:1066)  <0x48fc>Receive msg from linker, 0x0300->0x0A06 0x221B len:9 [0m
[37m[7.781][linker]-[Debug]-[DjiCommand_DealCmd:919) received unsupport request cmd that noneed ack, <0x48fc> cmdset: 0x22 cmdid: 0x1B [0m
[37m[7.797][user]-[Debug]-[DjiUser_MonitorTask:785) 16414	 MQTTAsync_send	0.000000 %. [0m
[37m[7.800][linker]-[Debug]-[DjiProtocol_v1Unpack:215) <0x491a>V1-Recv: 0x0306->0x0A06 0x03C1 [0m
[37m[7.800][linker]-[Debug]-[DjiCommand_RecvWork:1066)  <0x491a>Receive msg from linker, 0x0306->0x0A06 0x03C1 len:13 [0m
[37m[7.816][user]-[Debug]-[DjiUser_MonitorTask:785) 16415	  MQTTAsync_rcv	0.000000 %. [0m
[37m[7.824][linker]-[Debug]-[DjiProtocol_v1Unpack:215) <0x4939>V1-Recv: 0x0300->0x0A06 0x036C [0m
[37m[7.824][linker]-[Debug]-[DjiCommand_RecvWork:1066)  <0x4939>Receive msg from linker, 0x0300->0x0A06 0x036C len:71 [0m
[37m[7.824][linker]-[Debug]-[DjiCommand_DealCmd:919) received unsupport request cmd that noneed ack, <0x4939> cmdset: 0x03 cmdid: 0x6C [0m
[37m[7.834][user]-[Debug]-[DjiUser_MonitorTask:785) 16418	    logger_task	0.500000 %. [0m
[37m[7.842][linker]-[Debug]-[DjiProtocol_v1Unpack:215) <0x4959>V1-Recv: 0x0300->0x0A06 0x4900 [0m
[37m[7.842][linker]-[Debug]-[DjiCommand_RecvWork:1066)  <0x4959>Receive msg from linker, 0x0300->0x0A06 0x4900 len:14 [0m
[37m[7.842][linker]-[Debug]-[DjiProtocol_v1Pack:123) <0x4959>V1-Send: 0x0A06->0x0300 0x4900 [0m
[37m[7.845][linker]-[Debug]-[DjiProtocol_v1Pack:123) <0x5286>V1-Send: 0x0A06->0x0200 0x3C10 [0m
[37m[7.845][linker]-[Debug]-[DjiProtocol_v1Pack:123) <0x5287>V1-Send: 0x0A06->0x0A01 0x3C10 [0m
[37m[7.845][linker]-[Debug]-[DjiProtocol_v1Pack:123) <0x5288>V1-Send: 0x0A06->0x0300 0x3C10 [0m
[37m[7.852][user]-[Debug]-[DjiUser_MonitorTask:785) 16419	      root_task	0.700000 %. [0m
[37m[7.869][user]-[Debug]-[DjiUser_MonitorTask:785) 16457	    linker_task	0.600000 %. [0m
[37m[7.881][linker]-[Debug]-[DjiProtocol_v1Unpack:215) <0x499b>V1-Recv: 0x0300->0x0A06 0x221B [0m
[37m[7.882][linker]-[Debug]-[DjiCommand_RecvWork:1066)  <0x499b>Receive msg from linker, 0x0300->0x0A06 0x221B len:9 [0m
[37m[7.882][linker]-[Debug]-[DjiCommand_DealCmd:919) received unsupport request cmd that noneed ack, <0x499b> cmdset: 0x22 cmdid: 0x1B [0m
[37m[7.886][user]-[Debug]-[DjiUser_MonitorTask:785) 16460	    linker_task	0.000000 %. [0m
[37m[7.900][linker]-[Debug]-[DjiProtocol_v1Unpack:215) <0x49b9>V1-Recv: 0x0306->0x0A06 0x03C1 [0m
[37m[7.901][linker]-[Debug]-[DjiCommand_RecvWork:1066)  <0x49b9>Receive msg from linker, 0x0306->0x0A06 0x03C1 len:13 [0m
[37m[7.905][user]-[Debug]-[DjiUser_MonitorTask:785) 16461	user_subscripti	0.000000 %. [0m
[37m[7.924][linker]-[Debug]-[DjiProtocol_v1Unpack:215) <0x49de>V1-Recv: 0x0300->0x0A06 0x036C [0m
[37m[7.925][linker]-[Debug]-[DjiCommand_RecvWork:1066)  <0x49de>Receive msg from linker, 0x0300->0x0A06 0x036C len:71 [0m
[37m[7.925][linker]-[Debug]-[DjiCommand_DealCmd:919) received unsupport request cmd that noneed ack, <0x49de> cmdset: 0x03 cmdid: 0x6C [0m
[37m[7.925][user]-[Debug]-[DjiUser_MonitorTask:785) 16464	   upgrade_task	0.000000 %. [0m
[37m[7.943][linker]-[Debug]-[DjiProtocol_v1Unpack:215) <0x4a06>V1-Recv: 0x0300->0x0A06 0x4900 [0m
[37m[7.944][linker]-[Debug]-[DjiCommand_RecvWork:1066)  <0x4a06>Receive msg from linker, 0x0300->0x0A06 0x4900 len:14 [0m
[37m[7.944][linker]-[Debug]-[DjiProtocol_v1Pack:123) <0x4a06>V1-Send: 0x0A06->0x0300 0x4900 [0m
[37m[7.945][user]-[Debug]-[DjiUser_MonitorTask:785) 16465	enter_upgrade_m	0.000000 %. [0m
[37m[7.964][user]-[Debug]-[DjiUser_MonitorTask:785) 16466	   monitor task	0.000000 %. [0m
[37m[7.968][user]-[Debug]-[DjiUser_MonitorTask:789) heap used: 180224 B. [0m
[37m[7.971][user]-[Debug]-[DjiUser_MonitorTask:790) stack used: 16384 B. [0m
[37m[7.981][linker]-[Debug]-[DjiProtocol_v1Unpack:215) <0x4a49>V1-Recv: 0x0300->0x0A06 0x221B [0m
[37m[7.982][linker]-[Debug]-[DjiCommand_RecvWork:1066)  <0x4a49>Receive msg from linker, 0x0300->0x0A06 0x221B len:9 [0m
[37m[7.982][linker]-[Debug]-[DjiCommand_DealCmd:919) received unsupport request cmd that noneed ack, <0x4a49> cmdset: 0x22 cmdid: 0x1B [0m
[37m[8.000][linker]-[Debug]-[DjiProtocol_v1Unpack:215) <0x4a67>V1-Recv: 0x0306->0x0A06 0x03C1 [0m
[37m[8.000][linker]-[Debug]-[DjiCommand_RecvWork:1066)  <0x4a67>Receive msg from linker, 0x0306->0x0A06 0x03C1 len:13 [0m
[37m[8.008][linker]-[Debug]-[DjiProtocol_v1Unpack:215) <0x2238>V1-Recv: 0x0800->0x0A06 0x0866 [0m
[37m[8.009][linker]-[Debug]-[DjiCommand_RecvWork:1066)  <0x2238>Receive msg from linker, 0x0800->0x0A06 0x0866 len:17 [0m
[37m[8.009][linker]-[Debug]-[DjiCommand_DealCmd:919) received unsupport request cmd that noneed ack, <0x2238> cmdset: 0x08 cmdid: 0x66 [0m
[37m[8.024][linker]-[Debug]-[DjiProtocol_v1Unpack:215) <0x4a88>V1-Recv: 0x0300->0x0A06 0x036C [0m
[37m[8.025][linker]-[Debug]-[DjiCommand_RecvWork:1066)  <0x4a88>Receive msg from linker, 0x0300->0x0A06 0x036C len:71 [0m
[37m[8.025][linker]-[Debug]-[DjiCommand_DealCmd:919) received unsupport request cmd that noneed ack, <0x4a88> cmdset: 0x03 cmdid: 0x6C [0m
[37m[8.042][linker]-[Debug]-[DjiProtocol_v1Unpack:215) <0x4aa7>V1-Recv: 0x0300->0x0A06 0x4900 [0m
[37m[8.043][linker]-[Debug]-[DjiCommand_RecvWork:1066)  <0x4aa7>Receive msg from linker, 0x0300->0x0A06 0x4900 len:14 [0m
[37m[8.043][linker]-[Debug]-[DjiProtocol_v1Pack:123) <0x4aa7>V1-Send: 0x0A06->0x0300 0x4900 [0m
[37m[8.058][linker]-[Debug]-[DjiProtocol_v1Pack:123) <0x5289>V1-Send: 0x0A06->0x0200 0x3C10 [0m
[37m[8.058][linker]-[Debug]-[DjiProtocol_v1Pack:123) <0x528a>V1-Send: 0x0A06->0x0A01 0x3C10 [0m
[37m[8.058][linker]-[Debug]-[DjiProtocol_v1Pack:123) <0x528b>V1-Send: 0x0A06->0x0300 0x3C10 [0m
[37m[8.085][linker]-[Debug]-[DjiProtocol_v1Unpack:215) <0x4ae6>V1-Recv: 0x0300->0x0A06 0x221B [0m
[37m[8.085][linker]-[Debug]-[DjiProtocol_v1Unpack:215) <0x4aed>V1-Recv: 0x0300->0x0A06 0x0F74 [0m
[37m[8.085][linker]-[Debug]-[DjiProtocol_v1Unpack:215) <0x4aee>V1-Recv: 0x0300->0x0100 0x0406 [0m
[37m[8.085][linker]-[Debug]-[DjiProtocol_v1Unpack:215) <0x4aef>V1-Recv: 0x0300->0x0100 0x0407 [0m
[37m[8.085][linker]-[Debug]-[DjiCommand_RecvWork:1066)  <0x4ae6>Receive msg from linker, 0x0300->0x0A06 0x221B len:9 [0m
[37m[8.085][linker]-[Debug]-[DjiCommand_DealCmd:919) received unsupport request cmd that noneed ack, <0x4ae6> cmdset: 0x22 cmdid: 0x1B [0m
[37m[8.086][linker]-[Debug]-[DjiCommand_RecvWork:1066)  <0x4aed>Receive msg from linker, 0x0300->0x0A06 0x0F74 len:28 [0m
[37m[8.086][linker]-[Debug]-[DjiCommand_DealCmd:919) received unsupport request cmd that noneed ack, <0x4aed> cmdset: 0x0F cmdid: 0x74 [0m
[37m[8.087][linker]-[Debug]-[DjiCommand_RecvWork:1066)  <0x4aee>Receive msg from linker, 0x0300->0x0100 0x0406 len:12 [0m
[37m[8.087][linker]-[Debug]-[DjiCommand_DealCmd:919) received unsupport request cmd that noneed ack, <0x4aee> cmdset: 0x04 cmdid: 0x06 [0m
[37m[8.088][linker]-[Debug]-[DjiCommand_RecvWork:1066)  <0x4aef>Receive msg from linker, 0x0300->0x0100 0x0407 len:1 [0m
[37m[8.088][linker]-[Debug]-[DjiCommand_DealCmd:919) received unsupport request cmd that noneed ack, <0x4aef> cmdset: 0x04 cmdid: 0x07 [0m
[37m[8.101][linker]-[Debug]-[DjiProtocol_v1Unpack:215) <0x4b0a>V1-Recv: 0x0306->0x0A06 0x03C1 [0m
[37m[8.101][linker]-[Debug]-[DjiCommand_RecvWork:1066)  <0x4b0a>Receive msg from linker, 0x0306->0x0A06 0x03C1 len:13 [0m
[37m[8.124][linker]-[Debug]-[DjiProtocol_v1Unpack:215) <0x4b2d>V1-Recv: 0x0300->0x0A06 0x036C [0m
[37m[8.124][linker]-[Debug]-[DjiCommand_RecvWork:1066)  <0x4b2d>Receive msg from linker, 0x0300->0x0A06 0x036C len:71 [0m
[37m[8.124][linker]-[Debug]-[DjiCommand_DealCmd:919) received unsupport request cmd that noneed ack, <0x4b2d> cmdset: 0x03 cmdid: 0x6C [0m
[37m[8.142][linker]-[Debug]-[DjiProtocol_v1Unpack:215) <0x4b5c>V1-Recv: 0x0300->0x0A06 0x4900 [0m
[37m[8.143][linker]-[Debug]-[DjiCommand_RecvWork:1066)  <0x4b5c>Receive msg from linker, 0x0300->0x0A06 0x4900 len:14 [0m
[37m[8.143][linker]-[Debug]-[DjiProtocol_v1Pack:123) <0x4b5c>V1-Send: 0x0A06->0x0300 0x4900 [0m
[37m[8.182][linker]-[Debug]-[DjiProtocol_v1Unpack:215) <0x4ba2>V1-Recv: 0x0300->0x0A06 0x221B [0m
[37m[8.182][linker]-[Debug]-[DjiCommand_RecvWork:1066)  <0x4ba2>Receive msg from linker, 0x0300->0x0A06 0x221B len:9 [0m
[37m[8.182][linker]-[Debug]-[DjiCommand_DealCmd:919) received unsupport request cmd that noneed ack, <0x4ba2> cmdset: 0x22 cmdid: 0x1B [0m
[37m[8.200][linker]-[Debug]-[DjiProtocol_v1Unpack:215) <0x4bc7>V1-Recv: 0x0306->0x0A06 0x03C1 [0m
[37m[8.200][linker]-[Debug]-[DjiCommand_RecvWork:1066)  <0x4bc7>Receive msg from linker, 0x0306->0x0A06 0x03C1 len:13 [0m
[37m[8.224][linker]-[Debug]-[DjiProtocol_v1Unpack:215) <0x4bea>V1-Recv: 0x0300->0x0A06 0x036C [0m
[37m[8.225][linker]-[Debug]-[DjiCommand_RecvWork:1066)  <0x4bea>Receive msg from linker, 0x0300->0x0A06 0x036C len:71 [0m
[37m[8.225][linker]-[Debug]-[DjiCommand_DealCmd:919) received unsupport request cmd that noneed ack, <0x4bea> cmdset: 0x03 cmdid: 0x6C [0m
[37m[8.242][linker]-[Debug]-[DjiProtocol_v1Unpack:215) <0x4c08>V1-Recv: 0x0300->0x0A06 0x4900 [0m
[37m[8.243][linker]-[Debug]-[DjiCommand_RecvWork:1066)  <0x4c08>Receive msg from linker, 0x0300->0x0A06 0x4900 len:14 [0m
[37m[8.243][linker]-[Debug]-[DjiProtocol_v1Pack:123) <0x4c08>V1-Send: 0x0A06->0x0300 0x4900 [0m
[37m[8.258][linker]-[Debug]-[DjiProtocol_v1Unpack:215) <0x2239>V1-Recv: 0x0800->0x0A06 0x0866 [0m
[37m[8.259][linker]-[Debug]-[DjiCommand_RecvWork:1066)  <0x2239>Receive msg from linker, 0x0800->0x0A06 0x0866 len:17 [0m
[37m[8.259][linker]-[Debug]-[DjiCommand_DealCmd:919) received unsupport request cmd that noneed ack, <0x2239> cmdset: 0x08 cmdid: 0x66 [0m
[37m[8.271][linker]-[Debug]-[DjiProtocol_v1Pack:123) <0x528c>V1-Send: 0x0A06->0x0300 0x0000 [0m
[37m[8.271][infor]-[Debug]-[DjiAircraftConnection_CheckExtensionPortConnectStatusByV1Protocol:170) check connect status:1 [0m
[37m[8.272][linker]-[Debug]-[DjiProtocol_v1Pack:123) <0x528d>V1-Send: 0x0A06->0x0200 0x3C10 [0m
[37m[8.272][linker]-[Debug]-[DjiProtocol_v1Pack:123) <0x528e>V1-Send: 0x0A06->0x0A01 0x3C10 [0m
[37m[8.272][linker]-[Debug]-[DjiProtocol_v1Pack:123) <0x528f>V1-Send: 0x0A06->0x0300 0x3C10 [0m
[37m[8.282][linker]-[Debug]-[DjiProtocol_v1Unpack:215) <0x528c>V1-Recv: 0x0300->0x0A06 0x0000 [0m
[37m[8.282][linker]-[Debug]-[DjiProtocol_v1Unpack:215) <0x4c49>V1-Recv: 0x0300->0x0A06 0x221B [0m
[37m[8.282][linker]-[Debug]-[DjiCommand_RecvWork:1066)  <0x528c>Receive msg from linker, 0x0300->0x0A06 0x0000 len:0 [0m
[37m[8.282][infor]-[Debug]-[DjiAircraftInfo_CheckPingStatusAsyncCallback:269) connect status async sucess [0m
[37m[8.282][linker]-[Debug]-[DjiCommand_DealCmd:830) callback function (cmdset: 0x00 cmdid: 0x00) deal time: 0 ms [0m
[37m[8.284][linker]-[Debug]-[DjiCommand_RecvWork:1066)  <0x4c49>Receive msg from linker, 0x0300->0x0A06 0x221B len:9 [0m
[37m[8.284][linker]-[Debug]-[DjiCommand_DealCmd:919) received unsupport request cmd that noneed ack, <0x4c49> cmdset: 0x22 cmdid: 0x1B [0m
[37m[8.300][linker]-[Debug]-[DjiProtocol_v1Unpack:215) <0x4c68>V1-Recv: 0x0306->0x0A06 0x03C1 [0m
[37m[8.301][linker]-[Debug]-[DjiCommand_RecvWork:1066)  <0x4c68>Receive msg from linker, 0x0306->0x0A06 0x03C1 len:13 [0m
[37m[8.309][linker]-[Debug]-[DjiProtocol_v1Unpack:215) <0xa636>V1-Recv: 0x0202->0x0A06 0x3C3C [0m
[37m[8.309][linker]-[Debug]-[DjiProtocol_v1Unpack:215) <0xa637>V1-Recv: 0x0202->0x0A06 0x0051 [0m
[37m[8.309][linker]-[Debug]-[DjiProtocol_v1Unpack:215) <0xa638>V1-Recv: 0x0202->0x0A06 0x3C50 [0m
[37m[8.309][linker]-[Debug]-[DjiCommand_RecvWork:1066)  <0xa636>Receive msg from linker, 0x0202->0x0A06 0x3C3C len:2 [0m
[32m[8.309][infor]-[Info]-[DjiAircraftInfo_NotifyMobileAppInfoHandle:715) Set mobile app info, language is Chinese, screen type is Big Screen [0m
[37m[8.309][linker]-[Debug]-[DjiProtocol_v1Pack:123) <0xa636>V1-Send: 0x0A06->0x0202 0x3C3C [0m
[37m[8.310][linker]-[Debug]-[DjiCommand_RecvWork:1066)  <0xa637>Receive msg from linker, 0x0202->0x0A06 0x0051 len:1 [0m
[37m[8.310][linker]-[Debug]-[DjiProtocol_v1Pack:123) <0xa637>V1-Send: 0x0A06->0x0202 0x0051 [0m
[37m[8.311][linker]-[Debug]-[DjiProtocol_v1Pack:123) <0x5290>V1-Send: 0x0A06->0x1D01 0x00F0 [0m
[37m[8.311][linker]-[Debug]-[DjiCommand_RecvWork:1066)  <0xa638>Receive msg from linker, 0x0202->0x0A06 0x3C50 len:0 [0m
[37m[8.311][core]-[Debug]-[DjiApplicationReadyState_GetPayloadCapabilitySetHandle:303) Get payload capability set handle, ver: 1, support: 0 0 0 0 [0m
[37m[8.311][linker]-[Debug]-[DjiProtocol_v1Pack:123) <0xa638>V1-Send: 0x0A06->0x0202 0x3C50 [0m
[37m[8.324][linker]-[Debug]-[DjiProtocol_v1Unpack:215) <0x4c91>V1-Recv: 0x0300->0x0A06 0x036C [0m
[37m[8.324][linker]-[Debug]-[DjiCommand_RecvWork:1066)  <0x4c91>Receive msg from linker, 0x0300->0x0A06 0x036C len:71 [0m
[37m[8.324][linker]-[Debug]-[DjiCommand_DealCmd:919) received unsupport request cmd that noneed ack, <0x4c91> cmdset: 0x03 cmdid: 0x6C [0m
[37m[8.343][linker]-[Debug]-[DjiProtocol_v1Unpack:215) <0x4cc0>V1-Recv: 0x0300->0x0A06 0x4900 [0m
[37m[8.344][linker]-[Debug]-[DjiCommand_RecvWork:1066)  <0x4cc0>Receive msg from linker, 0x0300->0x0A06 0x4900 len:14 [0m
[37m[8.344][linker]-[Debug]-[DjiProtocol_v1Pack:123) <0x4cc0>V1-Send: 0x0A06->0x0300 0x4900 [0m
[37m[8.369][linker]-[Debug]-[DjiProtocol_v1Unpack:215) <0xa63c>V1-Recv: 0x0202->0x0A06 0x0026 [0m
[37m[8.369][linker]-[Debug]-[DjiCommand_RecvWork:1066)  <0xa63c>Receive msg from linker, 0x0202->0x0A06 0x0026 len:37 [0m
[37m[8.369][linker]-[Debug]-[DjiCommand_DealCmd:919) received unsupport request cmd that need ack, <0xa63c> cmdset: 0x00 cmdid: 0x26 [0m
[37m[8.381][linker]-[Debug]-[DjiProtocol_v1Unpack:215) <0x4d0a>V1-Recv: 0x0300->0x0A06 0x221B [0m
[37m[8.382][linker]-[Debug]-[DjiCommand_RecvWork:1066)  <0x4d0a>Receive msg from linker, 0x0300->0x0A06 0x221B len:9 [0m
[37m[8.382][linker]-[Debug]-[DjiCommand_DealCmd:919) received unsupport request cmd that noneed ack, <0x4d0a> cmdset: 0x22 cmdid: 0x1B [0m
[37m[8.400][linker]-[Debug]-[DjiProtocol_v1Unpack:215) <0x4d28>V1-Recv: 0x0306->0x0A06 0x03C1 [0m
[37m[8.401][linker]-[Debug]-[DjiCommand_RecvWork:1066)  <0x4d28>Receive msg from linker, 0x0306->0x0A06 0x03C1 len:13 [0m
[37m[8.424][linker]-[Debug]-[DjiProtocol_v1Unpack:215) <0x4d49>V1-Recv: 0x0300->0x0A06 0x036C [0m
[37m[8.424][linker]-[Debug]-[DjiCommand_RecvWork:1066)  <0x4d49>Receive msg from linker, 0x0300->0x0A06 0x036C len:71 [0m
[37m[8.424][linker]-[Debug]-[DjiCommand_DealCmd:919) received unsupport request cmd that noneed ack, <0x4d49> cmdset: 0x03 cmdid: 0x6C [0m
[37m[8.442][linker]-[Debug]-[DjiProtocol_v1Unpack:215) <0x4d68>V1-Recv: 0x0300->0x0A06 0x4900 [0m
[37m[8.442][linker]-[Debug]-[DjiCommand_RecvWork:1066)  <0x4d68>Receive msg from linker, 0x0300->0x0A06 0x4900 len:14 [0m
[37m[8.442][linker]-[Debug]-[DjiProtocol_v1Pack:123) <0x4d68>V1-Send: 0x0A06->0x0300 0x4900 [0m
[37m[8.481][linker]-[Debug]-[DjiProtocol_v1Unpack:215) <0x4da9>V1-Recv: 0x0300->0x0A06 0x221B [0m
[37m[8.482][linker]-[Debug]-[DjiCommand_RecvWork:1066)  <0x4da9>Receive msg from linker, 0x0300->0x0A06 0x221B len:9 [0m
[37m[8.482][linker]-[Debug]-[DjiCommand_DealCmd:919) received unsupport request cmd that noneed ack, <0x4da9> cmdset: 0x22 cmdid: 0x1B [0m
[37m[8.486][linker]-[Debug]-[DjiProtocol_v1Pack:123) <0x5291>V1-Send: 0x0A06->0x0200 0x3C10 [0m
[37m[8.486][linker]-[Debug]-[DjiProtocol_v1Pack:123) <0x5292>V1-Send: 0x0A06->0x0A01 0x3C10 [0m
[37m[8.486][linker]-[Debug]-[DjiProtocol_v1Pack:123) <0x5293>V1-Send: 0x0A06->0x0300 0x3C10 [0m
[37m[8.501][linker]-[Debug]-[DjiProtocol_v1Unpack:215) <0x4dc6>V1-Recv: 0x0306->0x0A06 0x03C1 [0m
[37m[8.501][linker]-[Debug]-[DjiCommand_RecvWork:1066)  <0x4dc6>Receive msg from linker, 0x0306->0x0A06 0x03C1 len:13 [0m
[37m[8.510][linker]-[Debug]-[DjiProtocol_v1Unpack:215) <0x223a>V1-Recv: 0x0800->0x0A06 0x0866 [0m
[37m[8.510][linker]-[Debug]-[DjiCommand_RecvWork:1066)  <0x223a>Receive msg from linker, 0x0800->0x0A06 0x0866 len:17 [0m
[37m[8.510][linker]-[Debug]-[DjiCommand_DealCmd:919) received unsupport request cmd that noneed ack, <0x223a> cmdset: 0x08 cmdid: 0x66 [0m
[37m[8.524][linker]-[Debug]-[DjiProtocol_v1Unpack:215) <0x4de9>V1-Recv: 0x0300->0x0A06 0x036C [0m
[37m[8.524][linker]-[Debug]-[DjiCommand_RecvWork:1066)  <0x4de9>Receive msg from linker, 0x0300->0x0A06 0x036C len:71 [0m
[37m[8.524][linker]-[Debug]-[DjiCommand_DealCmd:919) received unsupport request cmd that noneed ack, <0x4de9> cmdset: 0x03 cmdid: 0x6C [0m
[37m[8.543][linker]-[Debug]-[DjiProtocol_v1Unpack:215) <0x4e11>V1-Recv: 0x0300->0x0A06 0x4900 [0m
[37m[8.543][linker]-[Debug]-[DjiCommand_RecvWork:1066)  <0x4e11>Receive msg from linker, 0x0300->0x0A06 0x4900 len:14 [0m
[37m[8.543][linker]-[Debug]-[DjiProtocol_v1Pack:123) <0x4e11>V1-Send: 0x0A06->0x0300 0x4900 [0m
[37m[8.546][utils]-[Debug]-[DjiCore_RootTask:131) work execution time: [0m
[37m[8.546][utils]-[Debug]-[DjiCore_RootTask:132) name	                execution time (ms)	  max execution time (ms) [0m
[37m[8.546][utils]-[Debug]-[DjiCore_RootTask:134) recorderWork                    	1       	1        [0m
[37m[8.546][utils]-[Debug]-[DjiCore_RootTask:134) flowControllerTask              	1       	1        [0m
[37m[8.546][utils]-[Debug]-[DjiCore_RootTask:134) commandTask                     	0       	1        [0m
[37m[8.546][utils]-[Debug]-[DjiCore_RootTask:134) aircraftWorkNode                	1       	1        [0m
[37m[8.546][utils]-[Debug]-[DjiCore_RootTask:134) StatePushWork                   	1       	1        [0m
[37m[8.582][linker]-[Debug]-[DjiProtocol_v1Unpack:215) <0x4e55>V1-Recv: 0x0300->0x0A06 0x221B [0m
[37m[8.582][linker]-[Debug]-[DjiProtocol_v1Unpack:215) <0x4e59>V1-Recv: 0x0300->0x0100 0x0405 [0m
[37m[8.583][linker]-[Debug]-[DjiCommand_RecvWork:1066)  <0x4e55>Receive msg from linker, 0x0300->0x0A06 0x221B len:9 [0m
[37m[8.583][linker]-[Debug]-[DjiCommand_DealCmd:919) received unsupport request cmd that noneed ack, <0x4e55> cmdset: 0x22 cmdid: 0x1B [0m
[37m[8.584][linker]-[Debug]-[DjiCommand_RecvWork:1066)  <0x4e59>Receive msg from linker, 0x0300->0x0100 0x0405 len:22 [0m
[37m[8.584][linker]-[Debug]-[DjiCommand_DealCmd:919) received unsupport request cmd that noneed ack, <0x4e59> cmdset: 0x04 cmdid: 0x05 [0m
[37m[8.600][linker]-[Debug]-[DjiProtocol_v1Unpack:215) <0x4e75>V1-Recv: 0x0306->0x0A06 0x03C1 [0m
[37m[8.601][linker]-[Debug]-[DjiCommand_RecvWork:1066)  <0x4e75>Receive msg from linker, 0x0306->0x0A06 0x03C1 len:13 [0m
[37m[8.624][linker]-[Debug]-[DjiProtocol_v1Unpack:215) <0x4e94>V1-Recv: 0x0300->0x0A06 0x036C [0m
[37m[8.624][linker]-[Debug]-[DjiCommand_RecvWork:1066)  <0x4e94>Receive msg from linker, 0x0300->0x0A06 0x036C len:71 [0m
[37m[8.624][linker]-[Debug]-[DjiCommand_DealCmd:919) received unsupport request cmd that noneed ack, <0x4e94> cmdset: 0x03 cmdid: 0x6C [0m
[37m[8.642][linker]-[Debug]-[DjiProtocol_v1Unpack:215) <0x4eb2>V1-Recv: 0x0300->0x0A06 0x4900 [0m
[37m[8.642][linker]-[Debug]-[DjiCommand_RecvWork:1066)  <0x4eb2>Receive msg from linker, 0x0300->0x0A06 0x4900 len:14 [0m
[37m[8.642][linker]-[Debug]-[DjiProtocol_v1Pack:123) <0x4eb2>V1-Send: 0x0A06->0x0300 0x4900 [0m
[37m[8.664][linker]-[Debug]-[DjiProtocol_v1Unpack:215) <0x4ece>V1-Recv: 0x0306->0x0A06 0x03C1 [0m
[37m[8.664][linker]-[Debug]-[DjiCommand_RecvWork:1066)  <0x4ece>Receive msg from linker, 0x0306->0x0A06 0x03C1 len:113 [0m
[37m[8.681][linker]-[Debug]-[DjiProtocol_v1Unpack:215) <0x4ef2>V1-Recv: 0x0300->0x0A06 0x221B [0m
[37m[8.681][linker]-[Debug]-[DjiCommand_RecvWork:1066)  <0x4ef2>Receive msg from linker, 0x0300->0x0A06 0x221B len:9 [0m
[37m[8.681][linker]-[Debug]-[DjiCommand_DealCmd:919) received unsupport request cmd that noneed ack, <0x4ef2> cmdset: 0x22 cmdid: 0x1B [0m
[37m[8.692][linker]-[Debug]-[DjiProtocol_v1Unpack:215) <0x119a>V1-Recv: 0x1D07->0x0A06 0x2105 [0m
[37m[8.692][linker]-[Debug]-[DjiCommand_RecvWork:1066)  <0x119a>Receive msg from linker, 0x1D07->0x0A06 0x2105 len:1 [0m
[37m[8.692][linker]-[Debug]-[DjiCommand_DealCmd:919) received unsupport request cmd that need ack, <0x119a> cmdset: 0x21 cmdid: 0x05 [0m
[37m[8.698][linker]-[Debug]-[DjiProtocol_v1Pack:123) <0x5294>V1-Send: 0x0A06->0x0200 0x3C10 [0m
[37m[8.699][linker]-[Debug]-[DjiProtocol_v1Pack:123) <0x5295>V1-Send: 0x0A06->0x0A01 0x3C10 [0m
[37m[8.699][linker]-[Debug]-[DjiProtocol_v1Pack:123) <0x5296>V1-Send: 0x0A06->0x0300 0x3C10 [0m
[37m[8.700][linker]-[Debug]-[DjiProtocol_v1Unpack:215) <0x4f0f>V1-Recv: 0x0306->0x0A06 0x03C1 [0m
[37m[8.701][linker]-[Debug]-[DjiCommand_RecvWork:1066)  <0x4f0f>Receive msg from linker, 0x0306->0x0A06 0x03C1 len:13 [0m
[32m[8.703][user]-[Info]-[UserFcSubscription_Task:458) gps position: x 117.120752 y 39.126565 z 10.281000. [0m
[32m[8.703][user]-[Info]-[UserFcSubscription_Task:470) gps total satellite number used: 5 9 18.
GPS fixState: 3.000000. [0m
[32m[8.703][user]-[Info]-[UserFcSubscription_Task:487) Homepoint info: lat->39.126699, lon->117.120801. [0m
[32m[8.703][user]-[Info]-[UserFcSubscription_Task:512) RTK position solution state: 16. [0m
[32m[8.703][user]-[Info]-[UserFcSubscription_Task:528) RTK position: 117.120656 39.126748 -10.096971. [0m
[32m[8.703][user]-[Info]-[UserFcSubscription_Task:573) Altitude of homepoint: 3.486170. [0m
[32m[8.703][user]-[Info]-[UserFcSubscription_Task:586) Battery info: 39. [0m
[32m[8.703][user]-[Info]-[UserFcSubscription_Task:600) Flight status: 0. [0m
[32m[8.703][user]-[Info]-[UserFcSubscription_Task:620) Displaymode status: 6. [0m
[37m[8.703][user]-[Debug]-[UserFcSubscription_Task:633) Timestamp: millisecond 4524992 microsecond 230025095. [0m
[37m[8.703][user]-[Debug]-[UserFcSubscription_Task:634) Relative height fusion is 0.000000 m [0m
[37m[8.724][linker]-[Debug]-[DjiProtocol_v1Unpack:215) <0x4f36>V1-Recv: 0x0300->0x0A06 0x036C [0m
[37m[8.724][linker]-[Debug]-[DjiCommand_RecvWork:1066)  <0x4f36>Receive msg from linker, 0x0300->0x0A06 0x036C len:71 [0m
[37m[8.724][linker]-[Debug]-[DjiCommand_DealCmd:919) received unsupport request cmd that noneed ack, <0x4f36> cmdset: 0x03 cmdid: 0x6C [0m
[37m[8.743][linker]-[Debug]-[DjiProtocol_v1Unpack:215) <0x4f5c>V1-Recv: 0x0300->0x0A06 0x4900 [0m
[37m[8.743][linker]-[Debug]-[DjiCommand_RecvWork:1066)  <0x4f5c>Receive msg from linker, 0x0300->0x0A06 0x4900 len:14 [0m
[37m[8.743][linker]-[Debug]-[DjiProtocol_v1Pack:123) <0x4f5c>V1-Send: 0x0A06->0x0300 0x4900 [0m
[37m[8.750][linker]-[Debug]-[DjiProtocol_v1Unpack:215) <0xbc6>V1-Recv: 0x0701->0x0A06 0x0000 [0m
[37m[8.751][linker]-[Debug]-[DjiCommand_RecvWork:1066)  <0xbc6>Receive msg from linker, 0x0701->0x0A06 0x0000 len:16 [0m
[37m[8.751][linker]-[Debug]-[DjiProtocol_v1Pack:123) <0xbc6>V1-Send: 0x0A06->0x0701 0x0000 [0m
[37m[8.758][linker]-[Debug]-[DjiProtocol_v1Unpack:215) <0x223b>V1-Recv: 0x0800->0x0A06 0x0866 [0m
[37m[8.758][linker]-[Debug]-[DjiCommand_RecvWork:1066)  <0x223b>Receive msg from linker, 0x0800->0x0A06 0x0866 len:17 [0m
[37m[8.758][linker]-[Debug]-[DjiCommand_DealCmd:919) received unsupport request cmd that noneed ack, <0x223b> cmdset: 0x08 cmdid: 0x66 [0m
[37m[8.781][linker]-[Debug]-[DjiProtocol_v1Unpack:215) <0x4f9f>V1-Recv: 0x0300->0x0A06 0x221B [0m
[37m[8.782][linker]-[Debug]-[DjiCommand_RecvWork:1066)  <0x4f9f>Receive msg from linker, 0x0300->0x0A06 0x221B len:9 [0m
[37m[8.782][linker]-[Debug]-[DjiCommand_DealCmd:919) received unsupport request cmd that noneed ack, <0x4f9f> cmdset: 0x22 cmdid: 0x1B [0m
[37m[8.800][linker]-[Debug]-[DjiProtocol_v1Unpack:215) <0x4fbe>V1-Recv: 0x0306->0x0A06 0x03C1 [0m
[37m[8.801][linker]-[Debug]-[DjiCommand_RecvWork:1066)  <0x4fbe>Receive msg from linker, 0x0306->0x0A06 0x03C1 len:13 [0m
[37m[8.824][linker]-[Debug]-[DjiProtocol_v1Unpack:215) <0x4fdf>V1-Recv: 0x0300->0x0A06 0x036C [0m
[37m[8.824][linker]-[Debug]-[DjiCommand_RecvWork:1066)  <0x4fdf>Receive msg from linker, 0x0300->0x0A06 0x036C len:71 [0m
[37m[8.824][linker]-[Debug]-[DjiCommand_DealCmd:919) received unsupport request cmd that noneed ack, <0x4fdf> cmdset: 0x03 cmdid: 0x6C [0m
[37m[8.842][linker]-[Debug]-[DjiProtocol_v1Unpack:215) <0x4fff>V1-Recv: 0x0300->0x0A06 0x4900 [0m
[37m[8.842][linker]-[Debug]-[DjiCommand_RecvWork:1066)  <0x4fff>Receive msg from linker, 0x0300->0x0A06 0x4900 len:14 [0m
[37m[8.842][linker]-[Debug]-[DjiProtocol_v1Pack:123) <0x4fff>V1-Send: 0x0A06->0x0300 0x4900 [0m
[37m[8.881][linker]-[Debug]-[DjiProtocol_v1Unpack:215) <0x503f>V1-Recv: 0x0300->0x0A06 0x221B [0m
[37m[8.882][linker]-[Debug]-[DjiCommand_RecvWork:1066)  <0x503f>Receive msg from linker, 0x0300->0x0A06 0x221B len:9 [0m
[37m[8.882][linker]-[Debug]-[DjiCommand_DealCmd:919) received unsupport request cmd that noneed ack, <0x503f> cmdset: 0x22 cmdid: 0x1B [0m
[37m[8.901][linker]-[Debug]-[DjiProtocol_v1Unpack:215) <0x505e>V1-Recv: 0x0306->0x0A06 0x03C1 [0m
[37m[8.901][linker]-[Debug]-[DjiCommand_RecvWork:1066)  <0x505e>Receive msg from linker, 0x0306->0x0A06 0x03C1 len:13 [0m
[37m[8.912][linker]-[Debug]-[DjiProtocol_v1Pack:123) <0x5297>V1-Send: 0x0A06->0x0200 0x3C10 [0m
[37m[8.912][linker]-[Debug]-[DjiProtocol_v1Pack:123) <0x5298>V1-Send: 0x0A06->0x0A01 0x3C10 [0m
[37m[8.912][linker]-[Debug]-[DjiProtocol_v1Pack:123) <0x5299>V1-Send: 0x0A06->0x0300 0x3C10 [0m
[37m[8.924][linker]-[Debug]-[DjiProtocol_v1Unpack:215) <0x5087>V1-Recv: 0x0300->0x0A06 0x036C [0m
[37m[8.925][linker]-[Debug]-[DjiCommand_RecvWork:1066)  <0x5087>Receive msg from linker, 0x0300->0x0A06 0x036C len:71 [0m
[37m[8.925][linker]-[Debug]-[DjiCommand_DealCmd:919) received unsupport request cmd that noneed ack, <0x5087> cmdset: 0x03 cmdid: 0x6C [0m
[37m[8.943][linker]-[Debug]-[DjiProtocol_v1Unpack:215) <0x50b0>V1-Recv: 0x0300->0x0A06 0x4900 [0m
[37m[8.944][linker]-[Debug]-[DjiCommand_RecvWork:1066)  <0x50b0>Receive msg from linker, 0x0300->0x0A06 0x4900 len:14 [0m
[37m[8.944][linker]-[Debug]-[DjiProtocol_v1Pack:123) <0x50b0>V1-Send: 0x0A06->0x0300 0x4900 [0m
[37m[8.982][linker]-[Debug]-[DjiProtocol_v1Unpack:215) <0x50f2>V1-Recv: 0x0300->0x0A06 0x221B [0m
[37m[8.982][linker]-[Debug]-[DjiCommand_RecvWork:1066)  <0x50f2>Receive msg from linker, 0x0300->0x0A06 0x221B len:9 [0m
[37m[8.982][linker]-[Debug]-[DjiCommand_DealCmd:919) received unsupport request cmd that noneed ack, <0x50f2> cmdset: 0x22 cmdid: 0x1B [0m
[37m[9.000][linker]-[Debug]-[DjiProtocol_v1Unpack:215) <0x5110>V1-Recv: 0x0306->0x0A06 0x03C1 [0m
[37m[9.001][linker]-[Debug]-[DjiCommand_RecvWork:1066)  <0x5110>Receive msg from linker, 0x0306->0x0A06 0x03C1 len:13 [0m
[37m[9.008][linker]-[Debug]-[DjiProtocol_v1Unpack:215) <0x223c>V1-Recv: 0x0800->0x0A06 0x0866 [0m
[37m[9.008][linker]-[Debug]-[DjiCommand_RecvWork:1066)  <0x223c>Receive msg from linker, 0x0800->0x0A06 0x0866 len:17 [0m
[37m[9.008][linker]-[Debug]-[DjiCommand_DealCmd:919) received unsupport request cmd that noneed ack, <0x223c> cmdset: 0x08 cmdid: 0x66 [0m
[37m[9.024][linker]-[Debug]-[DjiProtocol_v1Unpack:215) <0x512f>V1-Recv: 0x0300->0x0A06 0x036C [0m
[37m[9.024][linker]-[Debug]-[DjiCommand_RecvWork:1066)  <0x512f>Receive msg from linker, 0x0300->0x0A06 0x036C len:71 [0m
[37m[9.024][linker]-[Debug]-[DjiCommand_DealCmd:919) received unsupport request cmd that noneed ack, <0x512f> cmdset: 0x03 cmdid: 0x6C [0m
[37m[9.042][linker]-[Debug]-[DjiProtocol_v1Unpack:215) <0x5150>V1-Recv: 0x0300->0x0A06 0x4900 [0m
[37m[9.042][linker]-[Debug]-[DjiCommand_RecvWork:1066)  <0x5150>Receive msg from linker, 0x0300->0x0A06 0x4900 len:14 [0m
[37m[9.042][linker]-[Debug]-[DjiProtocol_v1Pack:123) <0x5150>V1-Send: 0x0A06->0x0300 0x4900 [0m
[37m[9.084][linker]-[Debug]-[DjiProtocol_v1Unpack:215) <0x5190>V1-Recv: 0x0300->0x0A06 0x221B [0m
[37m[9.084][linker]-[Debug]-[DjiProtocol_v1Unpack:215) <0x5197>V1-Recv: 0x0300->0x0A06 0x0F74 [0m
[37m[9.084][linker]-[Debug]-[DjiProtocol_v1Unpack:215) <0x5198>V1-Recv: 0x0300->0x0100 0x0406 [0m
[37m[9.084][linker]-[Debug]-[DjiProtocol_v1Unpack:215) <0x5199>V1-Recv: 0x0300->0x0100 0x0407 [0m
[37m[9.085][linker]-[Debug]-[DjiCommand_RecvWork:1066)  <0x5190>Receive msg from linker, 0x0300->0x0A06 0x221B len:9 [0m
[37m[9.085][linker]-[Debug]-[DjiCommand_DealCmd:919) received unsupport request cmd that noneed ack, <0x5190> cmdset: 0x22 cmdid: 0x1B [0m
[37m[9.086][linker]-[Debug]-[DjiCommand_RecvWork:1066)  <0x5197>Receive msg from linker, 0x0300->0x0A06 0x0F74 len:28 [0m
[37m[9.086][linker]-[Debug]-[DjiCommand_DealCmd:919) received unsupport request cmd that noneed ack, <0x5197> cmdset: 0x0F cmdid: 0x74 [0m
[37m[9.087][linker]-[Debug]-[DjiCommand_RecvWork:1066)  <0x5198>Receive msg from linker, 0x0300->0x0100 0x0406 len:12 [0m
[37m[9.087][linker]-[Debug]-[DjiCommand_DealCmd:919) received unsupport request cmd that noneed ack, <0x5198> cmdset: 0x04 cmdid: 0x06 [0m
[37m[9.088][linker]-[Debug]-[DjiCommand_RecvWork:1066)  <0x5199>Receive msg from linker, 0x0300->0x0100 0x0407 len:1 [0m
[37m[9.088][linker]-[Debug]-[DjiCommand_DealCmd:919) received unsupport request cmd that noneed ack, <0x5199> cmdset: 0x04 cmdid: 0x07 [0m
[37m[9.100][linker]-[Debug]-[DjiProtocol_v1Unpack:215) <0x51b4>V1-Recv: 0x0306->0x0A06 0x03C1 [0m
[37m[9.101][linker]-[Debug]-[DjiCommand_RecvWork:1066)  <0x51b4>Receive msg from linker, 0x0306->0x0A06 0x03C1 len:13 [0m
[37m[9.124][linker]-[Debug]-[DjiProtocol_v1Unpack:215) <0x51d7>V1-Recv: 0x0300->0x0A06 0x036C [0m
[37m[9.124][linker]-[Debug]-[DjiCommand_RecvWork:1066)  <0x51d7>Receive msg from linker, 0x0300->0x0A06 0x036C len:71 [0m
[37m[9.124][linker]-[Debug]-[DjiCommand_DealCmd:919) received unsupport request cmd that noneed ack, <0x51d7> cmdset: 0x03 cmdid: 0x6C [0m
[37m[9.125][linker]-[Debug]-[DjiProtocol_v1Pack:123) <0x529a>V1-Send: 0x0A06->0x0200 0x3C10 [0m
[37m[9.125][linker]-[Debug]-[DjiProtocol_v1Pack:123) <0x529b>V1-Send: 0x0A06->0x0A01 0x3C10 [0m
[37m[9.125][linker]-[Debug]-[DjiProtocol_v1Pack:123) <0x529c>V1-Send: 0x0A06->0x0300 0x3C10 [0m
[37m[9.143][linker]-[Debug]-[DjiProtocol_v1Unpack:215) <0x5207>V1-Recv: 0x0300->0x0A06 0x4900 [0m
[37m[9.143][linker]-[Debug]-[DjiCommand_RecvWork:1066)  <0x5207>Receive msg from linker, 0x0300->0x0A06 0x4900 len:14 [0m
[37m[9.143][linker]-[Debug]-[DjiProtocol_v1Pack:123) <0x5207>V1-Send: 0x0A06->0x0300 0x4900 [0m
[37m[9.181][linker]-[Debug]-[DjiProtocol_v1Unpack:215) <0x524d>V1-Recv: 0x0300->0x0A06 0x221B [0m
[37m[9.182][linker]-[Debug]-[DjiCommand_RecvWork:1066)  <0x524d>Receive msg from linker, 0x0300->0x0A06 0x221B len:9 [0m
[37m[9.182][linker]-[Debug]-[DjiCommand_DealCmd:919) received unsupport request cmd that noneed ack, <0x524d> cmdset: 0x22 cmdid: 0x1B [0m
[37m[9.200][linker]-[Debug]-[DjiProtocol_v1Unpack:215) <0x5270>V1-Recv: 0x0306->0x0A06 0x03C1 [0m
[37m[9.201][linker]-[Debug]-[DjiCommand_RecvWork:1066)  <0x5270>Receive msg from linker, 0x0306->0x0A06 0x03C1 len:13 [0m
[37m[9.224][linker]-[Debug]-[DjiProtocol_v1Unpack:215) <0x5292>V1-Recv: 0x0300->0x0A06 0x036C [0m
[37m[9.224][linker]-[Debug]-[DjiCommand_RecvWork:1066)  <0x5292>Receive msg from linker, 0x0300->0x0A06 0x036C len:71 [0m
[37m[9.224][linker]-[Debug]-[DjiCommand_DealCmd:919) received unsupport request cmd that noneed ack, <0x5292> cmdset: 0x03 cmdid: 0x6C [0m
[37m[9.242][linker]-[Debug]-[DjiProtocol_v1Unpack:215) <0x52b0>V1-Recv: 0x0300->0x0A06 0x4900 [0m
[37m[9.242][linker]-[Debug]-[DjiCommand_RecvWork:1066)  <0x52b0>Receive msg from linker, 0x0300->0x0A06 0x4900 len:14 [0m
[37m[9.242][linker]-[Debug]-[DjiProtocol_v1Pack:123) <0x52b0>V1-Send: 0x0A06->0x0300 0x4900 [0m
[37m[9.258][linker]-[Debug]-[DjiProtocol_v1Unpack:215) <0x223d>V1-Recv: 0x0800->0x0A06 0x0866 [0m
[37m[9.258][linker]-[Debug]-[DjiCommand_RecvWork:1066)  <0x223d>Receive msg from linker, 0x0800->0x0A06 0x0866 len:17 [0m
[37m[9.258][linker]-[Debug]-[DjiCommand_DealCmd:919) received unsupport request cmd that noneed ack, <0x223d> cmdset: 0x08 cmdid: 0x66 [0m
[37m[9.281][linker]-[Debug]-[DjiProtocol_v1Unpack:215) <0x52f1>V1-Recv: 0x0300->0x0A06 0x221B [0m
[37m[9.282][linker]-[Debug]-[DjiCommand_RecvWork:1066)  <0x52f1>Receive msg from linker, 0x0300->0x0A06 0x221B len:9 [0m
[37m[9.282][linker]-[Debug]-[DjiCommand_DealCmd:919) received unsupport request cmd that noneed ack, <0x52f1> cmdset: 0x22 cmdid: 0x1B [0m
[37m[9.300][linker]-[Debug]-[DjiProtocol_v1Unpack:215) <0x5310>V1-Recv: 0x0306->0x0A06 0x03C1 [0m
[37m[9.301][linker]-[Debug]-[DjiCommand_RecvWork:1066)  <0x5310>Receive msg from linker, 0x0306->0x0A06 0x03C1 len:13 [0m
[37m[9.324][linker]-[Debug]-[DjiProtocol_v1Unpack:215) <0x5336>V1-Recv: 0x0300->0x0A06 0x036C [0m
[37m[9.324][linker]-[Debug]-[DjiCommand_RecvWork:1066)  <0x5336>Receive msg from linker, 0x0300->0x0A06 0x036C len:71 [0m
[37m[9.324][linker]-[Debug]-[DjiCommand_DealCmd:919) received unsupport request cmd that noneed ack, <0x5336> cmdset: 0x03 cmdid: 0x6C [0m
[37m[9.337][linker]-[Debug]-[DjiProtocol_v1Pack:123) <0x529d>V1-Send: 0x0A06->0x0300 0x0000 [0m
[37m[9.337][infor]-[Debug]-[DjiAircraftConnection_CheckExtensionPortConnectStatusByV1Protocol:170) check connect status:1 [0m
[37m[9.338][linker]-[Debug]-[DjiProtocol_v1Pack:123) <0x529e>V1-Send: 0x0A06->0x0200 0x3C10 [0m
[37m[9.338][linker]-[Debug]-[DjiProtocol_v1Pack:123) <0x529f>V1-Send: 0x0A06->0x0A01 0x3C10 [0m
[37m[9.338][linker]-[Debug]-[DjiProtocol_v1Pack:123) <0x52a0>V1-Send: 0x0A06->0x0300 0x3C10 [0m
[37m[9.341][linker]-[Debug]-[DjiProtocol_v1Unpack:215) <0x529d>V1-Recv: 0x0300->0x0A06 0x0000 [0m
[37m[9.341][linker]-[Debug]-[DjiCommand_RecvWork:1066)  <0x529d>Receive msg from linker, 0x0300->0x0A06 0x0000 len:0 [0m
[37m[9.341][infor]-[Debug]-[DjiAircraftInfo_CheckPingStatusAsyncCallback:269) connect status async sucess [0m
[37m[9.341][linker]-[Debug]-[DjiCommand_DealCmd:830) callback function (cmdset: 0x00 cmdid: 0x00) deal time: 0 ms [0m
[37m[9.343][linker]-[Debug]-[DjiProtocol_v1Unpack:215) <0x5363>V1-Recv: 0x0300->0x0A06 0x4900 [0m
[37m[9.343][linker]-[Debug]-[DjiCommand_RecvWork:1066)  <0x5363>Receive msg from linker, 0x0300->0x0A06 0x4900 len:14 [0m
[37m[9.343][linker]-[Debug]-[DjiProtocol_v1Pack:123) <0x5363>V1-Send: 0x0A06->0x0300 0x4900 [0m
[37m[9.381][linker]-[Debug]-[DjiProtocol_v1Unpack:215) <0x53ad>V1-Recv: 0x0300->0x0A06 0x221B [0m
[37m[9.382][linker]-[Debug]-[DjiCommand_RecvWork:1066)  <0x53ad>Receive msg from linker, 0x0300->0x0A06 0x221B len:9 [0m
[37m[9.382][linker]-[Debug]-[DjiCommand_DealCmd:919) received unsupport request cmd that noneed ack, <0x53ad> cmdset: 0x22 cmdid: 0x1B [0m
[37m[9.400][linker]-[Debug]-[DjiProtocol_v1Unpack:215) <0x53cb>V1-Recv: 0x0306->0x0A06 0x03C1 [0m
[37m[9.401][linker]-[Debug]-[DjiCommand_RecvWork:1066)  <0x53cb>Receive msg from linker, 0x0306->0x0A06 0x03C1 len:13 [0m
[37m[9.424][linker]-[Debug]-[DjiProtocol_v1Unpack:215) <0x53ee>V1-Recv: 0x0300->0x0A06 0x036C [0m
[37m[9.424][linker]-[Debug]-[DjiCommand_RecvWork:1066)  <0x53ee>Receive msg from linker, 0x0300->0x0A06 0x036C len:71 [0m
[37m[9.424][linker]-[Debug]-[DjiCommand_DealCmd:919) received unsupport request cmd that noneed ack, <0x53ee> cmdset: 0x03 cmdid: 0x6C [0m
[37m[9.442][linker]-[Debug]-[DjiProtocol_v1Unpack:215) <0x540c>V1-Recv: 0x0300->0x0A06 0x4900 [0m
[37m[9.442][linker]-[Debug]-[DjiCommand_RecvWork:1066)  <0x540c>Receive msg from linker, 0x0300->0x0A06 0x4900 len:14 [0m
[37m[9.442][linker]-[Debug]-[DjiProtocol_v1Pack:123) <0x540c>V1-Send: 0x0A06->0x0300 0x4900 [0m
[37m[9.468][linker]-[Debug]-[DjiProtocol_v1Unpack:215) <0xa63c>V1-Recv: 0x0202->0x0A06 0x0026 [0m
[37m[9.469][linker]-[Debug]-[DjiCommand_RecvWork:1066)  <0xa63c>Receive msg from linker, 0x0202->0x0A06 0x0026 len:37 [0m
[37m[9.469][linker]-[Debug]-[DjiCommand_DealCmd:919) received unsupport request cmd that need ack, <0xa63c> cmdset: 0x00 cmdid: 0x26 [0m
[37m[9.481][linker]-[Debug]-[DjiProtocol_v1Unpack:215) <0x544b>V1-Recv: 0x0300->0x0A06 0x221B [0m
[37m[9.482][linker]-[Debug]-[DjiCommand_RecvWork:1066)  <0x544b>Receive msg from linker, 0x0300->0x0A06 0x221B len:9 [0m
[37m[9.482][linker]-[Debug]-[DjiCommand_DealCmd:919) received unsupport request cmd that noneed ack, <0x544b> cmdset: 0x22 cmdid: 0x1B [0m
[37m[9.500][linker]-[Debug]-[DjiProtocol_v1Unpack:215) <0x546a>V1-Recv: 0x0306->0x0A06 0x03C1 [0m
[37m[9.501][linker]-[Debug]-[DjiCommand_RecvWork:1066)  <0x546a>Receive msg from linker, 0x0306->0x0A06 0x03C1 len:13 [0m
[37m[9.508][linker]-[Debug]-[DjiProtocol_v1Unpack:215) <0x223e>V1-Recv: 0x0800->0x0A06 0x0866 [0m
[37m[9.508][linker]-[Debug]-[DjiCommand_RecvWork:1066)  <0x223e>Receive msg from linker, 0x0800->0x0A06 0x0866 len:17 [0m
[37m[9.508][linker]-[Debug]-[DjiCommand_DealCmd:919) received unsupport request cmd that noneed ack, <0x223e> cmdset: 0x08 cmdid: 0x66 [0m
[37m[9.524][linker]-[Debug]-[DjiProtocol_v1Unpack:215) <0x548e>V1-Recv: 0x0300->0x0A06 0x036C [0m
[37m[9.524][linker]-[Debug]-[DjiCommand_RecvWork:1066)  <0x548e>Receive msg from linker, 0x0300->0x0A06 0x036C len:71 [0m
[37m[9.524][linker]-[Debug]-[DjiCommand_DealCmd:919) received unsupport request cmd that noneed ack, <0x548e> cmdset: 0x03 cmdid: 0x6C [0m
[37m[9.542][linker]-[Debug]-[DjiProtocol_v1Unpack:215) <0x54b5>V1-Recv: 0x0300->0x0A06 0x4900 [0m
[37m[9.542][linker]-[Debug]-[DjiCommand_RecvWork:1066)  <0x54b5>Receive msg from linker, 0x0300->0x0A06 0x4900 len:14 [0m
[37m[9.542][linker]-[Debug]-[DjiProtocol_v1Pack:123) <0x54b5>V1-Send: 0x0A06->0x0300 0x4900 [0m
[37m[9.551][linker]-[Debug]-[DjiProtocol_v1Pack:123) <0x52a1>V1-Send: 0x0A06->0x0200 0x3C10 [0m
[37m[9.551][linker]-[Debug]-[DjiProtocol_v1Pack:123) <0x52a2>V1-Send: 0x0A06->0x0A01 0x3C10 [0m
[37m[9.551][linker]-[Debug]-[DjiProtocol_v1Pack:123) <0x52a3>V1-Send: 0x0A06->0x0300 0x3C10 [0m
[37m[9.583][linker]-[Debug]-[DjiProtocol_v1Unpack:215) <0x54f9>V1-Recv: 0x0300->0x0A06 0x221B [0m
[37m[9.583][linker]-[Debug]-[DjiProtocol_v1Unpack:215) <0x54fb>V1-Recv: 0x0300->0x0100 0x0405 [0m
[37m[9.583][linker]-[Debug]-[DjiCommand_RecvWork:1066)  <0x54f9>Receive msg from linker, 0x0300->0x0A06 0x221B len:9 [0m
[37m[9.583][linker]-[Debug]-[DjiCommand_DealCmd:919) received unsupport request cmd that noneed ack, <0x54f9> cmdset: 0x22 cmdid: 0x1B [0m
[37m[9.584][linker]-[Debug]-[DjiCommand_RecvWork:1066)  <0x54fb>Receive msg from linker, 0x0300->0x0100 0x0405 len:22 [0m
[37m[9.584][linker]-[Debug]-[DjiCommand_DealCmd:919) received unsupport request cmd that noneed ack, <0x54fb> cmdset: 0x04 cmdid: 0x05 [0m
[37m[9.601][linker]-[Debug]-[DjiProtocol_v1Unpack:215) <0x5516>V1-Recv: 0x0306->0x0A06 0x03C1 [0m
[37m[9.601][linker]-[Debug]-[DjiCommand_RecvWork:1066)  <0x5516>Receive msg from linker, 0x0306->0x0A06 0x03C1 len:13 [0m
[37m[9.612][utils]-[Debug]-[DjiCore_RootTask:131) work execution time: [0m
[37m[9.612][utils]-[Debug]-[DjiCore_RootTask:132) name	                execution time (ms)	  max execution time (ms) [0m
[37m[9.612][utils]-[Debug]-[DjiCore_RootTask:134) recorderWork                    	0       	1        [0m
[37m[9.612][utils]-[Debug]-[DjiCore_RootTask:134) flowControllerTask              	0       	1        [0m
[37m[9.612][utils]-[Debug]-[DjiCore_RootTask:134) commandTask                     	1       	1        [0m
[37m[9.612][utils]-[Debug]-[DjiCore_RootTask:134) aircraftWorkNode                	0       	1        [0m
[37m[9.612][utils]-[Debug]-[DjiCore_RootTask:134) StatePushWork                   	1       	1        [0m
[37m[9.624][linker]-[Debug]-[DjiProtocol_v1Unpack:215) <0x5537>V1-Recv: 0x0300->0x0A06 0x036C [0m
[37m[9.624][linker]-[Debug]-[DjiCommand_RecvWork:1066)  <0x5537>Receive msg from linker, 0x0300->0x0A06 0x036C len:71 [0m
[37m[9.624][linker]-[Debug]-[DjiCommand_DealCmd:919) received unsupport request cmd that noneed ack, <0x5537> cmdset: 0x03 cmdid: 0x6C [0m
[37m[9.642][linker]-[Debug]-[DjiProtocol_v1Unpack:215) <0x5555>V1-Recv: 0x0300->0x0A06 0x4900 [0m
[37m[9.642][linker]-[Debug]-[DjiCommand_RecvWork:1066)  <0x5555>Receive msg from linker, 0x0300->0x0A06 0x4900 len:14 [0m
[37m[9.642][linker]-[Debug]-[DjiProtocol_v1Pack:123) <0x5555>V1-Send: 0x0A06->0x0300 0x4900 [0m
[37m[9.665][linker]-[Debug]-[DjiProtocol_v1Unpack:215) <0x5571>V1-Recv: 0x0306->0x0A06 0x03C1 [0m
[37m[9.665][linker]-[Debug]-[DjiCommand_RecvWork:1066)  <0x5571>Receive msg from linker, 0x0306->0x0A06 0x03C1 len:113 [0m
[37m[9.682][linker]-[Debug]-[DjiProtocol_v1Unpack:215) <0x5595>V1-Recv: 0x0300->0x0A06 0x221B [0m
[37m[9.682][linker]-[Debug]-[DjiCommand_RecvWork:1066)  <0x5595>Receive msg from linker, 0x0300->0x0A06 0x221B len:9 [0m
[37m[9.682][linker]-[Debug]-[DjiCommand_DealCmd:919) received unsupport request cmd that noneed ack, <0x5595> cmdset: 0x22 cmdid: 0x1B [0m
[37m[9.692][linker]-[Debug]-[DjiProtocol_v1Unpack:215) <0x119b>V1-Recv: 0x1D07->0x0A06 0x2105 [0m
[37m[9.693][linker]-[Debug]-[DjiCommand_RecvWork:1066)  <0x119b>Receive msg from linker, 0x1D07->0x0A06 0x2105 len:1 [0m
[37m[9.693][linker]-[Debug]-[DjiCommand_DealCmd:919) received unsupport request cmd that need ack, <0x119b> cmdset: 0x21 cmdid: 0x05 [0m
[37m[9.700][linker]-[Debug]-[DjiProtocol_v1Unpack:215) <0x55b2>V1-Recv: 0x0306->0x0A06 0x03C1 [0m
[37m[9.700][linker]-[Debug]-[DjiCommand_RecvWork:1066)  <0x55b2>Receive msg from linker, 0x0306->0x0A06 0x03C1 len:13 [0m
[32m[9.703][user]-[Info]-[UserFcSubscription_Task:458) gps position: x 117.120752 y 39.126565 z 10.346000. [0m
[32m[9.703][user]-[Info]-[UserFcSubscription_Task:470) gps total satellite number used: 5 9 17.
GPS fixState: 3.000000. [0m
[32m[9.703][user]-[Info]-[UserFcSubscription_Task:487) Homepoint info: lat->39.126699, lon->117.120801. [0m
[32m[9.703][user]-[Info]-[UserFcSubscription_Task:512) RTK position solution state: 16. [0m
[32m[9.703][user]-[Info]-[UserFcSubscription_Task:528) RTK position: 117.120656 39.126748 -10.097217. [0m
[32m[9.703][user]-[Info]-[UserFcSubscription_Task:573) Altitude of homepoint: 3.486291. [0m
[32m[9.703][user]-[Info]-[UserFcSubscription_Task:586) Battery info: 39. [0m
[32m[9.703][user]-[Info]-[UserFcSubscription_Task:600) Flight status: 0. [0m
[32m[9.703][user]-[Info]-[UserFcSubscription_Task:620) Displaymode status: 6. [0m
[37m[9.703][user]-[Debug]-[UserFcSubscription_Task:633) Timestamp: millisecond 4525992 microsecond 231025100. [0m
[37m[9.703][user]-[Debug]-[UserFcSubscription_Task:634) Relative height fusion is -0.000000 m [0m
[37m[9.724][linker]-[Debug]-[DjiProtocol_v1Unpack:215) <0x55d5>V1-Recv: 0x0300->0x0A06 0x036C [0m
[37m[9.725][linker]-[Debug]-[DjiCommand_RecvWork:1066)  <0x55d5>Receive msg from linker, 0x0300->0x0A06 0x036C len:71 [0m
[37m[9.725][linker]-[Debug]-[DjiCommand_DealCmd:919) received unsupport request cmd that noneed ack, <0x55d5> cmdset: 0x03 cmdid: 0x6C [0m
[37m[9.742][linker]-[Debug]-[DjiProtocol_v1Unpack:215) <0x55fc>V1-Recv: 0x0300->0x0A06 0x4900 [0m
[37m[9.743][linker]-[Debug]-[DjiCommand_RecvWork:1066)  <0x55fc>Receive msg from linker, 0x0300->0x0A06 0x4900 len:14 [0m
[37m[9.743][linker]-[Debug]-[DjiProtocol_v1Pack:123) <0x55fc>V1-Send: 0x0A06->0x0300 0x4900 [0m
[37m[9.751][linker]-[Debug]-[DjiProtocol_v1Unpack:215) <0xbc7>V1-Recv: 0x0701->0x0A06 0x0000 [0m
[37m[9.751][linker]-[Debug]-[DjiCommand_RecvWork:1066)  <0xbc7>Receive msg from linker, 0x0701->0x0A06 0x0000 len:16 [0m
[37m[9.751][linker]-[Debug]-[DjiProtocol_v1Pack:123) <0xbc7>V1-Send: 0x0A06->0x0701 0x0000 [0m
[37m[9.758][linker]-[Debug]-[DjiProtocol_v1Unpack:215) <0x223f>V1-Recv: 0x0800->0x0A06 0x0866 [0m
[37m[9.759][linker]-[Debug]-[DjiCommand_RecvWork:1066)  <0x223f>Receive msg from linker, 0x0800->0x0A06 0x0866 len:17 [0m
[37m[9.759][linker]-[Debug]-[DjiCommand_DealCmd:919) received unsupport request cmd that noneed ack, <0x223f> cmdset: 0x08 cmdid: 0x66 [0m
[37m[9.764][linker]-[Debug]-[DjiProtocol_v1Pack:123) <0x52a4>V1-Send: 0x0A06->0x0200 0x3C10 [0m
[37m[9.764][linker]-[Debug]-[DjiProtocol_v1Pack:123) <0x52a5>V1-Send: 0x0A06->0x0A01 0x3C10 [0m
[37m[9.764][linker]-[Debug]-[DjiProtocol_v1Pack:123) <0x52a6>V1-Send: 0x0A06->0x0300 0x3C10 [0m
[37m[9.782][linker]-[Debug]-[DjiProtocol_v1Unpack:215) <0x5642>V1-Recv: 0x0300->0x0A06 0x221B [0m
[37m[9.782][linker]-[Debug]-[DjiCommand_RecvWork:1066)  <0x5642>Receive msg from linker, 0x0300->0x0A06 0x221B len:9 [0m
[37m[9.782][linker]-[Debug]-[DjiCommand_DealCmd:919) received unsupport request cmd that noneed ack, <0x5642> cmdset: 0x22 cmdid: 0x1B [0m
[37m[9.800][linker]-[Debug]-[DjiProtocol_v1Unpack:215) <0x565e>V1-Recv: 0x0306->0x0A06 0x03C1 [0m
[37m[9.800][linker]-[Debug]-[DjiCommand_RecvWork:1066)  <0x565e>Receive msg from linker, 0x0306->0x0A06 0x03C1 len:13 [0m
[37m[9.823][linker]-[Debug]-[DjiProtocol_v1Unpack:215) <0x567d>V1-Recv: 0x0300->0x0A06 0x036C [0m
[37m[9.824][linker]-[Debug]-[DjiCommand_RecvWork:1066)  <0x567d>Receive msg from linker, 0x0300->0x0A06 0x036C len:71 [0m
[37m[9.824][linker]-[Debug]-[DjiCommand_DealCmd:919) received unsupport request cmd that noneed ack, <0x567d> cmdset: 0x03 cmdid: 0x6C [0m
[37m[9.843][linker]-[Debug]-[DjiProtocol_v1Unpack:215) <0x569d>V1-Recv: 0x0300->0x0A06 0x4900 [0m
[37m[9.843][linker]-[Debug]-[DjiCommand_RecvWork:1066)  <0x569d>Receive msg from linker, 0x0300->0x0A06 0x4900 len:14 [0m
[37m[9.843][linker]-[Debug]-[DjiProtocol_v1Pack:123) <0x569d>V1-Send: 0x0A06->0x0300 0x4900 [0m
[37m[9.881][linker]-[Debug]-[DjiProtocol_v1Unpack:215) <0x56dd>V1-Recv: 0x0300->0x0A06 0x221B [0m
[37m[9.882][linker]-[Debug]-[DjiCommand_RecvWork:1066)  <0x56dd>Receive msg from linker, 0x0300->0x0A06 0x221B len:9 [0m
[37m[9.882][linker]-[Debug]-[DjiCommand_DealCmd:919) received unsupport request cmd that noneed ack, <0x56dd> cmdset: 0x22 cmdid: 0x1B [0m
[37m[9.900][linker]-[Debug]-[DjiProtocol_v1Unpack:215) <0x56fb>V1-Recv: 0x0306->0x0A06 0x03C1 [0m
[37m[9.901][linker]-[Debug]-[DjiCommand_RecvWork:1066)  <0x56fb>Receive msg from linker, 0x0306->0x0A06 0x03C1 len:13 [0m
[37m[9.924][linker]-[Debug]-[DjiProtocol_v1Unpack:215) <0x571e>V1-Recv: 0x0300->0x0A06 0x036C [0m
[37m[9.924][linker]-[Debug]-[DjiCommand_RecvWork:1066)  <0x571e>Receive msg from linker, 0x0300->0x0A06 0x036C len:71 [0m
[37m[9.924][linker]-[Debug]-[DjiCommand_DealCmd:919) received unsupport request cmd that noneed ack, <0x571e> cmdset: 0x03 cmdid: 0x6C [0m
[37m[9.943][linker]-[Debug]-[DjiProtocol_v1Unpack:215) <0x574c>V1-Recv: 0x0300->0x0A06 0x4900 [0m
[37m[9.943][linker]-[Debug]-[DjiCommand_RecvWork:1066)  <0x574c>Receive msg from linker, 0x0300->0x0A06 0x4900 len:14 [0m
[37m[9.943][linker]-[Debug]-[DjiProtocol_v1Pack:123) <0x574c>V1-Send: 0x0A06->0x0300 0x4900 [0m
[37m[9.978][linker]-[Debug]-[DjiProtocol_v1Pack:123) <0x52a7>V1-Send: 0x0A06->0x0200 0x3C10 [0m
[37m[9.978][linker]-[Debug]-[DjiProtocol_v1Pack:123) <0x52a8>V1-Send: 0x0A06->0x0A01 0x3C10 [0m
[37m[9.978][linker]-[Debug]-[DjiProtocol_v1Pack:123) <0x52a9>V1-Send: 0x0A06->0x0300 0x3C10 [0m
[37m[9.981][linker]-[Debug]-[DjiProtocol_v1Unpack:215) <0x5790>V1-Recv: 0x0300->0x0A06 0x221B [0m
[37m[9.982][linker]-[Debug]-[DjiCommand_RecvWork:1066)  <0x5790>Receive msg from linker, 0x0300->0x0A06 0x221B len:9 [0m
[37m[9.982][linker]-[Debug]-[DjiCommand_DealCmd:919) received unsupport request cmd that noneed ack, <0x5790> cmdset: 0x22 cmdid: 0x1B [0m
[37m[10.001][linker]-[Debug]-[DjiProtocol_v1Unpack:215) <0x57ac>V1-Recv: 0x0306->0x0A06 0x03C1 [0m
[37m[10.001][linker]-[Debug]-[DjiCommand_RecvWork:1066)  <0x57ac>Receive msg from linker, 0x0306->0x0A06 0x03C1 len:13 [0m
[37m[10.008][linker]-[Debug]-[DjiProtocol_v1Unpack:215) <0x2240>V1-Recv: 0x0800->0x0A06 0x0866 [0m
[37m[10.009][linker]-[Debug]-[DjiCommand_RecvWork:1066)  <0x2240>Receive msg from linker, 0x0800->0x0A06 0x0866 len:17 [0m
[37m[10.009][linker]-[Debug]-[DjiCommand_DealCmd:919) received unsupport request cmd that noneed ack, <0x2240> cmdset: 0x08 cmdid: 0x66 [0m
[37m[10.024][linker]-[Debug]-[DjiProtocol_v1Unpack:215) <0x57cc>V1-Recv: 0x0300->0x0A06 0x036C [0m
[37m[10.025][linker]-[Debug]-[DjiCommand_RecvWork:1066)  <0x57cc>Receive msg from linker, 0x0300->0x0A06 0x036C len:71 [0m
[37m[10.025][linker]-[Debug]-[DjiCommand_DealCmd:919) received unsupport request cmd that noneed ack, <0x57cc> cmdset: 0x03 cmdid: 0x6C [0m
[37m[10.042][linker]-[Debug]-[DjiProtocol_v1Unpack:215) <0x57eb>V1-Recv: 0x0300->0x0A06 0x4900 [0m
[37m[10.043][linker]-[Debug]-[DjiCommand_RecvWork:1066)  <0x57eb>Receive msg from linker, 0x0300->0x0A06 0x4900 len:14 [0m
[37m[10.043][linker]-[Debug]-[DjiProtocol_v1Pack:123) <0x57eb>V1-Send: 0x0A06->0x0300 0x4900 [0m
[37m[10.085][linker]-[Debug]-[DjiProtocol_v1Unpack:215) <0x582c>V1-Recv: 0x0300->0x0A06 0x221B [0m
[37m[10.085][linker]-[Debug]-[DjiProtocol_v1Unpack:215) <0x5833>V1-Recv: 0x0300->0x0A06 0x0F74 [0m
[37m[10.085][linker]-[Debug]-[DjiProtocol_v1Unpack:215) <0x5834>V1-Recv: 0x0300->0x0100 0x0406 [0m
[37m[10.085][linker]-[Debug]-[DjiProtocol_v1Unpack:215) <0x5835>V1-Recv: 0x0300->0x0100 0x0407 [0m
[37m[10.085][linker]-[Debug]-[DjiCommand_RecvWork:1066)  <0x582c>Receive msg from linker, 0x0300->0x0A06 0x221B len:9 [0m
[37m[10.085][linker]-[Debug]-[DjiCommand_DealCmd:919) received unsupport request cmd that noneed ack, <0x582c> cmdset: 0x22 cmdid: 0x1B [0m
[37m[10.087][linker]-[Debug]-[DjiCommand_RecvWork:1066)  <0x5833>Receive msg from linker, 0x0300->0x0A06 0x0F74 len:28 [0m
[37m[10.087][linker]-[Debug]-[DjiCommand_DealCmd:919) received unsupport request cmd that noneed ack, <0x5833> cmdset: 0x0F cmdid: 0x74 [0m
[37m[10.088][linker]-[Debug]-[DjiCommand_RecvWork:1066)  <0x5834>Receive msg from linker, 0x0300->0x0100 0x0406 len:12 [0m
[37m[10.088][linker]-[Debug]-[DjiCommand_DealCmd:919) received unsupport request cmd that noneed ack, <0x5834> cmdset: 0x04 cmdid: 0x06 [0m
[37m[10.089][linker]-[Debug]-[DjiCommand_RecvWork:1066)  <0x5835>Receive msg from linker, 0x0300->0x0100 0x0407 len:1 [0m
[37m[10.089][linker]-[Debug]-[DjiCommand_DealCmd:919) received unsupport request cmd that noneed ack, <0x5835> cmdset: 0x04 cmdid: 0x07 [0m
[37m[10.100][linker]-[Debug]-[DjiProtocol_v1Unpack:215) <0x5850>V1-Recv: 0x0306->0x0A06 0x03C1 [0m
[37m[10.102][linker]-[Debug]-[DjiCommand_RecvWork:1066)  <0x5850>Receive msg from linker, 0x0306->0x0A06 0x03C1 len:13 [0m
[37m[10.124][linker]-[Debug]-[DjiProtocol_v1Unpack:215) <0x5873>V1-Recv: 0x0300->0x0A06 0x036C [0m
[37m[10.124][linker]-[Debug]-[DjiCommand_RecvWork:1066)  <0x5873>Receive msg from linker, 0x0300->0x0A06 0x036C len:71 [0m
[37m[10.124][linker]-[Debug]-[DjiCommand_DealCmd:919) received unsupport request cmd that noneed ack, <0x5873> cmdset: 0x03 cmdid: 0x6C [0m
[37m[10.143][linker]-[Debug]-[DjiProtocol_v1Unpack:215) <0x58a2>V1-Recv: 0x0300->0x0A06 0x4900 [0m
[37m[10.143][linker]-[Debug]-[DjiCommand_RecvWork:1066)  <0x58a2>Receive msg from linker, 0x0300->0x0A06 0x4900 len:14 [0m
[37m[10.143][linker]-[Debug]-[DjiProtocol_v1Pack:123) <0x58a2>V1-Send: 0x0A06->0x0300 0x4900 [0m
[37m[10.181][linker]-[Debug]-[DjiProtocol_v1Unpack:215) <0x58e8>V1-Recv: 0x0300->0x0A06 0x221B [0m
[37m[10.182][linker]-[Debug]-[DjiCommand_RecvWork:1066)  <0x58e8>Receive msg from linker, 0x0300->0x0A06 0x221B len:9 [0m
[37m[10.182][linker]-[Debug]-[DjiCommand_DealCmd:919) received unsupport request cmd that noneed ack, <0x58e8> cmdset: 0x22 cmdid: 0x1B [0m
[37m[10.191][linker]-[Debug]-[DjiProtocol_v1Pack:123) <0x52aa>V1-Send: 0x0A06->0x0200 0x3C10 [0m
[37m[10.191][linker]-[Debug]-[DjiProtocol_v1Pack:123) <0x52ab>V1-Send: 0x0A06->0x0A01 0x3C10 [0m
[37m[10.191][linker]-[Debug]-[DjiProtocol_v1Pack:123) <0x52ac>V1-Send: 0x0A06->0x0300 0x3C10 [0m
[37m[10.200][linker]-[Debug]-[DjiProtocol_v1Unpack:215) <0x590a>V1-Recv: 0x0306->0x0A06 0x03C1 [0m
[37m[10.201][linker]-[Debug]-[DjiCommand_RecvWork:1066)  <0x590a>Receive msg from linker, 0x0306->0x0A06 0x03C1 len:13 [0m
[37m[10.224][linker]-[Debug]-[DjiProtocol_v1Unpack:215) <0x592c>V1-Recv: 0x0300->0x0A06 0x036C [0m
[37m[10.224][linker]-[Debug]-[DjiCommand_RecvWork:1066)  <0x592c>Receive msg from linker, 0x0300->0x0A06 0x036C len:71 [0m
[37m[10.224][linker]-[Debug]-[DjiCommand_DealCmd:919) received unsupport request cmd that noneed ack, <0x592c> cmdset: 0x03 cmdid: 0x6C [0m
[37m[10.242][linker]-[Debug]-[DjiProtocol_v1Unpack:215) <0x594a>V1-Recv: 0x0300->0x0A06 0x4900 [0m
[37m[10.242][linker]-[Debug]-[DjiCommand_RecvWork:1066)  <0x594a>Receive msg from linker, 0x0300->0x0A06 0x4900 len:14 [0m
[37m[10.242][linker]-[Debug]-[DjiProtocol_v1Pack:123) <0x594a>V1-Send: 0x0A06->0x0300 0x4900 [0m
[37m[10.258][linker]-[Debug]-[DjiProtocol_v1Unpack:215) <0x2241>V1-Recv: 0x0800->0x0A06 0x0866 [0m
[37m[10.258][linker]-[Debug]-[DjiCommand_RecvWork:1066)  <0x2241>Receive msg from linker, 0x0800->0x0A06 0x0866 len:17 [0m
[37m[10.258][linker]-[Debug]-[DjiCommand_DealCmd:919) received unsupport request cmd that noneed ack, <0x2241> cmdset: 0x08 cmdid: 0x66 [0m
[37m[10.281][linker]-[Debug]-[DjiProtocol_v1Unpack:215) <0x598b>V1-Recv: 0x0300->0x0A06 0x221B [0m
[37m[10.282][linker]-[Debug]-[DjiCommand_RecvWork:1066)  <0x598b>Receive msg from linker, 0x0300->0x0A06 0x221B len:9 [0m
[37m[10.282][linker]-[Debug]-[DjiCommand_DealCmd:919) received unsupport request cmd that noneed ack, <0x598b> cmdset: 0x22 cmdid: 0x1B [0m
[37m[10.300][linker]-[Debug]-[DjiProtocol_v1Unpack:215) <0x59aa>V1-Recv: 0x0306->0x0A06 0x03C1 [0m
[37m[10.301][linker]-[Debug]-[DjiCommand_RecvWork:1066)  <0x59aa>Receive msg from linker, 0x0306->0x0A06 0x03C1 len:13 [0m
[37m[10.324][linker]-[Debug]-[DjiProtocol_v1Unpack:215) <0x59d0>V1-Recv: 0x0300->0x0A06 0x036C [0m
[37m[10.325][linker]-[Debug]-[DjiCommand_RecvWork:1066)  <0x59d0>Receive msg from linker, 0x0300->0x0A06 0x036C len:71 [0m
[37m[10.325][linker]-[Debug]-[DjiCommand_DealCmd:919) received unsupport request cmd that noneed ack, <0x59d0> cmdset: 0x03 cmdid: 0x6C [0m
[37m[10.343][linker]-[Debug]-[DjiProtocol_v1Unpack:215) <0x59fc>V1-Recv: 0x0300->0x0A06 0x4900 [0m
[37m[10.344][linker]-[Debug]-[DjiCommand_RecvWork:1066)  <0x59fc>Receive msg from linker, 0x0300->0x0A06 0x4900 len:14 [0m
[37m[10.344][linker]-[Debug]-[DjiProtocol_v1Pack:123) <0x59fc>V1-Send: 0x0A06->0x0300 0x4900 [0m
[37m[10.381][linker]-[Debug]-[DjiProtocol_v1Unpack:215) <0x5a47>V1-Recv: 0x0300->0x0A06 0x221B [0m
[37m[10.382][linker]-[Debug]-[DjiCommand_RecvWork:1066)  <0x5a47>Receive msg from linker, 0x0300->0x0A06 0x221B len:9 [0m
[37m[10.382][linker]-[Debug]-[DjiCommand_DealCmd:919) received unsupport request cmd that noneed ack, <0x5a47> cmdset: 0x22 cmdid: 0x1B [0m
[37m[10.400][linker]-[Debug]-[DjiProtocol_v1Unpack:215) <0x5a65>V1-Recv: 0x0306->0x0A06 0x03C1 [0m
[37m[10.400][linker]-[Debug]-[DjiCommand_RecvWork:1066)  <0x5a65>Receive msg from linker, 0x0306->0x0A06 0x03C1 len:13 [0m
[37m[10.404][linker]-[Debug]-[DjiProtocol_v1Pack:123) <0x52ad>V1-Send: 0x0A06->0x0300 0x0000 [0m
[37m[10.404][infor]-[Debug]-[DjiAircraftConnection_CheckExtensionPortConnectStatusByV1Protocol:170) check connect status:1 [0m
[37m[10.405][linker]-[Debug]-[DjiProtocol_v1Pack:123) <0x52ae>V1-Send: 0x0A06->0x0200 0x3C10 [0m
[37m[10.405][linker]-[Debug]-[DjiProtocol_v1Pack:123) <0x52af>V1-Send: 0x0A06->0x0A01 0x3C10 [0m
[37m[10.405][linker]-[Debug]-[DjiProtocol_v1Pack:123) <0x52b0>V1-Send: 0x0A06->0x0300 0x3C10 [0m
[37m[10.425][linker]-[Debug]-[DjiProtocol_v1Unpack:215) <0x52ad>V1-Recv: 0x0300->0x0A06 0x0000 [0m
[37m[10.425][linker]-[Debug]-[DjiProtocol_v1Unpack:215) <0x5a88>V1-Recv: 0x0300->0x0A06 0x036C [0m
[37m[10.425][linker]-[Debug]-[DjiCommand_RecvWork:1066)  <0x52ad>Receive msg from linker, 0x0300->0x0A06 0x0000 len:0 [0m
[37m[10.425][infor]-[Debug]-[DjiAircraftInfo_CheckPingStatusAsyncCallback:269) connect status async sucess [0m
[37m[10.425][linker]-[Debug]-[DjiCommand_DealCmd:830) callback function (cmdset: 0x00 cmdid: 0x00) deal time: 0 ms [0m
[37m[10.426][linker]-[Debug]-[DjiCommand_RecvWork:1066)  <0x5a88>Receive msg from linker, 0x0300->0x0A06 0x036C len:71 [0m
[37m[10.426][linker]-[Debug]-[DjiCommand_DealCmd:919) received unsupport request cmd that noneed ack, <0x5a88> cmdset: 0x03 cmdid: 0x6C [0m
[37m[10.442][linker]-[Debug]-[DjiProtocol_v1Unpack:215) <0x5aa6>V1-Recv: 0x0300->0x0A06 0x4900 [0m
[37m[10.442][linker]-[Debug]-[DjiCommand_RecvWork:1066)  <0x5aa6>Receive msg from linker, 0x0300->0x0A06 0x4900 len:14 [0m
[37m[10.442][linker]-[Debug]-[DjiProtocol_v1Pack:123) <0x5aa6>V1-Send: 0x0A06->0x0300 0x4900 [0m
[37m[10.481][linker]-[Debug]-[DjiProtocol_v1Unpack:215) <0x5ae5>V1-Recv: 0x0300->0x0A06 0x221B [0m
[37m[10.481][linker]-[Debug]-[DjiCommand_RecvWork:1066)  <0x5ae5>Receive msg from linker, 0x0300->0x0A06 0x221B len:9 [0m
[37m[10.481][linker]-[Debug]-[DjiCommand_DealCmd:919) received unsupport request cmd that noneed ack, <0x5ae5> cmdset: 0x22 cmdid: 0x1B [0m
[37m[10.501][linker]-[Debug]-[DjiProtocol_v1Unpack:215) <0x5b02>V1-Recv: 0x0306->0x0A06 0x03C1 [0m
[37m[10.501][linker]-[Debug]-[DjiCommand_RecvWork:1066)  <0x5b02>Receive msg from linker, 0x0306->0x0A06 0x03C1 len:13 [0m
[37m[10.508][linker]-[Debug]-[DjiProtocol_v1Unpack:215) <0x2242>V1-Recv: 0x0800->0x0A06 0x0866 [0m
[37m[10.508][linker]-[Debug]-[DjiCommand_RecvWork:1066)  <0x2242>Receive msg from linker, 0x0800->0x0A06 0x0866 len:17 [0m
[37m[10.508][linker]-[Debug]-[DjiCommand_DealCmd:919) received unsupport request cmd that noneed ack, <0x2242> cmdset: 0x08 cmdid: 0x66 [0m
[37m[10.524][linker]-[Debug]-[DjiProtocol_v1Unpack:215) <0x5b27>V1-Recv: 0x0300->0x0A06 0x036C [0m
[37m[10.524][linker]-[Debug]-[DjiCommand_RecvWork:1066)  <0x5b27>Receive msg from linker, 0x0300->0x0A06 0x036C len:71 [0m
[37m[10.524][linker]-[Debug]-[DjiCommand_DealCmd:919) received unsupport request cmd that noneed ack, <0x5b27> cmdset: 0x03 cmdid: 0x6C [0m
[37m[10.542][linker]-[Debug]-[DjiProtocol_v1Unpack:215) <0x5b4e>V1-Recv: 0x0300->0x0A06 0x4900 [0m
[37m[10.542][linker]-[Debug]-[DjiCommand_RecvWork:1066)  <0x5b4e>Receive msg from linker, 0x0300->0x0A06 0x4900 len:14 [0m
[37m[10.542][linker]-[Debug]-[DjiProtocol_v1Pack:123) <0x5b4e>V1-Send: 0x0A06->0x0300 0x4900 [0m
[37m[10.582][linker]-[Debug]-[DjiProtocol_v1Unpack:215) <0x5b92>V1-Recv: 0x0300->0x0A06 0x221B [0m
[37m[10.582][linker]-[Debug]-[DjiProtocol_v1Unpack:215) <0x5b94>V1-Recv: 0x0300->0x0100 0x0405 [0m
[37m[10.583][linker]-[Debug]-[DjiCommand_RecvWork:1066)  <0x5b92>Receive msg from linker, 0x0300->0x0A06 0x221B len:9 [0m
[37m[10.583][linker]-[Debug]-[DjiCommand_DealCmd:919) received unsupport request cmd that noneed ack, <0x5b92> cmdset: 0x22 cmdid: 0x1B [0m
[37m[10.584][linker]-[Debug]-[DjiCommand_RecvWork:1066)  <0x5b94>Receive msg from linker, 0x0300->0x0100 0x0405 len:22 [0m
[37m[10.584][linker]-[Debug]-[DjiCommand_DealCmd:919) received unsupport request cmd that noneed ack, <0x5b94> cmdset: 0x04 cmdid: 0x05 [0m
[37m[10.600][linker]-[Debug]-[DjiProtocol_v1Unpack:215) <0x5baf>V1-Recv: 0x0306->0x0A06 0x03C1 [0m
[37m[10.601][linker]-[Debug]-[DjiCommand_RecvWork:1066)  <0x5baf>Receive msg from linker, 0x0306->0x0A06 0x03C1 len:13 [0m
[37m[10.618][linker]-[Debug]-[DjiProtocol_v1Pack:123) <0x52b1>V1-Send: 0x0A06->0x0200 0x3C10 [0m
[37m[10.618][linker]-[Debug]-[DjiProtocol_v1Pack:123) <0x52b2>V1-Send: 0x0A06->0x0A01 0x3C10 [0m
[37m[10.618][linker]-[Debug]-[DjiProtocol_v1Pack:123) <0x52b3>V1-Send: 0x0A06->0x0300 0x3C10 [0m
[37m[10.624][linker]-[Debug]-[DjiProtocol_v1Unpack:215) <0x5bcf>V1-Recv: 0x0300->0x0A06 0x036C [0m
[37m[10.624][linker]-[Debug]-[DjiCommand_RecvWork:1066)  <0x5bcf>Receive msg from linker, 0x0300->0x0A06 0x036C len:71 [0m
[37m[10.624][linker]-[Debug]-[DjiCommand_DealCmd:919) received unsupport request cmd that noneed ack, <0x5bcf> cmdset: 0x03 cmdid: 0x6C [0m
[37m[10.642][linker]-[Debug]-[DjiProtocol_v1Unpack:215) <0x5bed>V1-Recv: 0x0300->0x0A06 0x4900 [0m
[37m[10.642][linker]-[Debug]-[DjiCommand_RecvWork:1066)  <0x5bed>Receive msg from linker, 0x0300->0x0A06 0x4900 len:14 [0m
[37m[10.642][linker]-[Debug]-[DjiProtocol_v1Pack:123) <0x5bed>V1-Send: 0x0A06->0x0300 0x4900 [0m
[37m[10.665][linker]-[Debug]-[DjiProtocol_v1Unpack:215) <0x5c09>V1-Recv: 0x0306->0x0A06 0x03C1 [0m
[37m[10.666][linker]-[Debug]-[DjiCommand_RecvWork:1066)  <0x5c09>Receive msg from linker, 0x0306->0x0A06 0x03C1 len:113 [0m
[37m[10.679][utils]-[Debug]-[DjiCore_RootTask:131) work execution time: [0m
[37m[10.679][utils]-[Debug]-[DjiCore_RootTask:132) name	                execution time (ms)	  max execution time (ms) [0m
[37m[10.679][utils]-[Debug]-[DjiCore_RootTask:134) recorderWork                    	0       	1        [0m
[37m[10.679][utils]-[Debug]-[DjiCore_RootTask:134) flowControllerTask              	0       	1        [0m
[37m[10.679][utils]-[Debug]-[DjiCore_RootTask:134) commandTask                     	1       	1        [0m
[37m[10.679][utils]-[Debug]-[DjiCore_RootTask:134) aircraftWorkNode                	0       	1        [0m
[37m[10.679][utils]-[Debug]-[DjiCore_RootTask:134) StatePushWork                   	1       	1        [0m
[37m[10.681][linker]-[Debug]-[DjiProtocol_v1Unpack:215) <0x5c2f>V1-Recv: 0x0300->0x0A06 0x221B [0m
[37m[10.682][linker]-[Debug]-[DjiCommand_RecvWork:1066)  <0x5c2f>Receive msg from linker, 0x0300->0x0A06 0x221B len:9 [0m
[37m[10.682][linker]-[Debug]-[DjiCommand_DealCmd:919) received unsupport request cmd that noneed ack, <0x5c2f> cmdset: 0x22 cmdid: 0x1B [0m
[37m[10.695][linker]-[Debug]-[DjiProtocol_v1Unpack:215) <0x119c>V1-Recv: 0x1D07->0x0A06 0x2105 [0m
[37m[10.696][linker]-[Debug]-[DjiCommand_RecvWork:1066)  <0x119c>Receive msg from linker, 0x1D07->0x0A06 0x2105 len:1 [0m
[37m[10.696][linker]-[Debug]-[DjiCommand_DealCmd:919) received unsupport request cmd that need ack, <0x119c> cmdset: 0x21 cmdid: 0x05 [0m
[37m[10.700][linker]-[Debug]-[DjiProtocol_v1Unpack:215) <0x5c4c>V1-Recv: 0x0306->0x0A06 0x03C1 [0m
[37m[10.700][linker]-[Debug]-[DjiCommand_RecvWork:1066)  <0x5c4c>Receive msg from linker, 0x0306->0x0A06 0x03C1 len:13 [0m
[32m[10.703][user]-[Info]-[UserFcSubscription_Task:458) gps position: x 117.120753 y 39.126563 z 10.440000. [0m
[32m[10.703][user]-[Info]-[UserFcSubscription_Task:470) gps total satellite number used: 5 9 17.
GPS fixState: 3.000000. [0m
[32m[10.703][user]-[Info]-[UserFcSubscription_Task:487) Homepoint info: lat->39.126699, lon->117.120801. [0m
[32m[10.703][user]-[Info]-[UserFcSubscription_Task:512) RTK position solution state: 16. [0m
[32m[10.703][user]-[Info]-[UserFcSubscription_Task:528) RTK position: 117.120656 39.126748 -10.097323. [0m
[32m[10.703][user]-[Info]-[UserFcSubscription_Task:573) Altitude of homepoint: 3.485316. [0m
[32m[10.703][user]-[Info]-[UserFcSubscription_Task:586) Battery info: 39. [0m
[32m[10.703][user]-[Info]-[UserFcSubscription_Task:600) Flight status: 0. [0m
[32m[10.703][user]-[Info]-[UserFcSubscription_Task:620) Displaymode status: 6. [0m
[37m[10.703][user]-[Debug]-[UserFcSubscription_Task:633) Timestamp: millisecond 4526992 microsecond 232025099. [0m
[37m[10.703][user]-[Debug]-[UserFcSubscription_Task:634) Relative height fusion is -0.000000 m [0m
[37m[10.724][linker]-[Debug]-[DjiProtocol_v1Unpack:215) <0x5c6f>V1-Recv: 0x0300->0x0A06 0x036C [0m
[37m[10.724][linker]-[Debug]-[DjiCommand_RecvWork:1066)  <0x5c6f>Receive msg from linker, 0x0300->0x0A06 0x036C len:71 [0m
[37m[10.724][linker]-[Debug]-[DjiCommand_DealCmd:919) received unsupport request cmd that noneed ack, <0x5c6f> cmdset: 0x03 cmdid: 0x6C [0m
[37m[10.742][linker]-[Debug]-[DjiProtocol_v1Unpack:215) <0x5c96>V1-Recv: 0x0300->0x0A06 0x4900 [0m
[37m[10.742][linker]-[Debug]-[DjiCommand_RecvWork:1066)  <0x5c96>Receive msg from linker, 0x0300->0x0A06 0x4900 len:14 [0m
[37m[10.742][linker]-[Debug]-[DjiProtocol_v1Pack:123) <0x5c96>V1-Send: 0x0A06->0x0300 0x4900 [0m
[37m[10.750][linker]-[Debug]-[DjiProtocol_v1Unpack:215) <0xbc8>V1-Recv: 0x0701->0x0A06 0x0000 [0m
[37m[10.751][linker]-[Debug]-[DjiCommand_RecvWork:1066)  <0xbc8>Receive msg from linker, 0x0701->0x0A06 0x0000 len:16 [0m
[37m[10.751][linker]-[Debug]-[DjiProtocol_v1Pack:123) <0xbc8>V1-Send: 0x0A06->0x0701 0x0000 [0m
[37m[10.758][linker]-[Debug]-[DjiProtocol_v1Unpack:215) <0x2243>V1-Recv: 0x0800->0x0A06 0x0866 [0m
[37m[10.758][linker]-[Debug]-[DjiCommand_RecvWork:1066)  <0x2243>Receive msg from linker, 0x0800->0x0A06 0x0866 len:17 [0m
[37m[10.758][linker]-[Debug]-[DjiCommand_DealCmd:919) received unsupport request cmd that noneed ack, <0x2243> cmdset: 0x08 cmdid: 0x66 [0m
[37m[10.781][linker]-[Debug]-[DjiProtocol_v1Unpack:215) <0x5cda>V1-Recv: 0x0300->0x0A06 0x221B [0m
[37m[10.781][linker]-[Debug]-[DjiCommand_RecvWork:1066)  <0x5cda>Receive msg from linker, 0x0300->0x0A06 0x221B len:9 [0m
[37m[10.781][linker]-[Debug]-[DjiCommand_DealCmd:919) received unsupport request cmd that noneed ack, <0x5cda> cmdset: 0x22 cmdid: 0x1B [0m
[37m[10.800][linker]-[Debug]-[DjiProtocol_v1Unpack:215) <0x5cf6>V1-Recv: 0x0306->0x0A06 0x03C1 [0m
[37m[10.801][linker]-[Debug]-[DjiCommand_RecvWork:1066)  <0x5cf6>Receive msg from linker, 0x0306->0x0A06 0x03C1 len:13 [0m
[37m[10.824][linker]-[Debug]-[DjiProtocol_v1Unpack:215) <0x5d15>V1-Recv: 0x0300->0x0A06 0x036C [0m
[37m[10.824][linker]-[Debug]-[DjiCommand_RecvWork:1066)  <0x5d15>Receive msg from linker, 0x0300->0x0A06 0x036C len:71 [0m
[37m[10.824][linker]-[Debug]-[DjiCommand_DealCmd:919) received unsupport request cmd that noneed ack, <0x5d15> cmdset: 0x03 cmdid: 0x6C [0m
[37m[10.831][linker]-[Debug]-[DjiProtocol_v1Pack:123) <0x52b4>V1-Send: 0x0A06->0x0200 0x3C10 [0m
[37m[10.832][linker]-[Debug]-[DjiProtocol_v1Pack:123) <0x52b5>V1-Send: 0x0A06->0x0A01 0x3C10 [0m
[37m[10.832][linker]-[Debug]-[DjiProtocol_v1Pack:123) <0x52b6>V1-Send: 0x0A06->0x0300 0x3C10 [0m
[37m[10.842][linker]-[Debug]-[DjiProtocol_v1Unpack:215) <0x5d35>V1-Recv: 0x0300->0x0A06 0x4900 [0m
[37m[10.842][linker]-[Debug]-[DjiCommand_RecvWork:1066)  <0x5d35>Receive msg from linker, 0x0300->0x0A06 0x4900 len:14 [0m
[37m[10.842][linker]-[Debug]-[DjiProtocol_v1Pack:123) <0x5d35>V1-Send: 0x0A06->0x0300 0x4900 [0m
[37m[10.881][linker]-[Debug]-[DjiProtocol_v1Unpack:215) <0x5d78>V1-Recv: 0x0300->0x0A06 0x221B [0m
[37m[10.882][linker]-[Debug]-[DjiCommand_RecvWork:1066)  <0x5d78>Receive msg from linker, 0x0300->0x0A06 0x221B len:9 [0m
[37m[10.882][linker]-[Debug]-[DjiCommand_DealCmd:919) received unsupport request cmd that noneed ack, <0x5d78> cmdset: 0x22 cmdid: 0x1B [0m
[37m[10.901][linker]-[Debug]-[DjiProtocol_v1Unpack:215) <0x5d96>V1-Recv: 0x0306->0x0A06 0x03C1 [0m
[37m[10.901][linker]-[Debug]-[DjiCommand_RecvWork:1066)  <0x5d96>Receive msg from linker, 0x0306->0x0A06 0x03C1 len:13 [0m
[37m[10.924][linker]-[Debug]-[DjiProtocol_v1Unpack:215) <0x5dbc>V1-Recv: 0x0300->0x0A06 0x036C [0m
[37m[10.924][linker]-[Debug]-[DjiCommand_RecvWork:1066)  <0x5dbc>Receive msg from linker, 0x0300->0x0A06 0x036C len:71 [0m
[37m[10.924][linker]-[Debug]-[DjiCommand_DealCmd:919) received unsupport request cmd that noneed ack, <0x5dbc> cmdset: 0x03 cmdid: 0x6C [0m
[37m[10.943][linker]-[Debug]-[DjiProtocol_v1Unpack:215) <0x5de6>V1-Recv: 0x0300->0x0A06 0x4900 [0m
[37m[10.943][linker]-[Debug]-[DjiCommand_RecvWork:1066)  <0x5de6>Receive msg from linker, 0x0300->0x0A06 0x4900 len:14 [0m
[37m[10.943][linker]-[Debug]-[DjiProtocol_v1Pack:123) <0x5de6>V1-Send: 0x0A06->0x0300 0x4900 [0m
[37m[10.959][linker]-[Debug]-[DjiProtocol_v1Unpack:215) <0xa63c>V1-Recv: 0x0202->0x0A06 0x0026 [0m
[37m[10.959][linker]-[Debug]-[DjiCommand_RecvWork:1066)  <0xa63c>Receive msg from linker, 0x0202->0x0A06 0x0026 len:37 [0m
[37m[10.959][linker]-[Debug]-[DjiCommand_DealCmd:919) received unsupport request cmd that need ack, <0xa63c> cmdset: 0x00 cmdid: 0x26 [0m
[37m[10.981][linker]-[Debug]-[DjiProtocol_v1Unpack:215) <0x5e28>V1-Recv: 0x0300->0x0A06 0x221B [0m
[37m[10.982][linker]-[Debug]-[DjiCommand_RecvWork:1066)  <0x5e28>Receive msg from linker, 0x0300->0x0A06 0x221B len:9 [0m
[37m[10.982][linker]-[Debug]-[DjiCommand_DealCmd:919) received unsupport request cmd that noneed ack, <0x5e28> cmdset: 0x22 cmdid: 0x1B [0m
[37m[11.001][linker]-[Debug]-[DjiProtocol_v1Unpack:215) <0x5e46>V1-Recv: 0x0306->0x0A06 0x03C1 [0m
[37m[11.001][linker]-[Debug]-[DjiCommand_RecvWork:1066)  <0x5e46>Receive msg from linker, 0x0306->0x0A06 0x03C1 len:13 [0m
[37m[11.008][linker]-[Debug]-[DjiProtocol_v1Unpack:215) <0x2244>V1-Recv: 0x0800->0x0A06 0x0866 [0m
[37m[11.009][linker]-[Debug]-[DjiCommand_RecvWork:1066)  <0x2244>Receive msg from linker, 0x0800->0x0A06 0x0866 len:17 [0m
[37m[11.009][linker]-[Debug]-[DjiCommand_DealCmd:919) received unsupport request cmd that noneed ack, <0x2244> cmdset: 0x08 cmdid: 0x66 [0m
[37m[11.024][linker]-[Debug]-[DjiProtocol_v1Unpack:215) <0x5e65>V1-Recv: 0x0300->0x0A06 0x036C [0m
[37m[11.025][linker]-[Debug]-[DjiCommand_RecvWork:1066)  <0x5e65>Receive msg from linker, 0x0300->0x0A06 0x036C len:71 [0m
[37m[11.025][linker]-[Debug]-[DjiCommand_DealCmd:919) received unsupport request cmd that noneed ack, <0x5e65> cmdset: 0x03 cmdid: 0x6C [0m
[37m[11.043][linker]-[Debug]-[DjiProtocol_v1Unpack:215) <0x5e84>V1-Recv: 0x0300->0x0A06 0x4900 [0m
[37m[11.043][linker]-[Debug]-[DjiCommand_RecvWork:1066)  <0x5e84>Receive msg from linker, 0x0300->0x0A06 0x4900 len:14 [0m
[37m[11.043][linker]-[Debug]-[DjiProtocol_v1Pack:123) <0x5e84>V1-Send: 0x0A06->0x0300 0x4900 [0m
[37m[11.045][linker]-[Debug]-[DjiProtocol_v1Pack:123) <0x52b7>V1-Send: 0x0A06->0x0200 0x3C10 [0m
[37m[11.045][linker]-[Debug]-[DjiProtocol_v1Pack:123) <0x52b8>V1-Send: 0x0A06->0x0A01 0x3C10 [0m
[37m[11.045][linker]-[Debug]-[DjiProtocol_v1Pack:123) <0x52b9>V1-Send: 0x0A06->0x0300 0x3C10 [0m
[37m[11.084][linker]-[Debug]-[DjiProtocol_v1Unpack:215) <0x5ec3>V1-Recv: 0x0300->0x0A06 0x221B [0m
[37m[11.084][linker]-[Debug]-[DjiProtocol_v1Unpack:215) <0x5eca>V1-Recv: 0x0300->0x0A06 0x0F74 [0m
[37m[11.084][linker]-[Debug]-[DjiProtocol_v1Unpack:215) <0x5ecb>V1-Recv: 0x0300->0x0100 0x0406 [0m
[37m[11.084][linker]-[Debug]-[DjiProtocol_v1Unpack:215) <0x5ecc>V1-Recv: 0x0300->0x0100 0x0407 [0m
[37m[11.085][linker]-[Debug]-[DjiCommand_RecvWork:1066)  <0x5ec3>Receive msg from linker, 0x0300->0x0A06 0x221B len:9 [0m
[37m[11.085][linker]-[Debug]-[DjiCommand_DealCmd:919) received unsupport request cmd that noneed ack, <0x5ec3> cmdset: 0x22 cmdid: 0x1B [0m
[37m[11.086][linker]-[Debug]-[DjiCommand_RecvWork:1066)  <0x5eca>Receive msg from linker, 0x0300->0x0A06 0x0F74 len:28 [0m
[37m[11.086][linker]-[Debug]-[DjiCommand_DealCmd:919) received unsupport request cmd that noneed ack, <0x5eca> cmdset: 0x0F cmdid: 0x74 [0m
[37m[11.088][linker]-[Debug]-[DjiCommand_RecvWork:1066)  <0x5ecb>Receive msg from linker, 0x0300->0x0100 0x0406 len:12 [0m
[37m[11.088][linker]-[Debug]-[DjiCommand_DealCmd:919) received unsupport request cmd that noneed ack, <0x5ecb> cmdset: 0x04 cmdid: 0x06 [0m
[37m[11.089][linker]-[Debug]-[DjiCommand_RecvWork:1066)  <0x5ecc>Receive msg from linker, 0x0300->0x0100 0x0407 len:1 [0m
[37m[11.089][linker]-[Debug]-[DjiCommand_DealCmd:919) received unsupport request cmd that noneed ack, <0x5ecc> cmdset: 0x04 cmdid: 0x07 [0m
[37m[11.100][linker]-[Debug]-[DjiProtocol_v1Unpack:215) <0x5ee7>V1-Recv: 0x0306->0x0A06 0x03C1 [0m
[37m[11.101][linker]-[Debug]-[DjiCommand_RecvWork:1066)  <0x5ee7>Receive msg from linker, 0x0306->0x0A06 0x03C1 len:13 [0m
[37m[11.124][linker]-[Debug]-[DjiProtocol_v1Unpack:215) <0x5f0a>V1-Recv: 0x0300->0x0A06 0x036C [0m
[37m[11.125][linker]-[Debug]-[DjiCommand_RecvWork:1066)  <0x5f0a>Receive msg from linker, 0x0300->0x0A06 0x036C len:71 [0m
[37m[11.125][linker]-[Debug]-[DjiCommand_DealCmd:919) received unsupport request cmd that noneed ack, <0x5f0a> cmdset: 0x03 cmdid: 0x6C [0m
[37m[11.143][linker]-[Debug]-[DjiProtocol_v1Unpack:215) <0x5f31>V1-Recv: 0x0300->0x0A06 0x4900 [0m
[37m[11.144][linker]-[Debug]-[DjiCommand_RecvWork:1066)  <0x5f31>Receive msg from linker, 0x0300->0x0A06 0x4900 len:14 [0m
[37m[11.144][linker]-[Debug]-[DjiProtocol_v1Pack:123) <0x5f31>V1-Send: 0x0A06->0x0300 0x4900 [0m
[37m[11.182][linker]-[Debug]-[DjiProtocol_v1Unpack:215) <0x5f72>V1-Recv: 0x0300->0x0A06 0x221B [0m
[37m[11.182][linker]-[Debug]-[DjiCommand_RecvWork:1066)  <0x5f72>Receive msg from linker, 0x0300->0x0A06 0x221B len:9 [0m
[37m[11.182][linker]-[Debug]-[DjiCommand_DealCmd:919) received unsupport request cmd that noneed ack, <0x5f72> cmdset: 0x22 cmdid: 0x1B [0m
[37m[11.201][linker]-[Debug]-[DjiProtocol_v1Unpack:215) <0x5f94>V1-Recv: 0x0306->0x0A06 0x03C1 [0m
[37m[11.201][linker]-[Debug]-[DjiCommand_RecvWork:1066)  <0x5f94>Receive msg from linker, 0x0306->0x0A06 0x03C1 len:13 [0m
[37m[11.224][linker]-[Debug]-[DjiProtocol_v1Unpack:215) <0x5fc1>V1-Recv: 0x0300->0x0A06 0x036C [0m
[37m[11.225][linker]-[Debug]-[DjiCommand_RecvWork:1066)  <0x5fc1>Receive msg from linker, 0x0300->0x0A06 0x036C len:71 [0m
[37m[11.225][linker]-[Debug]-[DjiCommand_DealCmd:919) received unsupport request cmd that noneed ack, <0x5fc1> cmdset: 0x03 cmdid: 0x6C [0m
[37m[11.242][linker]-[Debug]-[DjiProtocol_v1Unpack:215) <0x5fe1>V1-Recv: 0x0300->0x0A06 0x4900 [0m
[37m[11.243][linker]-[Debug]-[DjiCommand_RecvWork:1066)  <0x5fe1>Receive msg from linker, 0x0300->0x0A06 0x4900 len:14 [0m
[37m[11.243][linker]-[Debug]-[DjiProtocol_v1Pack:123) <0x5fe1>V1-Send: 0x0A06->0x0300 0x4900 [0m
[37m[11.258][linker]-[Debug]-[DjiProtocol_v1Pack:123) <0x52ba>V1-Send: 0x0A06->0x0200 0x3C10 [0m
[37m[11.258][linker]-[Debug]-[DjiProtocol_v1Pack:123) <0x52bb>V1-Send: 0x0A06->0x0A01 0x3C10 [0m
[37m[11.258][linker]-[Debug]-[DjiProtocol_v1Pack:123) <0x52bc>V1-Send: 0x0A06->0x0300 0x3C10 [0m
[37m[11.258][linker]-[Debug]-[DjiProtocol_v1Unpack:215) <0x2245>V1-Recv: 0x0800->0x0A06 0x0866 [0m
[37m[11.259][linker]-[Debug]-[DjiCommand_RecvWork:1066)  <0x2245>Receive msg from linker, 0x0800->0x0A06 0x0866 len:17 [0m
[37m[11.259][linker]-[Debug]-[DjiCommand_DealCmd:919) received unsupport request cmd that noneed ack, <0x2245> cmdset: 0x08 cmdid: 0x66 [0m
[37m[11.282][linker]-[Debug]-[DjiProtocol_v1Unpack:215) <0x6023>V1-Recv: 0x0300->0x0A06 0x221B [0m
[37m[11.282][linker]-[Debug]-[DjiCommand_RecvWork:1066)  <0x6023>Receive msg from linker, 0x0300->0x0A06 0x221B len:9 [0m
[37m[11.282][linker]-[Debug]-[DjiCommand_DealCmd:919) received unsupport request cmd that noneed ack, <0x6023> cmdset: 0x22 cmdid: 0x1B [0m
[37m[11.301][linker]-[Debug]-[DjiProtocol_v1Unpack:215) <0x6042>V1-Recv: 0x0306->0x0A06 0x03C1 [0m
[37m[11.301][linker]-[Debug]-[DjiCommand_RecvWork:1066)  <0x6042>Receive msg from linker, 0x0306->0x0A06 0x03C1 len:13 [0m
[37m[11.324][linker]-[Debug]-[DjiProtocol_v1Unpack:215) <0x6069>V1-Recv: 0x0300->0x0A06 0x036C [0m
[37m[11.325][linker]-[Debug]-[DjiCommand_RecvWork:1066)  <0x6069>Receive msg from linker, 0x0300->0x0A06 0x036C len:71 [0m
[37m[11.325][linker]-[Debug]-[DjiCommand_DealCmd:919) received unsupport request cmd that noneed ack, <0x6069> cmdset: 0x03 cmdid: 0x6C [0m
[37m[11.342][linker]-[Debug]-[DjiProtocol_v1Unpack:215) <0x6096>V1-Recv: 0x0300->0x0A06 0x4900 [0m
[37m[11.343][linker]-[Debug]-[DjiCommand_RecvWork:1066)  <0x6096>Receive msg from linker, 0x0300->0x0A06 0x4900 len:14 [0m
[37m[11.343][linker]-[Debug]-[DjiProtocol_v1Pack:123) <0x6096>V1-Send: 0x0A06->0x0300 0x4900 [0m
[37m[11.382][linker]-[Debug]-[DjiProtocol_v1Unpack:215) <0x60e6>V1-Recv: 0x0300->0x0A06 0x221B [0m
[37m[11.382][linker]-[Debug]-[DjiCommand_RecvWork:1066)  <0x60e6>Receive msg from linker, 0x0300->0x0A06 0x221B len:9 [0m
[37m[11.382][linker]-[Debug]-[DjiCommand_DealCmd:919) received unsupport request cmd that noneed ack, <0x60e6> cmdset: 0x22 cmdid: 0x1B [0m
[37m[11.401][linker]-[Debug]-[DjiProtocol_v1Unpack:215) <0x6105>V1-Recv: 0x0306->0x0A06 0x03C1 [0m
[37m[11.402][linker]-[Debug]-[DjiCommand_RecvWork:1066)  <0x6105>Receive msg from linker, 0x0306->0x0A06 0x03C1 len:13 [0m
[37m[11.424][linker]-[Debug]-[DjiProtocol_v1Unpack:215) <0x6128>V1-Recv: 0x0300->0x0A06 0x036C [0m
[37m[11.425][linker]-[Debug]-[DjiCommand_RecvWork:1066)  <0x6128>Receive msg from linker, 0x0300->0x0A06 0x036C len:71 [0m
[37m[11.425][linker]-[Debug]-[DjiCommand_DealCmd:919) received unsupport request cmd that noneed ack, <0x6128> cmdset: 0x03 cmdid: 0x6C [0m
[37m[11.442][linker]-[Debug]-[DjiProtocol_v1Unpack:215) <0x6147>V1-Recv: 0x0300->0x0A06 0x4900 [0m
[37m[11.443][linker]-[Debug]-[DjiCommand_RecvWork:1066)  <0x6147>Receive msg from linker, 0x0300->0x0A06 0x4900 len:14 [0m
[37m[11.443][linker]-[Debug]-[DjiProtocol_v1Pack:123) <0x6147>V1-Send: 0x0A06->0x0300 0x4900 [0m
[37m[11.470][linker]-[Debug]-[DjiProtocol_v1Pack:123) <0x52bd>V1-Send: 0x0A06->0x0300 0x0000 [0m
[37m[11.470][infor]-[Debug]-[DjiAircraftConnection_CheckExtensionPortConnectStatusByV1Protocol:170) check connect status:1 [0m
[37m[11.471][linker]-[Debug]-[DjiProtocol_v1Pack:123) <0x52be>V1-Send: 0x0A06->0x0200 0x3C10 [0m
[37m[11.471][linker]-[Debug]-[DjiProtocol_v1Pack:123) <0x52bf>V1-Send: 0x0A06->0x0A01 0x3C10 [0m
[37m[11.471][linker]-[Debug]-[DjiProtocol_v1Pack:123) <0x52c0>V1-Send: 0x0A06->0x0300 0x3C10 [0m
[37m[11.482][linker]-[Debug]-[DjiProtocol_v1Unpack:215) <0x52bd>V1-Recv: 0x0300->0x0A06 0x0000 [0m
[37m[11.482][linker]-[Debug]-[DjiProtocol_v1Unpack:215) <0x6188>V1-Recv: 0x0300->0x0A06 0x221B [0m
[37m[11.483][linker]-[Debug]-[DjiCommand_RecvWork:1066)  <0x52bd>Receive msg from linker, 0x0300->0x0A06 0x0000 len:0 [0m
[37m[11.483][infor]-[Debug]-[DjiAircraftInfo_CheckPingStatusAsyncCallback:269) connect status async sucess [0m
[37m[11.483][linker]-[Debug]-[DjiCommand_DealCmd:830) callback function (cmdset: 0x00 cmdid: 0x00) deal time: 0 ms [0m
[37m[11.484][linker]-[Debug]-[DjiCommand_RecvWork:1066)  <0x6188>Receive msg from linker, 0x0300->0x0A06 0x221B len:9 [0m
[37m[11.484][linker]-[Debug]-[DjiCommand_DealCmd:919) received unsupport request cmd that noneed ack, <0x6188> cmdset: 0x22 cmdid: 0x1B [0m
[37m[11.500][linker]-[Debug]-[DjiProtocol_v1Unpack:215) <0x61a5>V1-Recv: 0x0306->0x0A06 0x03C1 [0m
[37m[11.501][linker]-[Debug]-[DjiCommand_RecvWork:1066)  <0x61a5>Receive msg from linker, 0x0306->0x0A06 0x03C1 len:13 [0m
[37m[11.508][linker]-[Debug]-[DjiProtocol_v1Unpack:215) <0x2246>V1-Recv: 0x0800->0x0A06 0x0866 [0m
[37m[11.509][linker]-[Debug]-[DjiCommand_RecvWork:1066)  <0x2246>Receive msg from linker, 0x0800->0x0A06 0x0866 len:17 [0m
[37m[11.509][linker]-[Debug]-[DjiCommand_DealCmd:919) received unsupport request cmd that noneed ack, <0x2246> cmdset: 0x08 cmdid: 0x66 [0m
[37m[11.524][linker]-[Debug]-[DjiProtocol_v1Unpack:215) <0x61c8>V1-Recv: 0x0300->0x0A06 0x036C [0m
[37m[11.525][linker]-[Debug]-[DjiCommand_RecvWork:1066)  <0x61c8>Receive msg from linker, 0x0300->0x0A06 0x036C len:71 [0m
[37m[11.525][linker]-[Debug]-[DjiCommand_DealCmd:919) received unsupport request cmd that noneed ack, <0x61c8> cmdset: 0x03 cmdid: 0x6C [0m
[37m[11.543][linker]-[Debug]-[DjiProtocol_v1Unpack:215) <0x61ef>V1-Recv: 0x0300->0x0A06 0x4900 [0m
[37m[11.544][linker]-[Debug]-[DjiCommand_RecvWork:1066)  <0x61ef>Receive msg from linker, 0x0300->0x0A06 0x4900 len:14 [0m
[37m[11.544][linker]-[Debug]-[DjiProtocol_v1Pack:123) <0x61ef>V1-Send: 0x0A06->0x0300 0x4900 [0m
[37m[11.582][linker]-[Debug]-[DjiProtocol_v1Unpack:215) <0x6236>V1-Recv: 0x0300->0x0A06 0x221B [0m
[37m[11.582][linker]-[Debug]-[DjiProtocol_v1Unpack:215) <0x6238>V1-Recv: 0x0300->0x0100 0x0405 [0m
[37m[11.583][linker]-[Debug]-[DjiCommand_RecvWork:1066)  <0x6236>Receive msg from linker, 0x0300->0x0A06 0x221B len:9 [0m
[37m[11.583][linker]-[Debug]-[DjiCommand_DealCmd:919) received unsupport request cmd that noneed ack, <0x6236> cmdset: 0x22 cmdid: 0x1B [0m
[37m[11.584][linker]-[Debug]-[DjiCommand_RecvWork:1066)  <0x6238>Receive msg from linker, 0x0300->0x0100 0x0405 len:22 [0m
[37m[11.584][linker]-[Debug]-[DjiCommand_DealCmd:919) received unsupport request cmd that noneed ack, <0x6238> cmdset: 0x04 cmdid: 0x05 [0m
[37m[11.600][linker]-[Debug]-[DjiProtocol_v1Unpack:215) <0x6254>V1-Recv: 0x0306->0x0A06 0x03C1 [0m
[37m[11.601][linker]-[Debug]-[DjiCommand_RecvWork:1066)  <0x6254>Receive msg from linker, 0x0306->0x0A06 0x03C1 len:13 [0m
[37m[11.624][linker]-[Debug]-[DjiProtocol_v1Unpack:215) <0x6273>V1-Recv: 0x0300->0x0A06 0x036C [0m
[37m[11.625][linker]-[Debug]-[DjiCommand_RecvWork:1066)  <0x6273>Receive msg from linker, 0x0300->0x0A06 0x036C len:71 [0m
[37m[11.625][linker]-[Debug]-[DjiCommand_DealCmd:919) received unsupport request cmd that noneed ack, <0x6273> cmdset: 0x03 cmdid: 0x6C [0m
[37m[11.642][linker]-[Debug]-[DjiProtocol_v1Unpack:215) <0x6292>V1-Recv: 0x0300->0x0A06 0x4900 [0m
[37m[11.643][linker]-[Debug]-[DjiCommand_RecvWork:1066)  <0x6292>Receive msg from linker, 0x0300->0x0A06 0x4900 len:14 [0m
[37m[11.643][linker]-[Debug]-[DjiProtocol_v1Pack:123) <0x6292>V1-Send: 0x0A06->0x0300 0x4900 [0m
[37m[11.664][linker]-[Debug]-[DjiProtocol_v1Unpack:215) <0x62ae>V1-Recv: 0x0306->0x0A06 0x03C1 [0m
[37m[11.664][linker]-[Debug]-[DjiCommand_RecvWork:1066)  <0x62ae>Receive msg from linker, 0x0306->0x0A06 0x03C1 len:113 [0m
[37m[11.681][linker]-[Debug]-[DjiProtocol_v1Unpack:215) <0x62d2>V1-Recv: 0x0300->0x0A06 0x221B [0m
[37m[11.682][linker]-[Debug]-[DjiCommand_RecvWork:1066)  <0x62d2>Receive msg from linker, 0x0300->0x0A06 0x221B len:9 [0m
[37m[11.682][linker]-[Debug]-[DjiCommand_DealCmd:919) received unsupport request cmd that noneed ack, <0x62d2> cmdset: 0x22 cmdid: 0x1B [0m
[37m[11.685][linker]-[Debug]-[DjiProtocol_v1Pack:123) <0x52c1>V1-Send: 0x0A06->0x0200 0x3C10 [0m
[37m[11.685][linker]-[Debug]-[DjiProtocol_v1Pack:123) <0x52c2>V1-Send: 0x0A06->0x0A01 0x3C10 [0m
[37m[11.685][linker]-[Debug]-[DjiProtocol_v1Pack:123) <0x52c3>V1-Send: 0x0A06->0x0300 0x3C10 [0m
[37m[11.692][linker]-[Debug]-[DjiProtocol_v1Unpack:215) <0x119d>V1-Recv: 0x1D07->0x0A06 0x2105 [0m
[37m[11.692][linker]-[Debug]-[DjiCommand_RecvWork:1066)  <0x119d>Receive msg from linker, 0x1D07->0x0A06 0x2105 len:1 [0m
[37m[11.692][linker]-[Debug]-[DjiCommand_DealCmd:919) received unsupport request cmd that need ack, <0x119d> cmdset: 0x21 cmdid: 0x05 [0m
[37m[11.701][linker]-[Debug]-[DjiProtocol_v1Unpack:215) <0x62ef>V1-Recv: 0x0306->0x0A06 0x03C1 [0m
[37m[11.701][linker]-[Debug]-[DjiCommand_RecvWork:1066)  <0x62ef>Receive msg from linker, 0x0306->0x0A06 0x03C1 len:13 [0m
[32m[11.704][user]-[Info]-[UserFcSubscription_Task:458) gps position: x 117.120752 y 39.126565 z 10.304000. [0m
[32m[11.704][user]-[Info]-[UserFcSubscription_Task:470) gps total satellite number used: 6 9 17.
GPS fixState: 3.000000. [0m
[32m[11.704][user]-[Info]-[UserFcSubscription_Task:487) Homepoint info: lat->39.126699, lon->117.120801. [0m
[32m[11.704][user]-[Info]-[UserFcSubscription_Task:512) RTK position solution state: 16. [0m
[32m[11.704][user]-[Info]-[UserFcSubscription_Task:528) RTK position: 117.120656 39.126748 -10.097506. [0m
[32m[11.704][user]-[Info]-[UserFcSubscription_Task:573) Altitude of homepoint: 3.479634. [0m
[32m[11.704][user]-[Info]-[UserFcSubscription_Task:586) Battery info: 39. [0m
[32m[11.704][user]-[Info]-[UserFcSubscription_Task:600) Flight status: 0. [0m
[32m[11.704][user]-[Info]-[UserFcSubscription_Task:620) Displaymode status: 6. [0m
[37m[11.704][user]-[Debug]-[UserFcSubscription_Task:633) Timestamp: millisecond 4527992 microsecond 233025100. [0m
[37m[11.704][user]-[Debug]-[UserFcSubscription_Task:634) Relative height fusion is 0.000000 m [0m
[37m[11.724][linker]-[Debug]-[DjiProtocol_v1Unpack:215) <0x6315>V1-Recv: 0x0300->0x0A06 0x036C [0m
[37m[11.724][linker]-[Debug]-[DjiCommand_RecvWork:1066)  <0x6315>Receive msg from linker, 0x0300->0x0A06 0x036C len:71 [0m
[37m[11.724][linker]-[Debug]-[DjiCommand_DealCmd:919) received unsupport request cmd that noneed ack, <0x6315> cmdset: 0x03 cmdid: 0x6C [0m
[37m[11.743][linker]-[Debug]-[DjiProtocol_v1Unpack:215) <0x633f>V1-Recv: 0x0300->0x0A06 0x4900 [0m
[37m[11.744][linker]-[Debug]-[DjiCommand_RecvWork:1066)  <0x633f>Receive msg from linker, 0x0300->0x0A06 0x4900 len:14 [0m
[37m[11.744][linker]-[Debug]-[DjiProtocol_v1Pack:123) <0x633f>V1-Send: 0x0A06->0x0300 0x4900 [0m
[37m[11.746][utils]-[Debug]-[DjiCore_RootTask:131) work execution time: [0m
[37m[11.746][utils]-[Debug]-[DjiCore_RootTask:132) name	                execution time (ms)	  max execution time (ms) [0m
[37m[11.746][utils]-[Debug]-[DjiCore_RootTask:134) recorderWork                    	0       	1        [0m
[37m[11.746][utils]-[Debug]-[DjiCore_RootTask:134) flowControllerTask              	1       	1        [0m
[37m[11.746][utils]-[Debug]-[DjiCore_RootTask:134) commandTask                     	1       	1        [0m
[37m[11.746][utils]-[Debug]-[DjiCore_RootTask:134) aircraftWorkNode                	0       	1        [0m
[37m[11.746][utils]-[Debug]-[DjiCore_RootTask:134) StatePushWork                   	1       	1        [0m
[37m[11.751][linker]-[Debug]-[DjiProtocol_v1Unpack:215) <0xbc9>V1-Recv: 0x0701->0x0A06 0x0000 [0m
[37m[11.751][linker]-[Debug]-[DjiCommand_RecvWork:1066)  <0xbc9>Receive msg from linker, 0x0701->0x0A06 0x0000 len:16 [0m
[37m[11.751][linker]-[Debug]-[DjiProtocol_v1Pack:123) <0xbc9>V1-Send: 0x0A06->0x0701 0x0000 [0m
[37m[11.758][linker]-[Debug]-[DjiProtocol_v1Unpack:215) <0x2247>V1-Recv: 0x0800->0x0A06 0x0866 [0m
[37m[11.759][linker]-[Debug]-[DjiCommand_RecvWork:1066)  <0x2247>Receive msg from linker, 0x0800->0x0A06 0x0866 len:17 [0m
[37m[11.759][linker]-[Debug]-[DjiCommand_DealCmd:919) received unsupport request cmd that noneed ack, <0x2247> cmdset: 0x08 cmdid: 0x66 [0m
[37m[11.782][linker]-[Debug]-[DjiProtocol_v1Unpack:215) <0x6381>V1-Recv: 0x0300->0x0A06 0x221B [0m
[37m[11.782][linker]-[Debug]-[DjiCommand_RecvWork:1066)  <0x6381>Receive msg from linker, 0x0300->0x0A06 0x221B len:9 [0m
[37m[11.782][linker]-[Debug]-[DjiCommand_DealCmd:919) received unsupport request cmd that noneed ack, <0x6381> cmdset: 0x22 cmdid: 0x1B [0m
[37m[11.800][linker]-[Debug]-[DjiProtocol_v1Unpack:215) <0x639d>V1-Recv: 0x0306->0x0A06 0x03C1 [0m
[37m[11.800][linker]-[Debug]-[DjiCommand_RecvWork:1066)  <0x639d>Receive msg from linker, 0x0306->0x0A06 0x03C1 len:13 [0m
[37m[11.824][linker]-[Debug]-[DjiProtocol_v1Unpack:215) <0x63bd>V1-Recv: 0x0300->0x0A06 0x036C [0m
[37m[11.824][linker]-[Debug]-[DjiCommand_RecvWork:1066)  <0x63bd>Receive msg from linker, 0x0300->0x0A06 0x036C len:71 [0m
[37m[11.825][linker]-[Debug]-[DjiCommand_DealCmd:919) received unsupport request cmd that noneed ack, <0x63bd> cmdset: 0x03 cmdid: 0x6C [0m
[37m[11.842][linker]-[Debug]-[DjiProtocol_v1Unpack:215) <0x63dd>V1-Recv: 0x0300->0x0A06 0x4900 [0m
[37m[11.843][linker]-[Debug]-[DjiCommand_RecvWork:1066)  <0x63dd>Receive msg from linker, 0x0300->0x0A06 0x4900 len:14 [0m
[37m[11.843][linker]-[Debug]-[DjiProtocol_v1Pack:123) <0x63dd>V1-Send: 0x0A06->0x0300 0x4900 [0m
[37m[11.882][linker]-[Debug]-[DjiProtocol_v1Unpack:215) <0x641d>V1-Recv: 0x0300->0x0A06 0x221B [0m
[37m[11.882][linker]-[Debug]-[DjiCommand_RecvWork:1066)  <0x641d>Receive msg from linker, 0x0300->0x0A06 0x221B len:9 [0m
[37m[11.882][linker]-[Debug]-[DjiCommand_DealCmd:919) received unsupport request cmd that noneed ack, <0x641d> cmdset: 0x22 cmdid: 0x1B [0m
[37m[11.898][linker]-[Debug]-[DjiProtocol_v1Pack:123) <0x52c4>V1-Send: 0x0A06->0x0200 0x3C10 [0m
[37m[11.898][linker]-[Debug]-[DjiProtocol_v1Pack:123) <0x52c5>V1-Send: 0x0A06->0x0A01 0x3C10 [0m
[37m[11.898][linker]-[Debug]-[DjiProtocol_v1Pack:123) <0x52c6>V1-Send: 0x0A06->0x0300 0x3C10 [0m
[37m[11.900][linker]-[Debug]-[DjiProtocol_v1Unpack:215) <0x643c>V1-Recv: 0x0306->0x0A06 0x03C1 [0m
[37m[11.900][linker]-[Debug]-[DjiCommand_RecvWork:1066)  <0x643c>Receive msg from linker, 0x0306->0x0A06 0x03C1 len:13 [0m
[37m[11.924][linker]-[Debug]-[DjiProtocol_v1Unpack:215) <0x6464>V1-Recv: 0x0300->0x0A06 0x036C [0m
[37m[11.925][linker]-[Debug]-[DjiCommand_RecvWork:1066)  <0x6464>Receive msg from linker, 0x0300->0x0A06 0x036C len:71 [0m
[37m[11.925][linker]-[Debug]-[DjiCommand_DealCmd:919) received unsupport request cmd that noneed ack, <0x6464> cmdset: 0x03 cmdid: 0x6C [0m
[37m[11.942][linker]-[Debug]-[DjiProtocol_v1Unpack:215) <0x648f>V1-Recv: 0x0300->0x0A06 0x4900 [0m
[37m[11.943][linker]-[Debug]-[DjiCommand_RecvWork:1066)  <0x648f>Receive msg from linker, 0x0300->0x0A06 0x4900 len:14 [0m
[37m[11.943][linker]-[Debug]-[DjiProtocol_v1Pack:123) <0x648f>V1-Send: 0x0A06->0x0300 0x4900 [0m
[37m[11.982][linker]-[Debug]-[DjiProtocol_v1Unpack:215) <0x64d2>V1-Recv: 0x0300->0x0A06 0x221B [0m
[37m[11.982][linker]-[Debug]-[DjiCommand_RecvWork:1066)  <0x64d2>Receive msg from linker, 0x0300->0x0A06 0x221B len:9 [0m
[37m[11.982][linker]-[Debug]-[DjiCommand_DealCmd:919) received unsupport request cmd that noneed ack, <0x64d2> cmdset: 0x22 cmdid: 0x1B [0m
[37m[12.000][linker]-[Debug]-[DjiProtocol_v1Unpack:215) <0x64ee>V1-Recv: 0x0306->0x0A06 0x03C1 [0m
[37m[12.000][linker]-[Debug]-[DjiCommand_RecvWork:1066)  <0x64ee>Receive msg from linker, 0x0306->0x0A06 0x03C1 len:13 [0m
[37m[12.007][linker]-[Debug]-[DjiProtocol_v1Unpack:215) <0x2248>V1-Recv: 0x0800->0x0A06 0x0866 [0m
[37m[12.008][linker]-[Debug]-[DjiCommand_RecvWork:1066)  <0x2248>Receive msg from linker, 0x0800->0x0A06 0x0866 len:17 [0m
[37m[12.008][linker]-[Debug]-[DjiCommand_DealCmd:919) received unsupport request cmd that noneed ack, <0x2248> cmdset: 0x08 cmdid: 0x66 [0m
[37m[12.024][linker]-[Debug]-[DjiProtocol_v1Unpack:215) <0x650d>V1-Recv: 0x0300->0x0A06 0x036C [0m
[37m[12.025][linker]-[Debug]-[DjiCommand_RecvWork:1066)  <0x650d>Receive msg from linker, 0x0300->0x0A06 0x036C len:71 [0m
[37m[12.025][linker]-[Debug]-[DjiCommand_DealCmd:919) received unsupport request cmd that noneed ack, <0x650d> cmdset: 0x03 cmdid: 0x6C [0m
[37m[12.043][linker]-[Debug]-[DjiProtocol_v1Unpack:215) <0x652f>V1-Recv: 0x0300->0x0A06 0x4900 [0m
[37m[12.043][linker]-[Debug]-[DjiCommand_RecvWork:1066)  <0x652f>Receive msg from linker, 0x0300->0x0A06 0x4900 len:14 [0m
[37m[12.043][linker]-[Debug]-[DjiProtocol_v1Pack:123) <0x652f>V1-Send: 0x0A06->0x0300 0x4900 [0m
[37m[12.085][linker]-[Debug]-[DjiProtocol_v1Unpack:215) <0x656e>V1-Recv: 0x0300->0x0A06 0x221B [0m
[37m[12.085][linker]-[Debug]-[DjiProtocol_v1Unpack:215) <0x6575>V1-Recv: 0x0300->0x0A06 0x0F74 [0m
[37m[12.085][linker]-[Debug]-[DjiProtocol_v1Unpack:215) <0x6576>V1-Recv: 0x0300->0x0100 0x0406 [0m
[37m[12.085][linker]-[Debug]-[DjiProtocol_v1Unpack:215) <0x6577>V1-Recv: 0x0300->0x0100 0x0407 [0m
[37m[12.086][linker]-[Debug]-[DjiCommand_RecvWork:1066)  <0x656e>Receive msg from linker, 0x0300->0x0A06 0x221B len:9 [0m
[37m[12.086][linker]-[Debug]-[DjiCommand_DealCmd:919) received unsupport request cmd that noneed ack, <0x656e> cmdset: 0x22 cmdid: 0x1B [0m
[37m[12.087][linker]-[Debug]-[DjiCommand_RecvWork:1066)  <0x6575>Receive msg from linker, 0x0300->0x0A06 0x0F74 len:28 [0m
[37m[12.087][linker]-[Debug]-[DjiCommand_DealCmd:919) received unsupport request cmd that noneed ack, <0x6575> cmdset: 0x0F cmdid: 0x74 [0m
[37m[12.088][linker]-[Debug]-[DjiCommand_RecvWork:1066)  <0x6576>Receive msg from linker, 0x0300->0x0100 0x0406 len:12 [0m
[37m[12.088][linker]-[Debug]-[DjiCommand_DealCmd:919) received unsupport request cmd that noneed ack, <0x6576> cmdset: 0x04 cmdid: 0x06 [0m
[37m[12.089][linker]-[Debug]-[DjiCommand_RecvWork:1066)  <0x6577>Receive msg from linker, 0x0300->0x0100 0x0407 len:1 [0m
[37m[12.089][linker]-[Debug]-[DjiCommand_DealCmd:919) received unsupport request cmd that noneed ack, <0x6577> cmdset: 0x04 cmdid: 0x07 [0m
[37m[12.100][linker]-[Debug]-[DjiProtocol_v1Unpack:215) <0x6592>V1-Recv: 0x0306->0x0A06 0x03C1 [0m
[37m[12.101][linker]-[Debug]-[DjiCommand_RecvWork:1066)  <0x6592>Receive msg from linker, 0x0306->0x0A06 0x03C1 len:13 [0m
[37m[12.111][linker]-[Debug]-[DjiProtocol_v1Pack:123) <0x52c7>V1-Send: 0x0A06->0x0200 0x3C10 [0m
[37m[12.111][linker]-[Debug]-[DjiProtocol_v1Pack:123) <0x52c8>V1-Send: 0x0A06->0x0A01 0x3C10 [0m
[37m[12.111][linker]-[Debug]-[DjiProtocol_v1Pack:123) <0x52c9>V1-Send: 0x0A06->0x0300 0x3C10 [0m
[37m[12.124][linker]-[Debug]-[DjiProtocol_v1Unpack:215) <0x65b9>V1-Recv: 0x0300->0x0A06 0x036C [0m
[37m[12.124][linker]-[Debug]-[DjiCommand_RecvWork:1066)  <0x65b9>Receive msg from linker, 0x0300->0x0A06 0x036C len:71 [0m
[37m[12.124][linker]-[Debug]-[DjiCommand_DealCmd:919) received unsupport request cmd that noneed ack, <0x65b9> cmdset: 0x03 cmdid: 0x6C [0m
[37m[12.143][linker]-[Debug]-[DjiProtocol_v1Unpack:215) <0x65e4>V1-Recv: 0x0300->0x0A06 0x4900 [0m
[37m[12.143][linker]-[Debug]-[DjiCommand_RecvWork:1066)  <0x65e4>Receive msg from linker, 0x0300->0x0A06 0x4900 len:14 [0m
[37m[12.143][linker]-[Debug]-[DjiProtocol_v1Pack:123) <0x65e4>V1-Send: 0x0A06->0x0300 0x4900 [0m
[37m[12.181][linker]-[Debug]-[DjiProtocol_v1Unpack:215) <0x662a>V1-Recv: 0x0300->0x0A06 0x221B [0m
[37m[12.181][linker]-[Debug]-[DjiCommand_RecvWork:1066)  <0x662a>Receive msg from linker, 0x0300->0x0A06 0x221B len:9 [0m
[37m[12.182][linker]-[Debug]-[DjiCommand_DealCmd:919) received unsupport request cmd that noneed ack, <0x662a> cmdset: 0x22 cmdid: 0x1B [0m
[37m[12.200][linker]-[Debug]-[DjiProtocol_v1Unpack:215) <0x664c>V1-Recv: 0x0306->0x0A06 0x03C1 [0m
[37m[12.201][linker]-[Debug]-[DjiCommand_RecvWork:1066)  <0x664c>Receive msg from linker, 0x0306->0x0A06 0x03C1 len:13 [0m
[37m[12.224][linker]-[Debug]-[DjiProtocol_v1Unpack:215) <0x666e>V1-Recv: 0x0300->0x0A06 0x036C [0m
[37m[12.224][linker]-[Debug]-[DjiCommand_RecvWork:1066)  <0x666e>Receive msg from linker, 0x0300->0x0A06 0x036C len:71 [0m
[37m[12.224][linker]-[Debug]-[DjiCommand_DealCmd:919) received unsupport request cmd that noneed ack, <0x666e> cmdset: 0x03 cmdid: 0x6C [0m
[37m[12.243][linker]-[Debug]-[DjiProtocol_v1Unpack:215) <0x668c>V1-Recv: 0x0300->0x0A06 0x4900 [0m
[37m[12.243][linker]-[Debug]-[DjiCommand_RecvWork:1066)  <0x668c>Receive msg from linker, 0x0300->0x0A06 0x4900 len:14 [0m
[37m[12.243][linker]-[Debug]-[DjiProtocol_v1Pack:123) <0x668c>V1-Send: 0x0A06->0x0300 0x4900 [0m
[37m[12.258][linker]-[Debug]-[DjiProtocol_v1Unpack:215) <0x2249>V1-Recv: 0x0800->0x0A06 0x0866 [0m
[37m[12.258][linker]-[Debug]-[DjiCommand_RecvWork:1066)  <0x2249>Receive msg from linker, 0x0800->0x0A06 0x0866 len:17 [0m
[37m[12.258][linker]-[Debug]-[DjiCommand_DealCmd:919) received unsupport request cmd that noneed ack, <0x2249> cmdset: 0x08 cmdid: 0x66 [0m
[37m[12.281][linker]-[Debug]-[DjiProtocol_v1Unpack:215) <0x66cd>V1-Recv: 0x0300->0x0A06 0x221B [0m
[37m[12.281][linker]-[Debug]-[DjiCommand_RecvWork:1066)  <0x66cd>Receive msg from linker, 0x0300->0x0A06 0x221B len:9 [0m
[37m[12.281][linker]-[Debug]-[DjiCommand_DealCmd:919) received unsupport request cmd that noneed ack, <0x66cd> cmdset: 0x22 cmdid: 0x1B [0m
[37m[12.300][linker]-[Debug]-[DjiProtocol_v1Unpack:215) <0x66ec>V1-Recv: 0x0306->0x0A06 0x03C1 [0m
[37m[12.301][linker]-[Debug]-[DjiCommand_RecvWork:1066)  <0x66ec>Receive msg from linker, 0x0306->0x0A06 0x03C1 len:13 [0m
[37m[12.324][linker]-[Debug]-[DjiProtocol_v1Unpack:215) <0x6712>V1-Recv: 0x0300->0x0A06 0x036C [0m
[37m[12.324][linker]-[Debug]-[DjiCommand_RecvWork:1066)  <0x6712>Receive msg from linker, 0x0300->0x0A06 0x036C len:71 [0m
[37m[12.324][linker]-[Debug]-[DjiCommand_DealCmd:919) received unsupport request cmd that noneed ack, <0x6712> cmdset: 0x03 cmdid: 0x6C [0m
[37m[12.324][linker]-[Debug]-[DjiProtocol_v1Pack:123) <0x52ca>V1-Send: 0x0A06->0x0200 0x3C10 [0m
[37m[12.324][linker]-[Debug]-[DjiProtocol_v1Pack:123) <0x52cb>V1-Send: 0x0A06->0x0A01 0x3C10 [0m
[37m[12.324][linker]-[Debug]-[DjiProtocol_v1Pack:123) <0x52cc>V1-Send: 0x0A06->0x0300 0x3C10 [0m
[37m[12.343][linker]-[Debug]-[DjiProtocol_v1Unpack:215) <0x673f>V1-Recv: 0x0300->0x0A06 0x4900 [0m
[37m[12.343][linker]-[Debug]-[DjiCommand_RecvWork:1066)  <0x673f>Receive msg from linker, 0x0300->0x0A06 0x4900 len:14 [0m
[37m[12.343][linker]-[Debug]-[DjiProtocol_v1Pack:123) <0x673f>V1-Send: 0x0A06->0x0300 0x4900 [0m
[37m[12.381][linker]-[Debug]-[DjiProtocol_v1Unpack:215) <0x678a>V1-Recv: 0x0300->0x0A06 0x221B [0m
[37m[12.382][linker]-[Debug]-[DjiCommand_RecvWork:1066)  <0x678a>Receive msg from linker, 0x0300->0x0A06 0x221B len:9 [0m
[37m[12.382][linker]-[Debug]-[DjiCommand_DealCmd:919) received unsupport request cmd that noneed ack, <0x678a> cmdset: 0x22 cmdid: 0x1B [0m
[37m[12.400][linker]-[Debug]-[DjiProtocol_v1Unpack:215) <0x67a8>V1-Recv: 0x0306->0x0A06 0x03C1 [0m
[37m[12.401][linker]-[Debug]-[DjiCommand_RecvWork:1066)  <0x67a8>Receive msg from linker, 0x0306->0x0A06 0x03C1 len:13 [0m
[37m[12.424][linker]-[Debug]-[DjiProtocol_v1Unpack:215) <0x67ca>V1-Recv: 0x0300->0x0A06 0x036C [0m
[37m[12.424][linker]-[Debug]-[DjiCommand_RecvWork:1066)  <0x67ca>Receive msg from linker, 0x0300->0x0A06 0x036C len:71 [0m
[37m[12.424][linker]-[Debug]-[DjiCommand_DealCmd:919) received unsupport request cmd that noneed ack, <0x67ca> cmdset: 0x03 cmdid: 0x6C [0m
[37m[12.442][linker]-[Debug]-[DjiProtocol_v1Unpack:215) <0x67e8>V1-Recv: 0x0300->0x0A06 0x4900 [0m
[37m[12.443][linker]-[Debug]-[DjiCommand_RecvWork:1066)  <0x67e8>Receive msg from linker, 0x0300->0x0A06 0x4900 len:14 [0m
[37m[12.443][linker]-[Debug]-[DjiProtocol_v1Pack:123) <0x67e8>V1-Send: 0x0A06->0x0300 0x4900 [0m
[37m[12.457][linker]-[Debug]-[DjiProtocol_v1Unpack:215) <0xa63c>V1-Recv: 0x0202->0x0A06 0x0026 [0m
[37m[12.457][linker]-[Debug]-[DjiCommand_RecvWork:1066)  <0xa63c>Receive msg from linker, 0x0202->0x0A06 0x0026 len:37 [0m
[37m[12.458][linker]-[Debug]-[DjiCommand_DealCmd:919) received unsupport request cmd that need ack, <0xa63c> cmdset: 0x00 cmdid: 0x26 [0m
[37m[12.481][linker]-[Debug]-[DjiProtocol_v1Unpack:215) <0x6827>V1-Recv: 0x0300->0x0A06 0x221B [0m
[37m[12.482][linker]-[Debug]-[DjiCommand_RecvWork:1066)  <0x6827>Receive msg from linker, 0x0300->0x0A06 0x221B len:9 [0m
[37m[12.482][linker]-[Debug]-[DjiCommand_DealCmd:919) received unsupport request cmd that noneed ack, <0x6827> cmdset: 0x22 cmdid: 0x1B [0m
[37m[12.501][linker]-[Debug]-[DjiProtocol_v1Unpack:215) <0x6844>V1-Recv: 0x0306->0x0A06 0x03C1 [0m
[37m[12.501][linker]-[Debug]-[DjiCommand_RecvWork:1066)  <0x6844>Receive msg from linker, 0x0306->0x0A06 0x03C1 len:13 [0m
[37m[12.508][linker]-[Debug]-[DjiProtocol_v1Unpack:215) <0x224a>V1-Recv: 0x0800->0x0A06 0x0866 [0m
[37m[12.509][linker]-[Debug]-[DjiCommand_RecvWork:1066)  <0x224a>Receive msg from linker, 0x0800->0x0A06 0x0866 len:17 [0m
[37m[12.509][linker]-[Debug]-[DjiCommand_DealCmd:919) received unsupport request cmd that noneed ack, <0x224a> cmdset: 0x08 cmdid: 0x66 [0m
[37m[12.524][linker]-[Debug]-[DjiProtocol_v1Unpack:215) <0x686a>V1-Recv: 0x0300->0x0A06 0x036C [0m
[37m[12.525][linker]-[Debug]-[DjiCommand_RecvWork:1066)  <0x686a>Receive msg from linker, 0x0300->0x0A06 0x036C len:71 [0m
[37m[12.525][linker]-[Debug]-[DjiCommand_DealCmd:919) received unsupport request cmd that noneed ack, <0x686a> cmdset: 0x03 cmdid: 0x6C [0m
[37m[12.537][linker]-[Debug]-[DjiProtocol_v1Pack:123) <0x52cd>V1-Send: 0x0A06->0x0300 0x0000 [0m
[37m[12.537][infor]-[Debug]-[DjiAircraftConnection_CheckExtensionPortConnectStatusByV1Protocol:170) check connect status:1 [0m
[37m[12.538][linker]-[Debug]-[DjiProtocol_v1Pack:123) <0x52ce>V1-Send: 0x0A06->0x0200 0x3C10 [0m
[37m[12.538][linker]-[Debug]-[DjiProtocol_v1Pack:123) <0x52cf>V1-Send: 0x0A06->0x0A01 0x3C10 [0m
[37m[12.538][linker]-[Debug]-[DjiProtocol_v1Pack:123) <0x52d0>V1-Send: 0x0A06->0x0300 0x3C10 [0m
[37m[12.541][linker]-[Debug]-[DjiProtocol_v1Unpack:215) <0x52cd>V1-Recv: 0x0300->0x0A06 0x0000 [0m
[37m[12.542][linker]-[Debug]-[DjiCommand_RecvWork:1066)  <0x52cd>Receive msg from linker, 0x0300->0x0A06 0x0000 len:0 [0m
[37m[12.542][infor]-[Debug]-[DjiAircraftInfo_CheckPingStatusAsyncCallback:269) connect status async sucess [0m
[37m[12.542][linker]-[Debug]-[DjiCommand_DealCmd:830) callback function (cmdset: 0x00 cmdid: 0x00) deal time: 0 ms [0m
[37m[12.542][linker]-[Debug]-[DjiProtocol_v1Unpack:215) <0x688e>V1-Recv: 0x0300->0x0A06 0x4900 [0m
[37m[12.543][linker]-[Debug]-[DjiCommand_RecvWork:1066)  <0x688e>Receive msg from linker, 0x0300->0x0A06 0x4900 len:14 [0m
[37m[12.543][linker]-[Debug]-[DjiProtocol_v1Pack:123) <0x688e>V1-Send: 0x0A06->0x0300 0x4900 [0m
[37m[12.583][linker]-[Debug]-[DjiProtocol_v1Unpack:215) <0x68d2>V1-Recv: 0x0300->0x0A06 0x221B [0m
[37m[12.583][linker]-[Debug]-[DjiProtocol_v1Unpack:215) <0x68d6>V1-Recv: 0x0300->0x0100 0x0405 [0m
[37m[12.583][linker]-[Debug]-[DjiCommand_RecvWork:1066)  <0x68d2>Receive msg from linker, 0x0300->0x0A06 0x221B len:9 [0m
[37m[12.583][linker]-[Debug]-[DjiCommand_DealCmd:919) received unsupport request cmd that noneed ack, <0x68d2> cmdset: 0x22 cmdid: 0x1B [0m
[37m[12.584][linker]-[Debug]-[DjiCommand_RecvWork:1066)  <0x68d6>Receive msg from linker, 0x0300->0x0100 0x0405 len:22 [0m
[37m[12.584][linker]-[Debug]-[DjiCommand_DealCmd:919) received unsupport request cmd that noneed ack, <0x68d6> cmdset: 0x04 cmdid: 0x05 [0m
[37m[12.601][linker]-[Debug]-[DjiProtocol_v1Unpack:215) <0x68f1>V1-Recv: 0x0306->0x0A06 0x03C1 [0m
[37m[12.601][linker]-[Debug]-[DjiCommand_RecvWork:1066)  <0x68f1>Receive msg from linker, 0x0306->0x0A06 0x03C1 len:13 [0m
[37m[12.624][linker]-[Debug]-[DjiProtocol_v1Unpack:215) <0x6910>V1-Recv: 0x0300->0x0A06 0x036C [0m
[37m[12.624][linker]-[Debug]-[DjiCommand_RecvWork:1066)  <0x6910>Receive msg from linker, 0x0300->0x0A06 0x036C len:71 [0m
[37m[12.624][linker]-[Debug]-[DjiCommand_DealCmd:919) received unsupport request cmd that noneed ack, <0x6910> cmdset: 0x03 cmdid: 0x6C [0m
[37m[12.642][linker]-[Debug]-[DjiProtocol_v1Unpack:215) <0x692e>V1-Recv: 0x0300->0x0A06 0x4900 [0m
[37m[12.643][linker]-[Debug]-[DjiCommand_RecvWork:1066)  <0x692e>Receive msg from linker, 0x0300->0x0A06 0x4900 len:14 [0m
[37m[12.643][linker]-[Debug]-[DjiProtocol_v1Pack:123) <0x692e>V1-Send: 0x0A06->0x0300 0x4900 [0m
[37m[12.664][linker]-[Debug]-[DjiProtocol_v1Unpack:215) <0x694a>V1-Recv: 0x0306->0x0A06 0x03C1 [0m
[37m[12.665][linker]-[Debug]-[DjiCommand_RecvWork:1066)  <0x694a>Receive msg from linker, 0x0306->0x0A06 0x03C1 len:113 [0m
[37m[12.681][linker]-[Debug]-[DjiProtocol_v1Unpack:215) <0x6970>V1-Recv: 0x0300->0x0A06 0x221B [0m
[37m[12.682][linker]-[Debug]-[DjiCommand_RecvWork:1066)  <0x6970>Receive msg from linker, 0x0300->0x0A06 0x221B len:9 [0m
[37m[12.682][linker]-[Debug]-[DjiCommand_DealCmd:919) received unsupport request cmd that noneed ack, <0x6970> cmdset: 0x22 cmdid: 0x1B [0m
[37m[12.692][linker]-[Debug]-[DjiProtocol_v1Unpack:215) <0x119e>V1-Recv: 0x1D07->0x0A06 0x2105 [0m
[37m[12.693][linker]-[Debug]-[DjiCommand_RecvWork:1066)  <0x119e>Receive msg from linker, 0x1D07->0x0A06 0x2105 len:1 [0m
[37m[12.693][linker]-[Debug]-[DjiCommand_DealCmd:919) received unsupport request cmd that need ack, <0x119e> cmdset: 0x21 cmdid: 0x05 [0m
[37m[12.700][linker]-[Debug]-[DjiProtocol_v1Unpack:215) <0x698d>V1-Recv: 0x0306->0x0A06 0x03C1 [0m
[37m[12.701][linker]-[Debug]-[DjiCommand_RecvWork:1066)  <0x698d>Receive msg from linker, 0x0306->0x0A06 0x03C1 len:13 [0m
[32m[12.704][user]-[Info]-[UserFcSubscription_Task:458) gps position: x 117.120751 y 39.126567 z 10.123000. [0m
[32m[12.704][user]-[Info]-[UserFcSubscription_Task:470) gps total satellite number used: 4 9 16.
GPS fixState: 3.000000. [0m
[32m[12.704][user]-[Info]-[UserFcSubscription_Task:487) Homepoint info: lat->39.126699, lon->117.120801. [0m
[32m[12.704][user]-[Info]-[UserFcSubscription_Task:512) RTK position solution state: 16. [0m
[32m[12.704][user]-[Info]-[UserFcSubscription_Task:528) RTK position: 117.120656 39.126748 -10.097851. [0m
[32m[12.704][user]-[Info]-[UserFcSubscription_Task:573) Altitude of homepoint: 3.473509. [0m
[32m[12.704][user]-[Info]-[UserFcSubscription_Task:586) Battery info: 39. [0m
[32m[12.704][user]-[Info]-[UserFcSubscription_Task:600) Flight status: 0. [0m
[32m[12.704][user]-[Info]-[UserFcSubscription_Task:620) Displaymode status: 6. [0m
[37m[12.704][user]-[Debug]-[UserFcSubscription_Task:633) Timestamp: millisecond 4528992 microsecond 234025106. [0m
[37m[12.704][user]-[Debug]-[UserFcSubscription_Task:634) Relative height fusion is -0.000000 m [0m
[37m[12.724][linker]-[Debug]-[DjiProtocol_v1Unpack:215) <0x69b3>V1-Recv: 0x0300->0x0A06 0x036C [0m
[37m[12.725][linker]-[Debug]-[DjiCommand_RecvWork:1066)  <0x69b3>Receive msg from linker, 0x0300->0x0A06 0x036C len:71 [0m
[37m[12.725][linker]-[Debug]-[DjiCommand_DealCmd:919) received unsupport request cmd that noneed ack, <0x69b3> cmdset: 0x03 cmdid: 0x6C [0m
[37m[12.742][linker]-[Debug]-[DjiProtocol_v1Unpack:215) <0x69d9>V1-Recv: 0x0300->0x0A06 0x4900 [0m
[37m[12.743][linker]-[Debug]-[DjiCommand_RecvWork:1066)  <0x69d9>Receive msg from linker, 0x0300->0x0A06 0x4900 len:14 [0m
[37m[12.743][linker]-[Debug]-[DjiProtocol_v1Pack:123) <0x69d9>V1-Send: 0x0A06->0x0300 0x4900 [0m
[37m[12.751][linker]-[Debug]-[DjiProtocol_v1Unpack:215) <0xbca>V1-Recv: 0x0701->0x0A06 0x0000 [0m
[37m[12.751][linker]-[Debug]-[DjiCommand_RecvWork:1066)  <0xbca>Receive msg from linker, 0x0701->0x0A06 0x0000 len:16 [0m
[37m[12.751][linker]-[Debug]-[DjiProtocol_v1Pack:123) <0xbca>V1-Send: 0x0A06->0x0701 0x0000 [0m
[37m[12.751][linker]-[Debug]-[DjiProtocol_v1Pack:123) <0x52d1>V1-Send: 0x0A06->0x0200 0x3C10 [0m
[37m[12.751][linker]-[Debug]-[DjiProtocol_v1Pack:123) <0x52d2>V1-Send: 0x0A06->0x0A01 0x3C10 [0m
[37m[12.751][linker]-[Debug]-[DjiProtocol_v1Pack:123) <0x52d3>V1-Send: 0x0A06->0x0300 0x3C10 [0m
[37m[12.758][linker]-[Debug]-[DjiProtocol_v1Unpack:215) <0x224b>V1-Recv: 0x0800->0x0A06 0x0866 [0m
[37m[12.759][linker]-[Debug]-[DjiCommand_RecvWork:1066)  <0x224b>Receive msg from linker, 0x0800->0x0A06 0x0866 len:17 [0m
[37m[12.759][linker]-[Debug]-[DjiCommand_DealCmd:919) received unsupport request cmd that noneed ack, <0x224b> cmdset: 0x08 cmdid: 0x66 [0m
[37m[12.781][linker]-[Debug]-[DjiProtocol_v1Unpack:215) <0x6a1b>V1-Recv: 0x0300->0x0A06 0x221B [0m
[37m[12.782][linker]-[Debug]-[DjiCommand_RecvWork:1066)  <0x6a1b>Receive msg from linker, 0x0300->0x0A06 0x221B len:9 [0m
[37m[12.782][linker]-[Debug]-[DjiCommand_DealCmd:919) received unsupport request cmd that noneed ack, <0x6a1b> cmdset: 0x22 cmdid: 0x1B [0m
[37m[12.801][linker]-[Debug]-[DjiProtocol_v1Unpack:215) <0x6a37>V1-Recv: 0x0306->0x0A06 0x03C1 [0m
[37m[12.801][linker]-[Debug]-[DjiCommand_RecvWork:1066)  <0x6a37>Receive msg from linker, 0x0306->0x0A06 0x03C1 len:13 [0m
[37m[12.812][utils]-[Debug]-[DjiCore_RootTask:131) work execution time: [0m
[37m[12.812][utils]-[Debug]-[DjiCore_RootTask:132) name	                execution time (ms)	  max execution time (ms) [0m
[37m[12.812][utils]-[Debug]-[DjiCore_RootTask:134) recorderWork                    	0       	1        [0m
[37m[12.812][utils]-[Debug]-[DjiCore_RootTask:134) flowControllerTask              	1       	1        [0m
[37m[12.812][utils]-[Debug]-[DjiCore_RootTask:134) commandTask                     	1       	1        [0m
[37m[12.812][utils]-[Debug]-[DjiCore_RootTask:134) aircraftWorkNode                	0       	1        [0m
[37m[12.812][utils]-[Debug]-[DjiCore_RootTask:134) StatePushWork                   	0       	1        [0m
[37m[12.824][linker]-[Debug]-[DjiProtocol_v1Unpack:215) <0x6a58>V1-Recv: 0x0300->0x0A06 0x036C [0m
[37m[12.824][linker]-[Debug]-[DjiCommand_RecvWork:1066)  <0x6a58>Receive msg from linker, 0x0300->0x0A06 0x036C len:71 [0m
[37m[12.824][linker]-[Debug]-[DjiCommand_DealCmd:919) received unsupport request cmd that noneed ack, <0x6a58> cmdset: 0x03 cmdid: 0x6C [0m
[37m[12.842][linker]-[Debug]-[DjiProtocol_v1Unpack:215) <0x6a78>V1-Recv: 0x0300->0x0A06 0x4900 [0m
[37m[12.842][linker]-[Debug]-[DjiCommand_RecvWork:1066)  <0x6a78>Receive msg from linker, 0x0300->0x0A06 0x4900 len:14 [0m
[37m[12.842][linker]-[Debug]-[DjiProtocol_v1Pack:123) <0x6a78>V1-Send: 0x0A06->0x0300 0x4900 [0m
[37m[12.881][linker]-[Debug]-[DjiProtocol_v1Unpack:215) <0x6ab8>V1-Recv: 0x0300->0x0A06 0x221B [0m
[37m[12.882][linker]-[Debug]-[DjiCommand_RecvWork:1066)  <0x6ab8>Receive msg from linker, 0x0300->0x0A06 0x221B len:9 [0m
[37m[12.882][linker]-[Debug]-[DjiCommand_DealCmd:919) received unsupport request cmd that noneed ack, <0x6ab8> cmdset: 0x22 cmdid: 0x1B [0m
[37m[12.901][linker]-[Debug]-[DjiProtocol_v1Unpack:215) <0x6ad6>V1-Recv: 0x0306->0x0A06 0x03C1 [0m
[37m[12.901][linker]-[Debug]-[DjiCommand_RecvWork:1066)  <0x6ad6>Receive msg from linker, 0x0306->0x0A06 0x03C1 len:13 [0m
[37m[12.924][linker]-[Debug]-[DjiProtocol_v1Unpack:215) <0x6afc>V1-Recv: 0x0300->0x0A06 0x036C [0m
[37m[12.925][linker]-[Debug]-[DjiCommand_RecvWork:1066)  <0x6afc>Receive msg from linker, 0x0300->0x0A06 0x036C len:71 [0m
[37m[12.925][linker]-[Debug]-[DjiCommand_DealCmd:919) received unsupport request cmd that noneed ack, <0x6afc> cmdset: 0x03 cmdid: 0x6C [0m
[37m[12.942][linker]-[Debug]-[DjiProtocol_v1Unpack:215) <0x6b26>V1-Recv: 0x0300->0x0A06 0x4900 [0m
[37m[12.943][linker]-[Debug]-[DjiCommand_RecvWork:1066)  <0x6b26>Receive msg from linker, 0x0300->0x0A06 0x4900 len:14 [0m
[37m[12.943][linker]-[Debug]-[DjiProtocol_v1Pack:123) <0x6b26>V1-Send: 0x0A06->0x0300 0x4900 [0m
[37m[12.965][linker]-[Debug]-[DjiProtocol_v1Pack:123) <0x52d4>V1-Send: 0x0A06->0x0200 0x3C10 [0m
[37m[12.965][linker]-[Debug]-[DjiProtocol_v1Pack:123) <0x52d5>V1-Send: 0x0A06->0x0A01 0x3C10 [0m
[37m[12.965][linker]-[Debug]-[DjiProtocol_v1Pack:123) <0x52d6>V1-Send: 0x0A06->0x0300 0x3C10 [0m
[37m[12.982][linker]-[Debug]-[DjiProtocol_v1Unpack:215) <0x6b68>V1-Recv: 0x0300->0x0A06 0x221B [0m
[37m[12.982][linker]-[Debug]-[DjiCommand_RecvWork:1066)  <0x6b68>Receive msg from linker, 0x0300->0x0A06 0x221B len:9 [0m
[37m[12.982][linker]-[Debug]-[DjiCommand_DealCmd:919) received unsupport request cmd that noneed ack, <0x6b68> cmdset: 0x22 cmdid: 0x1B [0m
[37m[13.000][linker]-[Debug]-[DjiProtocol_v1Unpack:215) <0x6b87>V1-Recv: 0x0306->0x0A06 0x03C1 [0m
[37m[13.001][linker]-[Debug]-[DjiCommand_RecvWork:1066)  <0x6b87>Receive msg from linker, 0x0306->0x0A06 0x03C1 len:13 [0m
[37m[13.007][linker]-[Debug]-[DjiProtocol_v1Unpack:215) <0x224c>V1-Recv: 0x0800->0x0A06 0x0866 [0m
[37m[13.008][linker]-[Debug]-[DjiCommand_RecvWork:1066)  <0x224c>Receive msg from linker, 0x0800->0x0A06 0x0866 len:17 [0m
[37m[13.008][linker]-[Debug]-[DjiCommand_DealCmd:919) received unsupport request cmd that noneed ack, <0x224c> cmdset: 0x08 cmdid: 0x66 [0m
[37m[13.024][linker]-[Debug]-[DjiProtocol_v1Unpack:215) <0x6ba7>V1-Recv: 0x0300->0x0A06 0x036C [0m
[37m[13.024][linker]-[Debug]-[DjiCommand_RecvWork:1066)  <0x6ba7>Receive msg from linker, 0x0300->0x0A06 0x036C len:71 [0m
[37m[13.024][linker]-[Debug]-[DjiCommand_DealCmd:919) received unsupport request cmd that noneed ack, <0x6ba7> cmdset: 0x03 cmdid: 0x6C [0m
[37m[13.043][linker]-[Debug]-[DjiProtocol_v1Unpack:215) <0x6bc6>V1-Recv: 0x0300->0x0A06 0x4900 [0m
[37m[13.043][linker]-[Debug]-[DjiCommand_RecvWork:1066)  <0x6bc6>Receive msg from linker, 0x0300->0x0A06 0x4900 len:14 [0m
[37m[13.043][linker]-[Debug]-[DjiProtocol_v1Pack:123) <0x6bc6>V1-Send: 0x0A06->0x0300 0x4900 [0m
[37m[13.084][linker]-[Debug]-[DjiProtocol_v1Unpack:215) <0x6c05>V1-Recv: 0x0300->0x0A06 0x221B [0m
[37m[13.084][linker]-[Debug]-[DjiProtocol_v1Unpack:215) <0x6c0c>V1-Recv: 0x0300->0x0A06 0x0F74 [0m
[37m[13.084][linker]-[Debug]-[DjiProtocol_v1Unpack:215) <0x6c0d>V1-Recv: 0x0300->0x0100 0x0406 [0m
[37m[13.084][linker]-[Debug]-[DjiProtocol_v1Unpack:215) <0x6c0e>V1-Recv: 0x0300->0x0100 0x0407 [0m
[37m[13.085][linker]-[Debug]-[DjiCommand_RecvWork:1066)  <0x6c05>Receive msg from linker, 0x0300->0x0A06 0x221B len:9 [0m
[37m[13.085][linker]-[Debug]-[DjiCommand_DealCmd:919) received unsupport request cmd that noneed ack, <0x6c05> cmdset: 0x22 cmdid: 0x1B [0m
[37m[13.086][linker]-[Debug]-[DjiCommand_RecvWork:1066)  <0x6c0c>Receive msg from linker, 0x0300->0x0A06 0x0F74 len:28 [0m
[37m[13.086][linker]-[Debug]-[DjiCommand_DealCmd:919) received unsupport request cmd that noneed ack, <0x6c0c> cmdset: 0x0F cmdid: 0x74 [0m
[37m[13.087][linker]-[Debug]-[DjiCommand_RecvWork:1066)  <0x6c0d>Receive msg from linker, 0x0300->0x0100 0x0406 len:12 [0m
[37m[13.087][linker]-[Debug]-[DjiCommand_DealCmd:919) received unsupport request cmd that noneed ack, <0x6c0d> cmdset: 0x04 cmdid: 0x06 [0m
[37m[13.088][linker]-[Debug]-[DjiCommand_RecvWork:1066)  <0x6c0e>Receive msg from linker, 0x0300->0x0100 0x0407 len:1 [0m
[37m[13.088][linker]-[Debug]-[DjiCommand_DealCmd:919) received unsupport request cmd that noneed ack, <0x6c0e> cmdset: 0x04 cmdid: 0x07 [0m
[37m[13.100][linker]-[Debug]-[DjiProtocol_v1Unpack:215) <0x6c29>V1-Recv: 0x0306->0x0A06 0x03C1 [0m
[37m[13.101][linker]-[Debug]-[DjiCommand_RecvWork:1066)  <0x6c29>Receive msg from linker, 0x0306->0x0A06 0x03C1 len:13 [0m
[37m[13.124][linker]-[Debug]-[DjiProtocol_v1Unpack:215) <0x6c4c>V1-Recv: 0x0300->0x0A06 0x036C [0m
[37m[13.124][linker]-[Debug]-[DjiCommand_RecvWork:1066)  <0x6c4c>Receive msg from linker, 0x0300->0x0A06 0x036C len:71 [0m
[37m[13.124][linker]-[Debug]-[DjiCommand_DealCmd:919) received unsupport request cmd that noneed ack, <0x6c4c> cmdset: 0x03 cmdid: 0x6C [0m
[37m[13.143][linker]-[Debug]-[DjiProtocol_v1Unpack:215) <0x6c7c>V1-Recv: 0x0300->0x0A06 0x4900 [0m
[37m[13.143][linker]-[Debug]-[DjiCommand_RecvWork:1066)  <0x6c7c>Receive msg from linker, 0x0300->0x0A06 0x4900 len:14 [0m
[37m[13.143][linker]-[Debug]-[DjiProtocol_v1Pack:123) <0x6c7c>V1-Send: 0x0A06->0x0300 0x4900 [0m
[37m[13.179][linker]-[Debug]-[DjiProtocol_v1Pack:123) <0x52d7>V1-Send: 0x0A06->0x0200 0x3C10 [0m
[37m[13.179][linker]-[Debug]-[DjiProtocol_v1Pack:123) <0x52d8>V1-Send: 0x0A06->0x0A01 0x3C10 [0m
[37m[13.179][linker]-[Debug]-[DjiProtocol_v1Pack:123) <0x52d9>V1-Send: 0x0A06->0x0300 0x3C10 [0m
[37m[13.182][linker]-[Debug]-[DjiProtocol_v1Unpack:215) <0x6cc2>V1-Recv: 0x0300->0x0A06 0x221B [0m
[37m[13.182][linker]-[Debug]-[DjiCommand_RecvWork:1066)  <0x6cc2>Receive msg from linker, 0x0300->0x0A06 0x221B len:9 [0m
[37m[13.182][linker]-[Debug]-[DjiCommand_DealCmd:919) received unsupport request cmd that noneed ack, <0x6cc2> cmdset: 0x22 cmdid: 0x1B [0m
[37m[13.201][linker]-[Debug]-[DjiProtocol_v1Unpack:215) <0x6ce4>V1-Recv: 0x0306->0x0A06 0x03C1 [0m
[37m[13.201][linker]-[Debug]-[DjiCommand_RecvWork:1066)  <0x6ce4>Receive msg from linker, 0x0306->0x0A06 0x03C1 len:13 [0m
[37m[13.224][linker]-[Debug]-[DjiProtocol_v1Unpack:215) <0x6d06>V1-Recv: 0x0300->0x0A06 0x036C [0m
[37m[13.224][linker]-[Debug]-[DjiCommand_RecvWork:1066)  <0x6d06>Receive msg from linker, 0x0300->0x0A06 0x036C len:71 [0m
[37m[13.224][linker]-[Debug]-[DjiCommand_DealCmd:919) received unsupport request cmd that noneed ack, <0x6d06> cmdset: 0x03 cmdid: 0x6C [0m
[37m[13.242][linker]-[Debug]-[DjiProtocol_v1Unpack:215) <0x6d24>V1-Recv: 0x0300->0x0A06 0x4900 [0m
[37m[13.242][linker]-[Debug]-[DjiCommand_RecvWork:1066)  <0x6d24>Receive msg from linker, 0x0300->0x0A06 0x4900 len:14 [0m
[37m[13.242][linker]-[Debug]-[DjiProtocol_v1Pack:123) <0x6d24>V1-Send: 0x0A06->0x0300 0x4900 [0m
[37m[13.258][linker]-[Debug]-[DjiProtocol_v1Unpack:215) <0x224d>V1-Recv: 0x0800->0x0A06 0x0866 [0m
[37m[13.258][linker]-[Debug]-[DjiCommand_RecvWork:1066)  <0x224d>Receive msg from linker, 0x0800->0x0A06 0x0866 len:17 [0m
[37m[13.258][linker]-[Debug]-[DjiCommand_DealCmd:919) received unsupport request cmd that noneed ack, <0x224d> cmdset: 0x08 cmdid: 0x66 [0m
[37m[13.281][linker]-[Debug]-[DjiProtocol_v1Unpack:215) <0x6d65>V1-Recv: 0x0300->0x0A06 0x221B [0m
[37m[13.282][linker]-[Debug]-[DjiCommand_RecvWork:1066)  <0x6d65>Receive msg from linker, 0x0300->0x0A06 0x221B len:9 [0m
[37m[13.282][linker]-[Debug]-[DjiCommand_DealCmd:919) received unsupport request cmd that noneed ack, <0x6d65> cmdset: 0x22 cmdid: 0x1B [0m
[37m[13.301][linker]-[Debug]-[DjiProtocol_v1Unpack:215) <0x6d84>V1-Recv: 0x0306->0x0A06 0x03C1 [0m
[37m[13.301][linker]-[Debug]-[DjiCommand_RecvWork:1066)  <0x6d84>Receive msg from linker, 0x0306->0x0A06 0x03C1 len:13 [0m
[37m[13.324][linker]-[Debug]-[DjiProtocol_v1Unpack:215) <0x6daa>V1-Recv: 0x0300->0x0A06 0x036C [0m
[37m[13.324][linker]-[Debug]-[DjiCommand_RecvWork:1066)  <0x6daa>Receive msg from linker, 0x0300->0x0A06 0x036C len:71 [0m
[37m[13.324][linker]-[Debug]-[DjiCommand_DealCmd:919) received unsupport request cmd that noneed ack, <0x6daa> cmdset: 0x03 cmdid: 0x6C [0m
[37m[13.343][linker]-[Debug]-[DjiProtocol_v1Unpack:215) <0x6dd7>V1-Recv: 0x0300->0x0A06 0x4900 [0m
[37m[13.343][linker]-[Debug]-[DjiCommand_RecvWork:1066)  <0x6dd7>Receive msg from linker, 0x0300->0x0A06 0x4900 len:14 [0m
[37m[13.343][linker]-[Debug]-[DjiProtocol_v1Pack:123) <0x6dd7>V1-Send: 0x0A06->0x0300 0x4900 [0m
[37m[13.381][linker]-[Debug]-[DjiProtocol_v1Unpack:215) <0x6e21>V1-Recv: 0x0300->0x0A06 0x221B [0m
[37m[13.382][linker]-[Debug]-[DjiCommand_RecvWork:1066)  <0x6e21>Receive msg from linker, 0x0300->0x0A06 0x221B len:9 [0m
[37m[13.382][linker]-[Debug]-[DjiCommand_DealCmd:919) received unsupport request cmd that noneed ack, <0x6e21> cmdset: 0x22 cmdid: 0x1B [0m
[37m[13.391][linker]-[Debug]-[DjiProtocol_v1Pack:123) <0x52da>V1-Send: 0x0A06->0x0200 0x3C10 [0m
[37m[13.391][linker]-[Debug]-[DjiProtocol_v1Pack:123) <0x52db>V1-Send: 0x0A06->0x0A01 0x3C10 [0m
[37m[13.391][linker]-[Debug]-[DjiProtocol_v1Pack:123) <0x52dc>V1-Send: 0x0A06->0x0300 0x3C10 [0m
[37m[13.401][linker]-[Debug]-[DjiProtocol_v1Unpack:215) <0x6e3f>V1-Recv: 0x0306->0x0A06 0x03C1 [0m
[37m[13.401][linker]-[Debug]-[DjiCommand_RecvWork:1066)  <0x6e3f>Receive msg from linker, 0x0306->0x0A06 0x03C1 len:13 [0m
[37m[13.424][linker]-[Debug]-[DjiProtocol_v1Unpack:215) <0x6e60>V1-Recv: 0x0300->0x0A06 0x036C [0m
[37m[13.424][linker]-[Debug]-[DjiCommand_RecvWork:1066)  <0x6e60>Receive msg from linker, 0x0300->0x0A06 0x036C len:71 [0m
[37m[13.424][linker]-[Debug]-[DjiCommand_DealCmd:919) received unsupport request cmd that noneed ack, <0x6e60> cmdset: 0x03 cmdid: 0x6C [0m
[37m[13.442][linker]-[Debug]-[DjiProtocol_v1Unpack:215) <0x6e7e>V1-Recv: 0x0300->0x0A06 0x4900 [0m
[37m[13.442][linker]-[Debug]-[DjiCommand_RecvWork:1066)  <0x6e7e>Receive msg from linker, 0x0300->0x0A06 0x4900 len:14 [0m
[37m[13.442][linker]-[Debug]-[DjiProtocol_v1Pack:123) <0x6e7e>V1-Send: 0x0A06->0x0300 0x4900 [0m
[37m[13.481][linker]-[Debug]-[DjiProtocol_v1Unpack:215) <0x6ebd>V1-Recv: 0x0300->0x0A06 0x221B [0m
[37m[13.482][linker]-[Debug]-[DjiCommand_RecvWork:1066)  <0x6ebd>Receive msg from linker, 0x0300->0x0A06 0x221B len:9 [0m
[37m[13.482][linker]-[Debug]-[DjiCommand_DealCmd:919) received unsupport request cmd that noneed ack, <0x6ebd> cmdset: 0x22 cmdid: 0x1B [0m
[37m[13.501][linker]-[Debug]-[DjiProtocol_v1Unpack:215) <0x6edb>V1-Recv: 0x0306->0x0A06 0x03C1 [0m
[37m[13.501][linker]-[Debug]-[DjiCommand_RecvWork:1066)  <0x6edb>Receive msg from linker, 0x0306->0x0A06 0x03C1 len:13 [0m
[37m[13.508][linker]-[Debug]-[DjiProtocol_v1Unpack:215) <0x224e>V1-Recv: 0x0800->0x0A06 0x0866 [0m
[37m[13.509][linker]-[Debug]-[DjiCommand_RecvWork:1066)  <0x224e>Receive msg from linker, 0x0800->0x0A06 0x0866 len:17 [0m
[37m[13.509][linker]-[Debug]-[DjiCommand_DealCmd:919) received unsupport request cmd that noneed ack, <0x224e> cmdset: 0x08 cmdid: 0x66 [0m
[37m[13.524][linker]-[Debug]-[DjiProtocol_v1Unpack:215) <0x6f00>V1-Recv: 0x0300->0x0A06 0x036C [0m
[37m[13.525][linker]-[Debug]-[DjiCommand_RecvWork:1066)  <0x6f00>Receive msg from linker, 0x0300->0x0A06 0x036C len:71 [0m
[37m[13.525][linker]-[Debug]-[DjiCommand_DealCmd:919) received unsupport request cmd that noneed ack, <0x6f00> cmdset: 0x03 cmdid: 0x6C [0m
[37m[13.542][linker]-[Debug]-[DjiProtocol_v1Unpack:215) <0x6f24>V1-Recv: 0x0300->0x0A06 0x4900 [0m
[37m[13.543][linker]-[Debug]-[DjiCommand_RecvWork:1066)  <0x6f24>Receive msg from linker, 0x0300->0x0A06 0x4900 len:14 [0m
[37m[13.543][linker]-[Debug]-[DjiProtocol_v1Pack:123) <0x6f24>V1-Send: 0x0A06->0x0300 0x4900 [0m
[37m[13.583][linker]-[Debug]-[DjiProtocol_v1Unpack:215) <0x6f68>V1-Recv: 0x0300->0x0A06 0x221B [0m
[37m[13.583][linker]-[Debug]-[DjiProtocol_v1Unpack:215) <0x6f6c>V1-Recv: 0x0300->0x0100 0x0405 [0m
[37m[13.584][linker]-[Debug]-[DjiCommand_RecvWork:1066)  <0x6f68>Receive msg from linker, 0x0300->0x0A06 0x221B len:9 [0m
[37m[13.584][linker]-[Debug]-[DjiCommand_DealCmd:919) received unsupport request cmd that noneed ack, <0x6f68> cmdset: 0x22 cmdid: 0x1B [0m
[37m[13.585][linker]-[Debug]-[DjiCommand_RecvWork:1066)  <0x6f6c>Receive msg from linker, 0x0300->0x0100 0x0405 len:22 [0m
[37m[13.585][linker]-[Debug]-[DjiCommand_DealCmd:919) received unsupport request cmd that noneed ack, <0x6f6c> cmdset: 0x04 cmdid: 0x05 [0m
[37m[13.601][linker]-[Debug]-[DjiProtocol_v1Unpack:215) <0x6f87>V1-Recv: 0x0306->0x0A06 0x03C1 [0m
[37m[13.602][linker]-[Debug]-[DjiCommand_RecvWork:1066)  <0x6f87>Receive msg from linker, 0x0306->0x0A06 0x03C1 len:13 [0m
[37m[13.604][linker]-[Debug]-[DjiProtocol_v1Pack:123) <0x52dd>V1-Send: 0x0A06->0x0300 0x0000 [0m
[37m[13.604][infor]-[Debug]-[DjiAircraftConnection_CheckExtensionPortConnectStatusByV1Protocol:170) check connect status:1 [0m
[37m[13.605][linker]-[Debug]-[DjiProtocol_v1Pack:123) <0x52de>V1-Send: 0x0A06->0x0200 0x3C10 [0m
[37m[13.605][linker]-[Debug]-[DjiProtocol_v1Pack:123) <0x52df>V1-Send: 0x0A06->0x0A01 0x3C10 [0m
[37m[13.605][linker]-[Debug]-[DjiProtocol_v1Pack:123) <0x52e0>V1-Send: 0x0A06->0x0300 0x3C10 [0m
[37m[13.624][linker]-[Debug]-[DjiProtocol_v1Unpack:215) <0x52dd>V1-Recv: 0x0300->0x0A06 0x0000 [0m
[37m[13.624][linker]-[Debug]-[DjiProtocol_v1Unpack:215) <0x6fa7>V1-Recv: 0x0300->0x0A06 0x036C [0m
[37m[13.625][linker]-[Debug]-[DjiCommand_RecvWork:1066)  <0x52dd>Receive msg from linker, 0x0300->0x0A06 0x0000 len:0 [0m
[37m[13.625][infor]-[Debug]-[DjiAircraftInfo_CheckPingStatusAsyncCallback:269) connect status async sucess [0m
[37m[13.625][linker]-[Debug]-[DjiCommand_DealCmd:830) callback function (cmdset: 0x00 cmdid: 0x00) deal time: 0 ms [0m
[37m[13.626][linker]-[Debug]-[DjiCommand_RecvWork:1066)  <0x6fa7>Receive msg from linker, 0x0300->0x0A06 0x036C len:71 [0m
[37m[13.626][linker]-[Debug]-[DjiCommand_DealCmd:919) received unsupport request cmd that noneed ack, <0x6fa7> cmdset: 0x03 cmdid: 0x6C [0m
[37m[13.642][linker]-[Debug]-[DjiProtocol_v1Unpack:215) <0x6fc5>V1-Recv: 0x0300->0x0A06 0x4900 [0m
[37m[13.642][linker]-[Debug]-[DjiCommand_RecvWork:1066)  <0x6fc5>Receive msg from linker, 0x0300->0x0A06 0x4900 len:14 [0m
[37m[13.642][linker]-[Debug]-[DjiProtocol_v1Pack:123) <0x6fc5>V1-Send: 0x0A06->0x0300 0x4900 [0m
[37m[13.665][linker]-[Debug]-[DjiProtocol_v1Unpack:215) <0x6fe1>V1-Recv: 0x0306->0x0A06 0x03C1 [0m
[37m[13.665][linker]-[Debug]-[DjiCommand_RecvWork:1066)  <0x6fe1>Receive msg from linker, 0x0306->0x0A06 0x03C1 len:113 [0m
[37m[13.682][linker]-[Debug]-[DjiProtocol_v1Unpack:215) <0x7007>V1-Recv: 0x0300->0x0A06 0x221B [0m
[37m[13.682][linker]-[Debug]-[DjiCommand_RecvWork:1066)  <0x7007>Receive msg from linker, 0x0300->0x0A06 0x221B len:9 [0m
[37m[13.682][linker]-[Debug]-[DjiCommand_DealCmd:919) received unsupport request cmd that noneed ack, <0x7007> cmdset: 0x22 cmdid: 0x1B [0m
[37m[13.695][linker]-[Debug]-[DjiProtocol_v1Unpack:215) <0x119f>V1-Recv: 0x1D07->0x0A06 0x2105 [0m
[37m[13.696][linker]-[Debug]-[DjiCommand_RecvWork:1066)  <0x119f>Receive msg from linker, 0x1D07->0x0A06 0x2105 len:1 [0m
[37m[13.696][linker]-[Debug]-[DjiCommand_DealCmd:919) received unsupport request cmd that need ack, <0x119f> cmdset: 0x21 cmdid: 0x05 [0m
[37m[13.701][linker]-[Debug]-[DjiProtocol_v1Unpack:215) <0x7024>V1-Recv: 0x0306->0x0A06 0x03C1 [0m
[37m[13.701][linker]-[Debug]-[DjiCommand_RecvWork:1066)  <0x7024>Receive msg from linker, 0x0306->0x0A06 0x03C1 len:13 [0m
[32m[13.704][user]-[Info]-[UserFcSubscription_Task:458) gps position: x 117.120750 y 39.126569 z 10.035000. [0m
[32m[13.704][user]-[Info]-[UserFcSubscription_Task:470) gps total satellite number used: 5 9 17.
GPS fixState: 3.000000. [0m
[32m[13.704][user]-[Info]-[UserFcSubscription_Task:487) Homepoint info: lat->39.126699, lon->117.120801. [0m
[32m[13.704][user]-[Info]-[UserFcSubscription_Task:512) RTK position solution state: 16. [0m
[32m[13.704][user]-[Info]-[UserFcSubscription_Task:528) RTK position: 117.120656 39.126748 -10.097768. [0m
[32m[13.704][user]-[Info]-[UserFcSubscription_Task:573) Altitude of homepoint: 3.474751. [0m
[32m[13.704][user]-[Info]-[UserFcSubscription_Task:586) Battery info: 39. [0m
[32m[13.704][user]-[Info]-[UserFcSubscription_Task:600) Flight status: 0. [0m
[32m[13.704][user]-[Info]-[UserFcSubscription_Task:620) Displaymode status: 6. [0m
[37m[13.704][user]-[Debug]-[UserFcSubscription_Task:633) Timestamp: millisecond 4529992 microsecond 235025099. [0m
[37m[13.704][user]-[Debug]-[UserFcSubscription_Task:634) Relative height fusion is 0.000000 m [0m
[37m[13.724][linker]-[Debug]-[DjiProtocol_v1Unpack:215) <0x704a>V1-Recv: 0x0300->0x0A06 0x036C [0m
[37m[13.725][linker]-[Debug]-[DjiCommand_RecvWork:1066)  <0x704a>Receive msg from linker, 0x0300->0x0A06 0x036C len:71 [0m
[37m[13.725][linker]-[Debug]-[DjiCommand_DealCmd:919) received unsupport request cmd that noneed ack, <0x704a> cmdset: 0x03 cmdid: 0x6C [0m
[37m[13.742][linker]-[Debug]-[DjiProtocol_v1Unpack:215) <0x7070>V1-Recv: 0x0300->0x0A06 0x4900 [0m
[37m[13.743][linker]-[Debug]-[DjiCommand_RecvWork:1066)  <0x7070>Receive msg from linker, 0x0300->0x0A06 0x4900 len:14 [0m
[37m[13.743][linker]-[Debug]-[DjiProtocol_v1Pack:123) <0x7070>V1-Send: 0x0A06->0x0300 0x4900 [0m
[37m[13.751][linker]-[Debug]-[DjiProtocol_v1Unpack:215) <0xbcb>V1-Recv: 0x0701->0x0A06 0x0000 [0m
[37m[13.751][linker]-[Debug]-[DjiCommand_RecvWork:1066)  <0xbcb>Receive msg from linker, 0x0701->0x0A06 0x0000 len:16 [0m
[37m[13.751][linker]-[Debug]-[DjiProtocol_v1Pack:123) <0xbcb>V1-Send: 0x0A06->0x0701 0x0000 [0m
[37m[13.758][linker]-[Debug]-[DjiProtocol_v1Unpack:215) <0x224f>V1-Recv: 0x0800->0x0A06 0x0866 [0m
[37m[13.759][linker]-[Debug]-[DjiCommand_RecvWork:1066)  <0x224f>Receive msg from linker, 0x0800->0x0A06 0x0866 len:17 [0m
[37m[13.759][linker]-[Debug]-[DjiCommand_DealCmd:919) received unsupport request cmd that noneed ack, <0x224f> cmdset: 0x08 cmdid: 0x66 [0m
[37m[13.782][linker]-[Debug]-[DjiProtocol_v1Unpack:215) <0x70b2>V1-Recv: 0x0300->0x0A06 0x221B [0m
[37m[13.782][linker]-[Debug]-[DjiCommand_RecvWork:1066)  <0x70b2>Receive msg from linker, 0x0300->0x0A06 0x221B len:9 [0m
[37m[13.782][linker]-[Debug]-[DjiCommand_DealCmd:919) received unsupport request cmd that noneed ack, <0x70b2> cmdset: 0x22 cmdid: 0x1B [0m
[37m[13.800][linker]-[Debug]-[DjiProtocol_v1Unpack:215) <0x70ce>V1-Recv: 0x0306->0x0A06 0x03C1 [0m
[37m[13.800][linker]-[Debug]-[DjiCommand_RecvWork:1066)  <0x70ce>Receive msg from linker, 0x0306->0x0A06 0x03C1 len:13 [0m
[37m[13.818][linker]-[Debug]-[DjiProtocol_v1Pack:123) <0x52e1>V1-Send: 0x0A06->0x0200 0x3C10 [0m
[37m[13.818][linker]-[Debug]-[DjiProtocol_v1Pack:123) <0x52e2>V1-Send: 0x0A06->0x0A01 0x3C10 [0m
[37m[13.818][linker]-[Debug]-[DjiProtocol_v1Pack:123) <0x52e3>V1-Send: 0x0A06->0x0300 0x3C10 [0m
[37m[13.824][linker]-[Debug]-[DjiProtocol_v1Unpack:215) <0x70ed>V1-Recv: 0x0300->0x0A06 0x036C [0m
[37m[13.825][linker]-[Debug]-[DjiCommand_RecvWork:1066)  <0x70ed>Receive msg from linker, 0x0300->0x0A06 0x036C len:71 [0m
[37m[13.825][linker]-[Debug]-[DjiCommand_DealCmd:919) received unsupport request cmd that noneed ack, <0x70ed> cmdset: 0x03 cmdid: 0x6C [0m
[37m[13.842][linker]-[Debug]-[DjiProtocol_v1Unpack:215) <0x710f>V1-Recv: 0x0300->0x0A06 0x4900 [0m
[37m[13.843][linker]-[Debug]-[DjiCommand_RecvWork:1066)  <0x710f>Receive msg from linker, 0x0300->0x0A06 0x4900 len:14 [0m
[37m[13.843][linker]-[Debug]-[DjiProtocol_v1Pack:123) <0x710f>V1-Send: 0x0A06->0x0300 0x4900 [0m
[37m[13.879][utils]-[Debug]-[DjiCore_RootTask:131) work execution time: [0m
[37m[13.879][utils]-[Debug]-[DjiCore_RootTask:132) name	                execution time (ms)	  max execution time (ms) [0m
[37m[13.879][utils]-[Debug]-[DjiCore_RootTask:134) recorderWork                    	1       	1        [0m
[37m[13.879][utils]-[Debug]-[DjiCore_RootTask:134) flowControllerTask              	0       	1        [0m
[37m[13.879][utils]-[Debug]-[DjiCore_RootTask:134) commandTask                     	1       	1        [0m
[37m[13.879][utils]-[Debug]-[DjiCore_RootTask:134) aircraftWorkNode                	1       	1        [0m
[37m[13.879][utils]-[Debug]-[DjiCore_RootTask:134) StatePushWork                   	0       	1        [0m
[37m[13.882][linker]-[Debug]-[DjiProtocol_v1Unpack:215) <0x714f>V1-Recv: 0x0300->0x0A06 0x221B [0m
[37m[13.882][linker]-[Debug]-[DjiCommand_RecvWork:1066)  <0x714f>Receive msg from linker, 0x0300->0x0A06 0x221B len:9 [0m
[37m[13.882][linker]-[Debug]-[DjiCommand_DealCmd:919) received unsupport request cmd that noneed ack, <0x714f> cmdset: 0x22 cmdid: 0x1B [0m
[37m[13.901][linker]-[Debug]-[DjiProtocol_v1Unpack:215) <0x716d>V1-Recv: 0x0306->0x0A06 0x03C1 [0m
[37m[13.902][linker]-[Debug]-[DjiCommand_RecvWork:1066)  <0x716d>Receive msg from linker, 0x0306->0x0A06 0x03C1 len:13 [0m
[37m[13.924][linker]-[Debug]-[DjiProtocol_v1Unpack:215) <0x7193>V1-Recv: 0x0300->0x0A06 0x036C [0m
[37m[13.925][linker]-[Debug]-[DjiCommand_RecvWork:1066)  <0x7193>Receive msg from linker, 0x0300->0x0A06 0x036C len:71 [0m
[37m[13.925][linker]-[Debug]-[DjiCommand_DealCmd:919) received unsupport request cmd that noneed ack, <0x7193> cmdset: 0x03 cmdid: 0x6C [0m
[37m[13.943][linker]-[Debug]-[DjiProtocol_v1Unpack:215) <0x71bd>V1-Recv: 0x0300->0x0A06 0x4900 [0m
[37m[13.944][linker]-[Debug]-[DjiCommand_RecvWork:1066)  <0x71bd>Receive msg from linker, 0x0300->0x0A06 0x4900 len:14 [0m
[37m[13.944][linker]-[Debug]-[DjiProtocol_v1Pack:123) <0x71bd>V1-Send: 0x0A06->0x0300 0x4900 [0m
[37m[13.959][linker]-[Debug]-[DjiProtocol_v1Unpack:215) <0xa63c>V1-Recv: 0x0202->0x0A06 0x0026 [0m
[37m[13.960][linker]-[Debug]-[DjiCommand_RecvWork:1066)  <0xa63c>Receive msg from linker, 0x0202->0x0A06 0x0026 len:37 [0m
[37m[13.960][linker]-[Debug]-[DjiCommand_DealCmd:919) received unsupport request cmd that need ack, <0xa63c> cmdset: 0x00 cmdid: 0x26 [0m
[37m[13.982][linker]-[Debug]-[DjiProtocol_v1Unpack:215) <0x71ff>V1-Recv: 0x0300->0x0A06 0x221B [0m
[37m[13.983][linker]-[Debug]-[DjiCommand_RecvWork:1066)  <0x71ff>Receive msg from linker, 0x0300->0x0A06 0x221B len:9 [0m
[37m[13.983][linker]-[Debug]-[DjiCommand_DealCmd:919) received unsupport request cmd that noneed ack, <0x71ff> cmdset: 0x22 cmdid: 0x1B [0m
[37m[14.001][linker]-[Debug]-[DjiProtocol_v1Unpack:215) <0x721b>V1-Recv: 0x0306->0x0A06 0x03C1 [0m
[37m[14.001][linker]-[Debug]-[DjiCommand_RecvWork:1066)  <0x721b>Receive msg from linker, 0x0306->0x0A06 0x03C1 len:13 [0m
[37m[14.008][linker]-[Debug]-[DjiProtocol_v1Unpack:215) <0x2250>V1-Recv: 0x0800->0x0A06 0x0866 [0m
[37m[14.008][linker]-[Debug]-[DjiCommand_RecvWork:1066)  <0x2250>Receive msg from linker, 0x0800->0x0A06 0x0866 len:17 [0m
[37m[14.008][linker]-[Debug]-[DjiCommand_DealCmd:919) received unsupport request cmd that noneed ack, <0x2250> cmdset: 0x08 cmdid: 0x66 [0m
[37m[14.024][linker]-[Debug]-[DjiProtocol_v1Unpack:215) <0x723d>V1-Recv: 0x0300->0x0A06 0x036C [0m
[37m[14.024][linker]-[Debug]-[DjiCommand_RecvWork:1066)  <0x723d>Receive msg from linker, 0x0300->0x0A06 0x036C len:71 [0m
[37m[14.024][linker]-[Debug]-[DjiCommand_DealCmd:919) received unsupport request cmd that noneed ack, <0x723d> cmdset: 0x03 cmdid: 0x6C [0m
[37m[14.032][linker]-[Debug]-[DjiProtocol_v1Pack:123) <0x52e4>V1-Send: 0x0A06->0x0200 0x3C10 [0m
[37m[14.032][linker]-[Debug]-[DjiProtocol_v1Pack:123) <0x52e5>V1-Send: 0x0A06->0x0A01 0x3C10 [0m
[37m[14.032][linker]-[Debug]-[DjiProtocol_v1Pack:123) <0x52e6>V1-Send: 0x0A06->0x0300 0x3C10 [0m
[37m[14.042][linker]-[Debug]-[DjiProtocol_v1Unpack:215) <0x725c>V1-Recv: 0x0300->0x0A06 0x4900 [0m
[37m[14.043][linker]-[Debug]-[DjiCommand_RecvWork:1066)  <0x725c>Receive msg from linker, 0x0300->0x0A06 0x4900 len:14 [0m
[37m[14.043][linker]-[Debug]-[DjiProtocol_v1Pack:123) <0x725c>V1-Send: 0x0A06->0x0300 0x4900 [0m
[37m[14.085][linker]-[Debug]-[DjiProtocol_v1Unpack:215) <0x729b>V1-Recv: 0x0300->0x0A06 0x221B [0m
[37m[14.085][linker]-[Debug]-[DjiProtocol_v1Unpack:215) <0x72a2>V1-Recv: 0x0300->0x0A06 0x0F74 [0m
[37m[14.085][linker]-[Debug]-[DjiProtocol_v1Unpack:215) <0x72a3>V1-Recv: 0x0300->0x0100 0x0406 [0m
[37m[14.085][linker]-[Debug]-[DjiProtocol_v1Unpack:215) <0x72a4>V1-Recv: 0x0300->0x0100 0x0407 [0m
[37m[14.085][linker]-[Debug]-[DjiCommand_RecvWork:1066)  <0x729b>Receive msg from linker, 0x0300->0x0A06 0x221B len:9 [0m
[37m[14.085][linker]-[Debug]-[DjiCommand_DealCmd:919) received unsupport request cmd that noneed ack, <0x729b> cmdset: 0x22 cmdid: 0x1B [0m
[37m[14.086][linker]-[Debug]-[DjiCommand_RecvWork:1066)  <0x72a2>Receive msg from linker, 0x0300->0x0A06 0x0F74 len:28 [0m
[37m[14.086][linker]-[Debug]-[DjiCommand_DealCmd:919) received unsupport request cmd that noneed ack, <0x72a2> cmdset: 0x0F cmdid: 0x74 [0m
[37m[14.087][linker]-[Debug]-[DjiCommand_RecvWork:1066)  <0x72a3>Receive msg from linker, 0x0300->0x0100 0x0406 len:12 [0m
[37m[14.087][linker]-[Debug]-[DjiCommand_DealCmd:919) received unsupport request cmd that noneed ack, <0x72a3> cmdset: 0x04 cmdid: 0x06 [0m
[37m[14.089][linker]-[Debug]-[DjiCommand_RecvWork:1066)  <0x72a4>Receive msg from linker, 0x0300->0x0100 0x0407 len:1 [0m
[37m[14.089][linker]-[Debug]-[DjiCommand_DealCmd:919) received unsupport request cmd that noneed ack, <0x72a4> cmdset: 0x04 cmdid: 0x07 [0m
[37m[14.100][linker]-[Debug]-[DjiProtocol_v1Unpack:215) <0x72bf>V1-Recv: 0x0306->0x0A06 0x03C1 [0m
[37m[14.100][linker]-[Debug]-[DjiCommand_RecvWork:1066)  <0x72bf>Receive msg from linker, 0x0306->0x0A06 0x03C1 len:13 [0m
[37m[14.124][linker]-[Debug]-[DjiProtocol_v1Unpack:215) <0x72e2>V1-Recv: 0x0300->0x0A06 0x036C [0m
[37m[14.125][linker]-[Debug]-[DjiCommand_RecvWork:1066)  <0x72e2>Receive msg from linker, 0x0300->0x0A06 0x036C len:71 [0m
[37m[14.125][linker]-[Debug]-[DjiCommand_DealCmd:919) received unsupport request cmd that noneed ack, <0x72e2> cmdset: 0x03 cmdid: 0x6C [0m
[37m[14.142][linker]-[Debug]-[DjiProtocol_v1Unpack:215) <0x7314>V1-Recv: 0x0300->0x0A06 0x4900 [0m
[37m[14.143][linker]-[Debug]-[DjiCommand_RecvWork:1066)  <0x7314>Receive msg from linker, 0x0300->0x0A06 0x4900 len:14 [0m
[37m[14.143][linker]-[Debug]-[DjiProtocol_v1Pack:123) <0x7314>V1-Send: 0x0A06->0x0300 0x4900 [0m
[37m[14.182][linker]-[Debug]-[DjiProtocol_v1Unpack:215) <0x735a>V1-Recv: 0x0300->0x0A06 0x221B [0m
[37m[14.183][linker]-[Debug]-[DjiCommand_RecvWork:1066)  <0x735a>Receive msg from linker, 0x0300->0x0A06 0x221B len:9 [0m
[37m[14.183][linker]-[Debug]-[DjiCommand_DealCmd:919) received unsupport request cmd that noneed ack, <0x735a> cmdset: 0x22 cmdid: 0x1B [0m
[37m[14.200][linker]-[Debug]-[DjiProtocol_v1Unpack:215) <0x737c>V1-Recv: 0x0306->0x0A06 0x03C1 [0m
[37m[14.201][linker]-[Debug]-[DjiCommand_RecvWork:1066)  <0x737c>Receive msg from linker, 0x0306->0x0A06 0x03C1 len:13 [0m
[37m[14.224][linker]-[Debug]-[DjiProtocol_v1Unpack:215) <0x739f>V1-Recv: 0x0300->0x0A06 0x036C [0m
[37m[14.225][linker]-[Debug]-[DjiCommand_RecvWork:1066)  <0x739f>Receive msg from linker, 0x0300->0x0A06 0x036C len:71 [0m
[37m[14.225][linker]-[Debug]-[DjiCommand_DealCmd:919) received unsupport request cmd that noneed ack, <0x739f> cmdset: 0x03 cmdid: 0x6C [0m
[37m[14.242][linker]-[Debug]-[DjiProtocol_v1Unpack:215) <0x73be>V1-Recv: 0x0300->0x0A06 0x4900 [0m
[37m[14.243][linker]-[Debug]-[DjiCommand_RecvWork:1066)  <0x73be>Receive msg from linker, 0x0300->0x0A06 0x4900 len:14 [0m
[37m[14.243][linker]-[Debug]-[DjiProtocol_v1Pack:123) <0x73be>V1-Send: 0x0A06->0x0300 0x4900 [0m
[37m[14.246][linker]-[Debug]-[DjiProtocol_v1Pack:123) <0x52e7>V1-Send: 0x0A06->0x0200 0x3C10 [0m
[37m[14.246][linker]-[Debug]-[DjiProtocol_v1Pack:123) <0x52e8>V1-Send: 0x0A06->0x0A01 0x3C10 [0m
[37m[14.246][linker]-[Debug]-[DjiProtocol_v1Pack:123) <0x52e9>V1-Send: 0x0A06->0x0300 0x3C10 [0m
[37m[14.258][linker]-[Debug]-[DjiProtocol_v1Unpack:215) <0x2251>V1-Recv: 0x0800->0x0A06 0x0866 [0m
[37m[14.258][linker]-[Debug]-[DjiCommand_RecvWork:1066)  <0x2251>Receive msg from linker, 0x0800->0x0A06 0x0866 len:17 [0m
[37m[14.258][linker]-[Debug]-[DjiCommand_DealCmd:919) received unsupport request cmd that noneed ack, <0x2251> cmdset: 0x08 cmdid: 0x66 [0m
[37m[14.282][linker]-[Debug]-[DjiProtocol_v1Unpack:215) <0x73ff>V1-Recv: 0x0300->0x0A06 0x221B [0m
[37m[14.282][linker]-[Debug]-[DjiCommand_RecvWork:1066)  <0x73ff>Receive msg from linker, 0x0300->0x0A06 0x221B len:9 [0m
[37m[14.282][linker]-[Debug]-[DjiCommand_DealCmd:919) received unsupport request cmd that noneed ack, <0x73ff> cmdset: 0x22 cmdid: 0x1B [0m
[37m[14.301][linker]-[Debug]-[DjiProtocol_v1Unpack:215) <0x741f>V1-Recv: 0x0306->0x0A06 0x03C1 [0m
[37m[14.301][linker]-[Debug]-[DjiCommand_RecvWork:1066)  <0x741f>Receive msg from linker, 0x0306->0x0A06 0x03C1 len:13 [0m
[37m[14.324][linker]-[Debug]-[DjiProtocol_v1Unpack:215) <0x7446>V1-Recv: 0x0300->0x0A06 0x036C [0m
[37m[14.325][linker]-[Debug]-[DjiCommand_RecvWork:1066)  <0x7446>Receive msg from linker, 0x0300->0x0A06 0x036C len:71 [0m
[37m[14.325][linker]-[Debug]-[DjiCommand_DealCmd:919) received unsupport request cmd that noneed ack, <0x7446> cmdset: 0x03 cmdid: 0x6C [0m
[37m[14.344][linker]-[Debug]-[DjiProtocol_v1Unpack:215) <0x7473>V1-Recv: 0x0300->0x0A06 0x4900 [0m
[37m[14.344][linker]-[Debug]-[DjiCommand_RecvWork:1066)  <0x7473>Receive msg from linker, 0x0300->0x0A06 0x4900 len:14 [0m
[37m[14.344][linker]-[Debug]-[DjiProtocol_v1Pack:123) <0x7473>V1-Send: 0x0A06->0x0300 0x4900 [0m
[37m[14.381][linker]-[Debug]-[DjiProtocol_v1Unpack:215) <0x74bf>V1-Recv: 0x0300->0x0A06 0x221B [0m
[37m[14.381][linker]-[Debug]-[DjiCommand_RecvWork:1066)  <0x74bf>Receive msg from linker, 0x0300->0x0A06 0x221B len:9 [0m
[37m[14.381][linker]-[Debug]-[DjiCommand_DealCmd:919) received unsupport request cmd that noneed ack, <0x74bf> cmdset: 0x22 cmdid: 0x1B [0m
[37m[14.400][linker]-[Debug]-[DjiProtocol_v1Unpack:215) <0x74dd>V1-Recv: 0x0306->0x0A06 0x03C1 [0m
[37m[14.400][linker]-[Debug]-[DjiCommand_RecvWork:1066)  <0x74dd>Receive msg from linker, 0x0306->0x0A06 0x03C1 len:13 [0m
[37m[14.424][linker]-[Debug]-[DjiProtocol_v1Unpack:215) <0x7501>V1-Recv: 0x0300->0x0A06 0x036C [0m
[37m[14.425][linker]-[Debug]-[DjiCommand_RecvWork:1066)  <0x7501>Receive msg from linker, 0x0300->0x0A06 0x036C len:71 [0m
[37m[14.425][linker]-[Debug]-[DjiCommand_DealCmd:919) received unsupport request cmd that noneed ack, <0x7501> cmdset: 0x03 cmdid: 0x6C [0m
[37m[14.443][linker]-[Debug]-[DjiProtocol_v1Unpack:215) <0x7520>V1-Recv: 0x0300->0x0A06 0x4900 [0m
[37m[14.443][linker]-[Debug]-[DjiCommand_RecvWork:1066)  <0x7520>Receive msg from linker, 0x0300->0x0A06 0x4900 len:14 [0m
[37m[14.443][linker]-[Debug]-[DjiProtocol_v1Pack:123) <0x7520>V1-Send: 0x0A06->0x0300 0x4900 [0m
[37m[14.459][linker]-[Debug]-[DjiProtocol_v1Pack:123) <0x52ea>V1-Send: 0x0A06->0x0200 0x3C10 [0m
[37m[14.459][linker]-[Debug]-[DjiProtocol_v1Pack:123) <0x52eb>V1-Send: 0x0A06->0x0A01 0x3C10 [0m
[37m[14.459][linker]-[Debug]-[DjiProtocol_v1Pack:123) <0x52ec>V1-Send: 0x0A06->0x0300 0x3C10 [0m
[37m[14.481][linker]-[Debug]-[DjiProtocol_v1Unpack:215) <0x755f>V1-Recv: 0x0300->0x0A06 0x221B [0m
[37m[14.481][linker]-[Debug]-[DjiCommand_RecvWork:1066)  <0x755f>Receive msg from linker, 0x0300->0x0A06 0x221B len:9 [0m
[37m[14.481][linker]-[Debug]-[DjiCommand_DealCmd:919) received unsupport request cmd that noneed ack, <0x755f> cmdset: 0x22 cmdid: 0x1B [0m
[37m[14.500][linker]-[Debug]-[DjiProtocol_v1Unpack:215) <0x757e>V1-Recv: 0x0306->0x0A06 0x03C1 [0m
[37m[14.500][linker]-[Debug]-[DjiCommand_RecvWork:1066)  <0x757e>Receive msg from linker, 0x0306->0x0A06 0x03C1 len:13 [0m
[37m[14.508][linker]-[Debug]-[DjiProtocol_v1Unpack:215) <0x2252>V1-Recv: 0x0800->0x0A06 0x0866 [0m
[37m[14.508][linker]-[Debug]-[DjiCommand_RecvWork:1066)  <0x2252>Receive msg from linker, 0x0800->0x0A06 0x0866 len:17 [0m
[37m[14.508][linker]-[Debug]-[DjiCommand_DealCmd:919) received unsupport request cmd that noneed ack, <0x2252> cmdset: 0x08 cmdid: 0x66 [0m
[37m[14.524][linker]-[Debug]-[DjiProtocol_v1Unpack:215) <0x75a5>V1-Recv: 0x0300->0x0A06 0x036C [0m
[37m[14.524][linker]-[Debug]-[DjiCommand_RecvWork:1066)  <0x75a5>Receive msg from linker, 0x0300->0x0A06 0x036C len:71 [0m
[37m[14.524][linker]-[Debug]-[DjiCommand_DealCmd:919) received unsupport request cmd that noneed ack, <0x75a5> cmdset: 0x03 cmdid: 0x6C [0m
[37m[14.542][linker]-[Debug]-[DjiProtocol_v1Unpack:215) <0x75c9>V1-Recv: 0x0300->0x0A06 0x4900 [0m
[37m[14.542][linker]-[Debug]-[DjiCommand_RecvWork:1066)  <0x75c9>Receive msg from linker, 0x0300->0x0A06 0x4900 len:14 [0m
[37m[14.542][linker]-[Debug]-[DjiProtocol_v1Pack:123) <0x75c9>V1-Send: 0x0A06->0x0300 0x4900 [0m
[37m[14.583][linker]-[Debug]-[DjiProtocol_v1Unpack:215) <0x760c>V1-Recv: 0x0300->0x0A06 0x221B [0m
[37m[14.583][linker]-[Debug]-[DjiProtocol_v1Unpack:215) <0x7610>V1-Recv: 0x0300->0x0100 0x0405 [0m
[37m[14.584][linker]-[Debug]-[DjiCommand_RecvWork:1066)  <0x760c>Receive msg from linker, 0x0300->0x0A06 0x221B len:9 [0m
[37m[14.584][linker]-[Debug]-[DjiCommand_DealCmd:919) received unsupport request cmd that noneed ack, <0x760c> cmdset: 0x22 cmdid: 0x1B [0m
[37m[14.585][linker]-[Debug]-[DjiCommand_RecvWork:1066)  <0x7610>Receive msg from linker, 0x0300->0x0100 0x0405 len:22 [0m
[37m[14.585][linker]-[Debug]-[DjiCommand_DealCmd:919) received unsupport request cmd that noneed ack, <0x7610> cmdset: 0x04 cmdid: 0x05 [0m
[37m[14.600][linker]-[Debug]-[DjiProtocol_v1Unpack:215) <0x762b>V1-Recv: 0x0306->0x0A06 0x03C1 [0m
[37m[14.601][linker]-[Debug]-[DjiCommand_RecvWork:1066)  <0x762b>Receive msg from linker, 0x0306->0x0A06 0x03C1 len:13 [0m
[37m[14.624][linker]-[Debug]-[DjiProtocol_v1Unpack:215) <0x764b>V1-Recv: 0x0300->0x0A06 0x036C [0m
[37m[14.624][linker]-[Debug]-[DjiCommand_RecvWork:1066)  <0x764b>Receive msg from linker, 0x0300->0x0A06 0x036C len:71 [0m
[37m[14.624][linker]-[Debug]-[DjiCommand_DealCmd:919) received unsupport request cmd that noneed ack, <0x764b> cmdset: 0x03 cmdid: 0x6C [0m
[37m[14.642][linker]-[Debug]-[DjiProtocol_v1Unpack:215) <0x7669>V1-Recv: 0x0300->0x0A06 0x4900 [0m
[37m[14.642][linker]-[Debug]-[DjiCommand_RecvWork:1066)  <0x7669>Receive msg from linker, 0x0300->0x0A06 0x4900 len:14 [0m
[37m[14.642][linker]-[Debug]-[DjiProtocol_v1Pack:123) <0x7669>V1-Send: 0x0A06->0x0300 0x4900 [0m
[37m[14.664][linker]-[Debug]-[DjiProtocol_v1Unpack:215) <0x7685>V1-Recv: 0x0306->0x0A06 0x03C1 [0m
[37m[14.664][linker]-[Debug]-[DjiCommand_RecvWork:1066)  <0x7685>Receive msg from linker, 0x0306->0x0A06 0x03C1 len:113 [0m
[37m[14.671][linker]-[Debug]-[DjiProtocol_v1Pack:123) <0x52ed>V1-Send: 0x0A06->0x0300 0x0000 [0m
[37m[14.671][infor]-[Debug]-[DjiAircraftConnection_CheckExtensionPortConnectStatusByV1Protocol:170) check connect status:1 [0m
[37m[14.672][linker]-[Debug]-[DjiProtocol_v1Pack:123) <0x52ee>V1-Send: 0x0A06->0x0200 0x3C10 [0m
[37m[14.672][linker]-[Debug]-[DjiProtocol_v1Pack:123) <0x52ef>V1-Send: 0x0A06->0x0A01 0x3C10 [0m
[37m[14.672][linker]-[Debug]-[DjiProtocol_v1Pack:123) <0x52f0>V1-Send: 0x0A06->0x0300 0x3C10 [0m
[37m[14.681][linker]-[Debug]-[DjiProtocol_v1Unpack:215) <0x52ed>V1-Recv: 0x0300->0x0A06 0x0000 [0m
[37m[14.681][linker]-[Debug]-[DjiProtocol_v1Unpack:215) <0x76ab>V1-Recv: 0x0300->0x0A06 0x221B [0m
[37m[14.682][linker]-[Debug]-[DjiCommand_RecvWork:1066)  <0x52ed>Receive msg from linker, 0x0300->0x0A06 0x0000 len:0 [0m
[37m[14.682][infor]-[Debug]-[DjiAircraftInfo_CheckPingStatusAsyncCallback:269) connect status async sucess [0m
[37m[14.682][linker]-[Debug]-[DjiCommand_DealCmd:830) callback function (cmdset: 0x00 cmdid: 0x00) deal time: 0 ms [0m
[37m[14.683][linker]-[Debug]-[DjiCommand_RecvWork:1066)  <0x76ab>Receive msg from linker, 0x0300->0x0A06 0x221B len:9 [0m
[37m[14.683][linker]-[Debug]-[DjiCommand_DealCmd:919) received unsupport request cmd that noneed ack, <0x76ab> cmdset: 0x22 cmdid: 0x1B [0m
[37m[14.692][linker]-[Debug]-[DjiProtocol_v1Unpack:215) <0x11a0>V1-Recv: 0x1D07->0x0A06 0x2105 [0m
[37m[14.692][linker]-[Debug]-[DjiCommand_RecvWork:1066)  <0x11a0>Receive msg from linker, 0x1D07->0x0A06 0x2105 len:1 [0m
[37m[14.692][linker]-[Debug]-[DjiCommand_DealCmd:919) received unsupport request cmd that need ack, <0x11a0> cmdset: 0x21 cmdid: 0x05 [0m
[37m[14.701][linker]-[Debug]-[DjiProtocol_v1Unpack:215) <0x76c8>V1-Recv: 0x0306->0x0A06 0x03C1 [0m
[37m[14.701][linker]-[Debug]-[DjiCommand_RecvWork:1066)  <0x76c8>Receive msg from linker, 0x0306->0x0A06 0x03C1 len:13 [0m
[32m[14.704][user]-[Info]-[UserFcSubscription_Task:458) gps position: x 117.120746 y 39.126574 z 9.577000. [0m
[32m[14.704][user]-[Info]-[UserFcSubscription_Task:470) gps total satellite number used: 5 9 15.
GPS fixState: 3.000000. [0m
[32m[14.704][user]-[Info]-[UserFcSubscription_Task:487) Homepoint info: lat->39.126699, lon->117.120801. [0m
[32m[14.704][user]-[Info]-[UserFcSubscription_Task:512) RTK position solution state: 16. [0m
[32m[14.704][user]-[Info]-[UserFcSubscription_Task:528) RTK position: 117.120656 39.126748 -10.095366. [0m
[32m[14.704][user]-[Info]-[UserFcSubscription_Task:573) Altitude of homepoint: 3.474764. [0m
[32m[14.704][user]-[Info]-[UserFcSubscription_Task:586) Battery info: 39. [0m
[32m[14.704][user]-[Info]-[UserFcSubscription_Task:600) Flight status: 0. [0m
[32m[14.705][user]-[Info]-[UserFcSubscription_Task:620) Displaymode status: 6. [0m
[37m[14.705][user]-[Debug]-[UserFcSubscription_Task:633) Timestamp: millisecond 4530992 microsecond 236025100. [0m
[37m[14.705][user]-[Debug]-[UserFcSubscription_Task:634) Relative height fusion is -0.000000 m [0m
[37m[14.724][linker]-[Debug]-[DjiProtocol_v1Unpack:215) <0x76ee>V1-Recv: 0x0300->0x0A06 0x036C [0m
[37m[14.724][linker]-[Debug]-[DjiCommand_RecvWork:1066)  <0x76ee>Receive msg from linker, 0x0300->0x0A06 0x036C len:71 [0m
[37m[14.724][linker]-[Debug]-[DjiCommand_DealCmd:919) received unsupport request cmd that noneed ack, <0x76ee> cmdset: 0x03 cmdid: 0x6C [0m
[37m[14.742][linker]-[Debug]-[DjiProtocol_v1Unpack:215) <0x7713>V1-Recv: 0x0300->0x0A06 0x4900 [0m
[37m[14.743][linker]-[Debug]-[DjiCommand_RecvWork:1066)  <0x7713>Receive msg from linker, 0x0300->0x0A06 0x4900 len:14 [0m
[37m[14.743][linker]-[Debug]-[DjiProtocol_v1Pack:123) <0x7713>V1-Send: 0x0A06->0x0300 0x4900 [0m
[37m[14.751][linker]-[Debug]-[DjiProtocol_v1Unpack:215) <0xbcc>V1-Recv: 0x0701->0x0A06 0x0000 [0m
[37m[14.751][linker]-[Debug]-[DjiCommand_RecvWork:1066)  <0xbcc>Receive msg from linker, 0x0701->0x0A06 0x0000 len:16 [0m
[37m[14.751][linker]-[Debug]-[DjiProtocol_v1Pack:123) <0xbcc>V1-Send: 0x0A06->0x0701 0x0000 [0m
[37m[14.758][linker]-[Debug]-[DjiProtocol_v1Unpack:215) <0x2253>V1-Recv: 0x0800->0x0A06 0x0866 [0m
[37m[14.759][linker]-[Debug]-[DjiCommand_RecvWork:1066)  <0x2253>Receive msg from linker, 0x0800->0x0A06 0x0866 len:17 [0m
[37m[14.759][linker]-[Debug]-[DjiCommand_DealCmd:919) received unsupport request cmd that noneed ack, <0x2253> cmdset: 0x08 cmdid: 0x66 [0m
[37m[14.782][linker]-[Debug]-[DjiProtocol_v1Unpack:215) <0x7755>V1-Recv: 0x0300->0x0A06 0x221B [0m
[37m[14.782][linker]-[Debug]-[DjiCommand_RecvWork:1066)  <0x7755>Receive msg from linker, 0x0300->0x0A06 0x221B len:9 [0m
[37m[14.782][linker]-[Debug]-[DjiCommand_DealCmd:919) received unsupport request cmd that noneed ack, <0x7755> cmdset: 0x22 cmdid: 0x1B [0m
[37m[14.801][linker]-[Debug]-[DjiProtocol_v1Unpack:215) <0x7773>V1-Recv: 0x0306->0x0A06 0x03C1 [0m
[37m[14.801][linker]-[Debug]-[DjiCommand_RecvWork:1066)  <0x7773>Receive msg from linker, 0x0306->0x0A06 0x03C1 len:13 [0m
[37m[14.824][linker]-[Debug]-[DjiProtocol_v1Unpack:215) <0x7794>V1-Recv: 0x0300->0x0A06 0x036C [0m
[37m[14.825][linker]-[Debug]-[DjiCommand_RecvWork:1066)  <0x7794>Receive msg from linker, 0x0300->0x0A06 0x036C len:71 [0m
[37m[14.825][linker]-[Debug]-[DjiCommand_DealCmd:919) received unsupport request cmd that noneed ack, <0x7794> cmdset: 0x03 cmdid: 0x6C [0m
[37m[14.842][linker]-[Debug]-[DjiProtocol_v1Unpack:215) <0x77b4>V1-Recv: 0x0300->0x0A06 0x4900 [0m
[37m[14.843][linker]-[Debug]-[DjiCommand_RecvWork:1066)  <0x77b4>Receive msg from linker, 0x0300->0x0A06 0x4900 len:14 [0m
[37m[14.843][linker]-[Debug]-[DjiProtocol_v1Pack:123) <0x77b4>V1-Send: 0x0A06->0x0300 0x4900 [0m
[37m[14.881][linker]-[Debug]-[DjiProtocol_v1Unpack:215) <0x77f7>V1-Recv: 0x0300->0x0A06 0x221B [0m
[37m[14.882][linker]-[Debug]-[DjiCommand_RecvWork:1066)  <0x77f7>Receive msg from linker, 0x0300->0x0A06 0x221B len:9 [0m
[37m[14.882][linker]-[Debug]-[DjiCommand_DealCmd:919) received unsupport request cmd that noneed ack, <0x77f7> cmdset: 0x22 cmdid: 0x1B [0m
[37m[14.885][linker]-[Debug]-[DjiProtocol_v1Pack:123) <0x52f1>V1-Send: 0x0A06->0x0200 0x3C10 [0m
[37m[14.885][linker]-[Debug]-[DjiProtocol_v1Pack:123) <0x52f2>V1-Send: 0x0A06->0x0A01 0x3C10 [0m
[37m[14.885][linker]-[Debug]-[DjiProtocol_v1Pack:123) <0x52f3>V1-Send: 0x0A06->0x0300 0x3C10 [0m
[37m[14.900][linker]-[Debug]-[DjiProtocol_v1Unpack:215) <0x7816>V1-Recv: 0x0306->0x0A06 0x03C1 [0m
[37m[14.901][linker]-[Debug]-[DjiCommand_RecvWork:1066)  <0x7816>Receive msg from linker, 0x0306->0x0A06 0x03C1 len:13 [0m
[37m[14.924][linker]-[Debug]-[DjiProtocol_v1Unpack:215) <0x783c>V1-Recv: 0x0300->0x0A06 0x036C [0m
[37m[14.924][linker]-[Debug]-[DjiCommand_RecvWork:1066)  <0x783c>Receive msg from linker, 0x0300->0x0A06 0x036C len:71 [0m
[37m[14.924][linker]-[Debug]-[DjiCommand_DealCmd:919) received unsupport request cmd that noneed ack, <0x783c> cmdset: 0x03 cmdid: 0x6C [0m
[37m[14.943][linker]-[Debug]-[DjiProtocol_v1Unpack:215) <0x7863>V1-Recv: 0x0300->0x0A06 0x4900 [0m
[37m[14.944][linker]-[Debug]-[DjiCommand_RecvWork:1066)  <0x7863>Receive msg from linker, 0x0300->0x0A06 0x4900 len:14 [0m
[37m[14.944][linker]-[Debug]-[DjiProtocol_v1Pack:123) <0x7863>V1-Send: 0x0A06->0x0300 0x4900 [0m
[37m[14.946][utils]-[Debug]-[DjiCore_RootTask:131) work execution time: [0m
[37m[14.946][utils]-[Debug]-[DjiCore_RootTask:132) name	                execution time (ms)	  max execution time (ms) [0m
[37m[14.946][utils]-[Debug]-[DjiCore_RootTask:134) recorderWork                    	1       	1        [0m
[37m[14.946][utils]-[Debug]-[DjiCore_RootTask:134) flowControllerTask              	0       	1        [0m
[37m[14.946][utils]-[Debug]-[DjiCore_RootTask:134) commandTask                     	1       	1        [0m
[37m[14.946][utils]-[Debug]-[DjiCore_RootTask:134) aircraftWorkNode                	0       	1        [0m
[37m[14.946][utils]-[Debug]-[DjiCore_RootTask:134) StatePushWork                   	0       	1        [0m
[37m[14.964][linker]-[Debug]-[DjiProtocol_v1Unpack:215) <0xa63c>V1-Recv: 0x0202->0x0A06 0x0026 [0m
[37m[14.965][linker]-[Debug]-[DjiCommand_RecvWork:1066)  <0xa63c>Receive msg from linker, 0x0202->0x0A06 0x0026 len:37 [0m
[37m[14.965][linker]-[Debug]-[DjiCommand_DealCmd:919) received unsupport request cmd that need ack, <0xa63c> cmdset: 0x00 cmdid: 0x26 [0m
[37m[14.981][linker]-[Debug]-[DjiProtocol_v1Unpack:215) <0x78a6>V1-Recv: 0x0300->0x0A06 0x221B [0m
[37m[14.982][linker]-[Debug]-[DjiCommand_RecvWork:1066)  <0x78a6>Receive msg from linker, 0x0300->0x0A06 0x221B len:9 [0m
[37m[14.982][linker]-[Debug]-[DjiCommand_DealCmd:919) received unsupport request cmd that noneed ack, <0x78a6> cmdset: 0x22 cmdid: 0x1B [0m
[37m[15.000][linker]-[Debug]-[DjiProtocol_v1Unpack:215) <0x78c6>V1-Recv: 0x0306->0x0A06 0x03C1 [0m
[37m[15.001][linker]-[Debug]-[DjiCommand_RecvWork:1066)  <0x78c6>Receive msg from linker, 0x0306->0x0A06 0x03C1 len:13 [0m
[37m[15.008][linker]-[Debug]-[DjiProtocol_v1Unpack:215) <0x2254>V1-Recv: 0x0800->0x0A06 0x0866 [0m
[37m[15.009][linker]-[Debug]-[DjiCommand_RecvWork:1066)  <0x2254>Receive msg from linker, 0x0800->0x0A06 0x0866 len:17 [0m
[37m[15.009][linker]-[Debug]-[DjiCommand_DealCmd:919) received unsupport request cmd that noneed ack, <0x2254> cmdset: 0x08 cmdid: 0x66 [0m
[37m[15.024][linker]-[Debug]-[DjiProtocol_v1Unpack:215) <0x78e5>V1-Recv: 0x0300->0x0A06 0x036C [0m
[37m[15.025][linker]-[Debug]-[DjiCommand_RecvWork:1066)  <0x78e5>Receive msg from linker, 0x0300->0x0A06 0x036C len:71 [0m
[37m[15.025][linker]-[Debug]-[DjiCommand_DealCmd:919) received unsupport request cmd that noneed ack, <0x78e5> cmdset: 0x03 cmdid: 0x6C [0m
[37m[15.042][linker]-[Debug]-[DjiProtocol_v1Unpack:215) <0x7904>V1-Recv: 0x0300->0x0A06 0x4900 [0m
[37m[15.043][linker]-[Debug]-[DjiCommand_RecvWork:1066)  <0x7904>Receive msg from linker, 0x0300->0x0A06 0x4900 len:14 [0m
[37m[15.043][linker]-[Debug]-[DjiProtocol_v1Pack:123) <0x7904>V1-Send: 0x0A06->0x0300 0x4900 [0m
[37m[15.085][linker]-[Debug]-[DjiProtocol_v1Unpack:215) <0x7943>V1-Recv: 0x0300->0x0A06 0x221B [0m
[37m[15.085][linker]-[Debug]-[DjiProtocol_v1Unpack:215) <0x794a>V1-Recv: 0x0300->0x0A06 0x0F74 [0m
[37m[15.085][linker]-[Debug]-[DjiProtocol_v1Unpack:215) <0x794b>V1-Recv: 0x0300->0x0100 0x0406 [0m
[37m[15.085][linker]-[Debug]-[DjiProtocol_v1Unpack:215) <0x794c>V1-Recv: 0x0300->0x0100 0x0407 [0m
[37m[15.085][linker]-[Debug]-[DjiCommand_RecvWork:1066)  <0x7943>Receive msg from linker, 0x0300->0x0A06 0x221B len:9 [0m
[37m[15.085][linker]-[Debug]-[DjiCommand_DealCmd:919) received unsupport request cmd that noneed ack, <0x7943> cmdset: 0x22 cmdid: 0x1B [0m
[37m[15.087][linker]-[Debug]-[DjiCommand_RecvWork:1066)  <0x794a>Receive msg from linker, 0x0300->0x0A06 0x0F74 len:28 [0m
[37m[15.087][linker]-[Debug]-[DjiCommand_DealCmd:919) received unsupport request cmd that noneed ack, <0x794a> cmdset: 0x0F cmdid: 0x74 [0m
[37m[15.088][linker]-[Debug]-[DjiCommand_RecvWork:1066)  <0x794b>Receive msg from linker, 0x0300->0x0100 0x0406 len:12 [0m
[37m[15.088][linker]-[Debug]-[DjiCommand_DealCmd:919) received unsupport request cmd that noneed ack, <0x794b> cmdset: 0x04 cmdid: 0x06 [0m
[37m[15.089][linker]-[Debug]-[DjiCommand_RecvWork:1066)  <0x794c>Receive msg from linker, 0x0300->0x0100 0x0407 len:1 [0m
[37m[15.089][linker]-[Debug]-[DjiCommand_DealCmd:919) received unsupport request cmd that noneed ack, <0x794c> cmdset: 0x04 cmdid: 0x07 [0m
[37m[15.098][linker]-[Debug]-[DjiProtocol_v1Pack:123) <0x52f4>V1-Send: 0x0A06->0x0200 0x3C10 [0m
[37m[15.098][linker]-[Debug]-[DjiProtocol_v1Pack:123) <0x52f5>V1-Send: 0x0A06->0x0A01 0x3C10 [0m
[37m[15.098][linker]-[Debug]-[DjiProtocol_v1Pack:123) <0x52f6>V1-Send: 0x0A06->0x0300 0x3C10 [0m
[37m[15.101][linker]-[Debug]-[DjiProtocol_v1Unpack:215) <0x7967>V1-Recv: 0x0306->0x0A06 0x03C1 [0m
[37m[15.102][linker]-[Debug]-[DjiCommand_RecvWork:1066)  <0x7967>Receive msg from linker, 0x0306->0x0A06 0x03C1 len:13 [0m
[37m[15.124][linker]-[Debug]-[DjiProtocol_v1Unpack:215) <0x798a>V1-Recv: 0x0300->0x0A06 0x036C [0m
[37m[15.125][linker]-[Debug]-[DjiCommand_RecvWork:1066)  <0x798a>Receive msg from linker, 0x0300->0x0A06 0x036C len:71 [0m
[37m[15.125][linker]-[Debug]-[DjiCommand_DealCmd:919) received unsupport request cmd that noneed ack, <0x798a> cmdset: 0x03 cmdid: 0x6C [0m
[37m[15.143][linker]-[Debug]-[DjiProtocol_v1Unpack:215) <0x79b5>V1-Recv: 0x0300->0x0A06 0x4900 [0m
[37m[15.143][linker]-[Debug]-[DjiCommand_RecvWork:1066)  <0x79b5>Receive msg from linker, 0x0300->0x0A06 0x4900 len:14 [0m
[37m[15.143][linker]-[Debug]-[DjiProtocol_v1Pack:123) <0x79b5>V1-Send: 0x0A06->0x0300 0x4900 [0m
[37m[15.182][linker]-[Debug]-[DjiProtocol_v1Unpack:215) <0x79fa>V1-Recv: 0x0300->0x0A06 0x221B [0m
[37m[15.182][linker]-[Debug]-[DjiCommand_RecvWork:1066)  <0x79fa>Receive msg from linker, 0x0300->0x0A06 0x221B len:9 [0m
[37m[15.182][linker]-[Debug]-[DjiCommand_DealCmd:919) received unsupport request cmd that noneed ack, <0x79fa> cmdset: 0x22 cmdid: 0x1B [0m
[37m[15.201][linker]-[Debug]-[DjiProtocol_v1Unpack:215) <0x7a1c>V1-Recv: 0x0306->0x0A06 0x03C1 [0m
[37m[15.201][linker]-[Debug]-[DjiCommand_RecvWork:1066)  <0x7a1c>Receive msg from linker, 0x0306->0x0A06 0x03C1 len:13 [0m
[37m[15.224][linker]-[Debug]-[DjiProtocol_v1Unpack:215) <0x7a43>V1-Recv: 0x0300->0x0A06 0x036C [0m
[37m[15.225][linker]-[Debug]-[DjiCommand_RecvWork:1066)  <0x7a43>Receive msg from linker, 0x0300->0x0A06 0x036C len:71 [0m
[37m[15.225][linker]-[Debug]-[DjiCommand_DealCmd:919) received unsupport request cmd that noneed ack, <0x7a43> cmdset: 0x03 cmdid: 0x6C [0m
[37m[15.242][linker]-[Debug]-[DjiProtocol_v1Unpack:215) <0x7a61>V1-Recv: 0x0300->0x0A06 0x4900 [0m
[37m[15.243][linker]-[Debug]-[DjiCommand_RecvWork:1066)  <0x7a61>Receive msg from linker, 0x0300->0x0A06 0x4900 len:14 [0m
[37m[15.243][linker]-[Debug]-[DjiProtocol_v1Pack:123) <0x7a61>V1-Send: 0x0A06->0x0300 0x4900 [0m
[37m[15.258][linker]-[Debug]-[DjiProtocol_v1Unpack:215) <0x2255>V1-Recv: 0x0800->0x0A06 0x0866 [0m
[37m[15.259][linker]-[Debug]-[DjiCommand_RecvWork:1066)  <0x2255>Receive msg from linker, 0x0800->0x0A06 0x0866 len:17 [0m
[37m[15.259][linker]-[Debug]-[DjiCommand_DealCmd:919) received unsupport request cmd that noneed ack, <0x2255> cmdset: 0x08 cmdid: 0x66 [0m
[37m[15.281][linker]-[Debug]-[DjiProtocol_v1Unpack:215) <0x7aa2>V1-Recv: 0x0300->0x0A06 0x221B [0m
[37m[15.282][linker]-[Debug]-[DjiCommand_RecvWork:1066)  <0x7aa2>Receive msg from linker, 0x0300->0x0A06 0x221B len:9 [0m
[37m[15.282][linker]-[Debug]-[DjiCommand_DealCmd:919) received unsupport request cmd that noneed ack, <0x7aa2> cmdset: 0x22 cmdid: 0x1B [0m
[37m[15.300][linker]-[Debug]-[DjiProtocol_v1Unpack:215) <0x7ac1>V1-Recv: 0x0306->0x0A06 0x03C1 [0m
[37m[15.301][linker]-[Debug]-[DjiCommand_RecvWork:1066)  <0x7ac1>Receive msg from linker, 0x0306->0x0A06 0x03C1 len:13 [0m
[37m[15.312][linker]-[Debug]-[DjiProtocol_v1Pack:123) <0x52f7>V1-Send: 0x0A06->0x0200 0x3C10 [0m
[37m[15.312][linker]-[Debug]-[DjiProtocol_v1Pack:123) <0x52f8>V1-Send: 0x0A06->0x0A01 0x3C10 [0m
[37m[15.312][linker]-[Debug]-[DjiProtocol_v1Pack:123) <0x52f9>V1-Send: 0x0A06->0x0300 0x3C10 [0m
[37m[15.324][linker]-[Debug]-[DjiProtocol_v1Unpack:215) <0x7ae7>V1-Recv: 0x0300->0x0A06 0x036C [0m
[37m[15.324][linker]-[Debug]-[DjiCommand_RecvWork:1066)  <0x7ae7>Receive msg from linker, 0x0300->0x0A06 0x036C len:71 [0m
[37m[15.324][linker]-[Debug]-[DjiCommand_DealCmd:919) received unsupport request cmd that noneed ack, <0x7ae7> cmdset: 0x03 cmdid: 0x6C [0m
[37m[15.343][linker]-[Debug]-[DjiProtocol_v1Unpack:215) <0x7b13>V1-Recv: 0x0300->0x0A06 0x4900 [0m
[37m[15.344][linker]-[Debug]-[DjiCommand_RecvWork:1066)  <0x7b13>Receive msg from linker, 0x0300->0x0A06 0x4900 len:14 [0m
[37m[15.344][linker]-[Debug]-[DjiProtocol_v1Pack:123) <0x7b13>V1-Send: 0x0A06->0x0300 0x4900 [0m
[37m[15.381][linker]-[Debug]-[DjiProtocol_v1Unpack:215) <0x7b5e>V1-Recv: 0x0300->0x0A06 0x221B [0m
[37m[15.382][linker]-[Debug]-[DjiCommand_RecvWork:1066)  <0x7b5e>Receive msg from linker, 0x0300->0x0A06 0x221B len:9 [0m
[37m[15.382][linker]-[Debug]-[DjiCommand_DealCmd:919) received unsupport request cmd that noneed ack, <0x7b5e> cmdset: 0x22 cmdid: 0x1B [0m
[37m[15.400][linker]-[Debug]-[DjiProtocol_v1Unpack:215) <0x7b7c>V1-Recv: 0x0306->0x0A06 0x03C1 [0m
[37m[15.401][linker]-[Debug]-[DjiCommand_RecvWork:1066)  <0x7b7c>Receive msg from linker, 0x0306->0x0A06 0x03C1 len:13 [0m
[37m[15.424][linker]-[Debug]-[DjiProtocol_v1Unpack:215) <0x7b9e>V1-Recv: 0x0300->0x0A06 0x036C [0m
[37m[15.425][linker]-[Debug]-[DjiCommand_RecvWork:1066)  <0x7b9e>Receive msg from linker, 0x0300->0x0A06 0x036C len:71 [0m
[37m[15.425][linker]-[Debug]-[DjiCommand_DealCmd:919) received unsupport request cmd that noneed ack, <0x7b9e> cmdset: 0x03 cmdid: 0x6C [0m
[37m[15.442][linker]-[Debug]-[DjiProtocol_v1Unpack:215) <0x7bbe>V1-Recv: 0x0300->0x0A06 0x4900 [0m
[37m[15.443][linker]-[Debug]-[DjiCommand_RecvWork:1066)  <0x7bbe>Receive msg from linker, 0x0300->0x0A06 0x4900 len:14 [0m
[37m[15.443][linker]-[Debug]-[DjiProtocol_v1Pack:123) <0x7bbe>V1-Send: 0x0A06->0x0300 0x4900 [0m
[37m[15.482][linker]-[Debug]-[DjiProtocol_v1Unpack:215) <0x7bfd>V1-Recv: 0x0300->0x0A06 0x221B [0m
[37m[15.482][linker]-[Debug]-[DjiCommand_RecvWork:1066)  <0x7bfd>Receive msg from linker, 0x0300->0x0A06 0x221B len:9 [0m
[37m[15.482][linker]-[Debug]-[DjiCommand_DealCmd:919) received unsupport request cmd that noneed ack, <0x7bfd> cmdset: 0x22 cmdid: 0x1B [0m
[37m[15.501][linker]-[Debug]-[DjiProtocol_v1Unpack:215) <0x7c1b>V1-Recv: 0x0306->0x0A06 0x03C1 [0m
[37m[15.501][linker]-[Debug]-[DjiCommand_RecvWork:1066)  <0x7c1b>Receive msg from linker, 0x0306->0x0A06 0x03C1 len:13 [0m
[37m[15.508][linker]-[Debug]-[DjiProtocol_v1Unpack:215) <0x2256>V1-Recv: 0x0800->0x0A06 0x0866 [0m
[37m[15.509][linker]-[Debug]-[DjiCommand_RecvWork:1066)  <0x2256>Receive msg from linker, 0x0800->0x0A06 0x0866 len:17 [0m
[37m[15.509][linker]-[Debug]-[DjiCommand_DealCmd:919) received unsupport request cmd that noneed ack, <0x2256> cmdset: 0x08 cmdid: 0x66 [0m
[37m[15.524][linker]-[Debug]-[DjiProtocol_v1Unpack:215) <0x7c40>V1-Recv: 0x0300->0x0A06 0x036C [0m
[37m[15.525][linker]-[Debug]-[DjiCommand_RecvWork:1066)  <0x7c40>Receive msg from linker, 0x0300->0x0A06 0x036C len:71 [0m
[37m[15.525][linker]-[Debug]-[DjiCommand_DealCmd:919) received unsupport request cmd that noneed ack, <0x7c40> cmdset: 0x03 cmdid: 0x6C [0m
[37m[15.525][linker]-[Debug]-[DjiProtocol_v1Pack:123) <0x52fa>V1-Send: 0x0A06->0x0200 0x3C10 [0m
[37m[15.525][linker]-[Debug]-[DjiProtocol_v1Pack:123) <0x52fb>V1-Send: 0x0A06->0x0A01 0x3C10 [0m
[37m[15.525][linker]-[Debug]-[DjiProtocol_v1Pack:123) <0x52fc>V1-Send: 0x0A06->0x0300 0x3C10 [0m
[37m[15.543][linker]-[Debug]-[DjiProtocol_v1Unpack:215) <0x7c66>V1-Recv: 0x0300->0x0A06 0x4900 [0m
[37m[15.543][linker]-[Debug]-[DjiCommand_RecvWork:1066)  <0x7c66>Receive msg from linker, 0x0300->0x0A06 0x4900 len:14 [0m
[37m[15.543][linker]-[Debug]-[DjiProtocol_v1Pack:123) <0x7c66>V1-Send: 0x0A06->0x0300 0x4900 [0m
[37m[15.583][linker]-[Debug]-[DjiProtocol_v1Unpack:215) <0x7ca8>V1-Recv: 0x0300->0x0A06 0x221B [0m
[37m[15.583][linker]-[Debug]-[DjiProtocol_v1Unpack:215) <0x7cac>V1-Recv: 0x0300->0x0100 0x0405 [0m
[37m[15.584][linker]-[Debug]-[DjiCommand_RecvWork:1066)  <0x7ca8>Receive msg from linker, 0x0300->0x0A06 0x221B len:9 [0m
[37m[15.584][linker]-[Debug]-[DjiCommand_DealCmd:919) received unsupport request cmd that noneed ack, <0x7ca8> cmdset: 0x22 cmdid: 0x1B [0m
[37m[15.585][linker]-[Debug]-[DjiCommand_RecvWork:1066)  <0x7cac>Receive msg from linker, 0x0300->0x0100 0x0405 len:22 [0m
[37m[15.585][linker]-[Debug]-[DjiCommand_DealCmd:919) received unsupport request cmd that noneed ack, <0x7cac> cmdset: 0x04 cmdid: 0x05 [0m
[37m[15.600][linker]-[Debug]-[DjiProtocol_v1Unpack:215) <0x7cc7>V1-Recv: 0x0306->0x0A06 0x03C1 [0m
[37m[15.601][linker]-[Debug]-[DjiCommand_RecvWork:1066)  <0x7cc7>Receive msg from linker, 0x0306->0x0A06 0x03C1 len:13 [0m
[37m[15.624][linker]-[Debug]-[DjiProtocol_v1Unpack:215) <0x7ce6>V1-Recv: 0x0300->0x0A06 0x036C [0m
[37m[15.625][linker]-[Debug]-[DjiCommand_RecvWork:1066)  <0x7ce6>Receive msg from linker, 0x0300->0x0A06 0x036C len:71 [0m
[37m[15.625][linker]-[Debug]-[DjiCommand_DealCmd:919) received unsupport request cmd that noneed ack, <0x7ce6> cmdset: 0x03 cmdid: 0x6C [0m
[37m[15.642][linker]-[Debug]-[DjiProtocol_v1Unpack:215) <0x7d04>V1-Recv: 0x0300->0x0A06 0x4900 [0m
[37m[15.643][linker]-[Debug]-[DjiCommand_RecvWork:1066)  <0x7d04>Receive msg from linker, 0x0300->0x0A06 0x4900 len:14 [0m
[37m[15.643][linker]-[Debug]-[DjiProtocol_v1Pack:123) <0x7d04>V1-Send: 0x0A06->0x0300 0x4900 [0m
[37m[15.664][linker]-[Debug]-[DjiProtocol_v1Unpack:215) <0x7d20>V1-Recv: 0x0306->0x0A06 0x03C1 [0m
[37m[15.665][linker]-[Debug]-[DjiCommand_RecvWork:1066)  <0x7d20>Receive msg from linker, 0x0306->0x0A06 0x03C1 len:113 [0m
[37m[15.682][linker]-[Debug]-[DjiProtocol_v1Unpack:215) <0x7d44>V1-Recv: 0x0300->0x0A06 0x221B [0m
[37m[15.682][linker]-[Debug]-[DjiCommand_RecvWork:1066)  <0x7d44>Receive msg from linker, 0x0300->0x0A06 0x221B len:9 [0m
[37m[15.682][linker]-[Debug]-[DjiCommand_DealCmd:919) received unsupport request cmd that noneed ack, <0x7d44> cmdset: 0x22 cmdid: 0x1B [0m
[37m[15.692][linker]-[Debug]-[DjiProtocol_v1Unpack:215) <0x11a1>V1-Recv: 0x1D07->0x0A06 0x2105 [0m
[37m[15.693][linker]-[Debug]-[DjiCommand_RecvWork:1066)  <0x11a1>Receive msg from linker, 0x1D07->0x0A06 0x2105 len:1 [0m
[37m[15.693][linker]-[Debug]-[DjiCommand_DealCmd:919) received unsupport request cmd that need ack, <0x11a1> cmdset: 0x21 cmdid: 0x05 [0m
[37m[15.700][linker]-[Debug]-[DjiProtocol_v1Unpack:215) <0x7d64>V1-Recv: 0x0306->0x0A06 0x03C1 [0m
[37m[15.700][linker]-[Debug]-[DjiCommand_RecvWork:1066)  <0x7d64>Receive msg from linker, 0x0306->0x0A06 0x03C1 len:13 [0m
[32m[15.705][user]-[Info]-[UserFcSubscription_Task:458) gps position: x 117.120747 y 39.126573 z 9.723000. [0m
[32m[15.705][user]-[Info]-[UserFcSubscription_Task:470) gps total satellite number used: 3 9 15.
GPS fixState: 3.000000. [0m
[32m[15.705][user]-[Info]-[UserFcSubscription_Task:487) Homepoint info: lat->39.126699, lon->117.120801. [0m
[32m[15.705][user]-[Info]-[UserFcSubscription_Task:512) RTK position solution state: 16. [0m
[32m[15.705][user]-[Info]-[UserFcSubscription_Task:528) RTK position: 117.120656 39.126748 -10.096274. [0m
[32m[15.705][user]-[Info]-[UserFcSubscription_Task:573) Altitude of homepoint: 3.474633. [0m
[32m[15.705][user]-[Info]-[UserFcSubscription_Task:586) Battery info: 39. [0m
[32m[15.705][user]-[Info]-[UserFcSubscription_Task:600) Flight status: 0. [0m
[32m[15.705][user]-[Info]-[UserFcSubscription_Task:620) Displaymode status: 6. [0m
[37m[15.705][user]-[Debug]-[UserFcSubscription_Task:633) Timestamp: millisecond 4531992 microsecond 237025100. [0m
[37m[15.705][user]-[Debug]-[UserFcSubscription_Task:634) Relative height fusion is -0.000000 m [0m
[37m[15.724][linker]-[Debug]-[DjiProtocol_v1Unpack:215) <0x7d89>V1-Recv: 0x0300->0x0A06 0x036C [0m
[37m[15.725][linker]-[Debug]-[DjiCommand_RecvWork:1066)  <0x7d89>Receive msg from linker, 0x0300->0x0A06 0x036C len:71 [0m
[37m[15.725][linker]-[Debug]-[DjiCommand_DealCmd:919) received unsupport request cmd that noneed ack, <0x7d89> cmdset: 0x03 cmdid: 0x6C [0m
[37m[15.738][linker]-[Debug]-[DjiProtocol_v1Pack:123) <0x52fd>V1-Send: 0x0A06->0x0300 0x0000 [0m
[37m[15.738][infor]-[Debug]-[DjiAircraftConnection_CheckExtensionPortConnectStatusByV1Protocol:170) check connect status:1 [0m
[37m[15.739][linker]-[Debug]-[DjiProtocol_v1Pack:123) <0x52fe>V1-Send: 0x0A06->0x0200 0x3C10 [0m
[37m[15.739][linker]-[Debug]-[DjiProtocol_v1Pack:123) <0x52ff>V1-Send: 0x0A06->0x0A01 0x3C10 [0m
[37m[15.739][linker]-[Debug]-[DjiProtocol_v1Pack:123) <0x5300>V1-Send: 0x0A06->0x0300 0x3C10 [0m
[37m[15.740][linker]-[Debug]-[DjiProtocol_v1Unpack:215) <0x52fd>V1-Recv: 0x0300->0x0A06 0x0000 [0m
[37m[15.741][linker]-[Debug]-[DjiCommand_RecvWork:1066)  <0x52fd>Receive msg from linker, 0x0300->0x0A06 0x0000 len:0 [0m
[37m[15.741][infor]-[Debug]-[DjiAircraftInfo_CheckPingStatusAsyncCallback:269) connect status async sucess [0m
[37m[15.741][linker]-[Debug]-[DjiCommand_DealCmd:830) callback function (cmdset: 0x00 cmdid: 0x00) deal time: 0 ms [0m
[37m[15.743][linker]-[Debug]-[DjiProtocol_v1Unpack:215) <0x7db0>V1-Recv: 0x0300->0x0A06 0x4900 [0m
[37m[15.743][linker]-[Debug]-[DjiCommand_RecvWork:1066)  <0x7db0>Receive msg from linker, 0x0300->0x0A06 0x4900 len:14 [0m
[37m[15.743][linker]-[Debug]-[DjiProtocol_v1Pack:123) <0x7db0>V1-Send: 0x0A06->0x0300 0x4900 [0m
[37m[15.751][linker]-[Debug]-[DjiProtocol_v1Unpack:215) <0xbcd>V1-Recv: 0x0701->0x0A06 0x0000 [0m
[37m[15.752][linker]-[Debug]-[DjiCommand_RecvWork:1066)  <0xbcd>Receive msg from linker, 0x0701->0x0A06 0x0000 len:16 [0m
[37m[15.752][linker]-[Debug]-[DjiProtocol_v1Pack:123) <0xbcd>V1-Send: 0x0A06->0x0701 0x0000 [0m
[37m[15.758][linker]-[Debug]-[DjiProtocol_v1Unpack:215) <0x2257>V1-Recv: 0x0800->0x0A06 0x0866 [0m
[37m[15.759][linker]-[Debug]-[DjiCommand_RecvWork:1066)  <0x2257>Receive msg from linker, 0x0800->0x0A06 0x0866 len:17 [0m
[37m[15.759][linker]-[Debug]-[DjiCommand_DealCmd:919) received unsupport request cmd that noneed ack, <0x2257> cmdset: 0x08 cmdid: 0x66 [0m
[37m[15.782][linker]-[Debug]-[DjiProtocol_v1Unpack:215) <0x7def>V1-Recv: 0x0300->0x0A06 0x221B [0m
[37m[15.782][linker]-[Debug]-[DjiCommand_RecvWork:1066)  <0x7def>Receive msg from linker, 0x0300->0x0A06 0x221B len:9 [0m
[37m[15.783][linker]-[Debug]-[DjiCommand_DealCmd:919) received unsupport request cmd that noneed ack, <0x7def> cmdset: 0x22 cmdid: 0x1B [0m
[37m[15.800][linker]-[Debug]-[DjiProtocol_v1Unpack:215) <0x7e0d>V1-Recv: 0x0306->0x0A06 0x03C1 [0m
[37m[15.801][linker]-[Debug]-[DjiCommand_RecvWork:1066)  <0x7e0d>Receive msg from linker, 0x0306->0x0A06 0x03C1 len:13 [0m
[37m[15.824][linker]-[Debug]-[DjiProtocol_v1Unpack:215) <0x7e2c>V1-Recv: 0x0300->0x0A06 0x036C [0m
[37m[15.825][linker]-[Debug]-[DjiCommand_RecvWork:1066)  <0x7e2c>Receive msg from linker, 0x0300->0x0A06 0x036C len:71 [0m
[37m[15.825][linker]-[Debug]-[DjiCommand_DealCmd:919) received unsupport request cmd that noneed ack, <0x7e2c> cmdset: 0x03 cmdid: 0x6C [0m
[37m[15.843][linker]-[Debug]-[DjiProtocol_v1Unpack:215) <0x7e4c>V1-Recv: 0x0300->0x0A06 0x4900 [0m
[37m[15.843][linker]-[Debug]-[DjiCommand_RecvWork:1066)  <0x7e4c>Receive msg from linker, 0x0300->0x0A06 0x4900 len:14 [0m
[37m[15.843][linker]-[Debug]-[DjiProtocol_v1Pack:123) <0x7e4c>V1-Send: 0x0A06->0x0300 0x4900 [0m
[37m[15.881][linker]-[Debug]-[DjiProtocol_v1Unpack:215) <0x7e8f>V1-Recv: 0x0300->0x0A06 0x221B [0m
[37m[15.881][linker]-[Debug]-[DjiCommand_RecvWork:1066)  <0x7e8f>Receive msg from linker, 0x0300->0x0A06 0x221B len:9 [0m
[37m[15.881][linker]-[Debug]-[DjiCommand_DealCmd:919) received unsupport request cmd that noneed ack, <0x7e8f> cmdset: 0x22 cmdid: 0x1B [0m
[37m[15.900][linker]-[Debug]-[DjiProtocol_v1Unpack:215) <0x7ead>V1-Recv: 0x0306->0x0A06 0x03C1 [0m
[37m[15.901][linker]-[Debug]-[DjiCommand_RecvWork:1066)  <0x7ead>Receive msg from linker, 0x0306->0x0A06 0x03C1 len:13 [0m
[37m[15.924][linker]-[Debug]-[DjiProtocol_v1Unpack:215) <0x7ed2>V1-Recv: 0x0300->0x0A06 0x036C [0m
[37m[15.924][linker]-[Debug]-[DjiCommand_RecvWork:1066)  <0x7ed2>Receive msg from linker, 0x0300->0x0A06 0x036C len:71 [0m
[37m[15.924][linker]-[Debug]-[DjiCommand_DealCmd:919) received unsupport request cmd that noneed ack, <0x7ed2> cmdset: 0x03 cmdid: 0x6C [0m
[37m[15.943][linker]-[Debug]-[DjiProtocol_v1Unpack:215) <0x7efd>V1-Recv: 0x0300->0x0A06 0x4900 [0m
[37m[15.943][linker]-[Debug]-[DjiCommand_RecvWork:1066)  <0x7efd>Receive msg from linker, 0x0300->0x0A06 0x4900 len:14 [0m
[37m[15.943][linker]-[Debug]-[DjiProtocol_v1Pack:123) <0x7efd>V1-Send: 0x0A06->0x0300 0x4900 [0m
[37m[15.952][linker]-[Debug]-[DjiProtocol_v1Pack:123) <0x5301>V1-Send: 0x0A06->0x0200 0x3C10 [0m
[37m[15.952][linker]-[Debug]-[DjiProtocol_v1Pack:123) <0x5302>V1-Send: 0x0A06->0x0A01 0x3C10 [0m
[37m[15.952][linker]-[Debug]-[DjiProtocol_v1Pack:123) <0x5303>V1-Send: 0x0A06->0x0300 0x3C10 [0m
[37m[15.981][linker]-[Debug]-[DjiProtocol_v1Unpack:215) <0x7f3d>V1-Recv: 0x0300->0x0A06 0x221B [0m
[37m[15.982][linker]-[Debug]-[DjiCommand_RecvWork:1066)  <0x7f3d>Receive msg from linker, 0x0300->0x0A06 0x221B len:9 [0m
[37m[15.982][linker]-[Debug]-[DjiCommand_DealCmd:919) received unsupport request cmd that noneed ack, <0x7f3d> cmdset: 0x22 cmdid: 0x1B [0m
[37m[16.000][linker]-[Debug]-[DjiProtocol_v1Unpack:215) <0x7f5b>V1-Recv: 0x0306->0x0A06 0x03C1 [0m
[37m[16.001][linker]-[Debug]-[DjiCommand_RecvWork:1066)  <0x7f5b>Receive msg from linker, 0x0306->0x0A06 0x03C1 len:13 [0m
[37m[16.008][linker]-[Debug]-[DjiProtocol_v1Unpack:215) <0x2258>V1-Recv: 0x0800->0x0A06 0x0866 [0m
[37m[16.008][linker]-[Debug]-[DjiCommand_RecvWork:1066)  <0x2258>Receive msg from linker, 0x0800->0x0A06 0x0866 len:17 [0m
[37m[16.008][linker]-[Debug]-[DjiCommand_DealCmd:919) received unsupport request cmd that noneed ack, <0x2258> cmdset: 0x08 cmdid: 0x66 [0m
[37m[16.013][utils]-[Debug]-[DjiCore_RootTask:131) work execution time: [0m
[37m[16.013][utils]-[Debug]-[DjiCore_RootTask:132) name	                execution time (ms)	  max execution time (ms) [0m
[37m[16.013][utils]-[Debug]-[DjiCore_RootTask:134) recorderWork                    	0       	1        [0m
[37m[16.013][utils]-[Debug]-[DjiCore_RootTask:134) flowControllerTask              	0       	1        [0m
[37m[16.013][utils]-[Debug]-[DjiCore_RootTask:134) commandTask                     	1       	1        [0m
[37m[16.013][utils]-[Debug]-[DjiCore_RootTask:134) aircraftWorkNode                	0       	1        [0m
[37m[16.013][utils]-[Debug]-[DjiCore_RootTask:134) StatePushWork                   	0       	1        [0m
[37m[16.024][linker]-[Debug]-[DjiProtocol_v1Unpack:215) <0x7f7d>V1-Recv: 0x0300->0x0A06 0x036C [0m
[37m[16.024][linker]-[Debug]-[DjiCommand_RecvWork:1066)  <0x7f7d>Receive msg from linker, 0x0300->0x0A06 0x036C len:71 [0m
[37m[16.024][linker]-[Debug]-[DjiCommand_DealCmd:919) received unsupport request cmd that noneed ack, <0x7f7d> cmdset: 0x03 cmdid: 0x6C [0m
[37m[16.043][linker]-[Debug]-[DjiProtocol_v1Unpack:215) <0x7f9c>V1-Recv: 0x0300->0x0A06 0x4900 [0m
[37m[16.044][linker]-[Debug]-[DjiCommand_RecvWork:1066)  <0x7f9c>Receive msg from linker, 0x0300->0x0A06 0x4900 len:14 [0m
[37m[16.044][linker]-[Debug]-[DjiProtocol_v1Pack:123) <0x7f9c>V1-Send: 0x0A06->0x0300 0x4900 [0m
[37m[16.084][linker]-[Debug]-[DjiProtocol_v1Unpack:215) <0x7fdb>V1-Recv: 0x0300->0x0A06 0x221B [0m
[37m[16.084][linker]-[Debug]-[DjiProtocol_v1Unpack:215) <0x7fe2>V1-Recv: 0x0300->0x0A06 0x0F74 [0m
[37m[16.084][linker]-[Debug]-[DjiProtocol_v1Unpack:215) <0x7fe3>V1-Recv: 0x0300->0x0100 0x0406 [0m
[37m[16.084][linker]-[Debug]-[DjiProtocol_v1Unpack:215) <0x7fe4>V1-Recv: 0x0300->0x0100 0x0407 [0m
[37m[16.085][linker]-[Debug]-[DjiCommand_RecvWork:1066)  <0x7fdb>Receive msg from linker, 0x0300->0x0A06 0x221B len:9 [0m
[37m[16.085][linker]-[Debug]-[DjiCommand_DealCmd:919) received unsupport request cmd that noneed ack, <0x7fdb> cmdset: 0x22 cmdid: 0x1B [0m
[37m[16.086][linker]-[Debug]-[DjiCommand_RecvWork:1066)  <0x7fe2>Receive msg from linker, 0x0300->0x0A06 0x0F74 len:28 [0m
[37m[16.086][linker]-[Debug]-[DjiCommand_DealCmd:919) received unsupport request cmd that noneed ack, <0x7fe2> cmdset: 0x0F cmdid: 0x74 [0m
[37m[16.087][linker]-[Debug]-[DjiCommand_RecvWork:1066)  <0x7fe3>Receive msg from linker, 0x0300->0x0100 0x0406 len:12 [0m
[37m[16.087][linker]-[Debug]-[DjiCommand_DealCmd:919) received unsupport request cmd that noneed ack, <0x7fe3> cmdset: 0x04 cmdid: 0x06 [0m
[37m[16.088][linker]-[Debug]-[DjiCommand_RecvWork:1066)  <0x7fe4>Receive msg from linker, 0x0300->0x0100 0x0407 len:1 [0m
[37m[16.088][linker]-[Debug]-[DjiCommand_DealCmd:919) received unsupport request cmd that noneed ack, <0x7fe4> cmdset: 0x04 cmdid: 0x07 [0m
[37m[16.100][linker]-[Debug]-[DjiProtocol_v1Unpack:215) <0x7fff>V1-Recv: 0x0306->0x0A06 0x03C1 [0m
[37m[16.100][linker]-[Debug]-[DjiCommand_RecvWork:1066)  <0x7fff>Receive msg from linker, 0x0306->0x0A06 0x03C1 len:13 [0m
[37m[16.124][linker]-[Debug]-[DjiProtocol_v1Unpack:215) <0x8021>V1-Recv: 0x0300->0x0A06 0x036C [0m
[37m[16.124][linker]-[Debug]-[DjiCommand_RecvWork:1066)  <0x8021>Receive msg from linker, 0x0300->0x0A06 0x036C len:71 [0m
[37m[16.124][linker]-[Debug]-[DjiCommand_DealCmd:919) received unsupport request cmd that noneed ack, <0x8021> cmdset: 0x03 cmdid: 0x6C [0m
[37m[16.143][linker]-[Debug]-[DjiProtocol_v1Unpack:215) <0x8049>V1-Recv: 0x0300->0x0A06 0x4900 [0m
[37m[16.143][linker]-[Debug]-[DjiCommand_RecvWork:1066)  <0x8049>Receive msg from linker, 0x0300->0x0A06 0x4900 len:14 [0m
[37m[16.143][linker]-[Debug]-[DjiProtocol_v1Pack:123) <0x8049>V1-Send: 0x0A06->0x0300 0x4900 [0m
[37m[16.165][linker]-[Debug]-[DjiProtocol_v1Pack:123) <0x5304>V1-Send: 0x0A06->0x0200 0x3C10 [0m
[37m[16.165][linker]-[Debug]-[DjiProtocol_v1Pack:123) <0x5305>V1-Send: 0x0A06->0x0A01 0x3C10 [0m
[37m[16.165][linker]-[Debug]-[DjiProtocol_v1Pack:123) <0x5306>V1-Send: 0x0A06->0x0300 0x3C10 [0m
[37m[16.181][linker]-[Debug]-[DjiProtocol_v1Unpack:215) <0x808b>V1-Recv: 0x0300->0x0A06 0x221B [0m
[37m[16.181][linker]-[Debug]-[DjiCommand_RecvWork:1066)  <0x808b>Receive msg from linker, 0x0300->0x0A06 0x221B len:9 [0m
[37m[16.181][linker]-[Debug]-[DjiCommand_DealCmd:919) received unsupport request cmd that noneed ack, <0x808b> cmdset: 0x22 cmdid: 0x1B [0m
[37m[16.200][linker]-[Debug]-[DjiProtocol_v1Unpack:215) <0x80ad>V1-Recv: 0x0306->0x0A06 0x03C1 [0m
[37m[16.200][linker]-[Debug]-[DjiCommand_RecvWork:1066)  <0x80ad>Receive msg from linker, 0x0306->0x0A06 0x03C1 len:13 [0m
[37m[16.224][linker]-[Debug]-[DjiProtocol_v1Unpack:215) <0x80d9>V1-Recv: 0x0300->0x0A06 0x036C [0m
[37m[16.225][linker]-[Debug]-[DjiCommand_RecvWork:1066)  <0x80d9>Receive msg from linker, 0x0300->0x0A06 0x036C len:71 [0m
[37m[16.225][linker]-[Debug]-[DjiCommand_DealCmd:919) received unsupport request cmd that noneed ack, <0x80d9> cmdset: 0x03 cmdid: 0x6C [0m
[37m[16.243][linker]-[Debug]-[DjiProtocol_v1Unpack:215) <0x80f9>V1-Recv: 0x0300->0x0A06 0x4900 [0m
[37m[16.243][linker]-[Debug]-[DjiCommand_RecvWork:1066)  <0x80f9>Receive msg from linker, 0x0300->0x0A06 0x4900 len:14 [0m
[37m[16.243][linker]-[Debug]-[DjiProtocol_v1Pack:123) <0x80f9>V1-Send: 0x0A06->0x0300 0x4900 [0m
[37m[16.257][linker]-[Debug]-[DjiProtocol_v1Unpack:215) <0x2259>V1-Recv: 0x0800->0x0A06 0x0866 [0m
[37m[16.258][linker]-[Debug]-[DjiCommand_RecvWork:1066)  <0x2259>Receive msg from linker, 0x0800->0x0A06 0x0866 len:17 [0m
[37m[16.258][linker]-[Debug]-[DjiCommand_DealCmd:919) received unsupport request cmd that noneed ack, <0x2259> cmdset: 0x08 cmdid: 0x66 [0m
[37m[16.281][linker]-[Debug]-[DjiProtocol_v1Unpack:215) <0x813a>V1-Recv: 0x0300->0x0A06 0x221B [0m
[37m[16.282][linker]-[Debug]-[DjiCommand_RecvWork:1066)  <0x813a>Receive msg from linker, 0x0300->0x0A06 0x221B len:9 [0m
[37m[16.282][linker]-[Debug]-[DjiCommand_DealCmd:919) received unsupport request cmd that noneed ack, <0x813a> cmdset: 0x22 cmdid: 0x1B [0m
[37m[16.300][linker]-[Debug]-[DjiProtocol_v1Unpack:215) <0x8159>V1-Recv: 0x0306->0x0A06 0x03C1 [0m
[37m[16.301][linker]-[Debug]-[DjiCommand_RecvWork:1066)  <0x8159>Receive msg from linker, 0x0306->0x0A06 0x03C1 len:13 [0m
[37m[16.324][linker]-[Debug]-[DjiProtocol_v1Unpack:215) <0x817f>V1-Recv: 0x0300->0x0A06 0x036C [0m
[37m[16.324][linker]-[Debug]-[DjiCommand_RecvWork:1066)  <0x817f>Receive msg from linker, 0x0300->0x0A06 0x036C len:71 [0m
[37m[16.325][linker]-[Debug]-[DjiCommand_DealCmd:919) received unsupport request cmd that noneed ack, <0x817f> cmdset: 0x03 cmdid: 0x6C [0m
[37m[16.343][linker]-[Debug]-[DjiProtocol_v1Unpack:215) <0x81ab>V1-Recv: 0x0300->0x0A06 0x4900 [0m
[37m[16.344][linker]-[Debug]-[DjiCommand_RecvWork:1066)  <0x81ab>Receive msg from linker, 0x0300->0x0A06 0x4900 len:14 [0m
[37m[16.344][linker]-[Debug]-[DjiProtocol_v1Pack:123) <0x81ab>V1-Send: 0x0A06->0x0300 0x4900 [0m
[37m[16.379][linker]-[Debug]-[DjiProtocol_v1Pack:123) <0x5307>V1-Send: 0x0A06->0x0200 0x3C10 [0m
[37m[16.379][linker]-[Debug]-[DjiProtocol_v1Pack:123) <0x5308>V1-Send: 0x0A06->0x0A01 0x3C10 [0m
[37m[16.379][linker]-[Debug]-[DjiProtocol_v1Pack:123) <0x5309>V1-Send: 0x0A06->0x0300 0x3C10 [0m
[37m[16.381][linker]-[Debug]-[DjiProtocol_v1Unpack:215) <0x81f6>V1-Recv: 0x0300->0x0A06 0x221B [0m
[37m[16.381][linker]-[Debug]-[DjiCommand_RecvWork:1066)  <0x81f6>Receive msg from linker, 0x0300->0x0A06 0x221B len:9 [0m
[37m[16.381][linker]-[Debug]-[DjiCommand_DealCmd:919) received unsupport request cmd that noneed ack, <0x81f6> cmdset: 0x22 cmdid: 0x1B [0m
[37m[16.400][linker]-[Debug]-[DjiProtocol_v1Unpack:215) <0x8214>V1-Recv: 0x0306->0x0A06 0x03C1 [0m
[37m[16.400][linker]-[Debug]-[DjiCommand_RecvWork:1066)  <0x8214>Receive msg from linker, 0x0306->0x0A06 0x03C1 len:13 [0m
[37m[16.424][linker]-[Debug]-[DjiProtocol_v1Unpack:215) <0x8235>V1-Recv: 0x0300->0x0A06 0x036C [0m
[37m[16.425][linker]-[Debug]-[DjiCommand_RecvWork:1066)  <0x8235>Receive msg from linker, 0x0300->0x0A06 0x036C len:71 [0m
[37m[16.425][linker]-[Debug]-[DjiCommand_DealCmd:919) received unsupport request cmd that noneed ack, <0x8235> cmdset: 0x03 cmdid: 0x6C [0m
[37m[16.442][linker]-[Debug]-[DjiProtocol_v1Unpack:215) <0x8253>V1-Recv: 0x0300->0x0A06 0x4900 [0m
[37m[16.443][linker]-[Debug]-[DjiCommand_RecvWork:1066)  <0x8253>Receive msg from linker, 0x0300->0x0A06 0x4900 len:14 [0m
[37m[16.443][linker]-[Debug]-[DjiProtocol_v1Pack:123) <0x8253>V1-Send: 0x0A06->0x0300 0x4900 [0m
[37m[16.481][linker]-[Debug]-[DjiProtocol_v1Unpack:215) <0x8292>V1-Recv: 0x0300->0x0A06 0x221B [0m
[37m[16.481][linker]-[Debug]-[DjiCommand_RecvWork:1066)  <0x8292>Receive msg from linker, 0x0300->0x0A06 0x221B len:9 [0m
[37m[16.481][linker]-[Debug]-[DjiCommand_DealCmd:919) received unsupport request cmd that noneed ack, <0x8292> cmdset: 0x22 cmdid: 0x1B [0m
[37m[16.500][linker]-[Debug]-[DjiProtocol_v1Unpack:215) <0x82af>V1-Recv: 0x0306->0x0A06 0x03C1 [0m
[37m[16.501][linker]-[Debug]-[DjiCommand_RecvWork:1066)  <0x82af>Receive msg from linker, 0x0306->0x0A06 0x03C1 len:13 [0m
[37m[16.508][linker]-[Debug]-[DjiProtocol_v1Unpack:215) <0x225a>V1-Recv: 0x0800->0x0A06 0x0866 [0m
[37m[16.509][linker]-[Debug]-[DjiCommand_RecvWork:1066)  <0x225a>Receive msg from linker, 0x0800->0x0A06 0x0866 len:17 [0m
[37m[16.509][linker]-[Debug]-[DjiCommand_DealCmd:919) received unsupport request cmd that noneed ack, <0x225a> cmdset: 0x08 cmdid: 0x66 [0m
[37m[16.524][linker]-[Debug]-[DjiProtocol_v1Unpack:215) <0x82d5>V1-Recv: 0x0300->0x0A06 0x036C [0m
[37m[16.524][linker]-[Debug]-[DjiCommand_RecvWork:1066)  <0x82d5>Receive msg from linker, 0x0300->0x0A06 0x036C len:71 [0m
[37m[16.524][linker]-[Debug]-[DjiCommand_DealCmd:919) received unsupport request cmd that noneed ack, <0x82d5> cmdset: 0x03 cmdid: 0x6C [0m
[37m[16.543][linker]-[Debug]-[DjiProtocol_v1Unpack:215) <0x82fb>V1-Recv: 0x0300->0x0A06 0x4900 [0m
[37m[16.543][linker]-[Debug]-[DjiCommand_RecvWork:1066)  <0x82fb>Receive msg from linker, 0x0300->0x0A06 0x4900 len:14 [0m
[37m[16.543][linker]-[Debug]-[DjiProtocol_v1Pack:123) <0x82fb>V1-Send: 0x0A06->0x0300 0x4900 [0m
[37m[16.582][linker]-[Debug]-[DjiProtocol_v1Unpack:215) <0x833d>V1-Recv: 0x0300->0x0A06 0x221B [0m
[37m[16.582][linker]-[Debug]-[DjiProtocol_v1Unpack:215) <0x8341>V1-Recv: 0x0300->0x0100 0x0405 [0m
[37m[16.583][linker]-[Debug]-[DjiCommand_RecvWork:1066)  <0x833d>Receive msg from linker, 0x0300->0x0A06 0x221B len:9 [0m
[37m[16.583][linker]-[Debug]-[DjiCommand_DealCmd:919) received unsupport request cmd that noneed ack, <0x833d> cmdset: 0x22 cmdid: 0x1B [0m
[37m[16.585][linker]-[Debug]-[DjiCommand_RecvWork:1066)  <0x8341>Receive msg from linker, 0x0300->0x0100 0x0405 len:22 [0m
[37m[16.585][linker]-[Debug]-[DjiCommand_DealCmd:919) received unsupport request cmd that noneed ack, <0x8341> cmdset: 0x04 cmdid: 0x05 [0m
[37m[16.592][linker]-[Debug]-[DjiProtocol_v1Pack:123) <0x530a>V1-Send: 0x0A06->0x0200 0x3C10 [0m
[37m[16.592][linker]-[Debug]-[DjiProtocol_v1Pack:123) <0x530b>V1-Send: 0x0A06->0x0A01 0x3C10 [0m
[37m[16.592][linker]-[Debug]-[DjiProtocol_v1Pack:123) <0x530c>V1-Send: 0x0A06->0x0300 0x3C10 [0m
[37m[16.600][linker]-[Debug]-[DjiProtocol_v1Unpack:215) <0x835c>V1-Recv: 0x0306->0x0A06 0x03C1 [0m
[37m[16.601][linker]-[Debug]-[DjiCommand_RecvWork:1066)  <0x835c>Receive msg from linker, 0x0306->0x0A06 0x03C1 len:13 [0m
[37m[16.624][linker]-[Debug]-[DjiProtocol_v1Unpack:215) <0x837c>V1-Recv: 0x0300->0x0A06 0x036C [0m
[37m[16.624][linker]-[Debug]-[DjiCommand_RecvWork:1066)  <0x837c>Receive msg from linker, 0x0300->0x0A06 0x036C len:71 [0m
[37m[16.624][linker]-[Debug]-[DjiCommand_DealCmd:919) received unsupport request cmd that noneed ack, <0x837c> cmdset: 0x03 cmdid: 0x6C [0m
[37m[16.642][linker]-[Debug]-[DjiProtocol_v1Unpack:215) <0x839a>V1-Recv: 0x0300->0x0A06 0x4900 [0m
[37m[16.642][linker]-[Debug]-[DjiCommand_RecvWork:1066)  <0x839a>Receive msg from linker, 0x0300->0x0A06 0x4900 len:14 [0m
[37m[16.642][linker]-[Debug]-[DjiProtocol_v1Pack:123) <0x839a>V1-Send: 0x0A06->0x0300 0x4900 [0m
[37m[16.664][linker]-[Debug]-[DjiProtocol_v1Unpack:215) <0x83b6>V1-Recv: 0x0306->0x0A06 0x03C1 [0m
[37m[16.665][linker]-[Debug]-[DjiCommand_RecvWork:1066)  <0x83b6>Receive msg from linker, 0x0306->0x0A06 0x03C1 len:113 [0m
[37m[16.681][linker]-[Debug]-[DjiProtocol_v1Unpack:215) <0x83dc>V1-Recv: 0x0300->0x0A06 0x221B [0m
[37m[16.682][linker]-[Debug]-[DjiCommand_RecvWork:1066)  <0x83dc>Receive msg from linker, 0x0300->0x0A06 0x221B len:9 [0m
[37m[16.682][linker]-[Debug]-[DjiCommand_DealCmd:919) received unsupport request cmd that noneed ack, <0x83dc> cmdset: 0x22 cmdid: 0x1B [0m
[37m[16.692][linker]-[Debug]-[DjiProtocol_v1Unpack:215) <0x11a2>V1-Recv: 0x1D07->0x0A06 0x2105 [0m
[37m[16.693][linker]-[Debug]-[DjiCommand_RecvWork:1066)  <0x11a2>Receive msg from linker, 0x1D07->0x0A06 0x2105 len:1 [0m
[37m[16.693][linker]-[Debug]-[DjiCommand_DealCmd:919) received unsupport request cmd that need ack, <0x11a2> cmdset: 0x21 cmdid: 0x05 [0m
[37m[16.701][linker]-[Debug]-[DjiProtocol_v1Unpack:215) <0x83f9>V1-Recv: 0x0306->0x0A06 0x03C1 [0m
[37m[16.701][linker]-[Debug]-[DjiCommand_RecvWork:1066)  <0x83f9>Receive msg from linker, 0x0306->0x0A06 0x03C1 len:13 [0m
[32m[16.705][user]-[Info]-[UserFcSubscription_Task:458) gps position: x 117.120747 y 39.126572 z 9.761000. [0m
[32m[16.705][user]-[Info]-[UserFcSubscription_Task:470) gps total satellite number used: 3 9 15.
GPS fixState: 3.000000. [0m
[32m[16.705][user]-[Info]-[UserFcSubscription_Task:487) Homepoint info: lat->39.126699, lon->117.120801. [0m
[32m[16.705][user]-[Info]-[UserFcSubscription_Task:512) RTK position solution state: 16. [0m
[32m[16.705][user]-[Info]-[UserFcSubscription_Task:528) RTK position: 117.120656 39.126748 -10.097295. [0m
[32m[16.705][user]-[Info]-[UserFcSubscription_Task:573) Altitude of homepoint: 3.474697. [0m
[32m[16.705][user]-[Info]-[UserFcSubscription_Task:586) Battery info: 39. [0m
[32m[16.705][user]-[Info]-[UserFcSubscription_Task:600) Flight status: 0. [0m
[32m[16.705][user]-[Info]-[UserFcSubscription_Task:620) Displaymode status: 6. [0m
[37m[16.705][user]-[Debug]-[UserFcSubscription_Task:633) Timestamp: millisecond 4532992 microsecond 238025098. [0m
[37m[16.705][user]-[Debug]-[UserFcSubscription_Task:634) Relative height fusion is -0.000000 m [0m
[37m[16.724][linker]-[Debug]-[DjiProtocol_v1Unpack:215) <0x841f>V1-Recv: 0x0300->0x0A06 0x036C [0m
[37m[16.725][linker]-[Debug]-[DjiCommand_RecvWork:1066)  <0x841f>Receive msg from linker, 0x0300->0x0A06 0x036C len:71 [0m
[37m[16.725][linker]-[Debug]-[DjiCommand_DealCmd:919) received unsupport request cmd that noneed ack, <0x841f> cmdset: 0x03 cmdid: 0x6C [0m
[37m[16.742][linker]-[Debug]-[DjiProtocol_v1Unpack:215) <0x8445>V1-Recv: 0x0300->0x0A06 0x4900 [0m
[37m[16.743][linker]-[Debug]-[DjiCommand_RecvWork:1066)  <0x8445>Receive msg from linker, 0x0300->0x0A06 0x4900 len:14 [0m
[37m[16.743][linker]-[Debug]-[DjiProtocol_v1Pack:123) <0x8445>V1-Send: 0x0A06->0x0300 0x4900 [0m
[37m[16.751][linker]-[Debug]-[DjiProtocol_v1Unpack:215) <0xbce>V1-Recv: 0x0701->0x0A06 0x0000 [0m
[37m[16.751][linker]-[Debug]-[DjiCommand_RecvWork:1066)  <0xbce>Receive msg from linker, 0x0701->0x0A06 0x0000 len:16 [0m
[37m[16.751][linker]-[Debug]-[DjiProtocol_v1Pack:123) <0xbce>V1-Send: 0x0A06->0x0701 0x0000 [0m
[37m[16.758][linker]-[Debug]-[DjiProtocol_v1Unpack:215) <0x225b>V1-Recv: 0x0800->0x0A06 0x0866 [0m
[37m[16.759][linker]-[Debug]-[DjiCommand_RecvWork:1066)  <0x225b>Receive msg from linker, 0x0800->0x0A06 0x0866 len:17 [0m
[37m[16.759][linker]-[Debug]-[DjiCommand_DealCmd:919) received unsupport request cmd that noneed ack, <0x225b> cmdset: 0x08 cmdid: 0x66 [0m
[37m[16.781][linker]-[Debug]-[DjiProtocol_v1Unpack:215) <0x8485>V1-Recv: 0x0300->0x0A06 0x221B [0m
[37m[16.781][linker]-[Debug]-[DjiCommand_RecvWork:1066)  <0x8485>Receive msg from linker, 0x0300->0x0A06 0x221B len:9 [0m
[37m[16.781][linker]-[Debug]-[DjiCommand_DealCmd:919) received unsupport request cmd that noneed ack, <0x8485> cmdset: 0x22 cmdid: 0x1B [0m
[37m[16.800][linker]-[Debug]-[DjiProtocol_v1Unpack:215) <0x84a3>V1-Recv: 0x0306->0x0A06 0x03C1 [0m
[37m[16.801][linker]-[Debug]-[DjiCommand_RecvWork:1066)  <0x84a3>Receive msg from linker, 0x0306->0x0A06 0x03C1 len:13 [0m
[37m[16.805][linker]-[Debug]-[DjiProtocol_v1Pack:123) <0x530d>V1-Send: 0x0A06->0x0300 0x0000 [0m
[37m[16.805][infor]-[Debug]-[DjiAircraftConnection_CheckExtensionPortConnectStatusByV1Protocol:170) check connect status:1 [0m
[37m[16.806][linker]-[Debug]-[DjiProtocol_v1Pack:123) <0x530e>V1-Send: 0x0A06->0x0200 0x3C10 [0m
[37m[16.806][linker]-[Debug]-[DjiProtocol_v1Pack:123) <0x530f>V1-Send: 0x0A06->0x0A01 0x3C10 [0m
[37m[16.806][linker]-[Debug]-[DjiProtocol_v1Pack:123) <0x5310>V1-Send: 0x0A06->0x0300 0x3C10 [0m
[37m[16.825][linker]-[Debug]-[DjiProtocol_v1Unpack:215) <0x530d>V1-Recv: 0x0300->0x0A06 0x0000 [0m
[37m[16.825][linker]-[Debug]-[DjiProtocol_v1Unpack:215) <0x84c4>V1-Recv: 0x0300->0x0A06 0x036C [0m
[37m[16.825][linker]-[Debug]-[DjiCommand_RecvWork:1066)  <0x530d>Receive msg from linker, 0x0300->0x0A06 0x0000 len:0 [0m
[37m[16.825][infor]-[Debug]-[DjiAircraftInfo_CheckPingStatusAsyncCallback:269) connect status async sucess [0m
[37m[16.825][linker]-[Debug]-[DjiCommand_DealCmd:830) callback function (cmdset: 0x00 cmdid: 0x00) deal time: 0 ms [0m
[37m[16.826][linker]-[Debug]-[DjiCommand_RecvWork:1066)  <0x84c4>Receive msg from linker, 0x0300->0x0A06 0x036C len:71 [0m
[37m[16.826][linker]-[Debug]-[DjiCommand_DealCmd:919) received unsupport request cmd that noneed ack, <0x84c4> cmdset: 0x03 cmdid: 0x6C [0m
[37m[16.843][linker]-[Debug]-[DjiProtocol_v1Unpack:215) <0x84e4>V1-Recv: 0x0300->0x0A06 0x4900 [0m
[37m[16.843][linker]-[Debug]-[DjiCommand_RecvWork:1066)  <0x84e4>Receive msg from linker, 0x0300->0x0A06 0x4900 len:14 [0m
[37m[16.843][linker]-[Debug]-[DjiProtocol_v1Pack:123) <0x84e4>V1-Send: 0x0A06->0x0300 0x4900 [0m
[37m[16.881][linker]-[Debug]-[DjiProtocol_v1Unpack:215) <0x8524>V1-Recv: 0x0300->0x0A06 0x221B [0m
[37m[16.882][linker]-[Debug]-[DjiCommand_RecvWork:1066)  <0x8524>Receive msg from linker, 0x0300->0x0A06 0x221B len:9 [0m
[37m[16.882][linker]-[Debug]-[DjiCommand_DealCmd:919) received unsupport request cmd that noneed ack, <0x8524> cmdset: 0x22 cmdid: 0x1B [0m
[37m[16.900][linker]-[Debug]-[DjiProtocol_v1Unpack:215) <0x8542>V1-Recv: 0x0306->0x0A06 0x03C1 [0m
[37m[16.901][linker]-[Debug]-[DjiCommand_RecvWork:1066)  <0x8542>Receive msg from linker, 0x0306->0x0A06 0x03C1 len:13 [0m
[37m[16.924][linker]-[Debug]-[DjiProtocol_v1Unpack:215) <0x8568>V1-Recv: 0x0300->0x0A06 0x036C [0m
[37m[16.924][linker]-[Debug]-[DjiCommand_RecvWork:1066)  <0x8568>Receive msg from linker, 0x0300->0x0A06 0x036C len:71 [0m
[37m[16.924][linker]-[Debug]-[DjiCommand_DealCmd:919) received unsupport request cmd that noneed ack, <0x8568> cmdset: 0x03 cmdid: 0x6C [0m
[37m[16.943][linker]-[Debug]-[DjiProtocol_v1Unpack:215) <0x8591>V1-Recv: 0x0300->0x0A06 0x4900 [0m
[37m[16.943][linker]-[Debug]-[DjiCommand_RecvWork:1066)  <0x8591>Receive msg from linker, 0x0300->0x0A06 0x4900 len:14 [0m
[37m[16.943][linker]-[Debug]-[DjiProtocol_v1Pack:123) <0x8591>V1-Send: 0x0A06->0x0300 0x4900 [0m
[37m[16.971][linker]-[Debug]-[DjiProtocol_v1Unpack:215) <0xa802>V1-Recv: 0x0202->0x0A06 0x0026 [0m
[37m[16.972][linker]-[Debug]-[DjiCommand_RecvWork:1066)  <0xa802>Receive msg from linker, 0x0202->0x0A06 0x0026 len:37 [0m
[37m[16.972][linker]-[Debug]-[DjiCommand_DealCmd:919) received unsupport request cmd that need ack, <0xa802> cmdset: 0x00 cmdid: 0x26 [0m
[37m[16.981][linker]-[Debug]-[DjiProtocol_v1Unpack:215) <0x85d2>V1-Recv: 0x0300->0x0A06 0x221B [0m
[37m[16.982][linker]-[Debug]-[DjiCommand_RecvWork:1066)  <0x85d2>Receive msg from linker, 0x0300->0x0A06 0x221B len:9 [0m
[37m[16.982][linker]-[Debug]-[DjiCommand_DealCmd:919) received unsupport request cmd that noneed ack, <0x85d2> cmdset: 0x22 cmdid: 0x1B [0m
[37m[17.000][linker]-[Debug]-[DjiProtocol_v1Unpack:215) <0x85f4>V1-Recv: 0x0306->0x0A06 0x03C1 [0m
[37m[17.001][linker]-[Debug]-[DjiCommand_RecvWork:1066)  <0x85f4>Receive msg from linker, 0x0306->0x0A06 0x03C1 len:13 [0m
[37m[17.008][linker]-[Debug]-[DjiProtocol_v1Unpack:215) <0x225c>V1-Recv: 0x0800->0x0A06 0x0866 [0m
[37m[17.009][linker]-[Debug]-[DjiCommand_RecvWork:1066)  <0x225c>Receive msg from linker, 0x0800->0x0A06 0x0866 len:17 [0m
[37m[17.009][linker]-[Debug]-[DjiCommand_DealCmd:919) received unsupport request cmd that noneed ack, <0x225c> cmdset: 0x08 cmdid: 0x66 [0m
[37m[17.019][linker]-[Debug]-[DjiProtocol_v1Pack:123) <0x5311>V1-Send: 0x0A06->0x0200 0x3C10 [0m
[37m[17.019][linker]-[Debug]-[DjiProtocol_v1Pack:123) <0x5312>V1-Send: 0x0A06->0x0A01 0x3C10 [0m
[37m[17.019][linker]-[Debug]-[DjiProtocol_v1Pack:123) <0x5313>V1-Send: 0x0A06->0x0300 0x3C10 [0m
[37m[17.024][linker]-[Debug]-[DjiProtocol_v1Unpack:215) <0x8613>V1-Recv: 0x0300->0x0A06 0x036C [0m
[37m[17.025][linker]-[Debug]-[DjiCommand_RecvWork:1066)  <0x8613>Receive msg from linker, 0x0300->0x0A06 0x036C len:71 [0m
[37m[17.025][linker]-[Debug]-[DjiCommand_DealCmd:919) received unsupport request cmd that noneed ack, <0x8613> cmdset: 0x03 cmdid: 0x6C [0m
[37m[17.043][linker]-[Debug]-[DjiProtocol_v1Unpack:215) <0x8632>V1-Recv: 0x0300->0x0A06 0x4900 [0m
[37m[17.044][linker]-[Debug]-[DjiCommand_RecvWork:1066)  <0x8632>Receive msg from linker, 0x0300->0x0A06 0x4900 len:14 [0m
[37m[17.044][linker]-[Debug]-[DjiProtocol_v1Pack:123) <0x8632>V1-Send: 0x0A06->0x0300 0x4900 [0m
[37m[17.080][utils]-[Debug]-[DjiCore_RootTask:131) work execution time: [0m
[37m[17.080][utils]-[Debug]-[DjiCore_RootTask:132) name	                execution time (ms)	  max execution time (ms) [0m
[37m[17.080][utils]-[Debug]-[DjiCore_RootTask:134) recorderWork                    	0       	1        [0m
[37m[17.080][utils]-[Debug]-[DjiCore_RootTask:134) flowControllerTask              	0       	1        [0m
[37m[17.080][utils]-[Debug]-[DjiCore_RootTask:134) commandTask                     	1       	1        [0m
[37m[17.080][utils]-[Debug]-[DjiCore_RootTask:134) aircraftWorkNode                	0       	1        [0m
[37m[17.080][utils]-[Debug]-[DjiCore_RootTask:134) StatePushWork                   	1       	1        [0m
[37m[17.084][linker]-[Debug]-[DjiProtocol_v1Unpack:215) <0x8671>V1-Recv: 0x0300->0x0A06 0x221B [0m
[37m[17.084][linker]-[Debug]-[DjiProtocol_v1Unpack:215) <0x8678>V1-Recv: 0x0300->0x0A06 0x0F74 [0m
[37m[17.084][linker]-[Debug]-[DjiProtocol_v1Unpack:215) <0x8679>V1-Recv: 0x0300->0x0100 0x0406 [0m
[37m[17.084][linker]-[Debug]-[DjiProtocol_v1Unpack:215) <0x867a>V1-Recv: 0x0300->0x0100 0x0407 [0m
[37m[17.085][linker]-[Debug]-[DjiCommand_RecvWork:1066)  <0x8671>Receive msg from linker, 0x0300->0x0A06 0x221B len:9 [0m
[37m[17.085][linker]-[Debug]-[DjiCommand_DealCmd:919) received unsupport request cmd that noneed ack, <0x8671> cmdset: 0x22 cmdid: 0x1B [0m
[37m[17.086][linker]-[Debug]-[DjiCommand_RecvWork:1066)  <0x8678>Receive msg from linker, 0x0300->0x0A06 0x0F74 len:28 [0m
[37m[17.086][linker]-[Debug]-[DjiCommand_DealCmd:919) received unsupport request cmd that noneed ack, <0x8678> cmdset: 0x0F cmdid: 0x74 [0m
[37m[17.087][linker]-[Debug]-[DjiCommand_RecvWork:1066)  <0x8679>Receive msg from linker, 0x0300->0x0100 0x0406 len:12 [0m
[37m[17.087][linker]-[Debug]-[DjiCommand_DealCmd:919) received unsupport request cmd that noneed ack, <0x8679> cmdset: 0x04 cmdid: 0x06 [0m
[37m[17.088][linker]-[Debug]-[DjiCommand_RecvWork:1066)  <0x867a>Receive msg from linker, 0x0300->0x0100 0x0407 len:1 [0m
[37m[17.088][linker]-[Debug]-[DjiCommand_DealCmd:919) received unsupport request cmd that noneed ack, <0x867a> cmdset: 0x04 cmdid: 0x07 [0m
[37m[17.100][linker]-[Debug]-[DjiProtocol_v1Unpack:215) <0x8695>V1-Recv: 0x0306->0x0A06 0x03C1 [0m
[37m[17.101][linker]-[Debug]-[DjiCommand_RecvWork:1066)  <0x8695>Receive msg from linker, 0x0306->0x0A06 0x03C1 len:13 [0m
[37m[17.124][linker]-[Debug]-[DjiProtocol_v1Unpack:215) <0x86ba>V1-Recv: 0x0300->0x0A06 0x036C [0m
[37m[17.124][linker]-[Debug]-[DjiCommand_RecvWork:1066)  <0x86ba>Receive msg from linker, 0x0300->0x0A06 0x036C len:71 [0m
[37m[17.124][linker]-[Debug]-[DjiCommand_DealCmd:919) received unsupport request cmd that noneed ack, <0x86ba> cmdset: 0x03 cmdid: 0x6C [0m
[37m[17.143][linker]-[Debug]-[DjiProtocol_v1Unpack:215) <0x86ea>V1-Recv: 0x0300->0x0A06 0x4900 [0m
[37m[17.143][linker]-[Debug]-[DjiCommand_RecvWork:1066)  <0x86ea>Receive msg from linker, 0x0300->0x0A06 0x4900 len:14 [0m
[37m[17.143][linker]-[Debug]-[DjiProtocol_v1Pack:123) <0x86ea>V1-Send: 0x0A06->0x0300 0x4900 [0m
[37m[17.181][linker]-[Debug]-[DjiProtocol_v1Unpack:215) <0x8730>V1-Recv: 0x0300->0x0A06 0x221B [0m
[37m[17.181][linker]-[Debug]-[DjiCommand_RecvWork:1066)  <0x8730>Receive msg from linker, 0x0300->0x0A06 0x221B len:9 [0m
[37m[17.181][linker]-[Debug]-[DjiCommand_DealCmd:919) received unsupport request cmd that noneed ack, <0x8730> cmdset: 0x22 cmdid: 0x1B [0m
[37m[17.200][linker]-[Debug]-[DjiProtocol_v1Unpack:215) <0x8752>V1-Recv: 0x0306->0x0A06 0x03C1 [0m
[37m[17.201][linker]-[Debug]-[DjiCommand_RecvWork:1066)  <0x8752>Receive msg from linker, 0x0306->0x0A06 0x03C1 len:13 [0m
[37m[17.224][linker]-[Debug]-[DjiProtocol_v1Unpack:215) <0x8775>V1-Recv: 0x0300->0x0A06 0x036C [0m
[37m[17.224][linker]-[Debug]-[DjiCommand_RecvWork:1066)  <0x8775>Receive msg from linker, 0x0300->0x0A06 0x036C len:71 [0m
[37m[17.224][linker]-[Debug]-[DjiCommand_DealCmd:919) received unsupport request cmd that noneed ack, <0x8775> cmdset: 0x03 cmdid: 0x6C [0m
[37m[17.232][linker]-[Debug]-[DjiProtocol_v1Pack:123) <0x5314>V1-Send: 0x0A06->0x0200 0x3C10 [0m
[37m[17.232][linker]-[Debug]-[DjiProtocol_v1Pack:123) <0x5315>V1-Send: 0x0A06->0x0A01 0x3C10 [0m
[37m[17.232][linker]-[Debug]-[DjiProtocol_v1Pack:123) <0x5316>V1-Send: 0x0A06->0x0300 0x3C10 [0m
[37m[17.242][linker]-[Debug]-[DjiProtocol_v1Unpack:215) <0x8793>V1-Recv: 0x0300->0x0A06 0x4900 [0m
[37m[17.242][linker]-[Debug]-[DjiCommand_RecvWork:1066)  <0x8793>Receive msg from linker, 0x0300->0x0A06 0x4900 len:14 [0m
[37m[17.242][linker]-[Debug]-[DjiProtocol_v1Pack:123) <0x8793>V1-Send: 0x0A06->0x0300 0x4900 [0m
[37m[17.258][linker]-[Debug]-[DjiProtocol_v1Unpack:215) <0x225d>V1-Recv: 0x0800->0x0A06 0x0866 [0m
[37m[17.258][linker]-[Debug]-[DjiCommand_RecvWork:1066)  <0x225d>Receive msg from linker, 0x0800->0x0A06 0x0866 len:17 [0m
[37m[17.258][linker]-[Debug]-[DjiCommand_DealCmd:919) received unsupport request cmd that noneed ack, <0x225d> cmdset: 0x08 cmdid: 0x66 [0m
[37m[17.281][linker]-[Debug]-[DjiProtocol_v1Unpack:215) <0x87d5>V1-Recv: 0x0300->0x0A06 0x221B [0m
[37m[17.281][linker]-[Debug]-[DjiCommand_RecvWork:1066)  <0x87d5>Receive msg from linker, 0x0300->0x0A06 0x221B len:9 [0m
[37m[17.281][linker]-[Debug]-[DjiCommand_DealCmd:919) received unsupport request cmd that noneed ack, <0x87d5> cmdset: 0x22 cmdid: 0x1B [0m
[37m[17.300][linker]-[Debug]-[DjiProtocol_v1Unpack:215) <0x87f5>V1-Recv: 0x0306->0x0A06 0x03C1 [0m
[37m[17.300][linker]-[Debug]-[DjiCommand_RecvWork:1066)  <0x87f5>Receive msg from linker, 0x0306->0x0A06 0x03C1 len:13 [0m
[37m[17.324][linker]-[Debug]-[DjiProtocol_v1Unpack:215) <0x881c>V1-Recv: 0x0300->0x0A06 0x036C [0m
[37m[17.324][linker]-[Debug]-[DjiCommand_RecvWork:1066)  <0x881c>Receive msg from linker, 0x0300->0x0A06 0x036C len:71 [0m
[37m[17.324][linker]-[Debug]-[DjiCommand_DealCmd:919) received unsupport request cmd that noneed ack, <0x881c> cmdset: 0x03 cmdid: 0x6C [0m
[37m[17.344][linker]-[Debug]-[DjiProtocol_v1Unpack:215) <0x8849>V1-Recv: 0x0300->0x0A06 0x4900 [0m
[37m[17.344][linker]-[Debug]-[DjiCommand_RecvWork:1066)  <0x8849>Receive msg from linker, 0x0300->0x0A06 0x4900 len:14 [0m
[37m[17.344][linker]-[Debug]-[DjiProtocol_v1Pack:123) <0x8849>V1-Send: 0x0A06->0x0300 0x4900 [0m
[37m[17.381][linker]-[Debug]-[DjiProtocol_v1Unpack:215) <0x8896>V1-Recv: 0x0300->0x0A06 0x221B [0m
[37m[17.381][linker]-[Debug]-[DjiCommand_RecvWork:1066)  <0x8896>Receive msg from linker, 0x0300->0x0A06 0x221B len:9 [0m
[37m[17.381][linker]-[Debug]-[DjiCommand_DealCmd:919) received unsupport request cmd that noneed ack, <0x8896> cmdset: 0x22 cmdid: 0x1B [0m
[37m[17.400][linker]-[Debug]-[DjiProtocol_v1Unpack:215) <0x88b6>V1-Recv: 0x0306->0x0A06 0x03C1 [0m
[37m[17.400][linker]-[Debug]-[DjiCommand_RecvWork:1066)  <0x88b6>Receive msg from linker, 0x0306->0x0A06 0x03C1 len:13 [0m
[37m[17.424][linker]-[Debug]-[DjiProtocol_v1Unpack:215) <0x88d9>V1-Recv: 0x0300->0x0A06 0x036C [0m
[37m[17.425][linker]-[Debug]-[DjiCommand_RecvWork:1066)  <0x88d9>Receive msg from linker, 0x0300->0x0A06 0x036C len:71 [0m
[37m[17.425][linker]-[Debug]-[DjiCommand_DealCmd:919) received unsupport request cmd that noneed ack, <0x88d9> cmdset: 0x03 cmdid: 0x6C [0m
[37m[17.442][linker]-[Debug]-[DjiProtocol_v1Unpack:215) <0x88f7>V1-Recv: 0x0300->0x0A06 0x4900 [0m
[37m[17.443][linker]-[Debug]-[DjiCommand_RecvWork:1066)  <0x88f7>Receive msg from linker, 0x0300->0x0A06 0x4900 len:14 [0m
[37m[17.443][linker]-[Debug]-[DjiProtocol_v1Pack:123) <0x88f7>V1-Send: 0x0A06->0x0300 0x4900 [0m
[37m[17.445][linker]-[Debug]-[DjiProtocol_v1Pack:123) <0x5317>V1-Send: 0x0A06->0x0200 0x3C10 [0m
[37m[17.445][linker]-[Debug]-[DjiProtocol_v1Pack:123) <0x5318>V1-Send: 0x0A06->0x0A01 0x3C10 [0m
[37m[17.445][linker]-[Debug]-[DjiProtocol_v1Pack:123) <0x5319>V1-Send: 0x0A06->0x0300 0x3C10 [0m
[37m[17.481][linker]-[Debug]-[DjiProtocol_v1Unpack:215) <0x8939>V1-Recv: 0x0300->0x0A06 0x221B [0m
[37m[17.481][linker]-[Debug]-[DjiCommand_RecvWork:1066)  <0x8939>Receive msg from linker, 0x0300->0x0A06 0x221B len:9 [0m
[37m[17.481][linker]-[Debug]-[DjiCommand_DealCmd:919) received unsupport request cmd that noneed ack, <0x8939> cmdset: 0x22 cmdid: 0x1B [0m
[37m[17.500][linker]-[Debug]-[DjiProtocol_v1Unpack:215) <0x8956>V1-Recv: 0x0306->0x0A06 0x03C1 [0m
[37m[17.500][linker]-[Debug]-[DjiCommand_RecvWork:1066)  <0x8956>Receive msg from linker, 0x0306->0x0A06 0x03C1 len:13 [0m
[37m[17.508][linker]-[Debug]-[DjiProtocol_v1Unpack:215) <0x225e>V1-Recv: 0x0800->0x0A06 0x0866 [0m
[37m[17.509][linker]-[Debug]-[DjiCommand_RecvWork:1066)  <0x225e>Receive msg from linker, 0x0800->0x0A06 0x0866 len:17 [0m
[37m[17.509][linker]-[Debug]-[DjiCommand_DealCmd:919) received unsupport request cmd that noneed ack, <0x225e> cmdset: 0x08 cmdid: 0x66 [0m
[37m[17.524][linker]-[Debug]-[DjiProtocol_v1Unpack:215) <0x897d>V1-Recv: 0x0300->0x0A06 0x036C [0m
[37m[17.525][linker]-[Debug]-[DjiCommand_RecvWork:1066)  <0x897d>Receive msg from linker, 0x0300->0x0A06 0x036C len:71 [0m
[37m[17.525][linker]-[Debug]-[DjiCommand_DealCmd:919) received unsupport request cmd that noneed ack, <0x897d> cmdset: 0x03 cmdid: 0x6C [0m
[37m[17.543][linker]-[Debug]-[DjiProtocol_v1Unpack:215) <0x89a4>V1-Recv: 0x0300->0x0A06 0x4900 [0m
[37m[17.544][linker]-[Debug]-[DjiCommand_RecvWork:1066)  <0x89a4>Receive msg from linker, 0x0300->0x0A06 0x4900 len:14 [0m
[37m[17.544][linker]-[Debug]-[DjiProtocol_v1Pack:123) <0x89a4>V1-Send: 0x0A06->0x0300 0x4900 [0m
[37m[17.582][linker]-[Debug]-[DjiProtocol_v1Unpack:215) <0x89e3>V1-Recv: 0x0300->0x0A06 0x221B [0m
[37m[17.583][linker]-[Debug]-[DjiProtocol_v1Unpack:215) <0x89e7>V1-Recv: 0x0300->0x0100 0x0405 [0m
[37m[17.583][linker]-[Debug]-[DjiCommand_RecvWork:1066)  <0x89e3>Receive msg from linker, 0x0300->0x0A06 0x221B len:9 [0m
[37m[17.583][linker]-[Debug]-[DjiCommand_DealCmd:919) received unsupport request cmd that noneed ack, <0x89e3> cmdset: 0x22 cmdid: 0x1B [0m
[37m[17.584][linker]-[Debug]-[DjiCommand_RecvWork:1066)  <0x89e7>Receive msg from linker, 0x0300->0x0100 0x0405 len:22 [0m
[37m[17.584][linker]-[Debug]-[DjiCommand_DealCmd:919) received unsupport request cmd that noneed ack, <0x89e7> cmdset: 0x04 cmdid: 0x05 [0m
[37m[17.601][linker]-[Debug]-[DjiProtocol_v1Unpack:215) <0x8a04>V1-Recv: 0x0306->0x0A06 0x03C1 [0m
[37m[17.601][linker]-[Debug]-[DjiCommand_RecvWork:1066)  <0x8a04>Receive msg from linker, 0x0306->0x0A06 0x03C1 len:13 [0m
[37m[17.624][linker]-[Debug]-[DjiProtocol_v1Unpack:215) <0x8a23>V1-Recv: 0x0300->0x0A06 0x036C [0m
[37m[17.625][linker]-[Debug]-[DjiCommand_RecvWork:1066)  <0x8a23>Receive msg from linker, 0x0300->0x0A06 0x036C len:71 [0m
[37m[17.625][linker]-[Debug]-[DjiCommand_DealCmd:919) received unsupport request cmd that noneed ack, <0x8a23> cmdset: 0x03 cmdid: 0x6C [0m
[37m[17.642][linker]-[Debug]-[DjiProtocol_v1Unpack:215) <0x8a42>V1-Recv: 0x0300->0x0A06 0x4900 [0m
[37m[17.643][linker]-[Debug]-[DjiCommand_RecvWork:1066)  <0x8a42>Receive msg from linker, 0x0300->0x0A06 0x4900 len:14 [0m
[37m[17.643][linker]-[Debug]-[DjiProtocol_v1Pack:123) <0x8a42>V1-Send: 0x0A06->0x0300 0x4900 [0m
[37m[17.645][linker]-[Debug]-[DjiProtocol_v1Unpack:215) <0x11a3>V1-Recv: 0x1D07->0x0A06 0x2105 [0m
[37m[17.645][linker]-[Debug]-[DjiCommand_RecvWork:1066)  <0x11a3>Receive msg from linker, 0x1D07->0x0A06 0x2105 len:1 [0m
[37m[17.645][linker]-[Debug]-[DjiCommand_DealCmd:919) received unsupport request cmd that need ack, <0x11a3> cmdset: 0x21 cmdid: 0x05 [0m
[37m[17.658][linker]-[Debug]-[DjiProtocol_v1Pack:123) <0x531a>V1-Send: 0x0A06->0x0200 0x3C10 [0m
[37m[17.658][linker]-[Debug]-[DjiProtocol_v1Pack:123) <0x531b>V1-Send: 0x0A06->0x0A01 0x3C10 [0m
[37m[17.658][linker]-[Debug]-[DjiProtocol_v1Pack:123) <0x531c>V1-Send: 0x0A06->0x0300 0x3C10 [0m
[37m[17.665][linker]-[Debug]-[DjiProtocol_v1Unpack:215) <0x8a5e>V1-Recv: 0x0306->0x0A06 0x03C1 [0m
[37m[17.665][linker]-[Debug]-[DjiCommand_RecvWork:1066)  <0x8a5e>Receive msg from linker, 0x0306->0x0A06 0x03C1 len:113 [0m
[37m[17.681][linker]-[Debug]-[DjiProtocol_v1Unpack:215) <0x8a82>V1-Recv: 0x0300->0x0A06 0x221B [0m
[37m[17.681][linker]-[Debug]-[DjiCommand_RecvWork:1066)  <0x8a82>Receive msg from linker, 0x0300->0x0A06 0x221B len:9 [0m
[37m[17.681][linker]-[Debug]-[DjiCommand_DealCmd:919) received unsupport request cmd that noneed ack, <0x8a82> cmdset: 0x22 cmdid: 0x1B [0m
[37m[17.700][linker]-[Debug]-[DjiProtocol_v1Unpack:215) <0x8a9f>V1-Recv: 0x0306->0x0A06 0x03C1 [0m
[37m[17.701][linker]-[Debug]-[DjiCommand_RecvWork:1066)  <0x8a9f>Receive msg from linker, 0x0306->0x0A06 0x03C1 len:13 [0m
[32m[17.705][user]-[Info]-[UserFcSubscription_Task:458) gps position: x 117.120748 y 39.126571 z 9.944000. [0m
[32m[17.705][user]-[Info]-[UserFcSubscription_Task:470) gps total satellite number used: 3 9 14.
GPS fixState: 3.000000. [0m
[32m[17.705][user]-[Info]-[UserFcSubscription_Task:487) Homepoint info: lat->39.126699, lon->117.120801. [0m
[32m[17.705][user]-[Info]-[UserFcSubscription_Task:512) RTK position solution state: 16. [0m
[32m[17.705][user]-[Info]-[UserFcSubscription_Task:528) RTK position: 117.120656 39.126748 -10.096581. [0m
[32m[17.705][user]-[Info]-[UserFcSubscription_Task:573) Altitude of homepoint: 3.474588. [0m
[32m[17.705][user]-[Info]-[UserFcSubscription_Task:586) Battery info: 39. [0m
[32m[17.705][user]-[Info]-[UserFcSubscription_Task:600) Flight status: 0. [0m
[32m[17.705][user]-[Info]-[UserFcSubscription_Task:620) Displaymode status: 6. [0m
[37m[17.705][user]-[Debug]-[UserFcSubscription_Task:633) Timestamp: millisecond 4533992 microsecond 239025100. [0m
[37m[17.705][user]-[Debug]-[UserFcSubscription_Task:634) Relative height fusion is 0.000000 m [0m
[37m[17.724][linker]-[Debug]-[DjiProtocol_v1Unpack:215) <0x8ac6>V1-Recv: 0x0300->0x0A06 0x036C [0m
[37m[17.725][linker]-[Debug]-[DjiCommand_RecvWork:1066)  <0x8ac6>Receive msg from linker, 0x0300->0x0A06 0x036C len:71 [0m
[37m[17.725][linker]-[Debug]-[DjiCommand_DealCmd:919) received unsupport request cmd that noneed ack, <0x8ac6> cmdset: 0x03 cmdid: 0x6C [0m
[37m[17.742][linker]-[Debug]-[DjiProtocol_v1Unpack:215) <0x8aef>V1-Recv: 0x0300->0x0A06 0x4900 [0m
[37m[17.743][linker]-[Debug]-[DjiCommand_RecvWork:1066)  <0x8aef>Receive msg from linker, 0x0300->0x0A06 0x4900 len:14 [0m
[37m[17.743][linker]-[Debug]-[DjiProtocol_v1Pack:123) <0x8aef>V1-Send: 0x0A06->0x0300 0x4900 [0m
[37m[17.751][linker]-[Debug]-[DjiProtocol_v1Unpack:215) <0xbcf>V1-Recv: 0x0701->0x0A06 0x0000 [0m
[37m[17.752][linker]-[Debug]-[DjiCommand_RecvWork:1066)  <0xbcf>Receive msg from linker, 0x0701->0x0A06 0x0000 len:16 [0m
[37m[17.752][linker]-[Debug]-[DjiProtocol_v1Pack:123) <0xbcf>V1-Send: 0x0A06->0x0701 0x0000 [0m
[37m[17.758][linker]-[Debug]-[DjiProtocol_v1Unpack:215) <0x225f>V1-Recv: 0x0800->0x0A06 0x0866 [0m
[37m[17.759][linker]-[Debug]-[DjiCommand_RecvWork:1066)  <0x225f>Receive msg from linker, 0x0800->0x0A06 0x0866 len:17 [0m
[37m[17.759][linker]-[Debug]-[DjiCommand_DealCmd:919) received unsupport request cmd that noneed ack, <0x225f> cmdset: 0x08 cmdid: 0x66 [0m
[37m[17.782][linker]-[Debug]-[DjiProtocol_v1Unpack:215) <0x8b2f>V1-Recv: 0x0300->0x0A06 0x221B [0m
[37m[17.783][linker]-[Debug]-[DjiCommand_RecvWork:1066)  <0x8b2f>Receive msg from linker, 0x0300->0x0A06 0x221B len:9 [0m
[37m[17.783][linker]-[Debug]-[DjiCommand_DealCmd:919) received unsupport request cmd that noneed ack, <0x8b2f> cmdset: 0x22 cmdid: 0x1B [0m
[37m[17.801][linker]-[Debug]-[DjiProtocol_v1Unpack:215) <0x8b4d>V1-Recv: 0x0306->0x0A06 0x03C1 [0m
[37m[17.802][linker]-[Debug]-[DjiCommand_RecvWork:1066)  <0x8b4d>Receive msg from linker, 0x0306->0x0A06 0x03C1 len:13 [0m
[37m[17.824][linker]-[Debug]-[DjiProtocol_v1Unpack:215) <0x8b6d>V1-Recv: 0x0300->0x0A06 0x036C [0m
[37m[17.825][linker]-[Debug]-[DjiCommand_RecvWork:1066)  <0x8b6d>Receive msg from linker, 0x0300->0x0A06 0x036C len:71 [0m
[37m[17.825][linker]-[Debug]-[DjiCommand_DealCmd:919) received unsupport request cmd that noneed ack, <0x8b6d> cmdset: 0x03 cmdid: 0x6C [0m
[37m[17.842][linker]-[Debug]-[DjiProtocol_v1Unpack:215) <0x8b8d>V1-Recv: 0x0300->0x0A06 0x4900 [0m
[37m[17.843][linker]-[Debug]-[DjiCommand_RecvWork:1066)  <0x8b8d>Receive msg from linker, 0x0300->0x0A06 0x4900 len:14 [0m
[37m[17.843][linker]-[Debug]-[DjiProtocol_v1Pack:123) <0x8b8d>V1-Send: 0x0A06->0x0300 0x4900 [0m
[37m[17.870][linker]-[Debug]-[DjiProtocol_v1Pack:123) <0x531d>V1-Send: 0x0A06->0x0300 0x0000 [0m
[37m[17.870][infor]-[Debug]-[DjiAircraftConnection_CheckExtensionPortConnectStatusByV1Protocol:170) check connect status:1 [0m
[37m[17.871][linker]-[Debug]-[DjiProtocol_v1Pack:123) <0x531e>V1-Send: 0x0A06->0x0200 0x3C10 [0m
[37m[17.871][linker]-[Debug]-[DjiProtocol_v1Pack:123) <0x531f>V1-Send: 0x0A06->0x0A01 0x3C10 [0m
[37m[17.871][linker]-[Debug]-[DjiProtocol_v1Pack:123) <0x5320>V1-Send: 0x0A06->0x0300 0x3C10 [0m
[37m[17.882][linker]-[Debug]-[DjiProtocol_v1Unpack:215) <0x531d>V1-Recv: 0x0300->0x0A06 0x0000 [0m
[37m[17.882][linker]-[Debug]-[DjiProtocol_v1Unpack:215) <0x8bcd>V1-Recv: 0x0300->0x0A06 0x221B [0m
[37m[17.882][linker]-[Debug]-[DjiCommand_RecvWork:1066)  <0x531d>Receive msg from linker, 0x0300->0x0A06 0x0000 len:0 [0m
[37m[17.882][infor]-[Debug]-[DjiAircraftInfo_CheckPingStatusAsyncCallback:269) connect status async sucess [0m
[37m[17.882][linker]-[Debug]-[DjiCommand_DealCmd:830) callback function (cmdset: 0x00 cmdid: 0x00) deal time: 0 ms [0m
[37m[17.883][linker]-[Debug]-[DjiCommand_RecvWork:1066)  <0x8bcd>Receive msg from linker, 0x0300->0x0A06 0x221B len:9 [0m
[37m[17.883][linker]-[Debug]-[DjiCommand_DealCmd:919) received unsupport request cmd that noneed ack, <0x8bcd> cmdset: 0x22 cmdid: 0x1B [0m
[37m[17.900][linker]-[Debug]-[DjiProtocol_v1Unpack:215) <0x8beb>V1-Recv: 0x0306->0x0A06 0x03C1 [0m
[37m[17.901][linker]-[Debug]-[DjiCommand_RecvWork:1066)  <0x8beb>Receive msg from linker, 0x0306->0x0A06 0x03C1 len:13 [0m
[37m[17.924][linker]-[Debug]-[DjiProtocol_v1Unpack:215) <0x8c14>V1-Recv: 0x0300->0x0A06 0x036C [0m
[37m[17.924][linker]-[Debug]-[DjiCommand_RecvWork:1066)  <0x8c14>Receive msg from linker, 0x0300->0x0A06 0x036C len:71 [0m
[37m[17.924][linker]-[Debug]-[DjiCommand_DealCmd:919) received unsupport request cmd that noneed ack, <0x8c14> cmdset: 0x03 cmdid: 0x6C [0m
[37m[17.943][linker]-[Debug]-[DjiProtocol_v1Unpack:215) <0x8c3e>V1-Recv: 0x0300->0x0A06 0x4900 [0m
[37m[17.943][linker]-[Debug]-[DjiCommand_RecvWork:1066)  <0x8c3e>Receive msg from linker, 0x0300->0x0A06 0x4900 len:14 [0m
[37m[17.943][linker]-[Debug]-[DjiProtocol_v1Pack:123) <0x8c3e>V1-Send: 0x0A06->0x0300 0x4900 [0m
[37m[17.981][linker]-[Debug]-[DjiProtocol_v1Unpack:215) <0x8c7e>V1-Recv: 0x0300->0x0A06 0x221B [0m
[37m[17.981][linker]-[Debug]-[DjiCommand_RecvWork:1066)  <0x8c7e>Receive msg from linker, 0x0300->0x0A06 0x221B len:9 [0m
[37m[17.981][linker]-[Debug]-[DjiCommand_DealCmd:919) received unsupport request cmd that noneed ack, <0x8c7e> cmdset: 0x22 cmdid: 0x1B [0m
[37m[18.000][linker]-[Debug]-[DjiProtocol_v1Unpack:215) <0x8c9c>V1-Recv: 0x0306->0x0A06 0x03C1 [0m
[37m[18.000][linker]-[Debug]-[DjiCommand_RecvWork:1066)  <0x8c9c>Receive msg from linker, 0x0306->0x0A06 0x03C1 len:13 [0m
[37m[18.007][linker]-[Debug]-[DjiProtocol_v1Unpack:215) <0x2260>V1-Recv: 0x0800->0x0A06 0x0866 [0m
[37m[18.008][linker]-[Debug]-[DjiCommand_RecvWork:1066)  <0x2260>Receive msg from linker, 0x0800->0x0A06 0x0866 len:17 [0m
[37m[18.008][linker]-[Debug]-[DjiCommand_DealCmd:919) received unsupport request cmd that noneed ack, <0x2260> cmdset: 0x08 cmdid: 0x66 [0m
[37m[18.024][linker]-[Debug]-[DjiProtocol_v1Unpack:215) <0x8cbb>V1-Recv: 0x0300->0x0A06 0x036C [0m
[37m[18.025][linker]-[Debug]-[DjiCommand_RecvWork:1066)  <0x8cbb>Receive msg from linker, 0x0300->0x0A06 0x036C len:71 [0m
[37m[18.025][linker]-[Debug]-[DjiCommand_DealCmd:919) received unsupport request cmd that noneed ack, <0x8cbb> cmdset: 0x03 cmdid: 0x6C [0m
[37m[18.027][user]-[Debug]-[DjiUser_MonitorTask:780) thread pcpu: [0m
[37m[18.027][user]-[Debug]-[DjiUser_MonitorTask:781) tid	name	pcpu [0m
[37m[18.043][linker]-[Debug]-[DjiProtocol_v1Unpack:215) <0x8cda>V1-Recv: 0x0300->0x0A06 0x4900 [0m
[37m[18.043][linker]-[Debug]-[DjiCommand_RecvWork:1066)  <0x8cda>Receive msg from linker, 0x0300->0x0A06 0x4900 len:14 [0m
[37m[18.043][linker]-[Debug]-[DjiProtocol_v1Pack:123) <0x8cda>V1-Send: 0x0A06->0x0300 0x4900 [0m
[37m[18.046][user]-[Debug]-[DjiUser_MonitorTask:785) 16413	dji_sdk_demo_on	1.100000 %. [0m
[37m[18.065][user]-[Debug]-[DjiUser_MonitorTask:785) 16414	 MQTTAsync_send	0.000000 %. [0m
[37m[18.083][user]-[Debug]-[DjiUser_MonitorTask:785) 16415	  MQTTAsync_rcv	0.000000 %. [0m
[37m[18.084][linker]-[Debug]-[DjiProtocol_v1Pack:123) <0x5321>V1-Send: 0x0A06->0x0200 0x3C10 [0m
[37m[18.084][linker]-[Debug]-[DjiProtocol_v1Pack:123) <0x5322>V1-Send: 0x0A06->0x0A01 0x3C10 [0m
[37m[18.084][linker]-[Debug]-[DjiProtocol_v1Pack:123) <0x5323>V1-Send: 0x0A06->0x0300 0x3C10 [0m
[37m[18.085][linker]-[Debug]-[DjiProtocol_v1Unpack:215) <0x8d1b>V1-Recv: 0x0300->0x0A06 0x221B [0m
[37m[18.085][linker]-[Debug]-[DjiProtocol_v1Unpack:215) <0x8d22>V1-Recv: 0x0300->0x0A06 0x0F74 [0m
[37m[18.085][linker]-[Debug]-[DjiProtocol_v1Unpack:215) <0x8d23>V1-Recv: 0x0300->0x0100 0x0406 [0m
[37m[18.085][linker]-[Debug]-[DjiProtocol_v1Unpack:215) <0x8d24>V1-Recv: 0x0300->0x0100 0x0407 [0m
[37m[18.085][linker]-[Debug]-[DjiCommand_RecvWork:1066)  <0x8d1b>Receive msg from linker, 0x0300->0x0A06 0x221B len:9 [0m
[37m[18.085][linker]-[Debug]-[DjiCommand_DealCmd:919) received unsupport request cmd that noneed ack, <0x8d1b> cmdset: 0x22 cmdid: 0x1B [0m
[37m[18.086][linker]-[Debug]-[DjiCommand_RecvWork:1066)  <0x8d22>Receive msg from linker, 0x0300->0x0A06 0x0F74 len:28 [0m
[37m[18.086][linker]-[Debug]-[DjiCommand_DealCmd:919) received unsupport request cmd that noneed ack, <0x8d22> cmdset: 0x0F cmdid: 0x74 [0m
[37m[18.087][linker]-[Debug]-[DjiCommand_RecvWork:1066)  <0x8d23>Receive msg from linker, 0x0300->0x0100 0x0406 len:12 [0m
[37m[18.087][linker]-[Debug]-[DjiCommand_DealCmd:919) received unsupport request cmd that noneed ack, <0x8d23> cmdset: 0x04 cmdid: 0x06 [0m
[37m[18.088][linker]-[Debug]-[DjiCommand_RecvWork:1066)  <0x8d24>Receive msg from linker, 0x0300->0x0100 0x0407 len:1 [0m
[37m[18.088][linker]-[Debug]-[DjiCommand_DealCmd:919) received unsupport request cmd that noneed ack, <0x8d24> cmdset: 0x04 cmdid: 0x07 [0m
[37m[18.100][linker]-[Debug]-[DjiProtocol_v1Unpack:215) <0x8d40>V1-Recv: 0x0306->0x0A06 0x03C1 [0m
[37m[18.100][linker]-[Debug]-[DjiCommand_RecvWork:1066)  <0x8d40>Receive msg from linker, 0x0306->0x0A06 0x03C1 len:13 [0m
[37m[18.102][user]-[Debug]-[DjiUser_MonitorTask:785) 16418	    logger_task	0.600000 %. [0m
[37m[18.120][user]-[Debug]-[DjiUser_MonitorTask:785) 16419	      root_task	0.800000 %. [0m
[37m[18.124][linker]-[Debug]-[DjiProtocol_v1Unpack:215) <0x8d62>V1-Recv: 0x0300->0x0A06 0x036C [0m
[37m[18.125][linker]-[Debug]-[DjiCommand_RecvWork:1066)  <0x8d62>Receive msg from linker, 0x0300->0x0A06 0x036C len:71 [0m
[37m[18.125][linker]-[Debug]-[DjiCommand_DealCmd:919) received unsupport request cmd that noneed ack, <0x8d62> cmdset: 0x03 cmdid: 0x6C [0m
[37m[18.138][user]-[Debug]-[DjiUser_MonitorTask:785) 16457	    linker_task	0.700000 %. [0m
[37m[18.142][linker]-[Debug]-[DjiProtocol_v1Unpack:215) <0x8d92>V1-Recv: 0x0300->0x0A06 0x4900 [0m
[37m[18.143][linker]-[Debug]-[DjiCommand_RecvWork:1066)  <0x8d92>Receive msg from linker, 0x0300->0x0A06 0x4900 len:14 [0m
[37m[18.143][linker]-[Debug]-[DjiProtocol_v1Pack:123) <0x8d92>V1-Send: 0x0A06->0x0300 0x4900 [0m
[37m[18.145][utils]-[Debug]-[DjiCore_RootTask:131) work execution time: [0m
[37m[18.145][utils]-[Debug]-[DjiCore_RootTask:132) name	                execution time (ms)	  max execution time (ms) [0m
[37m[18.145][utils]-[Debug]-[DjiCore_RootTask:134) recorderWork                    	1       	1        [0m
[37m[18.145][utils]-[Debug]-[DjiCore_RootTask:134) flowControllerTask              	0       	1        [0m
[37m[18.145][utils]-[Debug]-[DjiCore_RootTask:134) commandTask                     	1       	1        [0m
[37m[18.145][utils]-[Debug]-[DjiCore_RootTask:134) aircraftWorkNode                	0       	1        [0m
[37m[18.145][utils]-[Debug]-[DjiCore_RootTask:134) StatePushWork                   	1       	1        [0m
[37m[18.155][user]-[Debug]-[DjiUser_MonitorTask:785) 16460	    linker_task	0.000000 %. [0m
[37m[18.173][user]-[Debug]-[DjiUser_MonitorTask:785) 16461	user_subscripti	0.000000 %. [0m
[37m[18.182][linker]-[Debug]-[DjiProtocol_v1Unpack:215) <0x8dd8>V1-Recv: 0x0300->0x0A06 0x221B [0m
[37m[18.182][linker]-[Debug]-[DjiCommand_RecvWork:1066)  <0x8dd8>Receive msg from linker, 0x0300->0x0A06 0x221B len:9 [0m
[37m[18.182][linker]-[Debug]-[DjiCommand_DealCmd:919) received unsupport request cmd that noneed ack, <0x8dd8> cmdset: 0x22 cmdid: 0x1B [0m
[37m[18.190][user]-[Debug]-[DjiUser_MonitorTask:785) 16464	   upgrade_task	0.000000 %. [0m
[37m[18.201][linker]-[Debug]-[DjiProtocol_v1Unpack:215) <0x8dfa>V1-Recv: 0x0306->0x0A06 0x03C1 [0m
[37m[18.201][linker]-[Debug]-[DjiCommand_RecvWork:1066)  <0x8dfa>Receive msg from linker, 0x0306->0x0A06 0x03C1 len:13 [0m
[37m[18.207][user]-[Debug]-[DjiUser_MonitorTask:785) 16465	enter_upgrade_m	0.000000 %. [0m
[37m[18.224][user]-[Debug]-[DjiUser_MonitorTask:785) 16466	   monitor task	0.000000 %. [0m
[37m[18.224][linker]-[Debug]-[DjiProtocol_v1Unpack:215) <0x8e1c>V1-Recv: 0x0300->0x0A06 0x036C [0m
[37m[18.225][linker]-[Debug]-[DjiCommand_RecvWork:1066)  <0x8e1c>Receive msg from linker, 0x0300->0x0A06 0x036C len:71 [0m
[37m[18.225][linker]-[Debug]-[DjiCommand_DealCmd:919) received unsupport request cmd that noneed ack, <0x8e1c> cmdset: 0x03 cmdid: 0x6C [0m
[37m[18.228][user]-[Debug]-[DjiUser_MonitorTask:789) heap used: 184320 B. [0m
[37m[18.230][user]-[Debug]-[DjiUser_MonitorTask:790) stack used: 16384 B. [0m
[37m[18.243][linker]-[Debug]-[DjiProtocol_v1Unpack:215) <0x8e3a>V1-Recv: 0x0300->0x0A06 0x4900 [0m
[37m[18.244][linker]-[Debug]-[DjiCommand_RecvWork:1066)  <0x8e3a>Receive msg from linker, 0x0300->0x0A06 0x4900 len:14 [0m
[37m[18.244][linker]-[Debug]-[DjiProtocol_v1Pack:123) <0x8e3a>V1-Send: 0x0A06->0x0300 0x4900 [0m
[37m[18.258][linker]-[Debug]-[DjiProtocol_v1Unpack:215) <0x2261>V1-Recv: 0x0800->0x0A06 0x0866 [0m
[37m[18.259][linker]-[Debug]-[DjiCommand_RecvWork:1066)  <0x2261>Receive msg from linker, 0x0800->0x0A06 0x0866 len:17 [0m
[37m[18.259][linker]-[Debug]-[DjiCommand_DealCmd:919) received unsupport request cmd that noneed ack, <0x2261> cmdset: 0x08 cmdid: 0x66 [0m
[37m[18.281][linker]-[Debug]-[DjiProtocol_v1Unpack:215) <0x8e7b>V1-Recv: 0x0300->0x0A06 0x221B [0m
[37m[18.282][linker]-[Debug]-[DjiCommand_RecvWork:1066)  <0x8e7b>Receive msg from linker, 0x0300->0x0A06 0x221B len:9 [0m
[37m[18.282][linker]-[Debug]-[DjiCommand_DealCmd:919) received unsupport request cmd that noneed ack, <0x8e7b> cmdset: 0x22 cmdid: 0x1B [0m
[37m[18.297][linker]-[Debug]-[DjiProtocol_v1Pack:123) <0x5324>V1-Send: 0x0A06->0x0200 0x3C10 [0m
[37m[18.297][linker]-[Debug]-[DjiProtocol_v1Pack:123) <0x5325>V1-Send: 0x0A06->0x0A01 0x3C10 [0m
[37m[18.297][linker]-[Debug]-[DjiProtocol_v1Pack:123) <0x5326>V1-Send: 0x0A06->0x0300 0x3C10 [0m
[37m[18.300][linker]-[Debug]-[DjiProtocol_v1Unpack:215) <0x8e9a>V1-Recv: 0x0306->0x0A06 0x03C1 [0m
[37m[18.300][linker]-[Debug]-[DjiCommand_RecvWork:1066)  <0x8e9a>Receive msg from linker, 0x0306->0x0A06 0x03C1 len:13 [0m
[37m[18.324][linker]-[Debug]-[DjiProtocol_v1Unpack:215) <0x8ec0>V1-Recv: 0x0300->0x0A06 0x036C [0m
[37m[18.325][linker]-[Debug]-[DjiCommand_RecvWork:1066)  <0x8ec0>Receive msg from linker, 0x0300->0x0A06 0x036C len:71 [0m
[37m[18.325][linker]-[Debug]-[DjiCommand_DealCmd:919) received unsupport request cmd that noneed ack, <0x8ec0> cmdset: 0x03 cmdid: 0x6C [0m
[37m[18.342][linker]-[Debug]-[DjiProtocol_v1Unpack:215) <0x8eec>V1-Recv: 0x0300->0x0A06 0x4900 [0m
[37m[18.343][linker]-[Debug]-[DjiCommand_RecvWork:1066)  <0x8eec>Receive msg from linker, 0x0300->0x0A06 0x4900 len:14 [0m
[37m[18.343][linker]-[Debug]-[DjiProtocol_v1Pack:123) <0x8eec>V1-Send: 0x0A06->0x0300 0x4900 [0m
[37m[18.381][linker]-[Debug]-[DjiProtocol_v1Unpack:215) <0x8f37>V1-Recv: 0x0300->0x0A06 0x221B [0m
[37m[18.381][linker]-[Debug]-[DjiCommand_RecvWork:1066)  <0x8f37>Receive msg from linker, 0x0300->0x0A06 0x221B len:9 [0m
[37m[18.381][linker]-[Debug]-[DjiCommand_DealCmd:919) received unsupport request cmd that noneed ack, <0x8f37> cmdset: 0x22 cmdid: 0x1B [0m
[37m[18.400][linker]-[Debug]-[DjiProtocol_v1Unpack:215) <0x8f55>V1-Recv: 0x0306->0x0A06 0x03C1 [0m
[37m[18.400][linker]-[Debug]-[DjiCommand_RecvWork:1066)  <0x8f55>Receive msg from linker, 0x0306->0x0A06 0x03C1 len:13 [0m
[37m[18.424][linker]-[Debug]-[DjiProtocol_v1Unpack:215) <0x8f77>V1-Recv: 0x0300->0x0A06 0x036C [0m
[37m[18.424][linker]-[Debug]-[DjiCommand_RecvWork:1066)  <0x8f77>Receive msg from linker, 0x0300->0x0A06 0x036C len:71 [0m
[37m[18.424][linker]-[Debug]-[DjiCommand_DealCmd:919) received unsupport request cmd that noneed ack, <0x8f77> cmdset: 0x03 cmdid: 0x6C [0m
[37m[18.442][linker]-[Debug]-[DjiProtocol_v1Unpack:215) <0x8f97>V1-Recv: 0x0300->0x0A06 0x4900 [0m
[37m[18.443][linker]-[Debug]-[DjiCommand_RecvWork:1066)  <0x8f97>Receive msg from linker, 0x0300->0x0A06 0x4900 len:14 [0m
[37m[18.443][linker]-[Debug]-[DjiProtocol_v1Pack:123) <0x8f97>V1-Send: 0x0A06->0x0300 0x4900 [0m
[37m[18.482][linker]-[Debug]-[DjiProtocol_v1Unpack:215) <0x8fd6>V1-Recv: 0x0300->0x0A06 0x221B [0m
[37m[18.482][linker]-[Debug]-[DjiCommand_RecvWork:1066)  <0x8fd6>Receive msg from linker, 0x0300->0x0A06 0x221B len:9 [0m
[37m[18.482][linker]-[Debug]-[DjiCommand_DealCmd:919) received unsupport request cmd that noneed ack, <0x8fd6> cmdset: 0x22 cmdid: 0x1B [0m
[37m[18.503][linker]-[Debug]-[DjiProtocol_v1Unpack:215) <0x8ff3>V1-Recv: 0x0306->0x0A06 0x03C1 [0m
[37m[18.503][linker]-[Debug]-[DjiProtocol_v1Unpack:215) <0xa802>V1-Recv: 0x0202->0x0A06 0x0026 [0m
[37m[18.503][linker]-[Debug]-[DjiCommand_RecvWork:1066)  <0x8ff3>Receive msg from linker, 0x0306->0x0A06 0x03C1 len:13 [0m
[37m[18.504][linker]-[Debug]-[DjiCommand_RecvWork:1066)  <0xa802>Receive msg from linker, 0x0202->0x0A06 0x0026 len:37 [0m
[37m[18.504][linker]-[Debug]-[DjiCommand_DealCmd:919) received unsupport request cmd that need ack, <0xa802> cmdset: 0x00 cmdid: 0x26 [0m
[37m[18.508][linker]-[Debug]-[DjiProtocol_v1Unpack:215) <0x2262>V1-Recv: 0x0800->0x0A06 0x0866 [0m
[37m[18.508][linker]-[Debug]-[DjiCommand_RecvWork:1066)  <0x2262>Receive msg from linker, 0x0800->0x0A06 0x0866 len:17 [0m
[37m[18.508][linker]-[Debug]-[DjiCommand_DealCmd:919) received unsupport request cmd that noneed ack, <0x2262> cmdset: 0x08 cmdid: 0x66 [0m
[37m[18.509][linker]-[Debug]-[DjiProtocol_v1Pack:123) <0x5327>V1-Send: 0x0A06->0x0200 0x3C10 [0m
[37m[18.510][linker]-[Debug]-[DjiProtocol_v1Pack:123) <0x5328>V1-Send: 0x0A06->0x0A01 0x3C10 [0m
[37m[18.510][linker]-[Debug]-[DjiProtocol_v1Pack:123) <0x5329>V1-Send: 0x0A06->0x0300 0x3C10 [0m
[37m[18.524][linker]-[Debug]-[DjiProtocol_v1Unpack:215) <0x9019>V1-Recv: 0x0300->0x0A06 0x036C [0m
[37m[18.524][linker]-[Debug]-[DjiCommand_RecvWork:1066)  <0x9019>Receive msg from linker, 0x0300->0x0A06 0x036C len:71 [0m
[37m[18.524][linker]-[Debug]-[DjiCommand_DealCmd:919) received unsupport request cmd that noneed ack, <0x9019> cmdset: 0x03 cmdid: 0x6C [0m
[37m[18.543][linker]-[Debug]-[DjiProtocol_v1Unpack:215) <0x9042>V1-Recv: 0x0300->0x0A06 0x4900 [0m
[37m[18.544][linker]-[Debug]-[DjiCommand_RecvWork:1066)  <0x9042>Receive msg from linker, 0x0300->0x0A06 0x4900 len:14 [0m
[37m[18.544][linker]-[Debug]-[DjiProtocol_v1Pack:123) <0x9042>V1-Send: 0x0A06->0x0300 0x4900 [0m
[37m[18.583][linker]-[Debug]-[DjiProtocol_v1Unpack:215) <0x9081>V1-Recv: 0x0300->0x0A06 0x221B [0m
[37m[18.583][linker]-[Debug]-[DjiProtocol_v1Unpack:215) <0x9085>V1-Recv: 0x0300->0x0100 0x0405 [0m
[37m[18.583][linker]-[Debug]-[DjiCommand_RecvWork:1066)  <0x9081>Receive msg from linker, 0x0300->0x0A06 0x221B len:9 [0m
[37m[18.583][linker]-[Debug]-[DjiCommand_DealCmd:919) received unsupport request cmd that noneed ack, <0x9081> cmdset: 0x22 cmdid: 0x1B [0m
[37m[18.584][linker]-[Debug]-[DjiCommand_RecvWork:1066)  <0x9085>Receive msg from linker, 0x0300->0x0100 0x0405 len:22 [0m
[37m[18.584][linker]-[Debug]-[DjiCommand_DealCmd:919) received unsupport request cmd that noneed ack, <0x9085> cmdset: 0x04 cmdid: 0x05 [0m
[37m[18.601][linker]-[Debug]-[DjiProtocol_v1Unpack:215) <0x90a0>V1-Recv: 0x0306->0x0A06 0x03C1 [0m
[37m[18.601][linker]-[Debug]-[DjiCommand_RecvWork:1066)  <0x90a0>Receive msg from linker, 0x0306->0x0A06 0x03C1 len:13 [0m
[37m[18.624][linker]-[Debug]-[DjiProtocol_v1Unpack:215) <0x90bf>V1-Recv: 0x0300->0x0A06 0x036C [0m
[37m[18.624][linker]-[Debug]-[DjiCommand_RecvWork:1066)  <0x90bf>Receive msg from linker, 0x0300->0x0A06 0x036C len:71 [0m
[37m[18.624][linker]-[Debug]-[DjiCommand_DealCmd:919) received unsupport request cmd that noneed ack, <0x90bf> cmdset: 0x03 cmdid: 0x6C [0m
[37m[18.642][linker]-[Debug]-[DjiProtocol_v1Unpack:215) <0x90dd>V1-Recv: 0x0300->0x0A06 0x4900 [0m
[37m[18.643][linker]-[Debug]-[DjiCommand_RecvWork:1066)  <0x90dd>Receive msg from linker, 0x0300->0x0A06 0x4900 len:14 [0m
[37m[18.643][linker]-[Debug]-[DjiProtocol_v1Pack:123) <0x90dd>V1-Send: 0x0A06->0x0300 0x4900 [0m
[37m[18.665][linker]-[Debug]-[DjiProtocol_v1Unpack:215) <0x90f9>V1-Recv: 0x0306->0x0A06 0x03C1 [0m
[37m[18.665][linker]-[Debug]-[DjiCommand_RecvWork:1066)  <0x90f9>Receive msg from linker, 0x0306->0x0A06 0x03C1 len:113 [0m
[37m[18.681][linker]-[Debug]-[DjiProtocol_v1Unpack:215) <0x911d>V1-Recv: 0x0300->0x0A06 0x221B [0m
[37m[18.682][linker]-[Debug]-[DjiCommand_RecvWork:1066)  <0x911d>Receive msg from linker, 0x0300->0x0A06 0x221B len:9 [0m
[37m[18.682][linker]-[Debug]-[DjiCommand_DealCmd:919) received unsupport request cmd that noneed ack, <0x911d> cmdset: 0x22 cmdid: 0x1B [0m
[37m[18.693][linker]-[Debug]-[DjiProtocol_v1Unpack:215) <0x11a4>V1-Recv: 0x1D07->0x0A06 0x2105 [0m
[37m[18.694][linker]-[Debug]-[DjiCommand_RecvWork:1066)  <0x11a4>Receive msg from linker, 0x1D07->0x0A06 0x2105 len:1 [0m
[37m[18.694][linker]-[Debug]-[DjiCommand_DealCmd:919) received unsupport request cmd that need ack, <0x11a4> cmdset: 0x21 cmdid: 0x05 [0m
[37m[18.700][linker]-[Debug]-[DjiProtocol_v1Unpack:215) <0x913c>V1-Recv: 0x0306->0x0A06 0x03C1 [0m
[37m[18.701][linker]-[Debug]-[DjiCommand_RecvWork:1066)  <0x913c>Receive msg from linker, 0x0306->0x0A06 0x03C1 len:13 [0m
[32m[18.705][user]-[Info]-[UserFcSubscription_Task:458) gps position: x 117.120750 y 39.126569 z 10.114000. [0m
[32m[18.705][user]-[Info]-[UserFcSubscription_Task:470) gps total satellite number used: 3 9 15.
GPS fixState: 3.000000. [0m
[32m[18.706][user]-[Info]-[UserFcSubscription_Task:487) Homepoint info: lat->39.126699, lon->117.120801. [0m
[32m[18.706][user]-[Info]-[UserFcSubscription_Task:512) RTK position solution state: 16. [0m
[32m[18.706][user]-[Info]-[UserFcSubscription_Task:528) RTK position: 117.120656 39.126748 -10.096150. [0m
[32m[18.706][user]-[Info]-[UserFcSubscription_Task:573) Altitude of homepoint: 3.474510. [0m
[32m[18.706][user]-[Info]-[UserFcSubscription_Task:586) Battery info: 39. [0m
[32m[18.706][user]-[Info]-[UserFcSubscription_Task:600) Flight status: 0. [0m
[32m[18.706][user]-[Info]-[UserFcSubscription_Task:620) Displaymode status: 6. [0m
[37m[18.706][user]-[Debug]-[UserFcSubscription_Task:633) Timestamp: millisecond 4534992 microsecond 240025111. [0m
[37m[18.706][user]-[Debug]-[UserFcSubscription_Task:634) Relative height fusion is 0.000000 m [0m
[37m[18.723][linker]-[Debug]-[DjiProtocol_v1Pack:123) <0x532a>V1-Send: 0x0A06->0x0200 0x3C10 [0m
[37m[18.723][linker]-[Debug]-[DjiProtocol_v1Pack:123) <0x532b>V1-Send: 0x0A06->0x0A01 0x3C10 [0m
[37m[18.723][linker]-[Debug]-[DjiProtocol_v1Pack:123) <0x532c>V1-Send: 0x0A06->0x0300 0x3C10 [0m
[37m[18.724][linker]-[Debug]-[DjiProtocol_v1Unpack:215) <0x9162>V1-Recv: 0x0300->0x0A06 0x036C [0m
[37m[18.725][linker]-[Debug]-[DjiCommand_RecvWork:1066)  <0x9162>Receive msg from linker, 0x0300->0x0A06 0x036C len:71 [0m
[37m[18.725][linker]-[Debug]-[DjiCommand_DealCmd:919) received unsupport request cmd that noneed ack, <0x9162> cmdset: 0x03 cmdid: 0x6C [0m
[37m[18.743][linker]-[Debug]-[DjiProtocol_v1Unpack:215) <0x9188>V1-Recv: 0x0300->0x0A06 0x4900 [0m
[37m[18.744][linker]-[Debug]-[DjiCommand_RecvWork:1066)  <0x9188>Receive msg from linker, 0x0300->0x0A06 0x4900 len:14 [0m
[37m[18.744][linker]-[Debug]-[DjiProtocol_v1Pack:123) <0x9188>V1-Send: 0x0A06->0x0300 0x4900 [0m
[37m[18.751][linker]-[Debug]-[DjiProtocol_v1Unpack:215) <0xbd0>V1-Recv: 0x0701->0x0A06 0x0000 [0m
[37m[18.751][linker]-[Debug]-[DjiCommand_RecvWork:1066)  <0xbd0>Receive msg from linker, 0x0701->0x0A06 0x0000 len:16 [0m
[37m[18.751][linker]-[Debug]-[DjiProtocol_v1Pack:123) <0xbd0>V1-Send: 0x0A06->0x0701 0x0000 [0m
[37m[18.758][linker]-[Debug]-[DjiProtocol_v1Unpack:215) <0x2263>V1-Recv: 0x0800->0x0A06 0x0866 [0m
[37m[18.759][linker]-[Debug]-[DjiCommand_RecvWork:1066)  <0x2263>Receive msg from linker, 0x0800->0x0A06 0x0866 len:17 [0m
[37m[18.759][linker]-[Debug]-[DjiCommand_DealCmd:919) received unsupport request cmd that noneed ack, <0x2263> cmdset: 0x08 cmdid: 0x66 [0m
[37m[18.781][linker]-[Debug]-[DjiProtocol_v1Unpack:215) <0x91c8>V1-Recv: 0x0300->0x0A06 0x221B [0m
[37m[18.782][linker]-[Debug]-[DjiCommand_RecvWork:1066)  <0x91c8>Receive msg from linker, 0x0300->0x0A06 0x221B len:9 [0m
[37m[18.782][linker]-[Debug]-[DjiCommand_DealCmd:919) received unsupport request cmd that noneed ack, <0x91c8> cmdset: 0x22 cmdid: 0x1B [0m
[37m[18.800][linker]-[Debug]-[DjiProtocol_v1Unpack:215) <0x91e6>V1-Recv: 0x0306->0x0A06 0x03C1 [0m
[37m[18.801][linker]-[Debug]-[DjiCommand_RecvWork:1066)  <0x91e6>Receive msg from linker, 0x0306->0x0A06 0x03C1 len:13 [0m
[37m[18.824][linker]-[Debug]-[DjiProtocol_v1Unpack:215) <0x9205>V1-Recv: 0x0300->0x0A06 0x036C [0m
[37m[18.825][linker]-[Debug]-[DjiCommand_RecvWork:1066)  <0x9205>Receive msg from linker, 0x0300->0x0A06 0x036C len:71 [0m
[37m[18.825][linker]-[Debug]-[DjiCommand_DealCmd:919) received unsupport request cmd that noneed ack, <0x9205> cmdset: 0x03 cmdid: 0x6C [0m
[37m[18.842][linker]-[Debug]-[DjiProtocol_v1Unpack:215) <0x9225>V1-Recv: 0x0300->0x0A06 0x4900 [0m
[37m[18.843][linker]-[Debug]-[DjiCommand_RecvWork:1066)  <0x9225>Receive msg from linker, 0x0300->0x0A06 0x4900 len:14 [0m
[37m[18.843][linker]-[Debug]-[DjiProtocol_v1Pack:123) <0x9225>V1-Send: 0x0A06->0x0300 0x4900 [0m
[37m[18.881][linker]-[Debug]-[DjiProtocol_v1Unpack:215) <0x9268>V1-Recv: 0x0300->0x0A06 0x221B [0m
[37m[18.882][linker]-[Debug]-[DjiCommand_RecvWork:1066)  <0x9268>Receive msg from linker, 0x0300->0x0A06 0x221B len:9 [0m
[37m[18.882][linker]-[Debug]-[DjiCommand_DealCmd:919) received unsupport request cmd that noneed ack, <0x9268> cmdset: 0x22 cmdid: 0x1B [0m
[37m[18.901][linker]-[Debug]-[DjiProtocol_v1Unpack:215) <0x9286>V1-Recv: 0x0306->0x0A06 0x03C1 [0m
[37m[18.901][linker]-[Debug]-[DjiCommand_RecvWork:1066)  <0x9286>Receive msg from linker, 0x0306->0x0A06 0x03C1 len:13 [0m
[37m[18.924][linker]-[Debug]-[DjiProtocol_v1Unpack:215) <0x92ac>V1-Recv: 0x0300->0x0A06 0x036C [0m
[37m[18.925][linker]-[Debug]-[DjiCommand_RecvWork:1066)  <0x92ac>Receive msg from linker, 0x0300->0x0A06 0x036C len:71 [0m
[37m[18.925][linker]-[Debug]-[DjiCommand_DealCmd:919) received unsupport request cmd that noneed ack, <0x92ac> cmdset: 0x03 cmdid: 0x6C [0m
[37m[18.934][linker]-[Debug]-[DjiProtocol_v1Pack:123) <0x532d>V1-Send: 0x0A06->0x0300 0x0000 [0m
[37m[18.934][infor]-[Debug]-[DjiAircraftConnection_CheckExtensionPortConnectStatusByV1Protocol:170) check connect status:1 [0m
[37m[18.935][linker]-[Debug]-[DjiProtocol_v1Pack:123) <0x532e>V1-Send: 0x0A06->0x0200 0x3C10 [0m
[37m[18.936][linker]-[Debug]-[DjiProtocol_v1Pack:123) <0x532f>V1-Send: 0x0A06->0x0A01 0x3C10 [0m
[37m[18.936][linker]-[Debug]-[DjiProtocol_v1Pack:123) <0x5330>V1-Send: 0x0A06->0x0300 0x3C10 [0m
[37m[18.941][linker]-[Debug]-[DjiProtocol_v1Unpack:215) <0x532d>V1-Recv: 0x0300->0x0A06 0x0000 [0m
[37m[18.942][linker]-[Debug]-[DjiCommand_RecvWork:1066)  <0x532d>Receive msg from linker, 0x0300->0x0A06 0x0000 len:0 [0m
[37m[18.942][infor]-[Debug]-[DjiAircraftInfo_CheckPingStatusAsyncCallback:269) connect status async sucess [0m
[37m[18.942][linker]-[Debug]-[DjiCommand_DealCmd:830) callback function (cmdset: 0x00 cmdid: 0x00) deal time: 0 ms [0m
[37m[18.942][linker]-[Debug]-[DjiProtocol_v1Unpack:215) <0x92d6>V1-Recv: 0x0300->0x0A06 0x4900 [0m
[37m[18.943][linker]-[Debug]-[DjiCommand_RecvWork:1066)  <0x92d6>Receive msg from linker, 0x0300->0x0A06 0x4900 len:14 [0m
[37m[18.943][linker]-[Debug]-[DjiProtocol_v1Pack:123) <0x92d6>V1-Send: 0x0A06->0x0300 0x4900 [0m
[37m[18.982][linker]-[Debug]-[DjiProtocol_v1Unpack:215) <0x9316>V1-Recv: 0x0300->0x0A06 0x221B [0m
[37m[18.983][linker]-[Debug]-[DjiCommand_RecvWork:1066)  <0x9316>Receive msg from linker, 0x0300->0x0A06 0x221B len:9 [0m
[37m[18.983][linker]-[Debug]-[DjiCommand_DealCmd:919) received unsupport request cmd that noneed ack, <0x9316> cmdset: 0x22 cmdid: 0x1B [0m
[37m[19.000][linker]-[Debug]-[DjiProtocol_v1Unpack:215) <0x9334>V1-Recv: 0x0306->0x0A06 0x03C1 [0m
[37m[19.001][linker]-[Debug]-[DjiCommand_RecvWork:1066)  <0x9334>Receive msg from linker, 0x0306->0x0A06 0x03C1 len:13 [0m
[37m[19.007][linker]-[Debug]-[DjiProtocol_v1Unpack:215) <0x2264>V1-Recv: 0x0800->0x0A06 0x0866 [0m
[37m[19.008][linker]-[Debug]-[DjiCommand_RecvWork:1066)  <0x2264>Receive msg from linker, 0x0800->0x0A06 0x0866 len:17 [0m
[37m[19.008][linker]-[Debug]-[DjiCommand_DealCmd:919) received unsupport request cmd that noneed ack, <0x2264> cmdset: 0x08 cmdid: 0x66 [0m
[37m[19.023][linker]-[Debug]-[DjiProtocol_v1Unpack:215) <0x9356>V1-Recv: 0x0300->0x0A06 0x036C [0m
[37m[19.024][linker]-[Debug]-[DjiCommand_RecvWork:1066)  <0x9356>Receive msg from linker, 0x0300->0x0A06 0x036C len:71 [0m
[37m[19.024][linker]-[Debug]-[DjiCommand_DealCmd:919) received unsupport request cmd that noneed ack, <0x9356> cmdset: 0x03 cmdid: 0x6C [0m
[37m[19.043][linker]-[Debug]-[DjiProtocol_v1Unpack:215) <0x9375>V1-Recv: 0x0300->0x0A06 0x4900 [0m
[37m[19.044][linker]-[Debug]-[DjiCommand_RecvWork:1066)  <0x9375>Receive msg from linker, 0x0300->0x0A06 0x4900 len:14 [0m
[37m[19.044][linker]-[Debug]-[DjiProtocol_v1Pack:123) <0x9375>V1-Send: 0x0A06->0x0300 0x4900 [0m
[37m[19.085][linker]-[Debug]-[DjiProtocol_v1Unpack:215) <0x93b4>V1-Recv: 0x0300->0x0A06 0x221B [0m
[37m[19.085][linker]-[Debug]-[DjiProtocol_v1Unpack:215) <0x93bb>V1-Recv: 0x0300->0x0A06 0x0F74 [0m
[37m[19.085][linker]-[Debug]-[DjiProtocol_v1Unpack:215) <0x93bc>V1-Recv: 0x0300->0x0100 0x0406 [0m
[37m[19.085][linker]-[Debug]-[DjiProtocol_v1Unpack:215) <0x93bd>V1-Recv: 0x0300->0x0100 0x0407 [0m
[37m[19.085][linker]-[Debug]-[DjiCommand_RecvWork:1066)  <0x93b4>Receive msg from linker, 0x0300->0x0A06 0x221B len:9 [0m
[37m[19.085][linker]-[Debug]-[DjiCommand_DealCmd:919) received unsupport request cmd that noneed ack, <0x93b4> cmdset: 0x22 cmdid: 0x1B [0m
[37m[19.086][linker]-[Debug]-[DjiCommand_RecvWork:1066)  <0x93bb>Receive msg from linker, 0x0300->0x0A06 0x0F74 len:28 [0m
[37m[19.086][linker]-[Debug]-[DjiCommand_DealCmd:919) received unsupport request cmd that noneed ack, <0x93bb> cmdset: 0x0F cmdid: 0x74 [0m
[37m[19.087][linker]-[Debug]-[DjiCommand_RecvWork:1066)  <0x93bc>Receive msg from linker, 0x0300->0x0100 0x0406 len:12 [0m
[37m[19.087][linker]-[Debug]-[DjiCommand_DealCmd:919) received unsupport request cmd that noneed ack, <0x93bc> cmdset: 0x04 cmdid: 0x06 [0m
[37m[19.089][linker]-[Debug]-[DjiCommand_RecvWork:1066)  <0x93bd>Receive msg from linker, 0x0300->0x0100 0x0407 len:1 [0m
[37m[19.089][linker]-[Debug]-[DjiCommand_DealCmd:919) received unsupport request cmd that noneed ack, <0x93bd> cmdset: 0x04 cmdid: 0x07 [0m
[37m[19.100][linker]-[Debug]-[DjiProtocol_v1Unpack:215) <0x93d8>V1-Recv: 0x0306->0x0A06 0x03C1 [0m
[37m[19.100][linker]-[Debug]-[DjiCommand_RecvWork:1066)  <0x93d8>Receive msg from linker, 0x0306->0x0A06 0x03C1 len:13 [0m
[37m[19.124][linker]-[Debug]-[DjiProtocol_v1Unpack:215) <0x93fb>V1-Recv: 0x0300->0x0A06 0x036C [0m
[37m[19.124][linker]-[Debug]-[DjiCommand_RecvWork:1066)  <0x93fb>Receive msg from linker, 0x0300->0x0A06 0x036C len:71 [0m
[37m[19.124][linker]-[Debug]-[DjiCommand_DealCmd:919) received unsupport request cmd that noneed ack, <0x93fb> cmdset: 0x03 cmdid: 0x6C [0m
[37m[19.143][linker]-[Debug]-[DjiProtocol_v1Unpack:215) <0x9426>V1-Recv: 0x0300->0x0A06 0x4900 [0m
[37m[19.143][linker]-[Debug]-[DjiCommand_RecvWork:1066)  <0x9426>Receive msg from linker, 0x0300->0x0A06 0x4900 len:14 [0m
[37m[19.143][linker]-[Debug]-[DjiProtocol_v1Pack:123) <0x9426>V1-Send: 0x0A06->0x0300 0x4900 [0m
[37m[19.149][linker]-[Debug]-[DjiProtocol_v1Pack:123) <0x5331>V1-Send: 0x0A06->0x0200 0x3C10 [0m
[37m[19.150][linker]-[Debug]-[DjiProtocol_v1Pack:123) <0x5332>V1-Send: 0x0A06->0x0A01 0x3C10 [0m
[37m[19.150][linker]-[Debug]-[DjiProtocol_v1Pack:123) <0x5333>V1-Send: 0x0A06->0x0300 0x3C10 [0m
[37m[19.181][linker]-[Debug]-[DjiProtocol_v1Unpack:215) <0x946b>V1-Recv: 0x0300->0x0A06 0x221B [0m
[37m[19.182][linker]-[Debug]-[DjiCommand_RecvWork:1066)  <0x946b>Receive msg from linker, 0x0300->0x0A06 0x221B len:9 [0m
[37m[19.182][linker]-[Debug]-[DjiCommand_DealCmd:919) received unsupport request cmd that noneed ack, <0x946b> cmdset: 0x22 cmdid: 0x1B [0m
[37m[19.200][linker]-[Debug]-[DjiProtocol_v1Unpack:215) <0x948d>V1-Recv: 0x0306->0x0A06 0x03C1 [0m
[37m[19.201][linker]-[Debug]-[DjiCommand_RecvWork:1066)  <0x948d>Receive msg from linker, 0x0306->0x0A06 0x03C1 len:13 [0m
[37m[19.210][utils]-[Debug]-[DjiCore_RootTask:131) work execution time: [0m
[37m[19.210][utils]-[Debug]-[DjiCore_RootTask:132) name	                execution time (ms)	  max execution time (ms) [0m
[37m[19.210][utils]-[Debug]-[DjiCore_RootTask:134) recorderWork                    	1       	1        [0m
[37m[19.210][utils]-[Debug]-[DjiCore_RootTask:134) flowControllerTask              	0       	1        [0m
[37m[19.210][utils]-[Debug]-[DjiCore_RootTask:134) commandTask                     	1       	1        [0m
[37m[19.210][utils]-[Debug]-[DjiCore_RootTask:134) aircraftWorkNode                	0       	1        [0m
[37m[19.210][utils]-[Debug]-[DjiCore_RootTask:134) StatePushWork                   	1       	1        [0m
[37m[19.224][linker]-[Debug]-[DjiProtocol_v1Unpack:215) <0x94b3>V1-Recv: 0x0300->0x0A06 0x036C [0m
[37m[19.224][linker]-[Debug]-[DjiCommand_RecvWork:1066)  <0x94b3>Receive msg from linker, 0x0300->0x0A06 0x036C len:71 [0m
[37m[19.224][linker]-[Debug]-[DjiCommand_DealCmd:919) received unsupport request cmd that noneed ack, <0x94b3> cmdset: 0x03 cmdid: 0x6C [0m
[37m[19.242][linker]-[Debug]-[DjiProtocol_v1Unpack:215) <0x94d1>V1-Recv: 0x0300->0x0A06 0x4900 [0m
[37m[19.242][linker]-[Debug]-[DjiCommand_RecvWork:1066)  <0x94d1>Receive msg from linker, 0x0300->0x0A06 0x4900 len:14 [0m
[37m[19.242][linker]-[Debug]-[DjiProtocol_v1Pack:123) <0x94d1>V1-Send: 0x0A06->0x0300 0x4900 [0m
[37m[19.258][linker]-[Debug]-[DjiProtocol_v1Unpack:215) <0x2265>V1-Recv: 0x0800->0x0A06 0x0866 [0m
[37m[19.258][linker]-[Debug]-[DjiCommand_RecvWork:1066)  <0x2265>Receive msg from linker, 0x0800->0x0A06 0x0866 len:17 [0m
[37m[19.258][linker]-[Debug]-[DjiCommand_DealCmd:919) received unsupport request cmd that noneed ack, <0x2265> cmdset: 0x08 cmdid: 0x66 [0m
[37m[19.281][linker]-[Debug]-[DjiProtocol_v1Unpack:215) <0x9512>V1-Recv: 0x0300->0x0A06 0x221B [0m
[37m[19.282][linker]-[Debug]-[DjiCommand_RecvWork:1066)  <0x9512>Receive msg from linker, 0x0300->0x0A06 0x221B len:9 [0m
[37m[19.282][linker]-[Debug]-[DjiCommand_DealCmd:919) received unsupport request cmd that noneed ack, <0x9512> cmdset: 0x22 cmdid: 0x1B [0m
[37m[19.301][linker]-[Debug]-[DjiProtocol_v1Unpack:215) <0x9531>V1-Recv: 0x0306->0x0A06 0x03C1 [0m
[37m[19.301][linker]-[Debug]-[DjiCommand_RecvWork:1066)  <0x9531>Receive msg from linker, 0x0306->0x0A06 0x03C1 len:13 [0m
[37m[19.324][linker]-[Debug]-[DjiProtocol_v1Unpack:215) <0x9557>V1-Recv: 0x0300->0x0A06 0x036C [0m
[37m[19.325][linker]-[Debug]-[DjiCommand_RecvWork:1066)  <0x9557>Receive msg from linker, 0x0300->0x0A06 0x036C len:71 [0m
[37m[19.325][linker]-[Debug]-[DjiCommand_DealCmd:919) received unsupport request cmd that noneed ack, <0x9557> cmdset: 0x03 cmdid: 0x6C [0m
[37m[19.342][linker]-[Debug]-[DjiProtocol_v1Unpack:215) <0x9583>V1-Recv: 0x0300->0x0A06 0x4900 [0m
[37m[19.343][linker]-[Debug]-[DjiCommand_RecvWork:1066)  <0x9583>Receive msg from linker, 0x0300->0x0A06 0x4900 len:14 [0m
[37m[19.343][linker]-[Debug]-[DjiProtocol_v1Pack:123) <0x9583>V1-Send: 0x0A06->0x0300 0x4900 [0m
[37m[19.363][linker]-[Debug]-[DjiProtocol_v1Pack:123) <0x5334>V1-Send: 0x0A06->0x0200 0x3C10 [0m
[37m[19.363][linker]-[Debug]-[DjiProtocol_v1Pack:123) <0x5335>V1-Send: 0x0A06->0x0A01 0x3C10 [0m
[37m[19.363][linker]-[Debug]-[DjiProtocol_v1Pack:123) <0x5336>V1-Send: 0x0A06->0x0300 0x3C10 [0m
[37m[19.381][linker]-[Debug]-[DjiProtocol_v1Unpack:215) <0x95cf>V1-Recv: 0x0300->0x0A06 0x221B [0m
[37m[19.382][linker]-[Debug]-[DjiCommand_RecvWork:1066)  <0x95cf>Receive msg from linker, 0x0300->0x0A06 0x221B len:9 [0m
[37m[19.382][linker]-[Debug]-[DjiCommand_DealCmd:919) received unsupport request cmd that noneed ack, <0x95cf> cmdset: 0x22 cmdid: 0x1B [0m
[37m[19.401][linker]-[Debug]-[DjiProtocol_v1Unpack:215) <0x95ed>V1-Recv: 0x0306->0x0A06 0x03C1 [0m
[37m[19.401][linker]-[Debug]-[DjiCommand_RecvWork:1066)  <0x95ed>Receive msg from linker, 0x0306->0x0A06 0x03C1 len:13 [0m
[37m[19.424][linker]-[Debug]-[DjiProtocol_v1Unpack:215) <0x9610>V1-Recv: 0x0300->0x0A06 0x036C [0m
[37m[19.425][linker]-[Debug]-[DjiCommand_RecvWork:1066)  <0x9610>Receive msg from linker, 0x0300->0x0A06 0x036C len:71 [0m
[37m[19.425][linker]-[Debug]-[DjiCommand_DealCmd:919) received unsupport request cmd that noneed ack, <0x9610> cmdset: 0x03 cmdid: 0x6C [0m
[37m[19.442][linker]-[Debug]-[DjiProtocol_v1Unpack:215) <0x962e>V1-Recv: 0x0300->0x0A06 0x4900 [0m
[37m[19.443][linker]-[Debug]-[DjiCommand_RecvWork:1066)  <0x962e>Receive msg from linker, 0x0300->0x0A06 0x4900 len:14 [0m
[37m[19.443][linker]-[Debug]-[DjiProtocol_v1Pack:123) <0x962e>V1-Send: 0x0A06->0x0300 0x4900 [0m
[37m[19.481][linker]-[Debug]-[DjiProtocol_v1Unpack:215) <0x966d>V1-Recv: 0x0300->0x0A06 0x221B [0m
[37m[19.482][linker]-[Debug]-[DjiCommand_RecvWork:1066)  <0x966d>Receive msg from linker, 0x0300->0x0A06 0x221B len:9 [0m
[37m[19.482][linker]-[Debug]-[DjiCommand_DealCmd:919) received unsupport request cmd that noneed ack, <0x966d> cmdset: 0x22 cmdid: 0x1B [0m
[37m[19.501][linker]-[Debug]-[DjiProtocol_v1Unpack:215) <0x968a>V1-Recv: 0x0306->0x0A06 0x03C1 [0m
[37m[19.501][linker]-[Debug]-[DjiCommand_RecvWork:1066)  <0x968a>Receive msg from linker, 0x0306->0x0A06 0x03C1 len:13 [0m
[37m[19.508][linker]-[Debug]-[DjiProtocol_v1Unpack:215) <0x2266>V1-Recv: 0x0800->0x0A06 0x0866 [0m
[37m[19.508][linker]-[Debug]-[DjiCommand_RecvWork:1066)  <0x2266>Receive msg from linker, 0x0800->0x0A06 0x0866 len:17 [0m
[37m[19.508][linker]-[Debug]-[DjiCommand_DealCmd:919) received unsupport request cmd that noneed ack, <0x2266> cmdset: 0x08 cmdid: 0x66 [0m
[37m[19.524][linker]-[Debug]-[DjiProtocol_v1Unpack:215) <0x96b0>V1-Recv: 0x0300->0x0A06 0x036C [0m
[37m[19.524][linker]-[Debug]-[DjiCommand_RecvWork:1066)  <0x96b0>Receive msg from linker, 0x0300->0x0A06 0x036C len:71 [0m
[37m[19.524][linker]-[Debug]-[DjiCommand_DealCmd:919) received unsupport request cmd that noneed ack, <0x96b0> cmdset: 0x03 cmdid: 0x6C [0m
[37m[19.542][linker]-[Debug]-[DjiProtocol_v1Unpack:215) <0x96d8>V1-Recv: 0x0300->0x0A06 0x4900 [0m
[37m[19.542][linker]-[Debug]-[DjiCommand_RecvWork:1066)  <0x96d8>Receive msg from linker, 0x0300->0x0A06 0x4900 len:14 [0m
[37m[19.542][linker]-[Debug]-[DjiProtocol_v1Pack:123) <0x96d8>V1-Send: 0x0A06->0x0300 0x4900 [0m
[37m[19.577][linker]-[Debug]-[DjiProtocol_v1Pack:123) <0x5337>V1-Send: 0x0A06->0x0200 0x3C10 [0m
[37m[19.577][linker]-[Debug]-[DjiProtocol_v1Pack:123) <0x5338>V1-Send: 0x0A06->0x0A01 0x3C10 [0m
[37m[19.577][linker]-[Debug]-[DjiProtocol_v1Pack:123) <0x5339>V1-Send: 0x0A06->0x0300 0x3C10 [0m
[37m[19.583][linker]-[Debug]-[DjiProtocol_v1Unpack:215) <0x9718>V1-Recv: 0x0300->0x0A06 0x221B [0m
[37m[19.583][linker]-[Debug]-[DjiProtocol_v1Unpack:215) <0x971c>V1-Recv: 0x0300->0x0100 0x0405 [0m
[37m[19.583][linker]-[Debug]-[DjiCommand_RecvWork:1066)  <0x9718>Receive msg from linker, 0x0300->0x0A06 0x221B len:9 [0m
[37m[19.583][linker]-[Debug]-[DjiCommand_DealCmd:919) received unsupport request cmd that noneed ack, <0x9718> cmdset: 0x22 cmdid: 0x1B [0m
[37m[19.584][linker]-[Debug]-[DjiCommand_RecvWork:1066)  <0x971c>Receive msg from linker, 0x0300->0x0100 0x0405 len:22 [0m
[37m[19.584][linker]-[Debug]-[DjiCommand_DealCmd:919) received unsupport request cmd that noneed ack, <0x971c> cmdset: 0x04 cmdid: 0x05 [0m
[37m[19.600][linker]-[Debug]-[DjiProtocol_v1Unpack:215) <0x9737>V1-Recv: 0x0306->0x0A06 0x03C1 [0m
[37m[19.600][linker]-[Debug]-[DjiCommand_RecvWork:1066)  <0x9737>Receive msg from linker, 0x0306->0x0A06 0x03C1 len:13 [0m
[37m[19.624][linker]-[Debug]-[DjiProtocol_v1Unpack:215) <0x9757>V1-Recv: 0x0300->0x0A06 0x036C [0m
[37m[19.625][linker]-[Debug]-[DjiCommand_RecvWork:1066)  <0x9757>Receive msg from linker, 0x0300->0x0A06 0x036C len:71 [0m
[37m[19.625][linker]-[Debug]-[DjiCommand_DealCmd:919) received unsupport request cmd that noneed ack, <0x9757> cmdset: 0x03 cmdid: 0x6C [0m
[37m[19.643][linker]-[Debug]-[DjiProtocol_v1Unpack:215) <0x9775>V1-Recv: 0x0300->0x0A06 0x4900 [0m
[37m[19.643][linker]-[Debug]-[DjiCommand_RecvWork:1066)  <0x9775>Receive msg from linker, 0x0300->0x0A06 0x4900 len:14 [0m
[37m[19.643][linker]-[Debug]-[DjiProtocol_v1Pack:123) <0x9775>V1-Send: 0x0A06->0x0300 0x4900 [0m
[37m[19.665][linker]-[Debug]-[DjiProtocol_v1Unpack:215) <0x9791>V1-Recv: 0x0306->0x0A06 0x03C1 [0m
[37m[19.665][linker]-[Debug]-[DjiCommand_RecvWork:1066)  <0x9791>Receive msg from linker, 0x0306->0x0A06 0x03C1 len:113 [0m
[37m[19.681][linker]-[Debug]-[DjiProtocol_v1Unpack:215) <0x97b5>V1-Recv: 0x0300->0x0A06 0x221B [0m
[37m[19.681][linker]-[Debug]-[DjiCommand_RecvWork:1066)  <0x97b5>Receive msg from linker, 0x0300->0x0A06 0x221B len:9 [0m
[37m[19.681][linker]-[Debug]-[DjiCommand_DealCmd:919) received unsupport request cmd that noneed ack, <0x97b5> cmdset: 0x22 cmdid: 0x1B [0m
[37m[19.695][linker]-[Debug]-[DjiProtocol_v1Unpack:215) <0x11a5>V1-Recv: 0x1D07->0x0A06 0x2105 [0m
[37m[19.695][linker]-[Debug]-[DjiCommand_RecvWork:1066)  <0x11a5>Receive msg from linker, 0x1D07->0x0A06 0x2105 len:1 [0m
[37m[19.695][linker]-[Debug]-[DjiCommand_DealCmd:919) received unsupport request cmd that need ack, <0x11a5> cmdset: 0x21 cmdid: 0x05 [0m
[37m[19.700][linker]-[Debug]-[DjiProtocol_v1Unpack:215) <0x97d4>V1-Recv: 0x0306->0x0A06 0x03C1 [0m
[37m[19.701][linker]-[Debug]-[DjiCommand_RecvWork:1066)  <0x97d4>Receive msg from linker, 0x0306->0x0A06 0x03C1 len:13 [0m
[32m[19.706][user]-[Info]-[UserFcSubscription_Task:458) gps position: x 117.120748 y 39.126571 z 9.845000. [0m
[32m[19.706][user]-[Info]-[UserFcSubscription_Task:470) gps total satellite number used: 3 9 15.
GPS fixState: 3.000000. [0m
[32m[19.706][user]-[Info]-[UserFcSubscription_Task:487) Homepoint info: lat->39.126699, lon->117.120801. [0m
[32m[19.706][user]-[Info]-[UserFcSubscription_Task:512) RTK position solution state: 16. [0m
[32m[19.706][user]-[Info]-[UserFcSubscription_Task:528) RTK position: 117.120656 39.126748 -10.095387. [0m
[32m[19.706][user]-[Info]-[UserFcSubscription_Task:573) Altitude of homepoint: 3.474412. [0m
[32m[19.706][user]-[Info]-[UserFcSubscription_Task:586) Battery info: 39. [0m
[32m[19.706][user]-[Info]-[UserFcSubscription_Task:600) Flight status: 0. [0m
[32m[19.706][user]-[Info]-[UserFcSubscription_Task:620) Displaymode status: 6. [0m
[37m[19.706][user]-[Debug]-[UserFcSubscription_Task:633) Timestamp: millisecond 4535992 microsecond 241025102. [0m
[37m[19.706][user]-[Debug]-[UserFcSubscription_Task:634) Relative height fusion is 0.000000 m [0m
[37m[19.724][linker]-[Debug]-[DjiProtocol_v1Unpack:215) <0x97fa>V1-Recv: 0x0300->0x0A06 0x036C [0m
[37m[19.724][linker]-[Debug]-[DjiCommand_RecvWork:1066)  <0x97fa>Receive msg from linker, 0x0300->0x0A06 0x036C len:71 [0m
[37m[19.724][linker]-[Debug]-[DjiCommand_DealCmd:919) received unsupport request cmd that noneed ack, <0x97fa> cmdset: 0x03 cmdid: 0x6C [0m
[37m[19.743][linker]-[Debug]-[DjiProtocol_v1Unpack:215) <0x9820>V1-Recv: 0x0300->0x0A06 0x4900 [0m
[37m[19.743][linker]-[Debug]-[DjiCommand_RecvWork:1066)  <0x9820>Receive msg from linker, 0x0300->0x0A06 0x4900 len:14 [0m
[37m[19.743][linker]-[Debug]-[DjiProtocol_v1Pack:123) <0x9820>V1-Send: 0x0A06->0x0300 0x4900 [0m
[37m[19.750][linker]-[Debug]-[DjiProtocol_v1Unpack:215) <0xbd1>V1-Recv: 0x0701->0x0A06 0x0000 [0m
[37m[19.751][linker]-[Debug]-[DjiCommand_RecvWork:1066)  <0xbd1>Receive msg from linker, 0x0701->0x0A06 0x0000 len:16 [0m
[37m[19.751][linker]-[Debug]-[DjiProtocol_v1Pack:123) <0xbd1>V1-Send: 0x0A06->0x0701 0x0000 [0m
[37m[19.758][linker]-[Debug]-[DjiProtocol_v1Unpack:215) <0x2267>V1-Recv: 0x0800->0x0A06 0x0866 [0m
[37m[19.758][linker]-[Debug]-[DjiCommand_RecvWork:1066)  <0x2267>Receive msg from linker, 0x0800->0x0A06 0x0866 len:17 [0m
[37m[19.758][linker]-[Debug]-[DjiCommand_DealCmd:919) received unsupport request cmd that noneed ack, <0x2267> cmdset: 0x08 cmdid: 0x66 [0m
[37m[19.781][linker]-[Debug]-[DjiProtocol_v1Unpack:215) <0x9860>V1-Recv: 0x0300->0x0A06 0x221B [0m
[37m[19.782][linker]-[Debug]-[DjiCommand_RecvWork:1066)  <0x9860>Receive msg from linker, 0x0300->0x0A06 0x221B len:9 [0m
[37m[19.782][linker]-[Debug]-[DjiCommand_DealCmd:919) received unsupport request cmd that noneed ack, <0x9860> cmdset: 0x22 cmdid: 0x1B [0m
[37m[19.790][linker]-[Debug]-[DjiProtocol_v1Pack:123) <0x533a>V1-Send: 0x0A06->0x0200 0x3C10 [0m
[37m[19.790][linker]-[Debug]-[DjiProtocol_v1Pack:123) <0x533b>V1-Send: 0x0A06->0x0A01 0x3C10 [0m
[37m[19.790][linker]-[Debug]-[DjiProtocol_v1Pack:123) <0x533c>V1-Send: 0x0A06->0x0300 0x3C10 [0m
[37m[19.800][linker]-[Debug]-[DjiProtocol_v1Unpack:215) <0x987e>V1-Recv: 0x0306->0x0A06 0x03C1 [0m
[37m[19.801][linker]-[Debug]-[DjiCommand_RecvWork:1066)  <0x987e>Receive msg from linker, 0x0306->0x0A06 0x03C1 len:13 [0m
[37m[19.824][linker]-[Debug]-[DjiProtocol_v1Unpack:215) <0x989d>V1-Recv: 0x0300->0x0A06 0x036C [0m
[37m[19.824][linker]-[Debug]-[DjiCommand_RecvWork:1066)  <0x989d>Receive msg from linker, 0x0300->0x0A06 0x036C len:71 [0m
[37m[19.824][linker]-[Debug]-[DjiCommand_DealCmd:919) received unsupport request cmd that noneed ack, <0x989d> cmdset: 0x03 cmdid: 0x6C [0m
[37m[19.842][linker]-[Debug]-[DjiProtocol_v1Unpack:215) <0x98bd>V1-Recv: 0x0300->0x0A06 0x4900 [0m
[37m[19.842][linker]-[Debug]-[DjiCommand_RecvWork:1066)  <0x98bd>Receive msg from linker, 0x0300->0x0A06 0x4900 len:14 [0m
[37m[19.842][linker]-[Debug]-[DjiProtocol_v1Pack:123) <0x98bd>V1-Send: 0x0A06->0x0300 0x4900 [0m
[37m[19.881][linker]-[Debug]-[DjiProtocol_v1Unpack:215) <0x9901>V1-Recv: 0x0300->0x0A06 0x221B [0m
[37m[19.882][linker]-[Debug]-[DjiCommand_RecvWork:1066)  <0x9901>Receive msg from linker, 0x0300->0x0A06 0x221B len:9 [0m
[37m[19.882][linker]-[Debug]-[DjiCommand_DealCmd:919) received unsupport request cmd that noneed ack, <0x9901> cmdset: 0x22 cmdid: 0x1B [0m
[37m[19.900][linker]-[Debug]-[DjiProtocol_v1Unpack:215) <0x991f>V1-Recv: 0x0306->0x0A06 0x03C1 [0m
[37m[19.901][linker]-[Debug]-[DjiCommand_RecvWork:1066)  <0x991f>Receive msg from linker, 0x0306->0x0A06 0x03C1 len:13 [0m
[37m[19.924][linker]-[Debug]-[DjiProtocol_v1Unpack:215) <0x9944>V1-Recv: 0x0300->0x0A06 0x036C [0m
[37m[19.924][linker]-[Debug]-[DjiCommand_RecvWork:1066)  <0x9944>Receive msg from linker, 0x0300->0x0A06 0x036C len:71 [0m
[37m[19.924][linker]-[Debug]-[DjiCommand_DealCmd:919) received unsupport request cmd that noneed ack, <0x9944> cmdset: 0x03 cmdid: 0x6C [0m
[37m[19.943][linker]-[Debug]-[DjiProtocol_v1Unpack:215) <0x996f>V1-Recv: 0x0300->0x0A06 0x4900 [0m
[37m[19.944][linker]-[Debug]-[DjiCommand_RecvWork:1066)  <0x996f>Receive msg from linker, 0x0300->0x0A06 0x4900 len:14 [0m
[37m[19.944][linker]-[Debug]-[DjiProtocol_v1Pack:123) <0x996f>V1-Send: 0x0A06->0x0300 0x4900 [0m
[37m[19.959][linker]-[Debug]-[DjiProtocol_v1Unpack:215) <0xa802>V1-Recv: 0x0202->0x0A06 0x0026 [0m
[37m[19.960][linker]-[Debug]-[DjiCommand_RecvWork:1066)  <0xa802>Receive msg from linker, 0x0202->0x0A06 0x0026 len:37 [0m
[37m[19.960][linker]-[Debug]-[DjiCommand_DealCmd:919) received unsupport request cmd that need ack, <0xa802> cmdset: 0x00 cmdid: 0x26 [0m
[37m[19.981][linker]-[Debug]-[DjiProtocol_v1Unpack:215) <0x99b0>V1-Recv: 0x0300->0x0A06 0x221B [0m
[37m[19.982][linker]-[Debug]-[DjiCommand_RecvWork:1066)  <0x99b0>Receive msg from linker, 0x0300->0x0A06 0x221B len:9 [0m
[37m[19.982][linker]-[Debug]-[DjiCommand_DealCmd:919) received unsupport request cmd that noneed ack, <0x99b0> cmdset: 0x22 cmdid: 0x1B [0m
[37m[20.000][linker]-[Debug]-[DjiProtocol_v1Unpack:215) <0x99d0>V1-Recv: 0x0306->0x0A06 0x03C1 [0m
[37m[20.001][linker]-[Debug]-[DjiCommand_RecvWork:1066)  <0x99d0>Receive msg from linker, 0x0306->0x0A06 0x03C1 len:13 [0m
[37m[20.002][linker]-[Debug]-[DjiProtocol_v1Pack:123) <0x533d>V1-Send: 0x0A06->0x0300 0x0000 [0m
[37m[20.002][infor]-[Debug]-[DjiAircraftConnection_CheckExtensionPortConnectStatusByV1Protocol:170) check connect status:1 [0m
[37m[20.003][linker]-[Debug]-[DjiProtocol_v1Pack:123) <0x533e>V1-Send: 0x0A06->0x0200 0x3C10 [0m
[37m[20.003][linker]-[Debug]-[DjiProtocol_v1Pack:123) <0x533f>V1-Send: 0x0A06->0x0A01 0x3C10 [0m
[37m[20.003][linker]-[Debug]-[DjiProtocol_v1Pack:123) <0x5340>V1-Send: 0x0A06->0x0300 0x3C10 [0m
[37m[20.008][linker]-[Debug]-[DjiProtocol_v1Unpack:215) <0x2268>V1-Recv: 0x0800->0x0A06 0x0866 [0m
[37m[20.009][linker]-[Debug]-[DjiCommand_RecvWork:1066)  <0x2268>Receive msg from linker, 0x0800->0x0A06 0x0866 len:17 [0m
[37m[20.009][linker]-[Debug]-[DjiCommand_DealCmd:919) received unsupport request cmd that noneed ack, <0x2268> cmdset: 0x08 cmdid: 0x66 [0m
[37m[20.024][linker]-[Debug]-[DjiProtocol_v1Unpack:215) <0x533d>V1-Recv: 0x0300->0x0A06 0x0000 [0m
[37m[20.024][linker]-[Debug]-[DjiProtocol_v1Unpack:215) <0x99ef>V1-Recv: 0x0300->0x0A06 0x036C [0m
[37m[20.025][linker]-[Debug]-[DjiCommand_RecvWork:1066)  <0x533d>Receive msg from linker, 0x0300->0x0A06 0x0000 len:0 [0m
[37m[20.025][infor]-[Debug]-[DjiAircraftInfo_CheckPingStatusAsyncCallback:269) connect status async sucess [0m
[37m[20.025][linker]-[Debug]-[DjiCommand_DealCmd:830) callback function (cmdset: 0x00 cmdid: 0x00) deal time: 0 ms [0m
[37m[20.026][linker]-[Debug]-[DjiCommand_RecvWork:1066)  <0x99ef>Receive msg from linker, 0x0300->0x0A06 0x036C len:71 [0m
[37m[20.026][linker]-[Debug]-[DjiCommand_DealCmd:919) received unsupport request cmd that noneed ack, <0x99ef> cmdset: 0x03 cmdid: 0x6C [0m
[37m[20.042][linker]-[Debug]-[DjiProtocol_v1Unpack:215) <0x9a0f>V1-Recv: 0x0300->0x0A06 0x4900 [0m
[37m[20.043][linker]-[Debug]-[DjiCommand_RecvWork:1066)  <0x9a0f>Receive msg from linker, 0x0300->0x0A06 0x4900 len:14 [0m
[37m[20.043][linker]-[Debug]-[DjiProtocol_v1Pack:123) <0x9a0f>V1-Send: 0x0A06->0x0300 0x4900 [0m
[37m[20.085][linker]-[Debug]-[DjiProtocol_v1Unpack:215) <0x9a4e>V1-Recv: 0x0300->0x0A06 0x221B [0m
[37m[20.085][linker]-[Debug]-[DjiProtocol_v1Unpack:215) <0x9a55>V1-Recv: 0x0300->0x0A06 0x0F74 [0m
[37m[20.085][linker]-[Debug]-[DjiProtocol_v1Unpack:215) <0x9a56>V1-Recv: 0x0300->0x0100 0x0406 [0m
[37m[20.085][linker]-[Debug]-[DjiProtocol_v1Unpack:215) <0x9a57>V1-Recv: 0x0300->0x0100 0x0407 [0m
[37m[20.085][linker]-[Debug]-[DjiCommand_RecvWork:1066)  <0x9a4e>Receive msg from linker, 0x0300->0x0A06 0x221B len:9 [0m
[37m[20.085][linker]-[Debug]-[DjiCommand_DealCmd:919) received unsupport request cmd that noneed ack, <0x9a4e> cmdset: 0x22 cmdid: 0x1B [0m
[37m[20.086][linker]-[Debug]-[DjiCommand_RecvWork:1066)  <0x9a55>Receive msg from linker, 0x0300->0x0A06 0x0F74 len:28 [0m
[37m[20.086][linker]-[Debug]-[DjiCommand_DealCmd:919) received unsupport request cmd that noneed ack, <0x9a55> cmdset: 0x0F cmdid: 0x74 [0m
[37m[20.087][linker]-[Debug]-[DjiCommand_RecvWork:1066)  <0x9a56>Receive msg from linker, 0x0300->0x0100 0x0406 len:12 [0m
[37m[20.087][linker]-[Debug]-[DjiCommand_DealCmd:919) received unsupport request cmd that noneed ack, <0x9a56> cmdset: 0x04 cmdid: 0x06 [0m
[37m[20.088][linker]-[Debug]-[DjiCommand_RecvWork:1066)  <0x9a57>Receive msg from linker, 0x0300->0x0100 0x0407 len:1 [0m
[37m[20.088][linker]-[Debug]-[DjiCommand_DealCmd:919) received unsupport request cmd that noneed ack, <0x9a57> cmdset: 0x04 cmdid: 0x07 [0m
[37m[20.101][linker]-[Debug]-[DjiProtocol_v1Unpack:215) <0x9a72>V1-Recv: 0x0306->0x0A06 0x03C1 [0m
[37m[20.101][linker]-[Debug]-[DjiCommand_RecvWork:1066)  <0x9a72>Receive msg from linker, 0x0306->0x0A06 0x03C1 len:13 [0m
[37m[20.124][linker]-[Debug]-[DjiProtocol_v1Unpack:215) <0x9a94>V1-Recv: 0x0300->0x0A06 0x036C [0m
[37m[20.124][linker]-[Debug]-[DjiCommand_RecvWork:1066)  <0x9a94>Receive msg from linker, 0x0300->0x0A06 0x036C len:71 [0m
[37m[20.124][linker]-[Debug]-[DjiCommand_DealCmd:919) received unsupport request cmd that noneed ack, <0x9a94> cmdset: 0x03 cmdid: 0x6C [0m
[37m[20.143][linker]-[Debug]-[DjiProtocol_v1Unpack:215) <0x9ac0>V1-Recv: 0x0300->0x0A06 0x4900 [0m
[37m[20.143][linker]-[Debug]-[DjiCommand_RecvWork:1066)  <0x9ac0>Receive msg from linker, 0x0300->0x0A06 0x4900 len:14 [0m
[37m[20.143][linker]-[Debug]-[DjiProtocol_v1Pack:123) <0x9ac0>V1-Send: 0x0A06->0x0300 0x4900 [0m
[37m[20.182][linker]-[Debug]-[DjiProtocol_v1Unpack:215) <0x9b08>V1-Recv: 0x0300->0x0A06 0x221B [0m
[37m[20.182][linker]-[Debug]-[DjiCommand_RecvWork:1066)  <0x9b08>Receive msg from linker, 0x0300->0x0A06 0x221B len:9 [0m
[37m[20.182][linker]-[Debug]-[DjiCommand_DealCmd:919) received unsupport request cmd that noneed ack, <0x9b08> cmdset: 0x22 cmdid: 0x1B [0m
[37m[20.201][linker]-[Debug]-[DjiProtocol_v1Unpack:215) <0x9b2a>V1-Recv: 0x0306->0x0A06 0x03C1 [0m
[37m[20.201][linker]-[Debug]-[DjiCommand_RecvWork:1066)  <0x9b2a>Receive msg from linker, 0x0306->0x0A06 0x03C1 len:13 [0m
[37m[20.217][linker]-[Debug]-[DjiProtocol_v1Pack:123) <0x5341>V1-Send: 0x0A06->0x0200 0x3C10 [0m
[37m[20.217][linker]-[Debug]-[DjiProtocol_v1Pack:123) <0x5342>V1-Send: 0x0A06->0x0A01 0x3C10 [0m
[37m[20.217][linker]-[Debug]-[DjiProtocol_v1Pack:123) <0x5343>V1-Send: 0x0A06->0x0300 0x3C10 [0m
[37m[20.224][linker]-[Debug]-[DjiProtocol_v1Unpack:215) <0x9b51>V1-Recv: 0x0300->0x0A06 0x036C [0m
[37m[20.225][linker]-[Debug]-[DjiCommand_RecvWork:1066)  <0x9b51>Receive msg from linker, 0x0300->0x0A06 0x036C len:71 [0m
[37m[20.225][linker]-[Debug]-[DjiCommand_DealCmd:919) received unsupport request cmd that noneed ack, <0x9b51> cmdset: 0x03 cmdid: 0x6C [0m
[37m[20.243][linker]-[Debug]-[DjiProtocol_v1Unpack:215) <0x9b6f>V1-Recv: 0x0300->0x0A06 0x4900 [0m
[37m[20.243][linker]-[Debug]-[DjiCommand_RecvWork:1066)  <0x9b6f>Receive msg from linker, 0x0300->0x0A06 0x4900 len:14 [0m
[37m[20.243][linker]-[Debug]-[DjiProtocol_v1Pack:123) <0x9b6f>V1-Send: 0x0A06->0x0300 0x4900 [0m
[37m[20.257][linker]-[Debug]-[DjiProtocol_v1Unpack:215) <0x2269>V1-Recv: 0x0800->0x0A06 0x0866 [0m
[37m[20.258][linker]-[Debug]-[DjiCommand_RecvWork:1066)  <0x2269>Receive msg from linker, 0x0800->0x0A06 0x0866 len:17 [0m
[37m[20.258][linker]-[Debug]-[DjiCommand_DealCmd:919) received unsupport request cmd that noneed ack, <0x2269> cmdset: 0x08 cmdid: 0x66 [0m
[37m[20.278][utils]-[Debug]-[DjiCore_RootTask:131) work execution time: [0m
[37m[20.278][utils]-[Debug]-[DjiCore_RootTask:132) name	                execution time (ms)	  max execution time (ms) [0m
[37m[20.278][utils]-[Debug]-[DjiCore_RootTask:134) recorderWork                    	0       	1        [0m
[37m[20.278][utils]-[Debug]-[DjiCore_RootTask:134) flowControllerTask              	0       	1        [0m
[37m[20.278][utils]-[Debug]-[DjiCore_RootTask:134) commandTask                     	1       	1        [0m
[37m[20.278][utils]-[Debug]-[DjiCore_RootTask:134) aircraftWorkNode                	0       	1        [0m
[37m[20.278][utils]-[Debug]-[DjiCore_RootTask:134) StatePushWork                   	0       	1        [0m
[37m[20.281][linker]-[Debug]-[DjiProtocol_v1Unpack:215) <0x9bb1>V1-Recv: 0x0300->0x0A06 0x221B [0m
[37m[20.281][linker]-[Debug]-[DjiCommand_RecvWork:1066)  <0x9bb1>Receive msg from linker, 0x0300->0x0A06 0x221B len:9 [0m
[37m[20.281][linker]-[Debug]-[DjiCommand_DealCmd:919) received unsupport request cmd that noneed ack, <0x9bb1> cmdset: 0x22 cmdid: 0x1B [0m
[37m[20.300][linker]-[Debug]-[DjiProtocol_v1Unpack:215) <0x9bd0>V1-Recv: 0x0306->0x0A06 0x03C1 [0m
[37m[20.300][linker]-[Debug]-[DjiCommand_RecvWork:1066)  <0x9bd0>Receive msg from linker, 0x0306->0x0A06 0x03C1 len:13 [0m
[37m[20.324][linker]-[Debug]-[DjiProtocol_v1Unpack:215) <0x9bf8>V1-Recv: 0x0300->0x0A06 0x036C [0m
[37m[20.324][linker]-[Debug]-[DjiCommand_RecvWork:1066)  <0x9bf8>Receive msg from linker, 0x0300->0x0A06 0x036C len:71 [0m
[37m[20.324][linker]-[Debug]-[DjiCommand_DealCmd:919) received unsupport request cmd that noneed ack, <0x9bf8> cmdset: 0x03 cmdid: 0x6C [0m
[37m[20.343][linker]-[Debug]-[DjiProtocol_v1Unpack:215) <0x9c25>V1-Recv: 0x0300->0x0A06 0x4900 [0m
[37m[20.343][linker]-[Debug]-[DjiCommand_RecvWork:1066)  <0x9c25>Receive msg from linker, 0x0300->0x0A06 0x4900 len:14 [0m
[37m[20.343][linker]-[Debug]-[DjiProtocol_v1Pack:123) <0x9c25>V1-Send: 0x0A06->0x0300 0x4900 [0m
[37m[20.381][linker]-[Debug]-[DjiProtocol_v1Unpack:215) <0x9c71>V1-Recv: 0x0300->0x0A06 0x221B [0m
[37m[20.381][linker]-[Debug]-[DjiCommand_RecvWork:1066)  <0x9c71>Receive msg from linker, 0x0300->0x0A06 0x221B len:9 [0m
[37m[20.381][linker]-[Debug]-[DjiCommand_DealCmd:919) received unsupport request cmd that noneed ack, <0x9c71> cmdset: 0x22 cmdid: 0x1B [0m
[37m[20.400][linker]-[Debug]-[DjiProtocol_v1Unpack:215) <0x9c8f>V1-Recv: 0x0306->0x0A06 0x03C1 [0m
[37m[20.401][linker]-[Debug]-[DjiCommand_RecvWork:1066)  <0x9c8f>Receive msg from linker, 0x0306->0x0A06 0x03C1 len:13 [0m
[37m[20.424][linker]-[Debug]-[DjiProtocol_v1Unpack:215) <0x9cb2>V1-Recv: 0x0300->0x0A06 0x036C [0m
[37m[20.424][linker]-[Debug]-[DjiCommand_RecvWork:1066)  <0x9cb2>Receive msg from linker, 0x0300->0x0A06 0x036C len:71 [0m
[37m[20.424][linker]-[Debug]-[DjiCommand_DealCmd:919) received unsupport request cmd that noneed ack, <0x9cb2> cmdset: 0x03 cmdid: 0x6C [0m
[37m[20.430][linker]-[Debug]-[DjiProtocol_v1Pack:123) <0x5344>V1-Send: 0x0A06->0x0200 0x3C10 [0m
[37m[20.430][linker]-[Debug]-[DjiProtocol_v1Pack:123) <0x5345>V1-Send: 0x0A06->0x0A01 0x3C10 [0m
[37m[20.430][linker]-[Debug]-[DjiProtocol_v1Pack:123) <0x5346>V1-Send: 0x0A06->0x0300 0x3C10 [0m
[37m[20.442][linker]-[Debug]-[DjiProtocol_v1Unpack:215) <0x9cd0>V1-Recv: 0x0300->0x0A06 0x4900 [0m
[37m[20.442][linker]-[Debug]-[DjiCommand_RecvWork:1066)  <0x9cd0>Receive msg from linker, 0x0300->0x0A06 0x4900 len:14 [0m
[37m[20.442][linker]-[Debug]-[DjiProtocol_v1Pack:123) <0x9cd0>V1-Send: 0x0A06->0x0300 0x4900 [0m
[37m[20.481][linker]-[Debug]-[DjiProtocol_v1Unpack:215) <0x9d0f>V1-Recv: 0x0300->0x0A06 0x221B [0m
[37m[20.482][linker]-[Debug]-[DjiCommand_RecvWork:1066)  <0x9d0f>Receive msg from linker, 0x0300->0x0A06 0x221B len:9 [0m
[37m[20.482][linker]-[Debug]-[DjiCommand_DealCmd:919) received unsupport request cmd that noneed ack, <0x9d0f> cmdset: 0x22 cmdid: 0x1B [0m
[37m[20.500][linker]-[Debug]-[DjiProtocol_v1Unpack:215) <0x9d2e>V1-Recv: 0x0306->0x0A06 0x03C1 [0m
[37m[20.501][linker]-[Debug]-[DjiCommand_RecvWork:1066)  <0x9d2e>Receive msg from linker, 0x0306->0x0A06 0x03C1 len:13 [0m
[37m[20.508][linker]-[Debug]-[DjiProtocol_v1Unpack:215) <0x226a>V1-Recv: 0x0800->0x0A06 0x0866 [0m
[37m[20.508][linker]-[Debug]-[DjiCommand_RecvWork:1066)  <0x226a>Receive msg from linker, 0x0800->0x0A06 0x0866 len:17 [0m
[37m[20.508][linker]-[Debug]-[DjiCommand_DealCmd:919) received unsupport request cmd that noneed ack, <0x226a> cmdset: 0x08 cmdid: 0x66 [0m
[37m[20.524][linker]-[Debug]-[DjiProtocol_v1Unpack:215) <0x9d53>V1-Recv: 0x0300->0x0A06 0x036C [0m
[37m[20.524][linker]-[Debug]-[DjiCommand_RecvWork:1066)  <0x9d53>Receive msg from linker, 0x0300->0x0A06 0x036C len:71 [0m
[37m[20.524][linker]-[Debug]-[DjiCommand_DealCmd:919) received unsupport request cmd that noneed ack, <0x9d53> cmdset: 0x03 cmdid: 0x6C [0m
[37m[20.542][linker]-[Debug]-[DjiProtocol_v1Unpack:215) <0x9d77>V1-Recv: 0x0300->0x0A06 0x4900 [0m
[37m[20.542][linker]-[Debug]-[DjiCommand_RecvWork:1066)  <0x9d77>Receive msg from linker, 0x0300->0x0A06 0x4900 len:14 [0m
[37m[20.542][linker]-[Debug]-[DjiProtocol_v1Pack:123) <0x9d77>V1-Send: 0x0A06->0x0300 0x4900 [0m
[37m[20.583][linker]-[Debug]-[DjiProtocol_v1Unpack:215) <0x9dbc>V1-Recv: 0x0300->0x0A06 0x221B [0m
[37m[20.583][linker]-[Debug]-[DjiProtocol_v1Unpack:215) <0x9dc0>V1-Recv: 0x0300->0x0100 0x0405 [0m
[37m[20.583][linker]-[Debug]-[DjiCommand_RecvWork:1066)  <0x9dbc>Receive msg from linker, 0x0300->0x0A06 0x221B len:9 [0m
[37m[20.583][linker]-[Debug]-[DjiCommand_DealCmd:919) received unsupport request cmd that noneed ack, <0x9dbc> cmdset: 0x22 cmdid: 0x1B [0m
[37m[20.584][linker]-[Debug]-[DjiCommand_RecvWork:1066)  <0x9dc0>Receive msg from linker, 0x0300->0x0100 0x0405 len:22 [0m
[37m[20.584][linker]-[Debug]-[DjiCommand_DealCmd:919) received unsupport request cmd that noneed ack, <0x9dc0> cmdset: 0x04 cmdid: 0x05 [0m
[37m[20.601][linker]-[Debug]-[DjiProtocol_v1Unpack:215) <0x9ddb>V1-Recv: 0x0306->0x0A06 0x03C1 [0m
[37m[20.601][linker]-[Debug]-[DjiCommand_RecvWork:1066)  <0x9ddb>Receive msg from linker, 0x0306->0x0A06 0x03C1 len:13 [0m
[37m[20.624][linker]-[Debug]-[DjiProtocol_v1Unpack:215) <0x9dfa>V1-Recv: 0x0300->0x0A06 0x036C [0m
[37m[20.625][linker]-[Debug]-[DjiCommand_RecvWork:1066)  <0x9dfa>Receive msg from linker, 0x0300->0x0A06 0x036C len:71 [0m
[37m[20.625][linker]-[Debug]-[DjiCommand_DealCmd:919) received unsupport request cmd that noneed ack, <0x9dfa> cmdset: 0x03 cmdid: 0x6C [0m
[37m[20.642][linker]-[Debug]-[DjiProtocol_v1Unpack:215) <0x9e18>V1-Recv: 0x0300->0x0A06 0x4900 [0m
[37m[20.643][linker]-[Debug]-[DjiCommand_RecvWork:1066)  <0x9e18>Receive msg from linker, 0x0300->0x0A06 0x4900 len:14 [0m
[37m[20.643][linker]-[Debug]-[DjiProtocol_v1Pack:123) <0x9e18>V1-Send: 0x0A06->0x0300 0x4900 [0m
[37m[20.644][linker]-[Debug]-[DjiProtocol_v1Pack:123) <0x5347>V1-Send: 0x0A06->0x0200 0x3C10 [0m
[37m[20.644][linker]-[Debug]-[DjiProtocol_v1Pack:123) <0x5348>V1-Send: 0x0A06->0x0A01 0x3C10 [0m
[37m[20.644][linker]-[Debug]-[DjiProtocol_v1Pack:123) <0x5349>V1-Send: 0x0A06->0x0300 0x3C10 [0m
[37m[20.665][linker]-[Debug]-[DjiProtocol_v1Unpack:215) <0x9e35>V1-Recv: 0x0306->0x0A06 0x03C1 [0m
[37m[20.665][linker]-[Debug]-[DjiCommand_RecvWork:1066)  <0x9e35>Receive msg from linker, 0x0306->0x0A06 0x03C1 len:113 [0m
[37m[20.682][linker]-[Debug]-[DjiProtocol_v1Unpack:215) <0x9e5b>V1-Recv: 0x0300->0x0A06 0x221B [0m
[37m[20.682][linker]-[Debug]-[DjiCommand_RecvWork:1066)  <0x9e5b>Receive msg from linker, 0x0300->0x0A06 0x221B len:9 [0m
[37m[20.682][linker]-[Debug]-[DjiCommand_DealCmd:919) received unsupport request cmd that noneed ack, <0x9e5b> cmdset: 0x22 cmdid: 0x1B [0m
[37m[20.694][linker]-[Debug]-[DjiProtocol_v1Unpack:215) <0x11a6>V1-Recv: 0x1D07->0x0A06 0x2105 [0m
[37m[20.695][linker]-[Debug]-[DjiCommand_RecvWork:1066)  <0x11a6>Receive msg from linker, 0x1D07->0x0A06 0x2105 len:1 [0m
[37m[20.695][linker]-[Debug]-[DjiCommand_DealCmd:919) received unsupport request cmd that need ack, <0x11a6> cmdset: 0x21 cmdid: 0x05 [0m
[37m[20.701][linker]-[Debug]-[DjiProtocol_v1Unpack:215) <0x9e79>V1-Recv: 0x0306->0x0A06 0x03C1 [0m
[37m[20.702][linker]-[Debug]-[DjiCommand_RecvWork:1066)  <0x9e79>Receive msg from linker, 0x0306->0x0A06 0x03C1 len:13 [0m
[32m[20.706][user]-[Info]-[UserFcSubscription_Task:458) gps position: x 117.120747 y 39.126572 z 9.784000. [0m
[32m[20.706][user]-[Info]-[UserFcSubscription_Task:470) gps total satellite number used: 3 9 14.
GPS fixState: 3.000000. [0m
[32m[20.706][user]-[Info]-[UserFcSubscription_Task:487) Homepoint info: lat->39.126699, lon->117.120801. [0m
[32m[20.706][user]-[Info]-[UserFcSubscription_Task:512) RTK position solution state: 16. [0m
[32m[20.706][user]-[Info]-[UserFcSubscription_Task:528) RTK position: 117.120656 39.126748 -10.097059. [0m
[32m[20.706][user]-[Info]-[UserFcSubscription_Task:573) Altitude of homepoint: 3.474473. [0m
[32m[20.706][user]-[Info]-[UserFcSubscription_Task:586) Battery info: 39. [0m
[32m[20.706][user]-[Info]-[UserFcSubscription_Task:600) Flight status: 0. [0m
[32m[20.706][user]-[Info]-[UserFcSubscription_Task:620) Displaymode status: 6. [0m
[37m[20.706][user]-[Debug]-[UserFcSubscription_Task:633) Timestamp: millisecond 4536992 microsecond 242025099. [0m
[37m[20.706][user]-[Debug]-[UserFcSubscription_Task:634) Relative height fusion is -0.000000 m [0m
[37m[20.724][linker]-[Debug]-[DjiProtocol_v1Unpack:215) <0x9e9e>V1-Recv: 0x0300->0x0A06 0x036C [0m
[37m[20.725][linker]-[Debug]-[DjiCommand_RecvWork:1066)  <0x9e9e>Receive msg from linker, 0x0300->0x0A06 0x036C len:71 [0m
[37m[20.725][linker]-[Debug]-[DjiCommand_DealCmd:919) received unsupport request cmd that noneed ack, <0x9e9e> cmdset: 0x03 cmdid: 0x6C [0m
[37m[20.743][linker]-[Debug]-[DjiProtocol_v1Unpack:215) <0x9ec2>V1-Recv: 0x0300->0x0A06 0x4900 [0m
[37m[20.743][linker]-[Debug]-[DjiCommand_RecvWork:1066)  <0x9ec2>Receive msg from linker, 0x0300->0x0A06 0x4900 len:14 [0m
[37m[20.743][linker]-[Debug]-[DjiProtocol_v1Pack:123) <0x9ec2>V1-Send: 0x0A06->0x0300 0x4900 [0m
[37m[20.750][linker]-[Debug]-[DjiProtocol_v1Unpack:215) <0xbd2>V1-Recv: 0x0701->0x0A06 0x0000 [0m
[37m[20.751][linker]-[Debug]-[DjiCommand_RecvWork:1066)  <0xbd2>Receive msg from linker, 0x0701->0x0A06 0x0000 len:16 [0m
[37m[20.751][linker]-[Debug]-[DjiProtocol_v1Pack:123) <0xbd2>V1-Send: 0x0A06->0x0701 0x0000 [0m
[37m[20.758][linker]-[Debug]-[DjiProtocol_v1Unpack:215) <0x226b>V1-Recv: 0x0800->0x0A06 0x0866 [0m
[37m[20.758][linker]-[Debug]-[DjiCommand_RecvWork:1066)  <0x226b>Receive msg from linker, 0x0800->0x0A06 0x0866 len:17 [0m
[37m[20.758][linker]-[Debug]-[DjiCommand_DealCmd:919) received unsupport request cmd that noneed ack, <0x226b> cmdset: 0x08 cmdid: 0x66 [0m
[37m[20.781][linker]-[Debug]-[DjiProtocol_v1Unpack:215) <0x9f04>V1-Recv: 0x0300->0x0A06 0x221B [0m
[37m[20.782][linker]-[Debug]-[DjiCommand_RecvWork:1066)  <0x9f04>Receive msg from linker, 0x0300->0x0A06 0x221B len:9 [0m
[37m[20.782][linker]-[Debug]-[DjiCommand_DealCmd:919) received unsupport request cmd that noneed ack, <0x9f04> cmdset: 0x22 cmdid: 0x1B [0m
[37m[20.800][linker]-[Debug]-[DjiProtocol_v1Unpack:215) <0x9f22>V1-Recv: 0x0306->0x0A06 0x03C1 [0m
[37m[20.800][linker]-[Debug]-[DjiCommand_RecvWork:1066)  <0x9f22>Receive msg from linker, 0x0306->0x0A06 0x03C1 len:13 [0m
[37m[20.824][linker]-[Debug]-[DjiProtocol_v1Unpack:215) <0x9f42>V1-Recv: 0x0300->0x0A06 0x036C [0m
[37m[20.825][linker]-[Debug]-[DjiCommand_RecvWork:1066)  <0x9f42>Receive msg from linker, 0x0300->0x0A06 0x036C len:71 [0m
[37m[20.825][linker]-[Debug]-[DjiCommand_DealCmd:919) received unsupport request cmd that noneed ack, <0x9f42> cmdset: 0x03 cmdid: 0x6C [0m
[37m[20.842][linker]-[Debug]-[DjiProtocol_v1Unpack:215) <0x9f64>V1-Recv: 0x0300->0x0A06 0x4900 [0m
[37m[20.843][linker]-[Debug]-[DjiCommand_RecvWork:1066)  <0x9f64>Receive msg from linker, 0x0300->0x0A06 0x4900 len:14 [0m
[37m[20.843][linker]-[Debug]-[DjiProtocol_v1Pack:123) <0x9f64>V1-Send: 0x0A06->0x0300 0x4900 [0m
[37m[20.858][linker]-[Debug]-[DjiProtocol_v1Pack:123) <0x534a>V1-Send: 0x0A06->0x0200 0x3C10 [0m
[37m[20.858][linker]-[Debug]-[DjiProtocol_v1Pack:123) <0x534b>V1-Send: 0x0A06->0x0A01 0x3C10 [0m
[37m[20.858][linker]-[Debug]-[DjiProtocol_v1Pack:123) <0x534c>V1-Send: 0x0A06->0x0300 0x3C10 [0m
[37m[20.881][linker]-[Debug]-[DjiProtocol_v1Unpack:215) <0x9fa4>V1-Recv: 0x0300->0x0A06 0x221B [0m
[37m[20.881][linker]-[Debug]-[DjiCommand_RecvWork:1066)  <0x9fa4>Receive msg from linker, 0x0300->0x0A06 0x221B len:9 [0m
[37m[20.881][linker]-[Debug]-[DjiCommand_DealCmd:919) received unsupport request cmd that noneed ack, <0x9fa4> cmdset: 0x22 cmdid: 0x1B [0m
[37m[20.900][linker]-[Debug]-[DjiProtocol_v1Unpack:215) <0x9fc3>V1-Recv: 0x0306->0x0A06 0x03C1 [0m
[37m[20.901][linker]-[Debug]-[DjiCommand_RecvWork:1066)  <0x9fc3>Receive msg from linker, 0x0306->0x0A06 0x03C1 len:13 [0m
[37m[20.924][linker]-[Debug]-[DjiProtocol_v1Unpack:215) <0x9fe8>V1-Recv: 0x0300->0x0A06 0x036C [0m
[37m[20.924][linker]-[Debug]-[DjiCommand_RecvWork:1066)  <0x9fe8>Receive msg from linker, 0x0300->0x0A06 0x036C len:71 [0m
[37m[20.924][linker]-[Debug]-[DjiCommand_DealCmd:919) received unsupport request cmd that noneed ack, <0x9fe8> cmdset: 0x03 cmdid: 0x6C [0m
[37m[20.943][linker]-[Debug]-[DjiProtocol_v1Unpack:215) <0xa011>V1-Recv: 0x0300->0x0A06 0x4900 [0m
[37m[20.943][linker]-[Debug]-[DjiCommand_RecvWork:1066)  <0xa011>Receive msg from linker, 0x0300->0x0A06 0x4900 len:14 [0m
[37m[20.943][linker]-[Debug]-[DjiProtocol_v1Pack:123) <0xa011>V1-Send: 0x0A06->0x0300 0x4900 [0m
[37m[20.981][linker]-[Debug]-[DjiProtocol_v1Unpack:215) <0xa053>V1-Recv: 0x0300->0x0A06 0x221B [0m
[37m[20.982][linker]-[Debug]-[DjiCommand_RecvWork:1066)  <0xa053>Receive msg from linker, 0x0300->0x0A06 0x221B len:9 [0m
[37m[20.982][linker]-[Debug]-[DjiCommand_DealCmd:919) received unsupport request cmd that noneed ack, <0xa053> cmdset: 0x22 cmdid: 0x1B [0m
[37m[21.001][linker]-[Debug]-[DjiProtocol_v1Unpack:215) <0xa071>V1-Recv: 0x0306->0x0A06 0x03C1 [0m
[37m[21.001][linker]-[Debug]-[DjiCommand_RecvWork:1066)  <0xa071>Receive msg from linker, 0x0306->0x0A06 0x03C1 len:13 [0m
[37m[21.008][linker]-[Debug]-[DjiProtocol_v1Unpack:215) <0x226c>V1-Recv: 0x0800->0x0A06 0x0866 [0m
[37m[21.008][linker]-[Debug]-[DjiCommand_RecvWork:1066)  <0x226c>Receive msg from linker, 0x0800->0x0A06 0x0866 len:17 [0m
[37m[21.008][linker]-[Debug]-[DjiCommand_DealCmd:919) received unsupport request cmd that noneed ack, <0x226c> cmdset: 0x08 cmdid: 0x66 [0m
[37m[21.024][linker]-[Debug]-[DjiProtocol_v1Unpack:215) <0xa093>V1-Recv: 0x0300->0x0A06 0x036C [0m
[37m[21.025][linker]-[Debug]-[DjiCommand_RecvWork:1066)  <0xa093>Receive msg from linker, 0x0300->0x0A06 0x036C len:71 [0m
[37m[21.025][linker]-[Debug]-[DjiCommand_DealCmd:919) received unsupport request cmd that noneed ack, <0xa093> cmdset: 0x03 cmdid: 0x6C [0m
[37m[21.042][linker]-[Debug]-[DjiProtocol_v1Unpack:215) <0xa0b2>V1-Recv: 0x0300->0x0A06 0x4900 [0m
[37m[21.043][linker]-[Debug]-[DjiCommand_RecvWork:1066)  <0xa0b2>Receive msg from linker, 0x0300->0x0A06 0x4900 len:14 [0m
[37m[21.043][linker]-[Debug]-[DjiProtocol_v1Pack:123) <0xa0b2>V1-Send: 0x0A06->0x0300 0x4900 [0m
[37m[21.070][linker]-[Debug]-[DjiProtocol_v1Pack:123) <0x534d>V1-Send: 0x0A06->0x0300 0x0000 [0m
[37m[21.070][infor]-[Debug]-[DjiAircraftConnection_CheckExtensionPortConnectStatusByV1Protocol:170) check connect status:1 [0m
[37m[21.071][linker]-[Debug]-[DjiProtocol_v1Pack:123) <0x534e>V1-Send: 0x0A06->0x0200 0x3C10 [0m
[37m[21.071][linker]-[Debug]-[DjiProtocol_v1Pack:123) <0x534f>V1-Send: 0x0A06->0x0A01 0x3C10 [0m
[37m[21.071][linker]-[Debug]-[DjiProtocol_v1Pack:123) <0x5350>V1-Send: 0x0A06->0x0300 0x3C10 [0m
[37m[21.086][linker]-[Debug]-[DjiProtocol_v1Unpack:215) <0x534d>V1-Recv: 0x0300->0x0A06 0x0000 [0m
[37m[21.086][linker]-[Debug]-[DjiProtocol_v1Unpack:215) <0xa0f1>V1-Recv: 0x0300->0x0A06 0x221B [0m
[37m[21.086][linker]-[Debug]-[DjiProtocol_v1Unpack:215) <0xa0f8>V1-Recv: 0x0300->0x0A06 0x0F74 [0m
[37m[21.086][linker]-[Debug]-[DjiProtocol_v1Unpack:215) <0xa0f9>V1-Recv: 0x0300->0x0100 0x0406 [0m
[37m[21.086][linker]-[Debug]-[DjiProtocol_v1Unpack:215) <0xa0fa>V1-Recv: 0x0300->0x0100 0x0407 [0m
[37m[21.086][linker]-[Debug]-[DjiCommand_RecvWork:1066)  <0x534d>Receive msg from linker, 0x0300->0x0A06 0x0000 len:0 [0m
[37m[21.086][infor]-[Debug]-[DjiAircraftInfo_CheckPingStatusAsyncCallback:269) connect status async sucess [0m
[37m[21.086][linker]-[Debug]-[DjiCommand_DealCmd:830) callback function (cmdset: 0x00 cmdid: 0x00) deal time: 0 ms [0m
[37m[21.087][linker]-[Debug]-[DjiCommand_RecvWork:1066)  <0xa0f1>Receive msg from linker, 0x0300->0x0A06 0x221B len:9 [0m
[37m[21.087][linker]-[Debug]-[DjiCommand_DealCmd:919) received unsupport request cmd that noneed ack, <0xa0f1> cmdset: 0x22 cmdid: 0x1B [0m
[37m[21.088][linker]-[Debug]-[DjiCommand_RecvWork:1066)  <0xa0f8>Receive msg from linker, 0x0300->0x0A06 0x0F74 len:28 [0m
[37m[21.088][linker]-[Debug]-[DjiCommand_DealCmd:919) received unsupport request cmd that noneed ack, <0xa0f8> cmdset: 0x0F cmdid: 0x74 [0m
[37m[21.090][linker]-[Debug]-[DjiCommand_RecvWork:1066)  <0xa0f9>Receive msg from linker, 0x0300->0x0100 0x0406 len:12 [0m
[37m[21.090][linker]-[Debug]-[DjiCommand_DealCmd:919) received unsupport request cmd that noneed ack, <0xa0f9> cmdset: 0x04 cmdid: 0x06 [0m
[37m[21.091][linker]-[Debug]-[DjiCommand_RecvWork:1066)  <0xa0fa>Receive msg from linker, 0x0300->0x0100 0x0407 len:1 [0m
[37m[21.091][linker]-[Debug]-[DjiCommand_DealCmd:919) received unsupport request cmd that noneed ack, <0xa0fa> cmdset: 0x04 cmdid: 0x07 [0m
[37m[21.101][linker]-[Debug]-[DjiProtocol_v1Unpack:215) <0xa115>V1-Recv: 0x0306->0x0A06 0x03C1 [0m
[37m[21.101][linker]-[Debug]-[DjiCommand_RecvWork:1066)  <0xa115>Receive msg from linker, 0x0306->0x0A06 0x03C1 len:13 [0m
[37m[21.124][linker]-[Debug]-[DjiProtocol_v1Unpack:215) <0xa137>V1-Recv: 0x0300->0x0A06 0x036C [0m
[37m[21.125][linker]-[Debug]-[DjiCommand_RecvWork:1066)  <0xa137>Receive msg from linker, 0x0300->0x0A06 0x036C len:71 [0m
[37m[21.125][linker]-[Debug]-[DjiCommand_DealCmd:919) received unsupport request cmd that noneed ack, <0xa137> cmdset: 0x03 cmdid: 0x6C [0m
[37m[21.143][linker]-[Debug]-[DjiProtocol_v1Unpack:215) <0xa165>V1-Recv: 0x0300->0x0A06 0x4900 [0m
[37m[21.144][linker]-[Debug]-[DjiCommand_RecvWork:1066)  <0xa165>Receive msg from linker, 0x0300->0x0A06 0x4900 len:14 [0m
[37m[21.144][linker]-[Debug]-[DjiProtocol_v1Pack:123) <0xa165>V1-Send: 0x0A06->0x0300 0x4900 [0m
[37m[21.182][linker]-[Debug]-[DjiProtocol_v1Unpack:215) <0xa1a8>V1-Recv: 0x0300->0x0A06 0x221B [0m
[37m[21.182][linker]-[Debug]-[DjiCommand_RecvWork:1066)  <0xa1a8>Receive msg from linker, 0x0300->0x0A06 0x221B len:9 [0m
[37m[21.182][linker]-[Debug]-[DjiCommand_DealCmd:919) received unsupport request cmd that noneed ack, <0xa1a8> cmdset: 0x22 cmdid: 0x1B [0m
[37m[21.201][linker]-[Debug]-[DjiProtocol_v1Unpack:215) <0xa1ca>V1-Recv: 0x0306->0x0A06 0x03C1 [0m
[37m[21.201][linker]-[Debug]-[DjiCommand_RecvWork:1066)  <0xa1ca>Receive msg from linker, 0x0306->0x0A06 0x03C1 len:13 [0m
[37m[21.224][linker]-[Debug]-[DjiProtocol_v1Unpack:215) <0xa1f2>V1-Recv: 0x0300->0x0A06 0x036C [0m
[37m[21.225][linker]-[Debug]-[DjiCommand_RecvWork:1066)  <0xa1f2>Receive msg from linker, 0x0300->0x0A06 0x036C len:71 [0m
[37m[21.225][linker]-[Debug]-[DjiCommand_DealCmd:919) received unsupport request cmd that noneed ack, <0xa1f2> cmdset: 0x03 cmdid: 0x6C [0m
[37m[21.242][linker]-[Debug]-[DjiProtocol_v1Unpack:215) <0xa212>V1-Recv: 0x0300->0x0A06 0x4900 [0m
[37m[21.243][linker]-[Debug]-[DjiCommand_RecvWork:1066)  <0xa212>Receive msg from linker, 0x0300->0x0A06 0x4900 len:14 [0m
[37m[21.243][linker]-[Debug]-[DjiProtocol_v1Pack:123) <0xa212>V1-Send: 0x0A06->0x0300 0x4900 [0m
[37m[21.258][linker]-[Debug]-[DjiProtocol_v1Unpack:215) <0x226d>V1-Recv: 0x0800->0x0A06 0x0866 [0m
[37m[21.259][linker]-[Debug]-[DjiCommand_RecvWork:1066)  <0x226d>Receive msg from linker, 0x0800->0x0A06 0x0866 len:17 [0m
[37m[21.259][linker]-[Debug]-[DjiCommand_DealCmd:919) received unsupport request cmd that noneed ack, <0x226d> cmdset: 0x08 cmdid: 0x66 [0m
[37m[21.281][linker]-[Debug]-[DjiProtocol_v1Unpack:215) <0xa253>V1-Recv: 0x0300->0x0A06 0x221B [0m
[37m[21.282][linker]-[Debug]-[DjiCommand_RecvWork:1066)  <0xa253>Receive msg from linker, 0x0300->0x0A06 0x221B len:9 [0m
[37m[21.282][linker]-[Debug]-[DjiCommand_DealCmd:919) received unsupport request cmd that noneed ack, <0xa253> cmdset: 0x22 cmdid: 0x1B [0m
[37m[21.284][linker]-[Debug]-[DjiProtocol_v1Pack:123) <0x5351>V1-Send: 0x0A06->0x0200 0x3C10 [0m
[37m[21.284][linker]-[Debug]-[DjiProtocol_v1Pack:123) <0x5352>V1-Send: 0x0A06->0x0A01 0x3C10 [0m
[37m[21.284][linker]-[Debug]-[DjiProtocol_v1Pack:123) <0x5353>V1-Send: 0x0A06->0x0300 0x3C10 [0m
[37m[21.300][linker]-[Debug]-[DjiProtocol_v1Unpack:215) <0xa272>V1-Recv: 0x0306->0x0A06 0x03C1 [0m
[37m[21.301][linker]-[Debug]-[DjiCommand_RecvWork:1066)  <0xa272>Receive msg from linker, 0x0306->0x0A06 0x03C1 len:13 [0m
[37m[21.324][linker]-[Debug]-[DjiProtocol_v1Unpack:215) <0xa298>V1-Recv: 0x0300->0x0A06 0x036C [0m
[37m[21.325][linker]-[Debug]-[DjiCommand_RecvWork:1066)  <0xa298>Receive msg from linker, 0x0300->0x0A06 0x036C len:71 [0m
[37m[21.325][linker]-[Debug]-[DjiCommand_DealCmd:919) received unsupport request cmd that noneed ack, <0xa298> cmdset: 0x03 cmdid: 0x6C [0m
[37m[21.343][linker]-[Debug]-[DjiProtocol_v1Unpack:215) <0xa2c5>V1-Recv: 0x0300->0x0A06 0x4900 [0m
[37m[21.344][linker]-[Debug]-[DjiCommand_RecvWork:1066)  <0xa2c5>Receive msg from linker, 0x0300->0x0A06 0x4900 len:14 [0m
[37m[21.344][linker]-[Debug]-[DjiProtocol_v1Pack:123) <0xa2c5>V1-Send: 0x0A06->0x0300 0x4900 [0m
[37m[21.345][utils]-[Debug]-[DjiCore_RootTask:131) work execution time: [0m
[37m[21.345][utils]-[Debug]-[DjiCore_RootTask:132) name	                execution time (ms)	  max execution time (ms) [0m
[37m[21.345][utils]-[Debug]-[DjiCore_RootTask:134) recorderWork                    	1       	1        [0m
[37m[21.345][utils]-[Debug]-[DjiCore_RootTask:134) flowControllerTask              	0       	1        [0m
[37m[21.345][utils]-[Debug]-[DjiCore_RootTask:134) commandTask                     	1       	1        [0m
[37m[21.345][utils]-[Debug]-[DjiCore_RootTask:134) aircraftWorkNode                	0       	1        [0m
[37m[21.345][utils]-[Debug]-[DjiCore_RootTask:134) StatePushWork                   	1       	1        [0m
[37m[21.381][linker]-[Debug]-[DjiProtocol_v1Unpack:215) <0xa312>V1-Recv: 0x0300->0x0A06 0x221B [0m
[37m[21.381][linker]-[Debug]-[DjiCommand_RecvWork:1066)  <0xa312>Receive msg from linker, 0x0300->0x0A06 0x221B len:9 [0m
[37m[21.381][linker]-[Debug]-[DjiCommand_DealCmd:919) received unsupport request cmd that noneed ack, <0xa312> cmdset: 0x22 cmdid: 0x1B [0m
[37m[21.400][linker]-[Debug]-[DjiProtocol_v1Unpack:215) <0xa330>V1-Recv: 0x0306->0x0A06 0x03C1 [0m
[37m[21.401][linker]-[Debug]-[DjiCommand_RecvWork:1066)  <0xa330>Receive msg from linker, 0x0306->0x0A06 0x03C1 len:13 [0m
[37m[21.424][linker]-[Debug]-[DjiProtocol_v1Unpack:215) <0xa352>V1-Recv: 0x0300->0x0A06 0x036C [0m
[37m[21.424][linker]-[Debug]-[DjiCommand_RecvWork:1066)  <0xa352>Receive msg from linker, 0x0300->0x0A06 0x036C len:71 [0m
[37m[21.424][linker]-[Debug]-[DjiCommand_DealCmd:919) received unsupport request cmd that noneed ack, <0xa352> cmdset: 0x03 cmdid: 0x6C [0m
[37m[21.442][linker]-[Debug]-[DjiProtocol_v1Unpack:215) <0xa370>V1-Recv: 0x0300->0x0A06 0x4900 [0m
[37m[21.442][linker]-[Debug]-[DjiCommand_RecvWork:1066)  <0xa370>Receive msg from linker, 0x0300->0x0A06 0x4900 len:14 [0m
[37m[21.442][linker]-[Debug]-[DjiProtocol_v1Pack:123) <0xa370>V1-Send: 0x0A06->0x0300 0x4900 [0m
[37m[21.481][linker]-[Debug]-[DjiProtocol_v1Unpack:215) <0xa3b1>V1-Recv: 0x0300->0x0A06 0x221B [0m
[37m[21.482][linker]-[Debug]-[DjiCommand_RecvWork:1066)  <0xa3b1>Receive msg from linker, 0x0300->0x0A06 0x221B len:9 [0m
[37m[21.482][linker]-[Debug]-[DjiCommand_DealCmd:919) received unsupport request cmd that noneed ack, <0xa3b1> cmdset: 0x22 cmdid: 0x1B [0m
[37m[21.492][linker]-[Debug]-[DjiProtocol_v1Unpack:215) <0xa802>V1-Recv: 0x0202->0x0A06 0x0026 [0m
[37m[21.492][linker]-[Debug]-[DjiCommand_RecvWork:1066)  <0xa802>Receive msg from linker, 0x0202->0x0A06 0x0026 len:37 [0m
[37m[21.492][linker]-[Debug]-[DjiCommand_DealCmd:919) received unsupport request cmd that need ack, <0xa802> cmdset: 0x00 cmdid: 0x26 [0m
[37m[21.498][linker]-[Debug]-[DjiProtocol_v1Pack:123) <0x5354>V1-Send: 0x0A06->0x0200 0x3C10 [0m
[37m[21.498][linker]-[Debug]-[DjiProtocol_v1Pack:123) <0x5355>V1-Send: 0x0A06->0x0A01 0x3C10 [0m
[37m[21.498][linker]-[Debug]-[DjiProtocol_v1Pack:123) <0x5356>V1-Send: 0x0A06->0x0300 0x3C10 [0m
[37m[21.500][linker]-[Debug]-[DjiProtocol_v1Unpack:215) <0xa3ce>V1-Recv: 0x0306->0x0A06 0x03C1 [0m
[37m[21.501][linker]-[Debug]-[DjiCommand_RecvWork:1066)  <0xa3ce>Receive msg from linker, 0x0306->0x0A06 0x03C1 len:13 [0m
[37m[21.508][linker]-[Debug]-[DjiProtocol_v1Unpack:215) <0x226e>V1-Recv: 0x0800->0x0A06 0x0866 [0m
[37m[21.508][linker]-[Debug]-[DjiCommand_RecvWork:1066)  <0x226e>Receive msg from linker, 0x0800->0x0A06 0x0866 len:17 [0m
[37m[21.508][linker]-[Debug]-[DjiCommand_DealCmd:919) received unsupport request cmd that noneed ack, <0x226e> cmdset: 0x08 cmdid: 0x66 [0m
[37m[21.524][linker]-[Debug]-[DjiProtocol_v1Unpack:215) <0xa3f1>V1-Recv: 0x0300->0x0A06 0x036C [0m
[37m[21.524][linker]-[Debug]-[DjiCommand_RecvWork:1066)  <0xa3f1>Receive msg from linker, 0x0300->0x0A06 0x036C len:71 [0m
[37m[21.524][linker]-[Debug]-[DjiCommand_DealCmd:919) received unsupport request cmd that noneed ack, <0xa3f1> cmdset: 0x03 cmdid: 0x6C [0m
[37m[21.542][linker]-[Debug]-[DjiProtocol_v1Unpack:215) <0xa418>V1-Recv: 0x0300->0x0A06 0x4900 [0m
[37m[21.542][linker]-[Debug]-[DjiCommand_RecvWork:1066)  <0xa418>Receive msg from linker, 0x0300->0x0A06 0x4900 len:14 [0m
[37m[21.542][linker]-[Debug]-[DjiProtocol_v1Pack:123) <0xa418>V1-Send: 0x0A06->0x0300 0x4900 [0m
[37m[21.583][linker]-[Debug]-[DjiProtocol_v1Unpack:215) <0xa45c>V1-Recv: 0x0300->0x0A06 0x221B [0m
[37m[21.583][linker]-[Debug]-[DjiProtocol_v1Unpack:215) <0xa460>V1-Recv: 0x0300->0x0100 0x0405 [0m
[37m[21.583][linker]-[Debug]-[DjiCommand_RecvWork:1066)  <0xa45c>Receive msg from linker, 0x0300->0x0A06 0x221B len:9 [0m
[37m[21.583][linker]-[Debug]-[DjiCommand_DealCmd:919) received unsupport request cmd that noneed ack, <0xa45c> cmdset: 0x22 cmdid: 0x1B [0m
[37m[21.584][linker]-[Debug]-[DjiCommand_RecvWork:1066)  <0xa460>Receive msg from linker, 0x0300->0x0100 0x0405 len:22 [0m
[37m[21.584][linker]-[Debug]-[DjiCommand_DealCmd:919) received unsupport request cmd that noneed ack, <0xa460> cmdset: 0x04 cmdid: 0x05 [0m
[37m[21.600][linker]-[Debug]-[DjiProtocol_v1Unpack:215) <0xa47b>V1-Recv: 0x0306->0x0A06 0x03C1 [0m
[37m[21.600][linker]-[Debug]-[DjiCommand_RecvWork:1066)  <0xa47b>Receive msg from linker, 0x0306->0x0A06 0x03C1 len:13 [0m
[37m[21.624][linker]-[Debug]-[DjiProtocol_v1Unpack:215) <0xa49a>V1-Recv: 0x0300->0x0A06 0x036C [0m
[37m[21.624][linker]-[Debug]-[DjiCommand_RecvWork:1066)  <0xa49a>Receive msg from linker, 0x0300->0x0A06 0x036C len:71 [0m
[37m[21.624][linker]-[Debug]-[DjiCommand_DealCmd:919) received unsupport request cmd that noneed ack, <0xa49a> cmdset: 0x03 cmdid: 0x6C [0m
[37m[21.642][linker]-[Debug]-[DjiProtocol_v1Unpack:215) <0xa4b8>V1-Recv: 0x0300->0x0A06 0x4900 [0m
[37m[21.642][linker]-[Debug]-[DjiCommand_RecvWork:1066)  <0xa4b8>Receive msg from linker, 0x0300->0x0A06 0x4900 len:14 [0m
[37m[21.642][linker]-[Debug]-[DjiProtocol_v1Pack:123) <0xa4b8>V1-Send: 0x0A06->0x0300 0x4900 [0m
[37m[21.664][linker]-[Debug]-[DjiProtocol_v1Unpack:215) <0xa4d4>V1-Recv: 0x0306->0x0A06 0x03C1 [0m
[37m[21.664][linker]-[Debug]-[DjiCommand_RecvWork:1066)  <0xa4d4>Receive msg from linker, 0x0306->0x0A06 0x03C1 len:113 [0m
[37m[21.681][linker]-[Debug]-[DjiProtocol_v1Unpack:215) <0xa4f8>V1-Recv: 0x0300->0x0A06 0x221B [0m
[37m[21.681][linker]-[Debug]-[DjiCommand_RecvWork:1066)  <0xa4f8>Receive msg from linker, 0x0300->0x0A06 0x221B len:9 [0m
[37m[21.681][linker]-[Debug]-[DjiCommand_DealCmd:919) received unsupport request cmd that noneed ack, <0xa4f8> cmdset: 0x22 cmdid: 0x1B [0m
[37m[21.692][linker]-[Debug]-[DjiProtocol_v1Unpack:215) <0x11a7>V1-Recv: 0x1D07->0x0A06 0x2105 [0m
[37m[21.693][linker]-[Debug]-[DjiCommand_RecvWork:1066)  <0x11a7>Receive msg from linker, 0x1D07->0x0A06 0x2105 len:1 [0m
[37m[21.693][linker]-[Debug]-[DjiCommand_DealCmd:919) received unsupport request cmd that need ack, <0x11a7> cmdset: 0x21 cmdid: 0x05 [0m
[37m[21.701][linker]-[Debug]-[DjiProtocol_v1Unpack:215) <0xa515>V1-Recv: 0x0306->0x0A06 0x03C1 [0m
[37m[21.702][linker]-[Debug]-[DjiCommand_RecvWork:1066)  <0xa515>Receive msg from linker, 0x0306->0x0A06 0x03C1 len:13 [0m
[32m[21.706][user]-[Info]-[UserFcSubscription_Task:458) gps position: x 117.120748 y 39.126571 z 9.851000. [0m
[32m[21.706][user]-[Info]-[UserFcSubscription_Task:470) gps total satellite number used: 4 9 15.
GPS fixState: 3.000000. [0m
[32m[21.706][user]-[Info]-[UserFcSubscription_Task:487) Homepoint info: lat->39.126699, lon->117.120801. [0m
[32m[21.706][user]-[Info]-[UserFcSubscription_Task:512) RTK position solution state: 16. [0m
[32m[21.706][user]-[Info]-[UserFcSubscription_Task:528) RTK position: 117.120656 39.126748 -10.099167. [0m
[32m[21.706][user]-[Info]-[UserFcSubscription_Task:573) Altitude of homepoint: 3.474350. [0m
[32m[21.706][user]-[Info]-[UserFcSubscription_Task:586) Battery info: 39. [0m
[32m[21.706][user]-[Info]-[UserFcSubscription_Task:600) Flight status: 0. [0m
[32m[21.706][user]-[Info]-[UserFcSubscription_Task:620) Displaymode status: 6. [0m
[37m[21.706][user]-[Debug]-[UserFcSubscription_Task:633) Timestamp: millisecond 4537992 microsecond 243025128. [0m
[37m[21.706][user]-[Debug]-[UserFcSubscription_Task:634) Relative height fusion is 0.000000 m [0m
[37m[21.711][linker]-[Debug]-[DjiProtocol_v1Pack:123) <0x5357>V1-Send: 0x0A06->0x0200 0x3C10 [0m
[37m[21.711][linker]-[Debug]-[DjiProtocol_v1Pack:123) <0x5358>V1-Send: 0x0A06->0x0A01 0x3C10 [0m
[37m[21.711][linker]-[Debug]-[DjiProtocol_v1Pack:123) <0x5359>V1-Send: 0x0A06->0x0300 0x3C10 [0m
[37m[21.724][linker]-[Debug]-[DjiProtocol_v1Unpack:215) <0xa53b>V1-Recv: 0x0300->0x0A06 0x036C [0m
[37m[21.725][linker]-[Debug]-[DjiCommand_RecvWork:1066)  <0xa53b>Receive msg from linker, 0x0300->0x0A06 0x036C len:71 [0m
[37m[21.725][linker]-[Debug]-[DjiCommand_DealCmd:919) received unsupport request cmd that noneed ack, <0xa53b> cmdset: 0x03 cmdid: 0x6C [0m
[37m[21.742][linker]-[Debug]-[DjiProtocol_v1Unpack:215) <0xa563>V1-Recv: 0x0300->0x0A06 0x4900 [0m
[37m[21.743][linker]-[Debug]-[DjiCommand_RecvWork:1066)  <0xa563>Receive msg from linker, 0x0300->0x0A06 0x4900 len:14 [0m
[37m[21.743][linker]-[Debug]-[DjiProtocol_v1Pack:123) <0xa563>V1-Send: 0x0A06->0x0300 0x4900 [0m
[37m[21.751][linker]-[Debug]-[DjiProtocol_v1Unpack:215) <0xbd3>V1-Recv: 0x0701->0x0A06 0x0000 [0m
[37m[21.752][linker]-[Debug]-[DjiCommand_RecvWork:1066)  <0xbd3>Receive msg from linker, 0x0701->0x0A06 0x0000 len:16 [0m
[37m[21.752][linker]-[Debug]-[DjiProtocol_v1Pack:123) <0xbd3>V1-Send: 0x0A06->0x0701 0x0000 [0m
[37m[21.758][linker]-[Debug]-[DjiProtocol_v1Unpack:215) <0x226f>V1-Recv: 0x0800->0x0A06 0x0866 [0m
[37m[21.759][linker]-[Debug]-[DjiCommand_RecvWork:1066)  <0x226f>Receive msg from linker, 0x0800->0x0A06 0x0866 len:17 [0m
[37m[21.759][linker]-[Debug]-[DjiCommand_DealCmd:919) received unsupport request cmd that noneed ack, <0x226f> cmdset: 0x08 cmdid: 0x66 [0m
[37m[21.782][linker]-[Debug]-[DjiProtocol_v1Unpack:215) <0xa5a3>V1-Recv: 0x0300->0x0A06 0x221B [0m
[37m[21.783][linker]-[Debug]-[DjiCommand_RecvWork:1066)  <0xa5a3>Receive msg from linker, 0x0300->0x0A06 0x221B len:9 [0m
[37m[21.783][linker]-[Debug]-[DjiCommand_DealCmd:919) received unsupport request cmd that noneed ack, <0xa5a3> cmdset: 0x22 cmdid: 0x1B [0m
[37m[21.801][linker]-[Debug]-[DjiProtocol_v1Unpack:215) <0xa5c1>V1-Recv: 0x0306->0x0A06 0x03C1 [0m
[37m[21.802][linker]-[Debug]-[DjiCommand_RecvWork:1066)  <0xa5c1>Receive msg from linker, 0x0306->0x0A06 0x03C1 len:13 [0m
[37m[21.824][linker]-[Debug]-[DjiProtocol_v1Unpack:215) <0xa5e0>V1-Recv: 0x0300->0x0A06 0x036C [0m
[37m[21.825][linker]-[Debug]-[DjiCommand_RecvWork:1066)  <0xa5e0>Receive msg from linker, 0x0300->0x0A06 0x036C len:71 [0m
[37m[21.825][linker]-[Debug]-[DjiCommand_DealCmd:919) received unsupport request cmd that noneed ack, <0xa5e0> cmdset: 0x03 cmdid: 0x6C [0m
[37m[21.842][linker]-[Debug]-[DjiProtocol_v1Unpack:215) <0xa600>V1-Recv: 0x0300->0x0A06 0x4900 [0m
[37m[21.843][linker]-[Debug]-[DjiCommand_RecvWork:1066)  <0xa600>Receive msg from linker, 0x0300->0x0A06 0x4900 len:14 [0m
[37m[21.843][linker]-[Debug]-[DjiProtocol_v1Pack:123) <0xa600>V1-Send: 0x0A06->0x0300 0x4900 [0m
[37m[21.882][linker]-[Debug]-[DjiProtocol_v1Unpack:215) <0xa640>V1-Recv: 0x0300->0x0A06 0x221B [0m
[37m[21.883][linker]-[Debug]-[DjiCommand_RecvWork:1066)  <0xa640>Receive msg from linker, 0x0300->0x0A06 0x221B len:9 [0m
[37m[21.883][linker]-[Debug]-[DjiCommand_DealCmd:919) received unsupport request cmd that noneed ack, <0xa640> cmdset: 0x22 cmdid: 0x1B [0m
[37m[21.901][linker]-[Debug]-[DjiProtocol_v1Unpack:215) <0xa65e>V1-Recv: 0x0306->0x0A06 0x03C1 [0m
[37m[21.902][linker]-[Debug]-[DjiCommand_RecvWork:1066)  <0xa65e>Receive msg from linker, 0x0306->0x0A06 0x03C1 len:13 [0m
[37m[21.924][linker]-[Debug]-[DjiProtocol_v1Pack:123) <0x535a>V1-Send: 0x0A06->0x0200 0x3C10 [0m
[37m[21.924][linker]-[Debug]-[DjiProtocol_v1Pack:123) <0x535b>V1-Send: 0x0A06->0x0A01 0x3C10 [0m
[37m[21.924][linker]-[Debug]-[DjiProtocol_v1Pack:123) <0x535c>V1-Send: 0x0A06->0x0300 0x3C10 [0m
[37m[21.924][linker]-[Debug]-[DjiProtocol_v1Unpack:215) <0xa687>V1-Recv: 0x0300->0x0A06 0x036C [0m
[37m[21.925][linker]-[Debug]-[DjiCommand_RecvWork:1066)  <0xa687>Receive msg from linker, 0x0300->0x0A06 0x036C len:71 [0m
[37m[21.925][linker]-[Debug]-[DjiCommand_DealCmd:919) received unsupport request cmd that noneed ack, <0xa687> cmdset: 0x03 cmdid: 0x6C [0m
[37m[21.942][linker]-[Debug]-[DjiProtocol_v1Unpack:215) <0xa6b1>V1-Recv: 0x0300->0x0A06 0x4900 [0m
[37m[21.943][linker]-[Debug]-[DjiCommand_RecvWork:1066)  <0xa6b1>Receive msg from linker, 0x0300->0x0A06 0x4900 len:14 [0m
[37m[21.943][linker]-[Debug]-[DjiProtocol_v1Pack:123) <0xa6b1>V1-Send: 0x0A06->0x0300 0x4900 [0m
[37m[21.981][linker]-[Debug]-[DjiProtocol_v1Unpack:215) <0xa6f1>V1-Recv: 0x0300->0x0A06 0x221B [0m
[37m[21.982][linker]-[Debug]-[DjiCommand_RecvWork:1066)  <0xa6f1>Receive msg from linker, 0x0300->0x0A06 0x221B len:9 [0m
[37m[21.982][linker]-[Debug]-[DjiCommand_DealCmd:919) received unsupport request cmd that noneed ack, <0xa6f1> cmdset: 0x22 cmdid: 0x1B [0m
[37m[22.000][linker]-[Debug]-[DjiProtocol_v1Unpack:215) <0xa70f>V1-Recv: 0x0306->0x0A06 0x03C1 [0m
[37m[22.001][linker]-[Debug]-[DjiCommand_RecvWork:1066)  <0xa70f>Receive msg from linker, 0x0306->0x0A06 0x03C1 len:13 [0m
[37m[22.008][linker]-[Debug]-[DjiProtocol_v1Unpack:215) <0x2270>V1-Recv: 0x0800->0x0A06 0x0866 [0m
[37m[22.008][linker]-[Debug]-[DjiCommand_RecvWork:1066)  <0x2270>Receive msg from linker, 0x0800->0x0A06 0x0866 len:17 [0m
[37m[22.008][linker]-[Debug]-[DjiCommand_DealCmd:919) received unsupport request cmd that noneed ack, <0x2270> cmdset: 0x08 cmdid: 0x66 [0m
[37m[22.024][linker]-[Debug]-[DjiProtocol_v1Unpack:215) <0xa72f>V1-Recv: 0x0300->0x0A06 0x036C [0m
[37m[22.024][linker]-[Debug]-[DjiCommand_RecvWork:1066)  <0xa72f>Receive msg from linker, 0x0300->0x0A06 0x036C len:71 [0m
[37m[22.024][linker]-[Debug]-[DjiCommand_DealCmd:919) received unsupport request cmd that noneed ack, <0xa72f> cmdset: 0x03 cmdid: 0x6C [0m
[37m[22.042][linker]-[Debug]-[DjiProtocol_v1Unpack:215) <0xa74e>V1-Recv: 0x0300->0x0A06 0x4900 [0m
[37m[22.043][linker]-[Debug]-[DjiCommand_RecvWork:1066)  <0xa74e>Receive msg from linker, 0x0300->0x0A06 0x4900 len:14 [0m
[37m[22.043][linker]-[Debug]-[DjiProtocol_v1Pack:123) <0xa74e>V1-Send: 0x0A06->0x0300 0x4900 [0m
[37m[22.084][linker]-[Debug]-[DjiProtocol_v1Unpack:215) <0xa78f>V1-Recv: 0x0300->0x0A06 0x221B [0m
[37m[22.084][linker]-[Debug]-[DjiProtocol_v1Unpack:215) <0xa796>V1-Recv: 0x0300->0x0A06 0x0F74 [0m
[37m[22.084][linker]-[Debug]-[DjiProtocol_v1Unpack:215) <0xa797>V1-Recv: 0x0300->0x0100 0x0406 [0m
[37m[22.084][linker]-[Debug]-[DjiProtocol_v1Unpack:215) <0xa798>V1-Recv: 0x0300->0x0100 0x0407 [0m
[37m[22.085][linker]-[Debug]-[DjiCommand_RecvWork:1066)  <0xa78f>Receive msg from linker, 0x0300->0x0A06 0x221B len:9 [0m
[37m[22.085][linker]-[Debug]-[DjiCommand_DealCmd:919) received unsupport request cmd that noneed ack, <0xa78f> cmdset: 0x22 cmdid: 0x1B [0m
[37m[22.086][linker]-[Debug]-[DjiCommand_RecvWork:1066)  <0xa796>Receive msg from linker, 0x0300->0x0A06 0x0F74 len:28 [0m
[37m[22.086][linker]-[Debug]-[DjiCommand_DealCmd:919) received unsupport request cmd that noneed ack, <0xa796> cmdset: 0x0F cmdid: 0x74 [0m
[37m[22.087][linker]-[Debug]-[DjiCommand_RecvWork:1066)  <0xa797>Receive msg from linker, 0x0300->0x0100 0x0406 len:12 [0m
[37m[22.087][linker]-[Debug]-[DjiCommand_DealCmd:919) received unsupport request cmd that noneed ack, <0xa797> cmdset: 0x04 cmdid: 0x06 [0m
[37m[22.088][linker]-[Debug]-[DjiCommand_RecvWork:1066)  <0xa798>Receive msg from linker, 0x0300->0x0100 0x0407 len:1 [0m
[37m[22.088][linker]-[Debug]-[DjiCommand_DealCmd:919) received unsupport request cmd that noneed ack, <0xa798> cmdset: 0x04 cmdid: 0x07 [0m
[37m[22.100][linker]-[Debug]-[DjiProtocol_v1Unpack:215) <0xa7b3>V1-Recv: 0x0306->0x0A06 0x03C1 [0m
[37m[22.101][linker]-[Debug]-[DjiCommand_RecvWork:1066)  <0xa7b3>Receive msg from linker, 0x0306->0x0A06 0x03C1 len:13 [0m
[37m[22.124][linker]-[Debug]-[DjiProtocol_v1Unpack:215) <0xa7d5>V1-Recv: 0x0300->0x0A06 0x036C [0m
[37m[22.125][linker]-[Debug]-[DjiCommand_RecvWork:1066)  <0xa7d5>Receive msg from linker, 0x0300->0x0A06 0x036C len:71 [0m
[37m[22.125][linker]-[Debug]-[DjiCommand_DealCmd:919) received unsupport request cmd that noneed ack, <0xa7d5> cmdset: 0x03 cmdid: 0x6C [0m
[37m[22.137][linker]-[Debug]-[DjiProtocol_v1Pack:123) <0x535d>V1-Send: 0x0A06->0x0300 0x0000 [0m
[37m[22.137][infor]-[Debug]-[DjiAircraftConnection_CheckExtensionPortConnectStatusByV1Protocol:170) check connect status:1 [0m
[37m[22.138][linker]-[Debug]-[DjiProtocol_v1Pack:123) <0x535e>V1-Send: 0x0A06->0x0200 0x3C10 [0m
[37m[22.138][linker]-[Debug]-[DjiProtocol_v1Pack:123) <0x535f>V1-Send: 0x0A06->0x0A01 0x3C10 [0m
[37m[22.138][linker]-[Debug]-[DjiProtocol_v1Pack:123) <0x5360>V1-Send: 0x0A06->0x0300 0x3C10 [0m
[37m[22.141][linker]-[Debug]-[DjiProtocol_v1Unpack:215) <0x535d>V1-Recv: 0x0300->0x0A06 0x0000 [0m
[37m[22.141][linker]-[Debug]-[DjiCommand_RecvWork:1066)  <0x535d>Receive msg from linker, 0x0300->0x0A06 0x0000 len:0 [0m
[37m[22.141][infor]-[Debug]-[DjiAircraftInfo_CheckPingStatusAsyncCallback:269) connect status async sucess [0m
[37m[22.141][linker]-[Debug]-[DjiCommand_DealCmd:830) callback function (cmdset: 0x00 cmdid: 0x00) deal time: 0 ms [0m
[37m[22.143][linker]-[Debug]-[DjiProtocol_v1Unpack:215) <0xa805>V1-Recv: 0x0300->0x0A06 0x4900 [0m
[37m[22.143][linker]-[Debug]-[DjiCommand_RecvWork:1066)  <0xa805>Receive msg from linker, 0x0300->0x0A06 0x4900 len:14 [0m
[37m[22.143][linker]-[Debug]-[DjiProtocol_v1Pack:123) <0xa805>V1-Send: 0x0A06->0x0300 0x4900 [0m
[37m[22.181][linker]-[Debug]-[DjiProtocol_v1Unpack:215) <0xa84b>V1-Recv: 0x0300->0x0A06 0x221B [0m
[37m[22.182][linker]-[Debug]-[DjiCommand_RecvWork:1066)  <0xa84b>Receive msg from linker, 0x0300->0x0A06 0x221B len:9 [0m
[37m[22.182][linker]-[Debug]-[DjiCommand_DealCmd:919) received unsupport request cmd that noneed ack, <0xa84b> cmdset: 0x22 cmdid: 0x1B [0m
[37m[22.201][linker]-[Debug]-[DjiProtocol_v1Unpack:215) <0xa86d>V1-Recv: 0x0306->0x0A06 0x03C1 [0m
[37m[22.201][linker]-[Debug]-[DjiCommand_RecvWork:1066)  <0xa86d>Receive msg from linker, 0x0306->0x0A06 0x03C1 len:13 [0m
[37m[22.224][linker]-[Debug]-[DjiProtocol_v1Unpack:215) <0xa88f>V1-Recv: 0x0300->0x0A06 0x036C [0m
[37m[22.224][linker]-[Debug]-[DjiCommand_RecvWork:1066)  <0xa88f>Receive msg from linker, 0x0300->0x0A06 0x036C len:71 [0m
[37m[22.224][linker]-[Debug]-[DjiCommand_DealCmd:919) received unsupport request cmd that noneed ack, <0xa88f> cmdset: 0x03 cmdid: 0x6C [0m
[37m[22.242][linker]-[Debug]-[DjiProtocol_v1Unpack:215) <0xa8ad>V1-Recv: 0x0300->0x0A06 0x4900 [0m
[37m[22.242][linker]-[Debug]-[DjiCommand_RecvWork:1066)  <0xa8ad>Receive msg from linker, 0x0300->0x0A06 0x4900 len:14 [0m
[37m[22.242][linker]-[Debug]-[DjiProtocol_v1Pack:123) <0xa8ad>V1-Send: 0x0A06->0x0300 0x4900 [0m
[37m[22.258][linker]-[Debug]-[DjiProtocol_v1Unpack:215) <0x2271>V1-Recv: 0x0800->0x0A06 0x0866 [0m
[37m[22.258][linker]-[Debug]-[DjiCommand_RecvWork:1066)  <0x2271>Receive msg from linker, 0x0800->0x0A06 0x0866 len:17 [0m
[37m[22.258][linker]-[Debug]-[DjiCommand_DealCmd:919) received unsupport request cmd that noneed ack, <0x2271> cmdset: 0x08 cmdid: 0x66 [0m
[37m[22.281][linker]-[Debug]-[DjiProtocol_v1Unpack:215) <0xa8ee>V1-Recv: 0x0300->0x0A06 0x221B [0m
[37m[22.281][linker]-[Debug]-[DjiCommand_RecvWork:1066)  <0xa8ee>Receive msg from linker, 0x0300->0x0A06 0x221B len:9 [0m
[37m[22.281][linker]-[Debug]-[DjiCommand_DealCmd:919) received unsupport request cmd that noneed ack, <0xa8ee> cmdset: 0x22 cmdid: 0x1B [0m
[37m[22.300][linker]-[Debug]-[DjiProtocol_v1Unpack:215) <0xa90d>V1-Recv: 0x0306->0x0A06 0x03C1 [0m
[37m[22.300][linker]-[Debug]-[DjiCommand_RecvWork:1066)  <0xa90d>Receive msg from linker, 0x0306->0x0A06 0x03C1 len:13 [0m
[37m[22.324][linker]-[Debug]-[DjiProtocol_v1Unpack:215) <0xa933>V1-Recv: 0x0300->0x0A06 0x036C [0m
[37m[22.324][linker]-[Debug]-[DjiCommand_RecvWork:1066)  <0xa933>Receive msg from linker, 0x0300->0x0A06 0x036C len:71 [0m
[37m[22.324][linker]-[Debug]-[DjiCommand_DealCmd:919) received unsupport request cmd that noneed ack, <0xa933> cmdset: 0x03 cmdid: 0x6C [0m
[37m[22.343][linker]-[Debug]-[DjiProtocol_v1Unpack:215) <0xa960>V1-Recv: 0x0300->0x0A06 0x4900 [0m
[37m[22.343][linker]-[Debug]-[DjiCommand_RecvWork:1066)  <0xa960>Receive msg from linker, 0x0300->0x0A06 0x4900 len:14 [0m
[37m[22.343][linker]-[Debug]-[DjiProtocol_v1Pack:123) <0xa960>V1-Send: 0x0A06->0x0300 0x4900 [0m
[37m[22.350][linker]-[Debug]-[DjiProtocol_v1Pack:123) <0x5361>V1-Send: 0x0A06->0x0200 0x3C10 [0m
[37m[22.350][linker]-[Debug]-[DjiProtocol_v1Pack:123) <0x5362>V1-Send: 0x0A06->0x0A01 0x3C10 [0m
[37m[22.350][linker]-[Debug]-[DjiProtocol_v1Pack:123) <0x5363>V1-Send: 0x0A06->0x0300 0x3C10 [0m
[37m[22.381][linker]-[Debug]-[DjiProtocol_v1Unpack:215) <0xa9ab>V1-Recv: 0x0300->0x0A06 0x221B [0m
[37m[22.381][linker]-[Debug]-[DjiCommand_RecvWork:1066)  <0xa9ab>Receive msg from linker, 0x0300->0x0A06 0x221B len:9 [0m
[37m[22.381][linker]-[Debug]-[DjiCommand_DealCmd:919) received unsupport request cmd that noneed ack, <0xa9ab> cmdset: 0x22 cmdid: 0x1B [0m
[37m[22.400][linker]-[Debug]-[DjiProtocol_v1Unpack:215) <0xa9cb>V1-Recv: 0x0306->0x0A06 0x03C1 [0m
[37m[22.400][linker]-[Debug]-[DjiCommand_RecvWork:1066)  <0xa9cb>Receive msg from linker, 0x0306->0x0A06 0x03C1 len:13 [0m
[37m[22.411][utils]-[Debug]-[DjiCore_RootTask:131) work execution time: [0m
[37m[22.411][utils]-[Debug]-[DjiCore_RootTask:132) name	                execution time (ms)	  max execution time (ms) [0m
[37m[22.411][utils]-[Debug]-[DjiCore_RootTask:134) recorderWork                    	1       	1        [0m
[37m[22.411][utils]-[Debug]-[DjiCore_RootTask:134) flowControllerTask              	0       	1        [0m
[37m[22.411][utils]-[Debug]-[DjiCore_RootTask:134) commandTask                     	1       	1        [0m
[37m[22.411][utils]-[Debug]-[DjiCore_RootTask:134) aircraftWorkNode                	0       	1        [0m
[37m[22.411][utils]-[Debug]-[DjiCore_RootTask:134) StatePushWork                   	1       	1        [0m
[37m[22.424][linker]-[Debug]-[DjiProtocol_v1Unpack:215) <0xa9ec>V1-Recv: 0x0300->0x0A06 0x036C [0m
[37m[22.424][linker]-[Debug]-[DjiCommand_RecvWork:1066)  <0xa9ec>Receive msg from linker, 0x0300->0x0A06 0x036C len:71 [0m
[37m[22.424][linker]-[Debug]-[DjiCommand_DealCmd:919) received unsupport request cmd that noneed ack, <0xa9ec> cmdset: 0x03 cmdid: 0x6C [0m
[37m[22.443][linker]-[Debug]-[DjiProtocol_v1Unpack:215) <0xaa0a>V1-Recv: 0x0300->0x0A06 0x4900 [0m
[37m[22.443][linker]-[Debug]-[DjiCommand_RecvWork:1066)  <0xaa0a>Receive msg from linker, 0x0300->0x0A06 0x4900 len:14 [0m
[37m[22.443][linker]-[Debug]-[DjiProtocol_v1Pack:123) <0xaa0a>V1-Send: 0x0A06->0x0300 0x4900 [0m
[37m[22.481][linker]-[Debug]-[DjiProtocol_v1Unpack:215) <0xaa49>V1-Recv: 0x0300->0x0A06 0x221B [0m
[37m[22.481][linker]-[Debug]-[DjiCommand_RecvWork:1066)  <0xaa49>Receive msg from linker, 0x0300->0x0A06 0x221B len:9 [0m
[37m[22.481][linker]-[Debug]-[DjiCommand_DealCmd:919) received unsupport request cmd that noneed ack, <0xaa49> cmdset: 0x22 cmdid: 0x1B [0m
[37m[22.500][linker]-[Debug]-[DjiProtocol_v1Unpack:215) <0xaa66>V1-Recv: 0x0306->0x0A06 0x03C1 [0m
[37m[22.500][linker]-[Debug]-[DjiCommand_RecvWork:1066)  <0xaa66>Receive msg from linker, 0x0306->0x0A06 0x03C1 len:13 [0m
[37m[22.508][linker]-[Debug]-[DjiProtocol_v1Unpack:215) <0x2272>V1-Recv: 0x0800->0x0A06 0x0866 [0m
[37m[22.508][linker]-[Debug]-[DjiCommand_RecvWork:1066)  <0x2272>Receive msg from linker, 0x0800->0x0A06 0x0866 len:17 [0m
[37m[22.508][linker]-[Debug]-[DjiCommand_DealCmd:919) received unsupport request cmd that noneed ack, <0x2272> cmdset: 0x08 cmdid: 0x66 [0m
[37m[22.524][linker]-[Debug]-[DjiProtocol_v1Unpack:215) <0xaa8e>V1-Recv: 0x0300->0x0A06 0x036C [0m
[37m[22.524][linker]-[Debug]-[DjiCommand_RecvWork:1066)  <0xaa8e>Receive msg from linker, 0x0300->0x0A06 0x036C len:71 [0m
[37m[22.524][linker]-[Debug]-[DjiCommand_DealCmd:919) received unsupport request cmd that noneed ack, <0xaa8e> cmdset: 0x03 cmdid: 0x6C [0m
[37m[22.543][linker]-[Debug]-[DjiProtocol_v1Unpack:215) <0xaab2>V1-Recv: 0x0300->0x0A06 0x4900 [0m
[37m[22.543][linker]-[Debug]-[DjiCommand_RecvWork:1066)  <0xaab2>Receive msg from linker, 0x0300->0x0A06 0x4900 len:14 [0m
[37m[22.543][linker]-[Debug]-[DjiProtocol_v1Pack:123) <0xaab2>V1-Send: 0x0A06->0x0300 0x4900 [0m
[37m[22.563][linker]-[Debug]-[DjiProtocol_v1Pack:123) <0x5364>V1-Send: 0x0A06->0x0200 0x3C10 [0m
[37m[22.563][linker]-[Debug]-[DjiProtocol_v1Pack:123) <0x5365>V1-Send: 0x0A06->0x0A01 0x3C10 [0m
[37m[22.563][linker]-[Debug]-[DjiProtocol_v1Pack:123) <0x5366>V1-Send: 0x0A06->0x0300 0x3C10 [0m
[37m[22.583][linker]-[Debug]-[DjiProtocol_v1Unpack:215) <0xaaf4>V1-Recv: 0x0300->0x0A06 0x221B [0m
[37m[22.583][linker]-[Debug]-[DjiProtocol_v1Unpack:215) <0xaaf8>V1-Recv: 0x0300->0x0100 0x0405 [0m
[37m[22.584][linker]-[Debug]-[DjiCommand_RecvWork:1066)  <0xaaf4>Receive msg from linker, 0x0300->0x0A06 0x221B len:9 [0m
[37m[22.584][linker]-[Debug]-[DjiCommand_DealCmd:919) received unsupport request cmd that noneed ack, <0xaaf4> cmdset: 0x22 cmdid: 0x1B [0m
[37m[22.585][linker]-[Debug]-[DjiCommand_RecvWork:1066)  <0xaaf8>Receive msg from linker, 0x0300->0x0100 0x0405 len:22 [0m
[37m[22.585][linker]-[Debug]-[DjiCommand_DealCmd:919) received unsupport request cmd that noneed ack, <0xaaf8> cmdset: 0x04 cmdid: 0x05 [0m
[37m[22.600][linker]-[Debug]-[DjiProtocol_v1Unpack:215) <0xab13>V1-Recv: 0x0306->0x0A06 0x03C1 [0m
[37m[22.601][linker]-[Debug]-[DjiCommand_RecvWork:1066)  <0xab13>Receive msg from linker, 0x0306->0x0A06 0x03C1 len:13 [0m
[37m[22.624][linker]-[Debug]-[DjiProtocol_v1Unpack:215) <0xab33>V1-Recv: 0x0300->0x0A06 0x036C [0m
[37m[22.624][linker]-[Debug]-[DjiCommand_RecvWork:1066)  <0xab33>Receive msg from linker, 0x0300->0x0A06 0x036C len:71 [0m
[37m[22.624][linker]-[Debug]-[DjiCommand_DealCmd:919) received unsupport request cmd that noneed ack, <0xab33> cmdset: 0x03 cmdid: 0x6C [0m
[37m[22.642][linker]-[Debug]-[DjiProtocol_v1Unpack:215) <0xab51>V1-Recv: 0x0300->0x0A06 0x4900 [0m
[37m[22.642][linker]-[Debug]-[DjiCommand_RecvWork:1066)  <0xab51>Receive msg from linker, 0x0300->0x0A06 0x4900 len:14 [0m
[37m[22.642][linker]-[Debug]-[DjiProtocol_v1Pack:123) <0xab51>V1-Send: 0x0A06->0x0300 0x4900 [0m
[37m[22.664][linker]-[Debug]-[DjiProtocol_v1Unpack:215) <0xab6f>V1-Recv: 0x0306->0x0A06 0x03C1 [0m
[37m[22.665][linker]-[Debug]-[DjiCommand_RecvWork:1066)  <0xab6f>Receive msg from linker, 0x0306->0x0A06 0x03C1 len:113 [0m
[37m[22.682][linker]-[Debug]-[DjiProtocol_v1Unpack:215) <0xab93>V1-Recv: 0x0300->0x0A06 0x221B [0m
[37m[22.682][linker]-[Debug]-[DjiCommand_RecvWork:1066)  <0xab93>Receive msg from linker, 0x0300->0x0A06 0x221B len:9 [0m
[37m[22.682][linker]-[Debug]-[DjiCommand_DealCmd:919) received unsupport request cmd that noneed ack, <0xab93> cmdset: 0x22 cmdid: 0x1B [0m
[37m[22.694][linker]-[Debug]-[DjiProtocol_v1Unpack:215) <0x11a8>V1-Recv: 0x1D07->0x0A06 0x2105 [0m
[37m[22.694][linker]-[Debug]-[DjiCommand_RecvWork:1066)  <0x11a8>Receive msg from linker, 0x1D07->0x0A06 0x2105 len:1 [0m
[37m[22.694][linker]-[Debug]-[DjiCommand_DealCmd:919) received unsupport request cmd that need ack, <0x11a8> cmdset: 0x21 cmdid: 0x05 [0m
[37m[22.701][linker]-[Debug]-[DjiProtocol_v1Unpack:215) <0xabb0>V1-Recv: 0x0306->0x0A06 0x03C1 [0m
[37m[22.701][linker]-[Debug]-[DjiCommand_RecvWork:1066)  <0xabb0>Receive msg from linker, 0x0306->0x0A06 0x03C1 len:13 [0m
[32m[22.707][user]-[Info]-[UserFcSubscription_Task:458) gps position: x 117.120748 y 39.126571 z 9.917000. [0m
[32m[22.707][user]-[Info]-[UserFcSubscription_Task:470) gps total satellite number used: 4 9 15.
GPS fixState: 3.000000. [0m
[32m[22.707][user]-[Info]-[UserFcSubscription_Task:487) Homepoint info: lat->39.126699, lon->117.120801. [0m
[32m[22.707][user]-[Info]-[UserFcSubscription_Task:512) RTK position solution state: 16. [0m
[32m[22.707][user]-[Info]-[UserFcSubscription_Task:528) RTK position: 117.120656 39.126748 -10.099682. [0m
[32m[22.707][user]-[Info]-[UserFcSubscription_Task:573) Altitude of homepoint: 3.474306. [0m
[32m[22.707][user]-[Info]-[UserFcSubscription_Task:586) Battery info: 39. [0m
[32m[22.707][user]-[Info]-[UserFcSubscription_Task:600) Flight status: 0. [0m
[32m[22.707][user]-[Info]-[UserFcSubscription_Task:620) Displaymode status: 6. [0m
[37m[22.707][user]-[Debug]-[UserFcSubscription_Task:633) Timestamp: millisecond 4538992 microsecond 244025099. [0m
[37m[22.707][user]-[Debug]-[UserFcSubscription_Task:634) Relative height fusion is -0.000000 m [0m
[37m[22.724][linker]-[Debug]-[DjiProtocol_v1Unpack:215) <0xabd6>V1-Recv: 0x0300->0x0A06 0x036C [0m
[37m[22.724][linker]-[Debug]-[DjiCommand_RecvWork:1066)  <0xabd6>Receive msg from linker, 0x0300->0x0A06 0x036C len:71 [0m
[37m[22.724][linker]-[Debug]-[DjiCommand_DealCmd:919) received unsupport request cmd that noneed ack, <0xabd6> cmdset: 0x03 cmdid: 0x6C [0m
[37m[22.742][linker]-[Debug]-[DjiProtocol_v1Unpack:215) <0xabfd>V1-Recv: 0x0300->0x0A06 0x4900 [0m
[37m[22.742][linker]-[Debug]-[DjiCommand_RecvWork:1066)  <0xabfd>Receive msg from linker, 0x0300->0x0A06 0x4900 len:14 [0m
[37m[22.742][linker]-[Debug]-[DjiProtocol_v1Pack:123) <0xabfd>V1-Send: 0x0A06->0x0300 0x4900 [0m
[37m[22.751][linker]-[Debug]-[DjiProtocol_v1Unpack:215) <0xbd4>V1-Recv: 0x0701->0x0A06 0x0000 [0m
[37m[22.752][linker]-[Debug]-[DjiCommand_RecvWork:1066)  <0xbd4>Receive msg from linker, 0x0701->0x0A06 0x0000 len:16 [0m
[37m[22.752][linker]-[Debug]-[DjiProtocol_v1Pack:123) <0xbd4>V1-Send: 0x0A06->0x0701 0x0000 [0m
[37m[22.758][linker]-[Debug]-[DjiProtocol_v1Unpack:215) <0x2273>V1-Recv: 0x0800->0x0A06 0x0866 [0m
[37m[22.759][linker]-[Debug]-[DjiCommand_RecvWork:1066)  <0x2273>Receive msg from linker, 0x0800->0x0A06 0x0866 len:17 [0m
[37m[22.759][linker]-[Debug]-[DjiCommand_DealCmd:919) received unsupport request cmd that noneed ack, <0x2273> cmdset: 0x08 cmdid: 0x66 [0m
[37m[22.776][linker]-[Debug]-[DjiProtocol_v1Pack:123) <0x5367>V1-Send: 0x0A06->0x0200 0x3C10 [0m
[37m[22.776][linker]-[Debug]-[DjiProtocol_v1Pack:123) <0x5368>V1-Send: 0x0A06->0x0A01 0x3C10 [0m
[37m[22.776][linker]-[Debug]-[DjiProtocol_v1Pack:123) <0x5369>V1-Send: 0x0A06->0x0300 0x3C10 [0m
[37m[22.782][linker]-[Debug]-[DjiProtocol_v1Unpack:215) <0xac3d>V1-Recv: 0x0300->0x0A06 0x221B [0m
[37m[22.782][linker]-[Debug]-[DjiCommand_RecvWork:1066)  <0xac3d>Receive msg from linker, 0x0300->0x0A06 0x221B len:9 [0m
[37m[22.782][linker]-[Debug]-[DjiCommand_DealCmd:919) received unsupport request cmd that noneed ack, <0xac3d> cmdset: 0x22 cmdid: 0x1B [0m
[37m[22.800][linker]-[Debug]-[DjiProtocol_v1Unpack:215) <0xac5b>V1-Recv: 0x0306->0x0A06 0x03C1 [0m
[37m[22.801][linker]-[Debug]-[DjiCommand_RecvWork:1066)  <0xac5b>Receive msg from linker, 0x0306->0x0A06 0x03C1 len:13 [0m
[37m[22.824][linker]-[Debug]-[DjiProtocol_v1Unpack:215) <0xac7a>V1-Recv: 0x0300->0x0A06 0x036C [0m
[37m[22.825][linker]-[Debug]-[DjiCommand_RecvWork:1066)  <0xac7a>Receive msg from linker, 0x0300->0x0A06 0x036C len:71 [0m
[37m[22.825][linker]-[Debug]-[DjiCommand_DealCmd:919) received unsupport request cmd that noneed ack, <0xac7a> cmdset: 0x03 cmdid: 0x6C [0m
[37m[22.842][linker]-[Debug]-[DjiProtocol_v1Unpack:215) <0xac9d>V1-Recv: 0x0300->0x0A06 0x4900 [0m
[37m[22.843][linker]-[Debug]-[DjiCommand_RecvWork:1066)  <0xac9d>Receive msg from linker, 0x0300->0x0A06 0x4900 len:14 [0m
[37m[22.844][linker]-[Debug]-[DjiProtocol_v1Pack:123) <0xac9d>V1-Send: 0x0A06->0x0300 0x4900 [0m
[37m[22.882][linker]-[Debug]-[DjiProtocol_v1Unpack:215) <0xacde>V1-Recv: 0x0300->0x0A06 0x221B [0m
[37m[22.882][linker]-[Debug]-[DjiCommand_RecvWork:1066)  <0xacde>Receive msg from linker, 0x0300->0x0A06 0x221B len:9 [0m
[37m[22.882][linker]-[Debug]-[DjiCommand_DealCmd:919) received unsupport request cmd that noneed ack, <0xacde> cmdset: 0x22 cmdid: 0x1B [0m
[37m[22.901][linker]-[Debug]-[DjiProtocol_v1Unpack:215) <0xacfd>V1-Recv: 0x0306->0x0A06 0x03C1 [0m
[37m[22.901][linker]-[Debug]-[DjiCommand_RecvWork:1066)  <0xacfd>Receive msg from linker, 0x0306->0x0A06 0x03C1 len:13 [0m
[37m[22.924][linker]-[Debug]-[DjiProtocol_v1Unpack:215) <0xad23>V1-Recv: 0x0300->0x0A06 0x036C [0m
[37m[22.924][linker]-[Debug]-[DjiCommand_RecvWork:1066)  <0xad23>Receive msg from linker, 0x0300->0x0A06 0x036C len:71 [0m
[37m[22.924][linker]-[Debug]-[DjiCommand_DealCmd:919) received unsupport request cmd that noneed ack, <0xad23> cmdset: 0x03 cmdid: 0x6C [0m
[37m[22.942][linker]-[Debug]-[DjiProtocol_v1Unpack:215) <0xad4d>V1-Recv: 0x0300->0x0A06 0x4900 [0m
[37m[22.942][linker]-[Debug]-[DjiCommand_RecvWork:1066)  <0xad4d>Receive msg from linker, 0x0300->0x0A06 0x4900 len:14 [0m
[37m[22.942][linker]-[Debug]-[DjiProtocol_v1Pack:123) <0xad4d>V1-Send: 0x0A06->0x0300 0x4900 [0m
[37m[22.956][linker]-[Debug]-[DjiProtocol_v1Unpack:215) <0xa802>V1-Recv: 0x0202->0x0A06 0x0026 [0m
[37m[22.956][linker]-[Debug]-[DjiCommand_RecvWork:1066)  <0xa802>Receive msg from linker, 0x0202->0x0A06 0x0026 len:37 [0m
[37m[22.956][linker]-[Debug]-[DjiCommand_DealCmd:919) received unsupport request cmd that need ack, <0xa802> cmdset: 0x00 cmdid: 0x26 [0m
[37m[22.982][linker]-[Debug]-[DjiProtocol_v1Unpack:215) <0xad8f>V1-Recv: 0x0300->0x0A06 0x221B [0m
[37m[22.982][linker]-[Debug]-[DjiCommand_RecvWork:1066)  <0xad8f>Receive msg from linker, 0x0300->0x0A06 0x221B len:9 [0m
[37m[22.982][linker]-[Debug]-[DjiCommand_DealCmd:919) received unsupport request cmd that noneed ack, <0xad8f> cmdset: 0x22 cmdid: 0x1B [0m
[37m[22.989][linker]-[Debug]-[DjiProtocol_v1Pack:123) <0x536a>V1-Send: 0x0A06->0x0200 0x3C10 [0m
[37m[22.989][linker]-[Debug]-[DjiProtocol_v1Pack:123) <0x536b>V1-Send: 0x0A06->0x0A01 0x3C10 [0m
[37m[22.989][linker]-[Debug]-[DjiProtocol_v1Pack:123) <0x536c>V1-Send: 0x0A06->0x0300 0x3C10 [0m
[37m[23.001][linker]-[Debug]-[DjiProtocol_v1Unpack:215) <0xadad>V1-Recv: 0x0306->0x0A06 0x03C1 [0m
[37m[23.001][linker]-[Debug]-[DjiCommand_RecvWork:1066)  <0xadad>Receive msg from linker, 0x0306->0x0A06 0x03C1 len:13 [0m
[37m[23.008][linker]-[Debug]-[DjiProtocol_v1Unpack:215) <0x2274>V1-Recv: 0x0800->0x0A06 0x0866 [0m
[37m[23.009][linker]-[Debug]-[DjiCommand_RecvWork:1066)  <0x2274>Receive msg from linker, 0x0800->0x0A06 0x0866 len:17 [0m
[37m[23.009][linker]-[Debug]-[DjiCommand_DealCmd:919) received unsupport request cmd that noneed ack, <0x2274> cmdset: 0x08 cmdid: 0x66 [0m
[37m[23.024][linker]-[Debug]-[DjiProtocol_v1Unpack:215) <0xadcd>V1-Recv: 0x0300->0x0A06 0x036C [0m
[37m[23.024][linker]-[Debug]-[DjiCommand_RecvWork:1066)  <0xadcd>Receive msg from linker, 0x0300->0x0A06 0x036C len:71 [0m
[37m[23.024][linker]-[Debug]-[DjiCommand_DealCmd:919) received unsupport request cmd that noneed ack, <0xadcd> cmdset: 0x03 cmdid: 0x6C [0m
[37m[23.042][linker]-[Debug]-[DjiProtocol_v1Unpack:215) <0xaded>V1-Recv: 0x0300->0x0A06 0x4900 [0m
[37m[23.043][linker]-[Debug]-[DjiCommand_RecvWork:1066)  <0xaded>Receive msg from linker, 0x0300->0x0A06 0x4900 len:14 [0m
[37m[23.043][linker]-[Debug]-[DjiProtocol_v1Pack:123) <0xaded>V1-Send: 0x0A06->0x0300 0x4900 [0m
[37m[23.085][linker]-[Debug]-[DjiProtocol_v1Unpack:215) <0xae2c>V1-Recv: 0x0300->0x0A06 0x221B [0m
[37m[23.085][linker]-[Debug]-[DjiProtocol_v1Unpack:215) <0xae33>V1-Recv: 0x0300->0x0A06 0x0F74 [0m
[37m[23.085][linker]-[Debug]-[DjiProtocol_v1Unpack:215) <0xae34>V1-Recv: 0x0300->0x0100 0x0406 [0m
[37m[23.085][linker]-[Debug]-[DjiProtocol_v1Unpack:215) <0xae35>V1-Recv: 0x0300->0x0100 0x0407 [0m
[37m[23.085][linker]-[Debug]-[DjiCommand_RecvWork:1066)  <0xae2c>Receive msg from linker, 0x0300->0x0A06 0x221B len:9 [0m
[37m[23.085][linker]-[Debug]-[DjiCommand_DealCmd:919) received unsupport request cmd that noneed ack, <0xae2c> cmdset: 0x22 cmdid: 0x1B [0m
[37m[23.086][linker]-[Debug]-[DjiCommand_RecvWork:1066)  <0xae33>Receive msg from linker, 0x0300->0x0A06 0x0F74 len:28 [0m
[37m[23.086][linker]-[Debug]-[DjiCommand_DealCmd:919) received unsupport request cmd that noneed ack, <0xae33> cmdset: 0x0F cmdid: 0x74 [0m
[37m[23.087][linker]-[Debug]-[DjiCommand_RecvWork:1066)  <0xae34>Receive msg from linker, 0x0300->0x0100 0x0406 len:12 [0m
[37m[23.087][linker]-[Debug]-[DjiCommand_DealCmd:919) received unsupport request cmd that noneed ack, <0xae34> cmdset: 0x04 cmdid: 0x06 [0m
[37m[23.088][linker]-[Debug]-[DjiCommand_RecvWork:1066)  <0xae35>Receive msg from linker, 0x0300->0x0100 0x0407 len:1 [0m
[37m[23.088][linker]-[Debug]-[DjiCommand_DealCmd:919) received unsupport request cmd that noneed ack, <0xae35> cmdset: 0x04 cmdid: 0x07 [0m
[37m[23.100][linker]-[Debug]-[DjiProtocol_v1Unpack:215) <0xae51>V1-Recv: 0x0306->0x0A06 0x03C1 [0m
[37m[23.100][linker]-[Debug]-[DjiCommand_RecvWork:1066)  <0xae51>Receive msg from linker, 0x0306->0x0A06 0x03C1 len:13 [0m
[37m[23.124][linker]-[Debug]-[DjiProtocol_v1Unpack:215) <0xae74>V1-Recv: 0x0300->0x0A06 0x036C [0m
[37m[23.125][linker]-[Debug]-[DjiCommand_RecvWork:1066)  <0xae74>Receive msg from linker, 0x0300->0x0A06 0x036C len:71 [0m
[37m[23.125][linker]-[Debug]-[DjiCommand_DealCmd:919) received unsupport request cmd that noneed ack, <0xae74> cmdset: 0x03 cmdid: 0x6C [0m
[37m[23.142][linker]-[Debug]-[DjiProtocol_v1Unpack:215) <0xae9f>V1-Recv: 0x0300->0x0A06 0x4900 [0m
[37m[23.143][linker]-[Debug]-[DjiCommand_RecvWork:1066)  <0xae9f>Receive msg from linker, 0x0300->0x0A06 0x4900 len:14 [0m
[37m[23.143][linker]-[Debug]-[DjiProtocol_v1Pack:123) <0xae9f>V1-Send: 0x0A06->0x0300 0x4900 [0m
[37m[23.181][linker]-[Debug]-[DjiProtocol_v1Unpack:215) <0xaee5>V1-Recv: 0x0300->0x0A06 0x221B [0m
[37m[23.181][linker]-[Debug]-[DjiCommand_RecvWork:1066)  <0xaee5>Receive msg from linker, 0x0300->0x0A06 0x221B len:9 [0m
[37m[23.181][linker]-[Debug]-[DjiCommand_DealCmd:919) received unsupport request cmd that noneed ack, <0xaee5> cmdset: 0x22 cmdid: 0x1B [0m
[37m[23.200][linker]-[Debug]-[DjiProtocol_v1Unpack:215) <0xaf07>V1-Recv: 0x0306->0x0A06 0x03C1 [0m
[37m[23.200][linker]-[Debug]-[DjiCommand_RecvWork:1066)  <0xaf07>Receive msg from linker, 0x0306->0x0A06 0x03C1 len:13 [0m
[37m[23.201][linker]-[Debug]-[DjiProtocol_v1Pack:123) <0x536d>V1-Send: 0x0A06->0x0300 0x0000 [0m
[37m[23.201][infor]-[Debug]-[DjiAircraftConnection_CheckExtensionPortConnectStatusByV1Protocol:170) check connect status:1 [0m
[37m[23.203][linker]-[Debug]-[DjiProtocol_v1Pack:123) <0x536e>V1-Send: 0x0A06->0x0200 0x3C10 [0m
[37m[23.203][linker]-[Debug]-[DjiProtocol_v1Pack:123) <0x536f>V1-Send: 0x0A06->0x0A01 0x3C10 [0m
[37m[23.203][linker]-[Debug]-[DjiProtocol_v1Pack:123) <0x5370>V1-Send: 0x0A06->0x0300 0x3C10 [0m
[37m[23.225][linker]-[Debug]-[DjiProtocol_v1Unpack:215) <0x536d>V1-Recv: 0x0300->0x0A06 0x0000 [0m
[37m[23.225][linker]-[Debug]-[DjiProtocol_v1Unpack:215) <0xaf2f>V1-Recv: 0x0300->0x0A06 0x036C [0m
[37m[23.225][linker]-[Debug]-[DjiCommand_RecvWork:1066)  <0x536d>Receive msg from linker, 0x0300->0x0A06 0x0000 len:0 [0m
[37m[23.225][infor]-[Debug]-[DjiAircraftInfo_CheckPingStatusAsyncCallback:269) connect status async sucess [0m
[37m[23.225][linker]-[Debug]-[DjiCommand_DealCmd:830) callback function (cmdset: 0x00 cmdid: 0x00) deal time: 0 ms [0m
[37m[23.226][linker]-[Debug]-[DjiCommand_RecvWork:1066)  <0xaf2f>Receive msg from linker, 0x0300->0x0A06 0x036C len:71 [0m
[37m[23.226][linker]-[Debug]-[DjiCommand_DealCmd:919) received unsupport request cmd that noneed ack, <0xaf2f> cmdset: 0x03 cmdid: 0x6C [0m
[37m[23.243][linker]-[Debug]-[DjiProtocol_v1Unpack:215) <0xaf4d>V1-Recv: 0x0300->0x0A06 0x4900 [0m
[37m[23.243][linker]-[Debug]-[DjiCommand_RecvWork:1066)  <0xaf4d>Receive msg from linker, 0x0300->0x0A06 0x4900 len:14 [0m
[37m[23.243][linker]-[Debug]-[DjiProtocol_v1Pack:123) <0xaf4d>V1-Send: 0x0A06->0x0300 0x4900 [0m
[37m[23.258][linker]-[Debug]-[DjiProtocol_v1Unpack:215) <0x2275>V1-Recv: 0x0800->0x0A06 0x0866 [0m
[37m[23.258][linker]-[Debug]-[DjiCommand_RecvWork:1066)  <0x2275>Receive msg from linker, 0x0800->0x0A06 0x0866 len:17 [0m
[37m[23.258][linker]-[Debug]-[DjiCommand_DealCmd:919) received unsupport request cmd that noneed ack, <0x2275> cmdset: 0x08 cmdid: 0x66 [0m
[37m[23.281][linker]-[Debug]-[DjiProtocol_v1Unpack:215) <0xaf8e>V1-Recv: 0x0300->0x0A06 0x221B [0m
[37m[23.281][linker]-[Debug]-[DjiCommand_RecvWork:1066)  <0xaf8e>Receive msg from linker, 0x0300->0x0A06 0x221B len:9 [0m
[37m[23.281][linker]-[Debug]-[DjiCommand_DealCmd:919) received unsupport request cmd that noneed ack, <0xaf8e> cmdset: 0x22 cmdid: 0x1B [0m
[37m[23.301][linker]-[Debug]-[DjiProtocol_v1Unpack:215) <0xafae>V1-Recv: 0x0306->0x0A06 0x03C1 [0m
[37m[23.301][linker]-[Debug]-[DjiCommand_RecvWork:1066)  <0xafae>Receive msg from linker, 0x0306->0x0A06 0x03C1 len:13 [0m
[37m[23.324][linker]-[Debug]-[DjiProtocol_v1Unpack:215) <0xafd4>V1-Recv: 0x0300->0x0A06 0x036C [0m
[37m[23.324][linker]-[Debug]-[DjiCommand_RecvWork:1066)  <0xafd4>Receive msg from linker, 0x0300->0x0A06 0x036C len:71 [0m
[37m[23.324][linker]-[Debug]-[DjiCommand_DealCmd:919) received unsupport request cmd that noneed ack, <0xafd4> cmdset: 0x03 cmdid: 0x6C [0m
[37m[23.343][linker]-[Debug]-[DjiProtocol_v1Unpack:215) <0xb004>V1-Recv: 0x0300->0x0A06 0x4900 [0m
[37m[23.343][linker]-[Debug]-[DjiCommand_RecvWork:1066)  <0xb004>Receive msg from linker, 0x0300->0x0A06 0x4900 len:14 [0m
[37m[23.343][linker]-[Debug]-[DjiProtocol_v1Pack:123) <0xb004>V1-Send: 0x0A06->0x0300 0x4900 [0m
[37m[23.381][linker]-[Debug]-[DjiProtocol_v1Unpack:215) <0xb050>V1-Recv: 0x0300->0x0A06 0x221B [0m
[37m[23.382][linker]-[Debug]-[DjiCommand_RecvWork:1066)  <0xb050>Receive msg from linker, 0x0300->0x0A06 0x221B len:9 [0m
[37m[23.382][linker]-[Debug]-[DjiCommand_DealCmd:919) received unsupport request cmd that noneed ack, <0xb050> cmdset: 0x22 cmdid: 0x1B [0m
[37m[23.401][linker]-[Debug]-[DjiProtocol_v1Unpack:215) <0xb06e>V1-Recv: 0x0306->0x0A06 0x03C1 [0m
[37m[23.401][linker]-[Debug]-[DjiCommand_RecvWork:1066)  <0xb06e>Receive msg from linker, 0x0306->0x0A06 0x03C1 len:13 [0m
[37m[23.416][linker]-[Debug]-[DjiProtocol_v1Pack:123) <0x5371>V1-Send: 0x0A06->0x0200 0x3C10 [0m
[37m[23.416][linker]-[Debug]-[DjiProtocol_v1Pack:123) <0x5372>V1-Send: 0x0A06->0x0A01 0x3C10 [0m
[37m[23.416][linker]-[Debug]-[DjiProtocol_v1Pack:123) <0x5373>V1-Send: 0x0A06->0x0300 0x3C10 [0m
[37m[23.424][linker]-[Debug]-[DjiProtocol_v1Unpack:215) <0xb092>V1-Recv: 0x0300->0x0A06 0x036C [0m
[37m[23.424][linker]-[Debug]-[DjiCommand_RecvWork:1066)  <0xb092>Receive msg from linker, 0x0300->0x0A06 0x036C len:71 [0m
[37m[23.424][linker]-[Debug]-[DjiCommand_DealCmd:919) received unsupport request cmd that noneed ack, <0xb092> cmdset: 0x03 cmdid: 0x6C [0m
[37m[23.442][linker]-[Debug]-[DjiProtocol_v1Unpack:215) <0xb0b2>V1-Recv: 0x0300->0x0A06 0x4900 [0m
[37m[23.443][linker]-[Debug]-[DjiCommand_RecvWork:1066)  <0xb0b2>Receive msg from linker, 0x0300->0x0A06 0x4900 len:14 [0m
[37m[23.443][linker]-[Debug]-[DjiProtocol_v1Pack:123) <0xb0b2>V1-Send: 0x0A06->0x0300 0x4900 [0m
[37m[23.476][utils]-[Debug]-[DjiCore_RootTask:131) work execution time: [0m
[37m[23.476][utils]-[Debug]-[DjiCore_RootTask:132) name	                execution time (ms)	  max execution time (ms) [0m
[37m[23.476][utils]-[Debug]-[DjiCore_RootTask:134) recorderWork                    	0       	1        [0m
[37m[23.476][utils]-[Debug]-[DjiCore_RootTask:134) flowControllerTask              	0       	1        [0m
[37m[23.476][utils]-[Debug]-[DjiCore_RootTask:134) commandTask                     	1       	1        [0m
[37m[23.476][utils]-[Debug]-[DjiCore_RootTask:134) aircraftWorkNode                	0       	1        [0m
[37m[23.476][utils]-[Debug]-[DjiCore_RootTask:134) StatePushWork                   	1       	1        [0m
[37m[23.482][linker]-[Debug]-[DjiProtocol_v1Unpack:215) <0xb0f3>V1-Recv: 0x0300->0x0A06 0x221B [0m
[37m[23.483][linker]-[Debug]-[DjiCommand_RecvWork:1066)  <0xb0f3>Receive msg from linker, 0x0300->0x0A06 0x221B len:9 [0m
[37m[23.483][linker]-[Debug]-[DjiCommand_DealCmd:919) received unsupport request cmd that noneed ack, <0xb0f3> cmdset: 0x22 cmdid: 0x1B [0m
[37m[23.501][linker]-[Debug]-[DjiProtocol_v1Unpack:215) <0xb112>V1-Recv: 0x0306->0x0A06 0x03C1 [0m
[37m[23.502][linker]-[Debug]-[DjiCommand_RecvWork:1066)  <0xb112>Receive msg from linker, 0x0306->0x0A06 0x03C1 len:13 [0m
[37m[23.508][linker]-[Debug]-[DjiProtocol_v1Unpack:215) <0x2276>V1-Recv: 0x0800->0x0A06 0x0866 [0m
[37m[23.509][linker]-[Debug]-[DjiCommand_RecvWork:1066)  <0x2276>Receive msg from linker, 0x0800->0x0A06 0x0866 len:17 [0m
[37m[23.509][linker]-[Debug]-[DjiCommand_DealCmd:919) received unsupport request cmd that noneed ack, <0x2276> cmdset: 0x08 cmdid: 0x66 [0m
[37m[23.524][linker]-[Debug]-[DjiProtocol_v1Unpack:215) <0xb137>V1-Recv: 0x0300->0x0A06 0x036C [0m
[37m[23.525][linker]-[Debug]-[DjiCommand_RecvWork:1066)  <0xb137>Receive msg from linker, 0x0300->0x0A06 0x036C len:71 [0m
[37m[23.525][linker]-[Debug]-[DjiCommand_DealCmd:919) received unsupport request cmd that noneed ack, <0xb137> cmdset: 0x03 cmdid: 0x6C [0m
[37m[23.542][linker]-[Debug]-[DjiProtocol_v1Unpack:215) <0xb15b>V1-Recv: 0x0300->0x0A06 0x4900 [0m
[37m[23.543][linker]-[Debug]-[DjiCommand_RecvWork:1066)  <0xb15b>Receive msg from linker, 0x0300->0x0A06 0x4900 len:14 [0m
[37m[23.543][linker]-[Debug]-[DjiProtocol_v1Pack:123) <0xb15b>V1-Send: 0x0A06->0x0300 0x4900 [0m
[37m[23.583][linker]-[Debug]-[DjiProtocol_v1Unpack:215) <0xb19d>V1-Recv: 0x0300->0x0A06 0x221B [0m
[37m[23.583][linker]-[Debug]-[DjiProtocol_v1Unpack:215) <0xb1a1>V1-Recv: 0x0300->0x0100 0x0405 [0m
[37m[23.583][linker]-[Debug]-[DjiCommand_RecvWork:1066)  <0xb19d>Receive msg from linker, 0x0300->0x0A06 0x221B len:9 [0m
[37m[23.583][linker]-[Debug]-[DjiCommand_DealCmd:919) received unsupport request cmd that noneed ack, <0xb19d> cmdset: 0x22 cmdid: 0x1B [0m
[37m[23.584][linker]-[Debug]-[DjiCommand_RecvWork:1066)  <0xb1a1>Receive msg from linker, 0x0300->0x0100 0x0405 len:22 [0m
[37m[23.584][linker]-[Debug]-[DjiCommand_DealCmd:919) received unsupport request cmd that noneed ack, <0xb1a1> cmdset: 0x04 cmdid: 0x05 [0m
[37m[23.600][linker]-[Debug]-[DjiProtocol_v1Unpack:215) <0xb1be>V1-Recv: 0x0306->0x0A06 0x03C1 [0m
[37m[23.601][linker]-[Debug]-[DjiCommand_RecvWork:1066)  <0xb1be>Receive msg from linker, 0x0306->0x0A06 0x03C1 len:13 [0m
[37m[23.625][linker]-[Debug]-[DjiProtocol_v1Unpack:215) <0xb1dd>V1-Recv: 0x0300->0x0A06 0x036C [0m
[37m[23.626][linker]-[Debug]-[DjiCommand_RecvWork:1066)  <0xb1dd>Receive msg from linker, 0x0300->0x0A06 0x036C len:71 [0m
[37m[23.626][linker]-[Debug]-[DjiCommand_DealCmd:919) received unsupport request cmd that noneed ack, <0xb1dd> cmdset: 0x03 cmdid: 0x6C [0m
[37m[23.629][linker]-[Debug]-[DjiProtocol_v1Pack:123) <0x5374>V1-Send: 0x0A06->0x0200 0x3C10 [0m
[37m[23.629][linker]-[Debug]-[DjiProtocol_v1Pack:123) <0x5375>V1-Send: 0x0A06->0x0A01 0x3C10 [0m
[37m[23.629][linker]-[Debug]-[DjiProtocol_v1Pack:123) <0x5376>V1-Send: 0x0A06->0x0300 0x3C10 [0m
[37m[23.643][linker]-[Debug]-[DjiProtocol_v1Unpack:215) <0xb1fb>V1-Recv: 0x0300->0x0A06 0x4900 [0m
[37m[23.643][linker]-[Debug]-[DjiCommand_RecvWork:1066)  <0xb1fb>Receive msg from linker, 0x0300->0x0A06 0x4900 len:14 [0m
[37m[23.643][linker]-[Debug]-[DjiProtocol_v1Pack:123) <0xb1fb>V1-Send: 0x0A06->0x0300 0x4900 [0m
[37m[23.665][linker]-[Debug]-[DjiProtocol_v1Unpack:215) <0xb217>V1-Recv: 0x0306->0x0A06 0x03C1 [0m
[37m[23.665][linker]-[Debug]-[DjiCommand_RecvWork:1066)  <0xb217>Receive msg from linker, 0x0306->0x0A06 0x03C1 len:113 [0m
[37m[23.681][linker]-[Debug]-[DjiProtocol_v1Unpack:215) <0xb23b>V1-Recv: 0x0300->0x0A06 0x221B [0m
[37m[23.681][linker]-[Debug]-[DjiCommand_RecvWork:1066)  <0xb23b>Receive msg from linker, 0x0300->0x0A06 0x221B len:9 [0m
[37m[23.681][linker]-[Debug]-[DjiCommand_DealCmd:919) received unsupport request cmd that noneed ack, <0xb23b> cmdset: 0x22 cmdid: 0x1B [0m
[37m[23.692][linker]-[Debug]-[DjiProtocol_v1Unpack:215) <0x11a9>V1-Recv: 0x1D07->0x0A06 0x2105 [0m
[37m[23.692][linker]-[Debug]-[DjiCommand_RecvWork:1066)  <0x11a9>Receive msg from linker, 0x1D07->0x0A06 0x2105 len:1 [0m
[37m[23.692][linker]-[Debug]-[DjiCommand_DealCmd:919) received unsupport request cmd that need ack, <0x11a9> cmdset: 0x21 cmdid: 0x05 [0m
[37m[23.700][linker]-[Debug]-[DjiProtocol_v1Unpack:215) <0xb258>V1-Recv: 0x0306->0x0A06 0x03C1 [0m
[37m[23.701][linker]-[Debug]-[DjiCommand_RecvWork:1066)  <0xb258>Receive msg from linker, 0x0306->0x0A06 0x03C1 len:13 [0m
[32m[23.707][user]-[Info]-[UserFcSubscription_Task:458) gps position: x 117.120748 y 39.126570 z 10.002000. [0m
[32m[23.707][user]-[Info]-[UserFcSubscription_Task:470) gps total satellite number used: 4 9 13.
GPS fixState: 3.000000. [0m
[32m[23.707][user]-[Info]-[UserFcSubscription_Task:487) Homepoint info: lat->39.126699, lon->117.120801. [0m
[32m[23.707][user]-[Info]-[UserFcSubscription_Task:512) RTK position solution state: 16. [0m
[32m[23.707][user]-[Info]-[UserFcSubscription_Task:528) RTK position: 117.120656 39.126748 -10.099432. [0m
[32m[23.707][user]-[Info]-[UserFcSubscription_Task:573) Altitude of homepoint: 3.474077. [0m
[32m[23.707][user]-[Info]-[UserFcSubscription_Task:586) Battery info: 39. [0m
[32m[23.707][user]-[Info]-[UserFcSubscription_Task:600) Flight status: 0. [0m
[32m[23.707][user]-[Info]-[UserFcSubscription_Task:620) Displaymode status: 6. [0m
[37m[23.707][user]-[Debug]-[UserFcSubscription_Task:633) Timestamp: millisecond 4539992 microsecond 245025099. [0m
[37m[23.707][user]-[Debug]-[UserFcSubscription_Task:634) Relative height fusion is 0.000000 m [0m
[37m[23.724][linker]-[Debug]-[DjiProtocol_v1Unpack:215) <0xb27e>V1-Recv: 0x0300->0x0A06 0x036C [0m
[37m[23.724][linker]-[Debug]-[DjiCommand_RecvWork:1066)  <0xb27e>Receive msg from linker, 0x0300->0x0A06 0x036C len:71 [0m
[37m[23.724][linker]-[Debug]-[DjiCommand_DealCmd:919) received unsupport request cmd that noneed ack, <0xb27e> cmdset: 0x03 cmdid: 0x6C [0m
[37m[23.742][linker]-[Debug]-[DjiProtocol_v1Unpack:215) <0xb2a2>V1-Recv: 0x0300->0x0A06 0x4900 [0m
[37m[23.743][linker]-[Debug]-[DjiCommand_RecvWork:1066)  <0xb2a2>Receive msg from linker, 0x0300->0x0A06 0x4900 len:14 [0m
[37m[23.743][linker]-[Debug]-[DjiProtocol_v1Pack:123) <0xb2a2>V1-Send: 0x0A06->0x0300 0x4900 [0m
[37m[23.751][linker]-[Debug]-[DjiProtocol_v1Unpack:215) <0xbd5>V1-Recv: 0x0701->0x0A06 0x0000 [0m
[37m[23.751][linker]-[Debug]-[DjiCommand_RecvWork:1066)  <0xbd5>Receive msg from linker, 0x0701->0x0A06 0x0000 len:16 [0m
[37m[23.751][linker]-[Debug]-[DjiProtocol_v1Pack:123) <0xbd5>V1-Send: 0x0A06->0x0701 0x0000 [0m
[37m[23.758][linker]-[Debug]-[DjiProtocol_v1Unpack:215) <0x2277>V1-Recv: 0x0800->0x0A06 0x0866 [0m
[37m[23.760][linker]-[Debug]-[DjiCommand_RecvWork:1066)  <0x2277>Receive msg from linker, 0x0800->0x0A06 0x0866 len:17 [0m
[37m[23.760][linker]-[Debug]-[DjiCommand_DealCmd:919) received unsupport request cmd that noneed ack, <0x2277> cmdset: 0x08 cmdid: 0x66 [0m
[37m[23.782][linker]-[Debug]-[DjiProtocol_v1Unpack:215) <0xb2e4>V1-Recv: 0x0300->0x0A06 0x221B [0m
[37m[23.782][linker]-[Debug]-[DjiCommand_RecvWork:1066)  <0xb2e4>Receive msg from linker, 0x0300->0x0A06 0x221B len:9 [0m
[37m[23.782][linker]-[Debug]-[DjiCommand_DealCmd:919) received unsupport request cmd that noneed ack, <0xb2e4> cmdset: 0x22 cmdid: 0x1B [0m
[37m[23.800][linker]-[Debug]-[DjiProtocol_v1Unpack:215) <0xb306>V1-Recv: 0x0306->0x0A06 0x03C1 [0m
[37m[23.801][linker]-[Debug]-[DjiCommand_RecvWork:1066)  <0xb306>Receive msg from linker, 0x0306->0x0A06 0x03C1 len:13 [0m
[37m[23.825][linker]-[Debug]-[DjiProtocol_v1Unpack:215) <0xb326>V1-Recv: 0x0300->0x0A06 0x036C [0m
[37m[23.826][linker]-[Debug]-[DjiCommand_RecvWork:1066)  <0xb326>Receive msg from linker, 0x0300->0x0A06 0x036C len:71 [0m
[37m[23.826][linker]-[Debug]-[DjiCommand_DealCmd:919) received unsupport request cmd that noneed ack, <0xb326> cmdset: 0x03 cmdid: 0x6C [0m
[37m[23.843][linker]-[Debug]-[DjiProtocol_v1Pack:123) <0x5377>V1-Send: 0x0A06->0x0200 0x3C10 [0m
[37m[23.843][linker]-[Debug]-[DjiProtocol_v1Pack:123) <0x5378>V1-Send: 0x0A06->0x0A01 0x3C10 [0m
[37m[23.843][linker]-[Debug]-[DjiProtocol_v1Pack:123) <0x5379>V1-Send: 0x0A06->0x0300 0x3C10 [0m
[37m[23.843][linker]-[Debug]-[DjiProtocol_v1Unpack:215) <0xb346>V1-Recv: 0x0300->0x0A06 0x4900 [0m
[37m[23.844][linker]-[Debug]-[DjiCommand_RecvWork:1066)  <0xb346>Receive msg from linker, 0x0300->0x0A06 0x4900 len:14 [0m
[37m[23.844][linker]-[Debug]-[DjiProtocol_v1Pack:123) <0xb346>V1-Send: 0x0A06->0x0300 0x4900 [0m
[37m[23.881][linker]-[Debug]-[DjiProtocol_v1Unpack:215) <0xb386>V1-Recv: 0x0300->0x0A06 0x221B [0m
[37m[23.882][linker]-[Debug]-[DjiCommand_RecvWork:1066)  <0xb386>Receive msg from linker, 0x0300->0x0A06 0x221B len:9 [0m
[37m[23.882][linker]-[Debug]-[DjiCommand_DealCmd:919) received unsupport request cmd that noneed ack, <0xb386> cmdset: 0x22 cmdid: 0x1B [0m
[37m[23.900][linker]-[Debug]-[DjiProtocol_v1Unpack:215) <0xb3a4>V1-Recv: 0x0306->0x0A06 0x03C1 [0m
[37m[23.901][linker]-[Debug]-[DjiCommand_RecvWork:1066)  <0xb3a4>Receive msg from linker, 0x0306->0x0A06 0x03C1 len:13 [0m
[37m[23.924][linker]-[Debug]-[DjiProtocol_v1Unpack:215) <0xb3cb>V1-Recv: 0x0300->0x0A06 0x036C [0m
[37m[23.925][linker]-[Debug]-[DjiCommand_RecvWork:1066)  <0xb3cb>Receive msg from linker, 0x0300->0x0A06 0x036C len:71 [0m
[37m[23.925][linker]-[Debug]-[DjiCommand_DealCmd:919) received unsupport request cmd that noneed ack, <0xb3cb> cmdset: 0x03 cmdid: 0x6C [0m
[37m[23.943][linker]-[Debug]-[DjiProtocol_v1Unpack:215) <0xb3f6>V1-Recv: 0x0300->0x0A06 0x4900 [0m
[37m[23.944][linker]-[Debug]-[DjiCommand_RecvWork:1066)  <0xb3f6>Receive msg from linker, 0x0300->0x0A06 0x4900 len:14 [0m
[37m[23.944][linker]-[Debug]-[DjiProtocol_v1Pack:123) <0xb3f6>V1-Send: 0x0A06->0x0300 0x4900 [0m
[37m[23.979][linker]-[Debug]-[DjiProtocol_v1Unpack:215) <0xa802>V1-Recv: 0x0202->0x0A06 0x0026 [0m
[37m[23.979][linker]-[Debug]-[DjiCommand_RecvWork:1066)  <0xa802>Receive msg from linker, 0x0202->0x0A06 0x0026 len:37 [0m
[37m[23.979][linker]-[Debug]-[DjiCommand_DealCmd:919) received unsupport request cmd that need ack, <0xa802> cmdset: 0x00 cmdid: 0x26 [0m
[37m[23.981][linker]-[Debug]-[DjiProtocol_v1Unpack:215) <0xb436>V1-Recv: 0x0300->0x0A06 0x221B [0m
[37m[23.981][linker]-[Debug]-[DjiCommand_RecvWork:1066)  <0xb436>Receive msg from linker, 0x0300->0x0A06 0x221B len:9 [0m
[37m[23.981][linker]-[Debug]-[DjiCommand_DealCmd:919) received unsupport request cmd that noneed ack, <0xb436> cmdset: 0x22 cmdid: 0x1B [0m
[37m[24.000][linker]-[Debug]-[DjiProtocol_v1Unpack:215) <0xb454>V1-Recv: 0x0306->0x0A06 0x03C1 [0m
[37m[24.000][linker]-[Debug]-[DjiCommand_RecvWork:1066)  <0xb454>Receive msg from linker, 0x0306->0x0A06 0x03C1 len:13 [0m
[37m[24.008][linker]-[Debug]-[DjiProtocol_v1Unpack:215) <0x2278>V1-Recv: 0x0800->0x0A06 0x0866 [0m
[37m[24.008][linker]-[Debug]-[DjiCommand_RecvWork:1066)  <0x2278>Receive msg from linker, 0x0800->0x0A06 0x0866 len:17 [0m
[37m[24.008][linker]-[Debug]-[DjiCommand_DealCmd:919) received unsupport request cmd that noneed ack, <0x2278> cmdset: 0x08 cmdid: 0x66 [0m
[37m[24.024][linker]-[Debug]-[DjiProtocol_v1Unpack:215) <0xb473>V1-Recv: 0x0300->0x0A06 0x036C [0m
[37m[24.024][linker]-[Debug]-[DjiCommand_RecvWork:1066)  <0xb473>Receive msg from linker, 0x0300->0x0A06 0x036C len:71 [0m
[37m[24.024][linker]-[Debug]-[DjiCommand_DealCmd:919) received unsupport request cmd that noneed ack, <0xb473> cmdset: 0x03 cmdid: 0x6C [0m
[37m[24.043][linker]-[Debug]-[DjiProtocol_v1Unpack:215) <0xb492>V1-Recv: 0x0300->0x0A06 0x4900 [0m
[37m[24.044][linker]-[Debug]-[DjiCommand_RecvWork:1066)  <0xb492>Receive msg from linker, 0x0300->0x0A06 0x4900 len:14 [0m
[37m[24.044][linker]-[Debug]-[DjiProtocol_v1Pack:123) <0xb492>V1-Send: 0x0A06->0x0300 0x4900 [0m
[37m[24.056][linker]-[Debug]-[DjiProtocol_v1Pack:123) <0x537a>V1-Send: 0x0A06->0x0200 0x3C10 [0m
[37m[24.056][linker]-[Debug]-[DjiProtocol_v1Pack:123) <0x537b>V1-Send: 0x0A06->0x0A01 0x3C10 [0m
[37m[24.056][linker]-[Debug]-[DjiProtocol_v1Pack:123) <0x537c>V1-Send: 0x0A06->0x0300 0x3C10 [0m
[37m[24.084][linker]-[Debug]-[DjiProtocol_v1Unpack:215) <0xb4d1>V1-Recv: 0x0300->0x0A06 0x221B [0m
[37m[24.084][linker]-[Debug]-[DjiProtocol_v1Unpack:215) <0xb4d8>V1-Recv: 0x0300->0x0A06 0x0F74 [0m
[37m[24.084][linker]-[Debug]-[DjiProtocol_v1Unpack:215) <0xb4d9>V1-Recv: 0x0300->0x0100 0x0406 [0m
[37m[24.084][linker]-[Debug]-[DjiProtocol_v1Unpack:215) <0xb4da>V1-Recv: 0x0300->0x0100 0x0407 [0m
[37m[24.085][linker]-[Debug]-[DjiCommand_RecvWork:1066)  <0xb4d1>Receive msg from linker, 0x0300->0x0A06 0x221B len:9 [0m
[37m[24.085][linker]-[Debug]-[DjiCommand_DealCmd:919) received unsupport request cmd that noneed ack, <0xb4d1> cmdset: 0x22 cmdid: 0x1B [0m
[37m[24.086][linker]-[Debug]-[DjiCommand_RecvWork:1066)  <0xb4d8>Receive msg from linker, 0x0300->0x0A06 0x0F74 len:28 [0m
[37m[24.086][linker]-[Debug]-[DjiCommand_DealCmd:919) received unsupport request cmd that noneed ack, <0xb4d8> cmdset: 0x0F cmdid: 0x74 [0m
[37m[24.088][linker]-[Debug]-[DjiCommand_RecvWork:1066)  <0xb4d9>Receive msg from linker, 0x0300->0x0100 0x0406 len:12 [0m
[37m[24.088][linker]-[Debug]-[DjiCommand_DealCmd:919) received unsupport request cmd that noneed ack, <0xb4d9> cmdset: 0x04 cmdid: 0x06 [0m
[37m[24.089][linker]-[Debug]-[DjiCommand_RecvWork:1066)  <0xb4da>Receive msg from linker, 0x0300->0x0100 0x0407 len:1 [0m
[37m[24.089][linker]-[Debug]-[DjiCommand_DealCmd:919) received unsupport request cmd that noneed ack, <0xb4da> cmdset: 0x04 cmdid: 0x07 [0m
[37m[24.100][linker]-[Debug]-[DjiProtocol_v1Unpack:215) <0xb4f5>V1-Recv: 0x0306->0x0A06 0x03C1 [0m
[37m[24.101][linker]-[Debug]-[DjiCommand_RecvWork:1066)  <0xb4f5>Receive msg from linker, 0x0306->0x0A06 0x03C1 len:13 [0m
[37m[24.124][linker]-[Debug]-[DjiProtocol_v1Unpack:215) <0xb517>V1-Recv: 0x0300->0x0A06 0x036C [0m
[37m[24.125][linker]-[Debug]-[DjiCommand_RecvWork:1066)  <0xb517>Receive msg from linker, 0x0300->0x0A06 0x036C len:71 [0m
[37m[24.125][linker]-[Debug]-[DjiCommand_DealCmd:919) received unsupport request cmd that noneed ack, <0xb517> cmdset: 0x03 cmdid: 0x6C [0m
[37m[24.143][linker]-[Debug]-[DjiProtocol_v1Unpack:215) <0xb547>V1-Recv: 0x0300->0x0A06 0x4900 [0m
[37m[24.144][linker]-[Debug]-[DjiCommand_RecvWork:1066)  <0xb547>Receive msg from linker, 0x0300->0x0A06 0x4900 len:14 [0m
[37m[24.144][linker]-[Debug]-[DjiProtocol_v1Pack:123) <0xb547>V1-Send: 0x0A06->0x0300 0x4900 [0m
[37m[24.181][linker]-[Debug]-[DjiProtocol_v1Unpack:215) <0xb58d>V1-Recv: 0x0300->0x0A06 0x221B [0m
[37m[24.183][linker]-[Debug]-[DjiCommand_RecvWork:1066)  <0xb58d>Receive msg from linker, 0x0300->0x0A06 0x221B len:9 [0m
[37m[24.183][linker]-[Debug]-[DjiCommand_DealCmd:919) received unsupport request cmd that noneed ack, <0xb58d> cmdset: 0x22 cmdid: 0x1B [0m
[37m[24.201][linker]-[Debug]-[DjiProtocol_v1Unpack:215) <0xb5af>V1-Recv: 0x0306->0x0A06 0x03C1 [0m
[37m[24.201][linker]-[Debug]-[DjiCommand_RecvWork:1066)  <0xb5af>Receive msg from linker, 0x0306->0x0A06 0x03C1 len:13 [0m
[37m[24.224][linker]-[Debug]-[DjiProtocol_v1Unpack:215) <0xb5d1>V1-Recv: 0x0300->0x0A06 0x036C [0m
[37m[24.224][linker]-[Debug]-[DjiCommand_RecvWork:1066)  <0xb5d1>Receive msg from linker, 0x0300->0x0A06 0x036C len:71 [0m
[37m[24.224][linker]-[Debug]-[DjiCommand_DealCmd:919) received unsupport request cmd that noneed ack, <0xb5d1> cmdset: 0x03 cmdid: 0x6C [0m
[37m[24.242][linker]-[Debug]-[DjiProtocol_v1Unpack:215) <0xb5ef>V1-Recv: 0x0300->0x0A06 0x4900 [0m
[37m[24.242][linker]-[Debug]-[DjiCommand_RecvWork:1066)  <0xb5ef>Receive msg from linker, 0x0300->0x0A06 0x4900 len:14 [0m
[37m[24.242][linker]-[Debug]-[DjiProtocol_v1Pack:123) <0xb5ef>V1-Send: 0x0A06->0x0300 0x4900 [0m
[37m[24.258][linker]-[Debug]-[DjiProtocol_v1Unpack:215) <0x2279>V1-Recv: 0x0800->0x0A06 0x0866 [0m
[37m[24.258][linker]-[Debug]-[DjiCommand_RecvWork:1066)  <0x2279>Receive msg from linker, 0x0800->0x0A06 0x0866 len:17 [0m
[37m[24.258][linker]-[Debug]-[DjiCommand_DealCmd:919) received unsupport request cmd that noneed ack, <0x2279> cmdset: 0x08 cmdid: 0x66 [0m
[37m[24.268][linker]-[Debug]-[DjiProtocol_v1Pack:123) <0x537d>V1-Send: 0x0A06->0x0300 0x0000 [0m
[37m[24.268][infor]-[Debug]-[DjiAircraftConnection_CheckExtensionPortConnectStatusByV1Protocol:170) check connect status:1 [0m
[37m[24.269][linker]-[Debug]-[DjiProtocol_v1Pack:123) <0x537e>V1-Send: 0x0A06->0x0200 0x3C10 [0m
[37m[24.269][linker]-[Debug]-[DjiProtocol_v1Pack:123) <0x537f>V1-Send: 0x0A06->0x0A01 0x3C10 [0m
[37m[24.269][linker]-[Debug]-[DjiProtocol_v1Pack:123) <0x5380>V1-Send: 0x0A06->0x0300 0x3C10 [0m
[37m[24.281][linker]-[Debug]-[DjiProtocol_v1Unpack:215) <0x537d>V1-Recv: 0x0300->0x0A06 0x0000 [0m
[37m[24.281][linker]-[Debug]-[DjiProtocol_v1Unpack:215) <0xb630>V1-Recv: 0x0300->0x0A06 0x221B [0m
[37m[24.282][linker]-[Debug]-[DjiCommand_RecvWork:1066)  <0x537d>Receive msg from linker, 0x0300->0x0A06 0x0000 len:0 [0m
[37m[24.282][infor]-[Debug]-[DjiAircraftInfo_CheckPingStatusAsyncCallback:269) connect status async sucess [0m
[37m[24.282][linker]-[Debug]-[DjiCommand_DealCmd:830) callback function (cmdset: 0x00 cmdid: 0x00) deal time: 0 ms [0m
[37m[24.283][linker]-[Debug]-[DjiCommand_RecvWork:1066)  <0xb630>Receive msg from linker, 0x0300->0x0A06 0x221B len:9 [0m
[37m[24.283][linker]-[Debug]-[DjiCommand_DealCmd:919) received unsupport request cmd that noneed ack, <0xb630> cmdset: 0x22 cmdid: 0x1B [0m
[37m[24.301][linker]-[Debug]-[DjiProtocol_v1Unpack:215) <0xb64f>V1-Recv: 0x0306->0x0A06 0x03C1 [0m
[37m[24.301][linker]-[Debug]-[DjiCommand_RecvWork:1066)  <0xb64f>Receive msg from linker, 0x0306->0x0A06 0x03C1 len:13 [0m
[37m[24.324][linker]-[Debug]-[DjiProtocol_v1Unpack:215) <0xb675>V1-Recv: 0x0300->0x0A06 0x036C [0m
[37m[24.325][linker]-[Debug]-[DjiCommand_RecvWork:1066)  <0xb675>Receive msg from linker, 0x0300->0x0A06 0x036C len:71 [0m
[37m[24.325][linker]-[Debug]-[DjiCommand_DealCmd:919) received unsupport request cmd that noneed ack, <0xb675> cmdset: 0x03 cmdid: 0x6C [0m
[37m[24.343][linker]-[Debug]-[DjiProtocol_v1Unpack:215) <0xb6a2>V1-Recv: 0x0300->0x0A06 0x4900 [0m
[37m[24.344][linker]-[Debug]-[DjiCommand_RecvWork:1066)  <0xb6a2>Receive msg from linker, 0x0300->0x0A06 0x4900 len:14 [0m
[37m[24.344][linker]-[Debug]-[DjiProtocol_v1Pack:123) <0xb6a2>V1-Send: 0x0A06->0x0300 0x4900 [0m
[37m[24.381][linker]-[Debug]-[DjiProtocol_v1Unpack:215) <0xb6ed>V1-Recv: 0x0300->0x0A06 0x221B [0m
[37m[24.382][linker]-[Debug]-[DjiCommand_RecvWork:1066)  <0xb6ed>Receive msg from linker, 0x0300->0x0A06 0x221B len:9 [0m
[37m[24.382][linker]-[Debug]-[DjiCommand_DealCmd:919) received unsupport request cmd that noneed ack, <0xb6ed> cmdset: 0x22 cmdid: 0x1B [0m
[37m[24.400][linker]-[Debug]-[DjiProtocol_v1Unpack:215) <0xb70b>V1-Recv: 0x0306->0x0A06 0x03C1 [0m
[37m[24.401][linker]-[Debug]-[DjiCommand_RecvWork:1066)  <0xb70b>Receive msg from linker, 0x0306->0x0A06 0x03C1 len:13 [0m
[37m[24.424][linker]-[Debug]-[DjiProtocol_v1Unpack:215) <0xb72d>V1-Recv: 0x0300->0x0A06 0x036C [0m
[37m[24.425][linker]-[Debug]-[DjiCommand_RecvWork:1066)  <0xb72d>Receive msg from linker, 0x0300->0x0A06 0x036C len:71 [0m
[37m[24.425][linker]-[Debug]-[DjiCommand_DealCmd:919) received unsupport request cmd that noneed ack, <0xb72d> cmdset: 0x03 cmdid: 0x6C [0m
[37m[24.442][linker]-[Debug]-[DjiProtocol_v1Unpack:215) <0xb74b>V1-Recv: 0x0300->0x0A06 0x4900 [0m
[37m[24.443][linker]-[Debug]-[DjiCommand_RecvWork:1066)  <0xb74b>Receive msg from linker, 0x0300->0x0A06 0x4900 len:14 [0m
[37m[24.443][linker]-[Debug]-[DjiProtocol_v1Pack:123) <0xb74b>V1-Send: 0x0A06->0x0300 0x4900 [0m
[37m[24.481][linker]-[Debug]-[DjiProtocol_v1Unpack:215) <0xb78a>V1-Recv: 0x0300->0x0A06 0x221B [0m
[37m[24.482][linker]-[Debug]-[DjiCommand_RecvWork:1066)  <0xb78a>Receive msg from linker, 0x0300->0x0A06 0x221B len:9 [0m
[37m[24.482][linker]-[Debug]-[DjiCommand_DealCmd:919) received unsupport request cmd that noneed ack, <0xb78a> cmdset: 0x22 cmdid: 0x1B [0m
[37m[24.482][linker]-[Debug]-[DjiProtocol_v1Pack:123) <0x5381>V1-Send: 0x0A06->0x0200 0x3C10 [0m
[37m[24.482][linker]-[Debug]-[DjiProtocol_v1Pack:123) <0x5382>V1-Send: 0x0A06->0x0A01 0x3C10 [0m
[37m[24.482][linker]-[Debug]-[DjiProtocol_v1Pack:123) <0x5383>V1-Send: 0x0A06->0x0300 0x3C10 [0m
[37m[24.501][linker]-[Debug]-[DjiProtocol_v1Unpack:215) <0xb7a7>V1-Recv: 0x0306->0x0A06 0x03C1 [0m
[37m[24.502][linker]-[Debug]-[DjiCommand_RecvWork:1066)  <0xb7a7>Receive msg from linker, 0x0306->0x0A06 0x03C1 len:13 [0m
[37m[24.508][linker]-[Debug]-[DjiProtocol_v1Unpack:215) <0x227a>V1-Recv: 0x0800->0x0A06 0x0866 [0m
[37m[24.509][linker]-[Debug]-[DjiCommand_RecvWork:1066)  <0x227a>Receive msg from linker, 0x0800->0x0A06 0x0866 len:17 [0m
[37m[24.509][linker]-[Debug]-[DjiCommand_DealCmd:919) received unsupport request cmd that noneed ack, <0x227a> cmdset: 0x08 cmdid: 0x66 [0m
[37m[24.524][linker]-[Debug]-[DjiProtocol_v1Unpack:215) <0xb7cd>V1-Recv: 0x0300->0x0A06 0x036C [0m
[37m[24.525][linker]-[Debug]-[DjiCommand_RecvWork:1066)  <0xb7cd>Receive msg from linker, 0x0300->0x0A06 0x036C len:71 [0m
[37m[24.525][linker]-[Debug]-[DjiCommand_DealCmd:919) received unsupport request cmd that noneed ack, <0xb7cd> cmdset: 0x03 cmdid: 0x6C [0m
[37m[24.542][linker]-[Debug]-[DjiProtocol_v1Unpack:215) <0xb7f1>V1-Recv: 0x0300->0x0A06 0x4900 [0m
[37m[24.543][linker]-[Debug]-[DjiCommand_RecvWork:1066)  <0xb7f1>Receive msg from linker, 0x0300->0x0A06 0x4900 len:14 [0m
[37m[24.543][linker]-[Debug]-[DjiProtocol_v1Pack:123) <0xb7f1>V1-Send: 0x0A06->0x0300 0x4900 [0m
[37m[24.543][utils]-[Debug]-[DjiCore_RootTask:131) work execution time: [0m
[37m[24.543][utils]-[Debug]-[DjiCore_RootTask:132) name	                execution time (ms)	  max execution time (ms) [0m
[37m[24.543][utils]-[Debug]-[DjiCore_RootTask:134) recorderWork                    	0       	1        [0m
[37m[24.543][utils]-[Debug]-[DjiCore_RootTask:134) flowControllerTask              	0       	1        [0m
[37m[24.543][utils]-[Debug]-[DjiCore_RootTask:134) commandTask                     	1       	1        [0m
[37m[24.543][utils]-[Debug]-[DjiCore_RootTask:134) aircraftWorkNode                	0       	1        [0m
[37m[24.543][utils]-[Debug]-[DjiCore_RootTask:134) StatePushWork                   	0       	1        [0m
[37m[24.583][linker]-[Debug]-[DjiProtocol_v1Unpack:215) <0xb833>V1-Recv: 0x0300->0x0A06 0x221B [0m
[37m[24.583][linker]-[Debug]-[DjiProtocol_v1Unpack:215) <0xb837>V1-Recv: 0x0300->0x0100 0x0405 [0m
[37m[24.583][linker]-[Debug]-[DjiCommand_RecvWork:1066)  <0xb833>Receive msg from linker, 0x0300->0x0A06 0x221B len:9 [0m
[37m[24.583][linker]-[Debug]-[DjiCommand_DealCmd:919) received unsupport request cmd that noneed ack, <0xb833> cmdset: 0x22 cmdid: 0x1B [0m
[37m[24.584][linker]-[Debug]-[DjiCommand_RecvWork:1066)  <0xb837>Receive msg from linker, 0x0300->0x0100 0x0405 len:22 [0m
[37m[24.584][linker]-[Debug]-[DjiCommand_DealCmd:919) received unsupport request cmd that noneed ack, <0xb837> cmdset: 0x04 cmdid: 0x05 [0m
[37m[24.601][linker]-[Debug]-[DjiProtocol_v1Unpack:215) <0xb854>V1-Recv: 0x0306->0x0A06 0x03C1 [0m
[37m[24.601][linker]-[Debug]-[DjiCommand_RecvWork:1066)  <0xb854>Receive msg from linker, 0x0306->0x0A06 0x03C1 len:13 [0m
[37m[24.624][linker]-[Debug]-[DjiProtocol_v1Unpack:215) <0xb873>V1-Recv: 0x0300->0x0A06 0x036C [0m
[37m[24.624][linker]-[Debug]-[DjiCommand_RecvWork:1066)  <0xb873>Receive msg from linker, 0x0300->0x0A06 0x036C len:71 [0m
[37m[24.624][linker]-[Debug]-[DjiCommand_DealCmd:919) received unsupport request cmd that noneed ack, <0xb873> cmdset: 0x03 cmdid: 0x6C [0m
[37m[24.642][linker]-[Debug]-[DjiProtocol_v1Unpack:215) <0xb891>V1-Recv: 0x0300->0x0A06 0x4900 [0m
[37m[24.643][linker]-[Debug]-[DjiCommand_RecvWork:1066)  <0xb891>Receive msg from linker, 0x0300->0x0A06 0x4900 len:14 [0m
[37m[24.643][linker]-[Debug]-[DjiProtocol_v1Pack:123) <0xb891>V1-Send: 0x0A06->0x0300 0x4900 [0m
[37m[24.665][linker]-[Debug]-[DjiProtocol_v1Unpack:215) <0xb8ad>V1-Recv: 0x0306->0x0A06 0x03C1 [0m
[37m[24.666][linker]-[Debug]-[DjiCommand_RecvWork:1066)  <0xb8ad>Receive msg from linker, 0x0306->0x0A06 0x03C1 len:113 [0m
[37m[24.681][linker]-[Debug]-[DjiProtocol_v1Unpack:215) <0xb8d1>V1-Recv: 0x0300->0x0A06 0x221B [0m
[37m[24.682][linker]-[Debug]-[DjiCommand_RecvWork:1066)  <0xb8d1>Receive msg from linker, 0x0300->0x0A06 0x221B len:9 [0m
[37m[24.682][linker]-[Debug]-[DjiCommand_DealCmd:919) received unsupport request cmd that noneed ack, <0xb8d1> cmdset: 0x22 cmdid: 0x1B [0m
[32m[24.694][user]-[Info]-[DjiTest_LiveviewRunSample:64) Liveview sample start [0m
[32m[24.695][user]-[Info]-[DjiTest_WaypointV2RunSample:160) Waypoint V2 sample start [0m
[32m[24.695][user]-[Info]-[DjiTest_WaypointV2RunSample:163) --> Step 1: Init Waypoint V2 sample [0m
[37m[24.695][linker]-[Debug]-[DjiCommand_RegRecvCmdHandler:674) Reg command handle list success, index:14 [0m
[32m[24.695][user]-[Info]-[DjiTest_WaypointV2RunSample:182) --> Step 3: Register waypoint V2 event and state callback
 [0m
[32m[24.695][user]-[Info]-[DjiTest_LiveviewRunSample:73) Liveview sample launched in a separate thread [0m
[32m[24.695][user]-[Info]-[liveviewThreadFunc:90) Liveview sample start [0m
[32m[24.695][user]-[Info]-[liveviewThreadFunc:99) --> Step 1: Init liveview module [0m
[37m[24.695][linker]-[Debug]-[DjiProtocol_v1Unpack:215) <0x11aa>V1-Recv: 0x1D07->0x0A06 0x2105 [0m
[37m[24.696][linker]-[Debug]-[DjiCommand_RecvWork:1066)  <0x11aa>Receive msg from linker, 0x1D07->0x0A06 0x2105 len:1 [0m
[37m[24.696][linker]-[Debug]-[DjiCommand_DealCmd:919) received unsupport request cmd that need ack, <0x11aa> cmdset: 0x21 cmdid: 0x05 [0m
[37m[24.696][linker]-[Debug]-[DjiProtocol_v1Pack:123) <0x5384>V1-Send: 0x0A06->0x0200 0x3C10 [0m
[37m[24.696][linker]-[Debug]-[DjiProtocol_v1Pack:123) <0x5385>V1-Send: 0x0A06->0x0A01 0x3C10 [0m
[37m[24.696][linker]-[Debug]-[DjiProtocol_v1Pack:123) <0x5386>V1-Send: 0x0A06->0x0300 0x3C10 [0m
[37m[24.697][channel]-[Debug]-[DjiStreamChannelUdp_RecvDataThread:248) Receive udp data from 192.168.108.1.30081 -> 192.168.100.2.30081, protocol: raw_data [0m
[37m[24.699][channel]-[Debug]-[DjiStreamChannelUdp_RecvDataThread:248) Receive udp data from 192.168.108.1.30082 -> 192.168.100.2.30082, protocol: raw_data [0m
[37m[24.700][linker]-[Debug]-[DjiProtocol_v1Unpack:215) <0xb8f0>V1-Recv: 0x0306->0x0A06 0x03C1 [0m
[37m[24.701][channel]-[Debug]-[DjiStreamChannelUdp_RecvDataThread:248) Receive udp data from 192.168.108.1.30083 -> 192.168.100.2.30083, protocol: raw_data [0m
[37m[24.701][linker]-[Debug]-[DjiCommand_RecvWork:1066)  <0xb8f0>Receive msg from linker, 0x0306->0x0A06 0x03C1 len:13 [0m
[37m[24.702][channel]-[Debug]-[DjiStreamChannelUdp_RecvDataThread:248) Receive udp data from 192.168.108.1.30084 -> 192.168.100.2.30084, protocol: raw_data [0m
[37m[24.704][channel]-[Debug]-[DjiStreamChannelUdp_RecvDataThread:248) Receive udp data from 192.168.108.1.30085 -> 192.168.100.2.30085, protocol: raw_data [0m
[37m[24.706][linker]-[Debug]-[DjiCommand_RegRecvCmdHandler:674) Reg command handle list success, index:15 [0m
[37m[24.706][linker]-[Debug]-[DjiProtocol_v1Pack:123) <0x5387>V1-Send: 0x0A06->0x0800 0x0865 [0m
[37m[24.706][channel]-[Debug]-[DjiStreamChannelUdp_RecvDataThread:248) Receive udp data from 192.168.108.1.30090 -> 192.168.100.2.30090, protocol: raw_data [0m
[32m[24.707][user]-[Info]-[UserFcSubscription_Task:458) gps position: x 117.120749 y 39.126569 z 10.100000. [0m
[32m[24.707][user]-[Info]-[UserFcSubscription_Task:470) gps total satellite number used: 3 9 14.
GPS fixState: 3.000000. [0m
[32m[24.707][user]-[Info]-[UserFcSubscription_Task:487) Homepoint info: lat->39.126699, lon->117.120801. [0m
[32m[24.707][user]-[Info]-[UserFcSubscription_Task:492) distanceTotal: lat->39.126699, lon->117.120801. lat->39.126651, lon->117.120671. [0m
[32m[24.707][user]-[Info]-[UserFcSubscription_Task:512) RTK position solution state: 16. [0m
[32m[24.707][user]-[Info]-[UserFcSubscription_Task:528) RTK position: 117.120656 39.126748 -10.098922. [0m
[32m[24.707][user]-[Info]-[UserFcSubscription_Task:573) Altitude of homepoint: 3.473946. [0m
[32m[24.707][user]-[Info]-[UserFcSubscription_Task:586) Battery info: 39. [0m
[32m[24.707][user]-[Info]-[UserFcSubscription_Task:600) Flight status: 0. [0m
[32m[24.707][user]-[Info]-[UserFcSubscription_Task:620) Displaymode status: 6. [0m
[37m[24.707][user]-[Debug]-[UserFcSubscription_Task:633) Timestamp: millisecond 4540992 microsecond 246025100. [0m
[37m[24.707][user]-[Debug]-[UserFcSubscription_Task:634) Relative height fusion is 0.000000 m [0m
[37m[24.722][channel]-[Debug]-[DjiStreamChannelUdp_RecvDataThread:248) Receive udp data from 255.255.0.0.104 -> 192.168.100.2.30081, protocol: raw_data [0m
[37m[24.724][linker]-[Debug]-[DjiProtocol_v1Unpack:215) <0xb916>V1-Recv: 0x0300->0x0A06 0x036C [0m
[37m[24.724][linker]-[Debug]-[DjiCommand_RecvWork:1066)  <0xb916>Receive msg from linker, 0x0300->0x0A06 0x036C len:71 [0m
[37m[24.727][linker]-[Debug]-[DjiProtocol_v1Unpack:215) <0x5387>V1-Recv: 0x0800->0x0A06 0x0865 [0m
[37m[24.728][linker]-[Debug]-[DjiCommand_RecvWork:1066)  <0x5387>Receive msg from linker, 0x0800->0x0A06 0x0865 len:1 [0m
[37m[24.728][linker]-[Debug]-[DjiCommand_SendSyncCallback:1014) PsdkCommand_SendSyncCallback success [0m
[37m[24.728][linker]-[Debug]-[DjiCommand_DealCmd:830) callback function (cmdset: 0x08 cmdid: 0x65) deal time: 0 ms [0m
[37m[24.728][linker]-[Debug]-[DjiCommand_SendSync:553) sendSync callback success [0m
[37m[24.743][linker]-[Debug]-[DjiProtocol_v1Unpack:215) <0xb93a>V1-Recv: 0x0300->0x0A06 0x4900 [0m
[37m[24.744][linker]-[Debug]-[DjiCommand_RecvWork:1066)  <0xb93a>Receive msg from linker, 0x0300->0x0A06 0x4900 len:14 [0m
[37m[24.744][linker]-[Debug]-[DjiProtocol_v1Pack:123) <0xb93a>V1-Send: 0x0A06->0x0300 0x4900 [0m
[37m[24.750][linker]-[Debug]-[DjiProtocol_v1Unpack:215) <0xbd6>V1-Recv: 0x0701->0x0A06 0x0000 [0m
[37m[24.751][linker]-[Debug]-[DjiCommand_RecvWork:1066)  <0xbd6>Receive msg from linker, 0x0701->0x0A06 0x0000 len:16 [0m
[37m[24.751][linker]-[Debug]-[DjiProtocol_v1Pack:123) <0xbd6>V1-Send: 0x0A06->0x0701 0x0000 [0m
[37m[24.755][channel]-[Debug]-[DjiStreamChannelUdp_RecvDataThread:248) Receive udp data from 255.255.0.0.104 -> 192.168.100.2.30081, protocol: raw_data [0m
[37m[24.758][linker]-[Debug]-[DjiProtocol_v1Unpack:215) <0x227b>V1-Recv: 0x0800->0x0A06 0x0866 [0m
[37m[24.758][linker]-[Debug]-[DjiCommand_RecvWork:1066)  <0x227b>Receive msg from linker, 0x0800->0x0A06 0x0866 len:17 [0m
[37m[24.758][liveview]-[Debug]-[DjiLiveview_DecodeLiveviewStatusHandle:1169) Liveview uuid info total_num: 1, index: 0, version: 1, major_type: 0, minor_type: 39, idx: 0, pos: 7 [0m
[37m[24.758][liveview]-[Debug]-[DjiLiveview_DecodeLiveviewStatusHandle:1183) sdr num: 1 [0m
[37m[24.758][liveview]-[Debug]-[DjiLiveview_DecodeLiveviewStatusHandle:1203) tunnel id: 0 [0m
[37m[24.758][liveview]-[Debug]-[DjiLiveview_DecodeLiveviewStatusHandle:1207) consumeBytes: 15, availBytes: 15 [0m
[37m[24.781][linker]-[Debug]-[DjiProtocol_v1Unpack:215) <0xb97c>V1-Recv: 0x0300->0x0A06 0x221B [0m
[37m[24.782][linker]-[Debug]-[DjiCommand_RecvWork:1066)  <0xb97c>Receive msg from linker, 0x0300->0x0A06 0x221B len:9 [0m
[32m[24.782][user]-[Info]-[DjiTest_WaypointV2StateCallback:643) [Waypoint Index:0]: State: Ground station not start, velocity:0.00 m/s [0m
[37m[24.789][channel]-[Debug]-[DjiStreamChannelUdp_RecvDataThread:248) Receive udp data from 255.255.0.0.104 -> 192.168.100.2.30081, protocol: raw_data [0m
[37m[24.800][linker]-[Debug]-[DjiProtocol_v1Unpack:215) <0xb99a>V1-Recv: 0x0306->0x0A06 0x03C1 [0m
[37m[24.801][linker]-[Debug]-[DjiCommand_RecvWork:1066)  <0xb99a>Receive msg from linker, 0x0306->0x0A06 0x03C1 len:13 [0m
[37m[24.822][channel]-[Debug]-[DjiStreamChannelUdp_RecvDataThread:248) Receive udp data from 255.255.0.0.104 -> 192.168.100.2.30081, protocol: raw_data [0m
[37m[24.824][linker]-[Debug]-[DjiProtocol_v1Unpack:215) <0xb9b9>V1-Recv: 0x0300->0x0A06 0x036C [0m
[37m[24.826][linker]-[Debug]-[DjiCommand_RecvWork:1066)  <0xb9b9>Receive msg from linker, 0x0300->0x0A06 0x036C len:71 [0m
[37m[24.843][linker]-[Debug]-[DjiProtocol_v1Unpack:215) <0xb9d9>V1-Recv: 0x0300->0x0A06 0x4900 [0m
[37m[24.843][linker]-[Debug]-[DjiCommand_RecvWork:1066)  <0xb9d9>Receive msg from linker, 0x0300->0x0A06 0x4900 len:14 [0m
[37m[24.843][linker]-[Debug]-[DjiProtocol_v1Pack:123) <0xb9d9>V1-Send: 0x0A06->0x0300 0x4900 [0m
[37m[24.855][channel]-[Debug]-[DjiStreamChannelUdp_RecvDataThread:248) Receive udp data from 255.255.0.0.104 -> 192.168.100.2.30081, protocol: raw_data [0m
[37m[24.881][linker]-[Debug]-[DjiProtocol_v1Unpack:215) <0xba1b>V1-Recv: 0x0300->0x0A06 0x221B [0m
[37m[24.881][linker]-[Debug]-[DjiCommand_RecvWork:1066)  <0xba1b>Receive msg from linker, 0x0300->0x0A06 0x221B len:9 [0m
[37m[24.890][channel]-[Debug]-[DjiStreamChannelUdp_RecvDataThread:248) Receive udp data from 255.255.0.0.104 -> 192.168.100.2.30081, protocol: raw_data [0m
[37m[24.900][linker]-[Debug]-[DjiProtocol_v1Unpack:215) <0xba39>V1-Recv: 0x0306->0x0A06 0x03C1 [0m
[37m[24.900][linker]-[Debug]-[DjiCommand_RecvWork:1066)  <0xba39>Receive msg from linker, 0x0306->0x0A06 0x03C1 len:13 [0m
[37m[24.910][linker]-[Debug]-[DjiProtocol_v1Pack:123) <0x5389>V1-Send: 0x0A06->0x0200 0x3C10 [0m
[37m[24.910][linker]-[Debug]-[DjiProtocol_v1Pack:123) <0x538a>V1-Send: 0x0A06->0x0A01 0x3C10 [0m
[37m[24.910][linker]-[Debug]-[DjiProtocol_v1Pack:123) <0x538b>V1-Send: 0x0A06->0x0300 0x3C10 [0m
[37m[24.922][channel]-[Debug]-[DjiStreamChannelUdp_RecvDataThread:248) Receive udp data from 255.255.0.0.104 -> 192.168.100.2.30081, protocol: raw_data [0m
[37m[24.924][linker]-[Debug]-[DjiProtocol_v1Unpack:215) <0xba5f>V1-Recv: 0x0300->0x0A06 0x036C [0m
[37m[24.925][linker]-[Debug]-[DjiCommand_RecvWork:1066)  <0xba5f>Receive msg from linker, 0x0300->0x0A06 0x036C len:71 [0m
[37m[24.943][linker]-[Debug]-[DjiProtocol_v1Unpack:215) <0xba89>V1-Recv: 0x0300->0x0A06 0x4900 [0m
[37m[24.943][linker]-[Debug]-[DjiCommand_RecvWork:1066)  <0xba89>Receive msg from linker, 0x0300->0x0A06 0x4900 len:14 [0m
[37m[24.943][linker]-[Debug]-[DjiProtocol_v1Pack:123) <0xba89>V1-Send: 0x0A06->0x0300 0x4900 [0m
[37m[24.956][channel]-[Debug]-[DjiStreamChannelUdp_RecvDataThread:248) Receive udp data from 255.255.0.0.104 -> 192.168.100.2.30081, protocol: raw_data [0m
[37m[24.981][linker]-[Debug]-[DjiProtocol_v1Unpack:215) <0xbac9>V1-Recv: 0x0300->0x0A06 0x221B [0m
[37m[24.981][linker]-[Debug]-[DjiCommand_RecvWork:1066)  <0xbac9>Receive msg from linker, 0x0300->0x0A06 0x221B len:9 [0m
[37m[24.989][channel]-[Debug]-[DjiStreamChannelUdp_RecvDataThread:248) Receive udp data from 255.255.0.0.104 -> 192.168.100.2.30081, protocol: raw_data [0m
[37m[25.000][linker]-[Debug]-[DjiProtocol_v1Unpack:215) <0xbae7>V1-Recv: 0x0306->0x0A06 0x03C1 [0m
[37m[25.000][linker]-[Debug]-[DjiCommand_RecvWork:1066)  <0xbae7>Receive msg from linker, 0x0306->0x0A06 0x03C1 len:13 [0m
[37m[25.008][linker]-[Debug]-[DjiProtocol_v1Unpack:215) <0x227c>V1-Recv: 0x0800->0x0A06 0x0866 [0m
[37m[25.008][linker]-[Debug]-[DjiCommand_RecvWork:1066)  <0x227c>Receive msg from linker, 0x0800->0x0A06 0x0866 len:17 [0m
[37m[25.008][liveview]-[Debug]-[DjiLiveview_DecodeLiveviewStatusHandle:1169) Liveview uuid info total_num: 1, index: 0, version: 1, major_type: 0, minor_type: 39, idx: 0, pos: 7 [0m
[37m[25.008][liveview]-[Debug]-[DjiLiveview_DecodeLiveviewStatusHandle:1183) sdr num: 1 [0m
[37m[25.008][liveview]-[Debug]-[DjiLiveview_DecodeLiveviewStatusHandle:1203) tunnel id: 0 [0m
[37m[25.008][liveview]-[Debug]-[DjiLiveview_DecodeLiveviewStatusHandle:1207) consumeBytes: 15, availBytes: 15 [0m
[37m[25.022][channel]-[Debug]-[DjiStreamChannelUdp_RecvDataThread:248) Receive udp data from 255.255.0.0.104 -> 192.168.100.2.30081, protocol: raw_data [0m
[37m[25.024][linker]-[Debug]-[DjiProtocol_v1Unpack:215) <0xbb07>V1-Recv: 0x0300->0x0A06 0x036C [0m
[37m[25.024][linker]-[Debug]-[DjiCommand_RecvWork:1066)  <0xbb07>Receive msg from linker, 0x0300->0x0A06 0x036C len:71 [0m
[37m[25.042][linker]-[Debug]-[DjiProtocol_v1Unpack:215) <0xbb29>V1-Recv: 0x0300->0x0A06 0x4900 [0m
[37m[25.042][linker]-[Debug]-[DjiCommand_RecvWork:1066)  <0xbb29>Receive msg from linker, 0x0300->0x0A06 0x4900 len:14 [0m
[37m[25.042][linker]-[Debug]-[DjiProtocol_v1Pack:123) <0xbb29>V1-Send: 0x0A06->0x0300 0x4900 [0m
[37m[25.055][channel]-[Debug]-[DjiStreamChannelUdp_RecvDataThread:248) Receive udp data from 255.255.0.0.104 -> 192.168.100.2.30081, protocol: raw_data [0m
[37m[25.084][linker]-[Debug]-[DjiProtocol_v1Unpack:215) <0xbb68>V1-Recv: 0x0300->0x0A06 0x221B [0m
[37m[25.084][linker]-[Debug]-[DjiProtocol_v1Unpack:215) <0xbb6f>V1-Recv: 0x0300->0x0A06 0x0F74 [0m
[37m[25.084][linker]-[Debug]-[DjiProtocol_v1Unpack:215) <0xbb70>V1-Recv: 0x0300->0x0100 0x0406 [0m
[37m[25.084][linker]-[Debug]-[DjiProtocol_v1Unpack:215) <0xbb71>V1-Recv: 0x0300->0x0100 0x0407 [0m
[37m[25.085][linker]-[Debug]-[DjiCommand_RecvWork:1066)  <0xbb68>Receive msg from linker, 0x0300->0x0A06 0x221B len:9 [0m
[37m[25.086][linker]-[Debug]-[DjiCommand_RecvWork:1066)  <0xbb6f>Receive msg from linker, 0x0300->0x0A06 0x0F74 len:28 [0m
[37m[25.086][linker]-[Debug]-[DjiCommand_DealCmd:919) received unsupport request cmd that noneed ack, <0xbb6f> cmdset: 0x0F cmdid: 0x74 [0m
[37m[25.087][linker]-[Debug]-[DjiCommand_RecvWork:1066)  <0xbb70>Receive msg from linker, 0x0300->0x0100 0x0406 len:12 [0m
[37m[25.087][linker]-[Debug]-[DjiCommand_DealCmd:919) received unsupport request cmd that noneed ack, <0xbb70> cmdset: 0x04 cmdid: 0x06 [0m
[37m[25.088][linker]-[Debug]-[DjiCommand_RecvWork:1066)  <0xbb71>Receive msg from linker, 0x0300->0x0100 0x0407 len:1 [0m
[37m[25.088][linker]-[Debug]-[DjiCommand_DealCmd:919) received unsupport request cmd that noneed ack, <0xbb71> cmdset: 0x04 cmdid: 0x07 [0m
[37m[25.089][channel]-[Debug]-[DjiStreamChannelUdp_RecvDataThread:248) Receive udp data from 255.255.0.0.104 -> 192.168.100.2.30081, protocol: raw_data [0m
[37m[25.100][linker]-[Debug]-[DjiProtocol_v1Unpack:215) <0xbb8c>V1-Recv: 0x0306->0x0A06 0x03C1 [0m
[37m[25.101][linker]-[Debug]-[DjiCommand_RecvWork:1066)  <0xbb8c>Receive msg from linker, 0x0306->0x0A06 0x03C1 len:13 [0m
[37m[25.122][channel]-[Debug]-[DjiStreamChannelUdp_RecvDataThread:248) Receive udp data from 255.255.0.0.104 -> 192.168.100.2.30081, protocol: raw_data [0m
[37m[25.123][linker]-[Debug]-[DjiProtocol_v1Pack:123) <0x538c>V1-Send: 0x0A06->0x0200 0x3C10 [0m
[37m[25.123][linker]-[Debug]-[DjiProtocol_v1Pack:123) <0x538d>V1-Send: 0x0A06->0x0A01 0x3C10 [0m
[37m[25.123][linker]-[Debug]-[DjiProtocol_v1Pack:123) <0x538e>V1-Send: 0x0A06->0x0300 0x3C10 [0m
[37m[25.124][linker]-[Debug]-[DjiProtocol_v1Unpack:215) <0xbbae>V1-Recv: 0x0300->0x0A06 0x036C [0m
[37m[25.124][linker]-[Debug]-[DjiCommand_RecvWork:1066)  <0xbbae>Receive msg from linker, 0x0300->0x0A06 0x036C len:71 [0m
[37m[25.143][linker]-[Debug]-[DjiProtocol_v1Unpack:215) <0xbbde>V1-Recv: 0x0300->0x0A06 0x4900 [0m
[37m[25.144][linker]-[Debug]-[DjiCommand_RecvWork:1066)  <0xbbde>Receive msg from linker, 0x0300->0x0A06 0x4900 len:14 [0m
[37m[25.144][linker]-[Debug]-[DjiProtocol_v1Pack:123) <0xbbde>V1-Send: 0x0A06->0x0300 0x4900 [0m
[37m[25.155][channel]-[Debug]-[DjiStreamChannelUdp_RecvDataThread:248) Receive udp data from 255.255.0.0.104 -> 192.168.100.2.30081, protocol: raw_data [0m
[37m[25.182][linker]-[Debug]-[DjiProtocol_v1Unpack:215) <0xbc25>V1-Recv: 0x0300->0x0A06 0x221B [0m
[37m[25.182][linker]-[Debug]-[DjiCommand_RecvWork:1066)  <0xbc25>Receive msg from linker, 0x0300->0x0A06 0x221B len:9 [0m
[37m[25.189][channel]-[Debug]-[DjiStreamChannelUdp_RecvDataThread:248) Receive udp data from 255.255.0.0.104 -> 192.168.100.2.30081, protocol: raw_data [0m
[37m[25.200][linker]-[Debug]-[DjiProtocol_v1Unpack:215) <0xbc47>V1-Recv: 0x0306->0x0A06 0x03C1 [0m
[37m[25.200][linker]-[Debug]-[DjiCommand_RecvWork:1066)  <0xbc47>Receive msg from linker, 0x0306->0x0A06 0x03C1 len:13 [0m
[37m[25.222][channel]-[Debug]-[DjiStreamChannelUdp_RecvDataThread:248) Receive udp data from 255.255.0.0.104 -> 192.168.100.2.30081, protocol: raw_data [0m
[37m[25.224][linker]-[Debug]-[DjiProtocol_v1Unpack:215) <0xbc69>V1-Recv: 0x0300->0x0A06 0x036C [0m
[37m[25.225][linker]-[Debug]-[DjiCommand_RecvWork:1066)  <0xbc69>Receive msg from linker, 0x0300->0x0A06 0x036C len:71 [0m
[37m[25.243][linker]-[Debug]-[DjiProtocol_v1Unpack:215) <0xbc87>V1-Recv: 0x0300->0x0A06 0x4900 [0m
[37m[25.244][linker]-[Debug]-[DjiCommand_RecvWork:1066)  <0xbc87>Receive msg from linker, 0x0300->0x0A06 0x4900 len:14 [0m
[37m[25.244][linker]-[Debug]-[DjiProtocol_v1Pack:123) <0xbc87>V1-Send: 0x0A06->0x0300 0x4900 [0m
[37m[25.255][channel]-[Debug]-[DjiStreamChannelUdp_RecvDataThread:248) Receive udp data from 255.255.0.0.104 -> 192.168.100.2.30081, protocol: raw_data [0m
[37m[25.258][linker]-[Debug]-[DjiProtocol_v1Unpack:215) <0x227d>V1-Recv: 0x0800->0x0A06 0x0866 [0m
[37m[25.259][linker]-[Debug]-[DjiCommand_RecvWork:1066)  <0x227d>Receive msg from linker, 0x0800->0x0A06 0x0866 len:17 [0m
[37m[25.259][liveview]-[Debug]-[DjiLiveview_DecodeLiveviewStatusHandle:1169) Liveview uuid info total_num: 1, index: 0, version: 1, major_type: 0, minor_type: 39, idx: 0, pos: 7 [0m
[37m[25.259][liveview]-[Debug]-[DjiLiveview_DecodeLiveviewStatusHandle:1183) sdr num: 1 [0m
[37m[25.259][liveview]-[Debug]-[DjiLiveview_DecodeLiveviewStatusHandle:1203) tunnel id: 0 [0m
[37m[25.259][liveview]-[Debug]-[DjiLiveview_DecodeLiveviewStatusHandle:1207) consumeBytes: 15, availBytes: 15 [0m
[37m[25.281][linker]-[Debug]-[DjiProtocol_v1Unpack:215) <0xbcc8>V1-Recv: 0x0300->0x0A06 0x221B [0m
[37m[25.281][linker]-[Debug]-[DjiCommand_RecvWork:1066)  <0xbcc8>Receive msg from linker, 0x0300->0x0A06 0x221B len:9 [0m
[37m[25.289][channel]-[Debug]-[DjiStreamChannelUdp_RecvDataThread:248) Receive udp data from 255.255.0.0.104 -> 192.168.100.2.30081, protocol: raw_data [0m
[37m[25.300][linker]-[Debug]-[DjiProtocol_v1Unpack:215) <0xbce7>V1-Recv: 0x0306->0x0A06 0x03C1 [0m
[37m[25.302][linker]-[Debug]-[DjiCommand_RecvWork:1066)  <0xbce7>Receive msg from linker, 0x0306->0x0A06 0x03C1 len:13 [0m
[37m[25.322][channel]-[Debug]-[DjiStreamChannelUdp_RecvDataThread:248) Receive udp data from 255.255.0.0.104 -> 192.168.100.2.30081, protocol: raw_data [0m
[37m[25.324][linker]-[Debug]-[DjiProtocol_v1Unpack:215) <0xbd0d>V1-Recv: 0x0300->0x0A06 0x036C [0m
[37m[25.325][linker]-[Debug]-[DjiCommand_RecvWork:1066)  <0xbd0d>Receive msg from linker, 0x0300->0x0A06 0x036C len:71 [0m
[37m[25.336][linker]-[Debug]-[DjiProtocol_v1Pack:123) <0x538f>V1-Send: 0x0A06->0x0300 0x0000 [0m
[37m[25.336][infor]-[Debug]-[DjiAircraftConnection_CheckExtensionPortConnectStatusByV1Protocol:170) check connect status:1 [0m
[37m[25.337][linker]-[Debug]-[DjiProtocol_v1Pack:123) <0x5390>V1-Send: 0x0A06->0x0200 0x3C10 [0m
[37m[25.337][linker]-[Debug]-[DjiProtocol_v1Pack:123) <0x5391>V1-Send: 0x0A06->0x0A01 0x3C10 [0m
[37m[25.337][linker]-[Debug]-[DjiProtocol_v1Pack:123) <0x5392>V1-Send: 0x0A06->0x0300 0x3C10 [0m
[37m[25.341][linker]-[Debug]-[DjiProtocol_v1Unpack:215) <0x538f>V1-Recv: 0x0300->0x0A06 0x0000 [0m
[37m[25.341][linker]-[Debug]-[DjiCommand_RecvWork:1066)  <0x538f>Receive msg from linker, 0x0300->0x0A06 0x0000 len:0 [0m
[37m[25.341][infor]-[Debug]-[DjiAircraftInfo_CheckPingStatusAsyncCallback:269) connect status async sucess [0m
[37m[25.341][linker]-[Debug]-[DjiCommand_DealCmd:830) callback function (cmdset: 0x00 cmdid: 0x00) deal time: 0 ms [0m
[37m[25.343][linker]-[Debug]-[DjiProtocol_v1Unpack:215) <0xbd3a>V1-Recv: 0x0300->0x0A06 0x4900 [0m
[37m[25.343][linker]-[Debug]-[DjiCommand_RecvWork:1066)  <0xbd3a>Receive msg from linker, 0x0300->0x0A06 0x4900 len:14 [0m
[37m[25.343][linker]-[Debug]-[DjiProtocol_v1Pack:123) <0xbd3a>V1-Send: 0x0A06->0x0300 0x4900 [0m
[37m[25.355][channel]-[Debug]-[DjiStreamChannelUdp_RecvDataThread:248) Receive udp data from 255.255.0.0.104 -> 192.168.100.2.30081, protocol: raw_data [0m
[37m[25.381][linker]-[Debug]-[DjiProtocol_v1Unpack:215) <0xbd85>V1-Recv: 0x0300->0x0A06 0x221B [0m
[37m[25.382][linker]-[Debug]-[DjiCommand_RecvWork:1066)  <0xbd85>Receive msg from linker, 0x0300->0x0A06 0x221B len:9 [0m
[37m[25.387][channel]-[Debug]-[DjiStreamChannelUdp_RecvDataThread:248) Receive udp data from 255.255.0.0.104 -> 192.168.100.2.30081, protocol: raw_data [0m
[37m[25.389][channel]-[Debug]-[DjiStreamChannelUdp_RecvDataThread:248) Receive udp data from 255.255.0.0.104 -> 192.168.100.2.30081, protocol: raw_data [0m
[37m[25.401][linker]-[Debug]-[DjiProtocol_v1Unpack:215) <0xbda3>V1-Recv: 0x0306->0x0A06 0x03C1 [0m
[37m[25.401][linker]-[Debug]-[DjiCommand_RecvWork:1066)  <0xbda3>Receive msg from linker, 0x0306->0x0A06 0x03C1 len:13 [0m
[37m[25.422][channel]-[Debug]-[DjiStreamChannelUdp_RecvDataThread:248) Receive udp data from 255.255.0.0.104 -> 192.168.100.2.30081, protocol: raw_data [0m
[37m[25.424][linker]-[Debug]-[DjiProtocol_v1Unpack:215) <0xbdc4>V1-Recv: 0x0300->0x0A06 0x036C [0m
[37m[25.425][linker]-[Debug]-[DjiCommand_RecvWork:1066)  <0xbdc4>Receive msg from linker, 0x0300->0x0A06 0x036C len:71 [0m
[37m[25.442][linker]-[Debug]-[DjiProtocol_v1Unpack:215) <0xbde2>V1-Recv: 0x0300->0x0A06 0x4900 [0m
[37m[25.443][linker]-[Debug]-[DjiCommand_RecvWork:1066)  <0xbde2>Receive msg from linker, 0x0300->0x0A06 0x4900 len:14 [0m
[37m[25.443][linker]-[Debug]-[DjiProtocol_v1Pack:123) <0xbde2>V1-Send: 0x0A06->0x0300 0x4900 [0m
[37m[25.455][channel]-[Debug]-[DjiStreamChannelUdp_RecvDataThread:248) Receive udp data from 255.255.0.0.104 -> 192.168.100.2.30081, protocol: raw_data [0m
[37m[25.481][linker]-[Debug]-[DjiProtocol_v1Unpack:215) <0xbe23>V1-Recv: 0x0300->0x0A06 0x221B [0m
[37m[25.482][linker]-[Debug]-[DjiCommand_RecvWork:1066)  <0xbe23>Receive msg from linker, 0x0300->0x0A06 0x221B len:9 [0m
[37m[25.488][channel]-[Debug]-[DjiStreamChannelUdp_RecvDataThread:248) Receive udp data from 255.255.0.0.104 -> 192.168.100.2.30081, protocol: raw_data [0m
[37m[25.501][linker]-[Debug]-[DjiProtocol_v1Unpack:215) <0xbe40>V1-Recv: 0x0306->0x0A06 0x03C1 [0m
[37m[25.501][linker]-[Debug]-[DjiCommand_RecvWork:1066)  <0xbe40>Receive msg from linker, 0x0306->0x0A06 0x03C1 len:13 [0m
[37m[25.508][linker]-[Debug]-[DjiProtocol_v1Unpack:215) <0x227e>V1-Recv: 0x0800->0x0A06 0x0866 [0m
[37m[25.509][linker]-[Debug]-[DjiCommand_RecvWork:1066)  <0x227e>Receive msg from linker, 0x0800->0x0A06 0x0866 len:17 [0m
[37m[25.509][liveview]-[Debug]-[DjiLiveview_DecodeLiveviewStatusHandle:1169) Liveview uuid info total_num: 1, index: 0, version: 1, major_type: 0, minor_type: 39, idx: 0, pos: 7 [0m
[37m[25.509][liveview]-[Debug]-[DjiLiveview_DecodeLiveviewStatusHandle:1183) sdr num: 1 [0m
[37m[25.509][liveview]-[Debug]-[DjiLiveview_DecodeLiveviewStatusHandle:1203) tunnel id: 0 [0m
[37m[25.509][liveview]-[Debug]-[DjiLiveview_DecodeLiveviewStatusHandle:1207) consumeBytes: 15, availBytes: 15 [0m
[37m[25.522][channel]-[Debug]-[DjiStreamChannelUdp_RecvDataThread:248) Receive udp data from 255.255.0.0.104 -> 192.168.100.2.30081, protocol: raw_data [0m
[37m[25.524][linker]-[Debug]-[DjiProtocol_v1Unpack:215) <0xbe63>V1-Recv: 0x0300->0x0A06 0x036C [0m
[37m[25.525][linker]-[Debug]-[DjiCommand_RecvWork:1066)  <0xbe63>Receive msg from linker, 0x0300->0x0A06 0x036C len:71 [0m
[37m[25.542][linker]-[Debug]-[DjiProtocol_v1Unpack:215) <0xbe8a>V1-Recv: 0x0300->0x0A06 0x4900 [0m
[37m[25.543][linker]-[Debug]-[DjiCommand_RecvWork:1066)  <0xbe8a>Receive msg from linker, 0x0300->0x0A06 0x4900 len:14 [0m
[37m[25.543][linker]-[Debug]-[DjiProtocol_v1Pack:123) <0xbe8a>V1-Send: 0x0A06->0x0300 0x4900 [0m
[37m[25.551][linker]-[Debug]-[DjiProtocol_v1Pack:123) <0x5393>V1-Send: 0x0A06->0x0200 0x3C10 [0m
[37m[25.551][linker]-[Debug]-[DjiProtocol_v1Pack:123) <0x5394>V1-Send: 0x0A06->0x0A01 0x3C10 [0m
[37m[25.551][linker]-[Debug]-[DjiProtocol_v1Pack:123) <0x5395>V1-Send: 0x0A06->0x0300 0x3C10 [0m
[37m[25.555][channel]-[Debug]-[DjiStreamChannelUdp_RecvDataThread:248) Receive udp data from 255.255.0.0.104 -> 192.168.100.2.30081, protocol: raw_data [0m
[37m[25.583][linker]-[Debug]-[DjiProtocol_v1Unpack:215) <0xbecf>V1-Recv: 0x0300->0x0A06 0x221B [0m
[37m[25.583][linker]-[Debug]-[DjiProtocol_v1Unpack:215) <0xbed3>V1-Recv: 0x0300->0x0100 0x0405 [0m
[37m[25.583][linker]-[Debug]-[DjiCommand_RecvWork:1066)  <0xbecf>Receive msg from linker, 0x0300->0x0A06 0x221B len:9 [0m
[37m[25.584][linker]-[Debug]-[DjiCommand_RecvWork:1066)  <0xbed3>Receive msg from linker, 0x0300->0x0100 0x0405 len:22 [0m
[37m[25.584][linker]-[Debug]-[DjiCommand_DealCmd:919) received unsupport request cmd that noneed ack, <0xbed3> cmdset: 0x04 cmdid: 0x05 [0m
[37m[25.589][channel]-[Debug]-[DjiStreamChannelUdp_RecvDataThread:248) Receive udp data from 255.255.0.0.104 -> 192.168.100.2.30081, protocol: raw_data [0m
[37m[25.600][linker]-[Debug]-[DjiProtocol_v1Unpack:215) <0xbeee>V1-Recv: 0x0306->0x0A06 0x03C1 [0m
[37m[25.600][linker]-[Debug]-[DjiCommand_RecvWork:1066)  <0xbeee>Receive msg from linker, 0x0306->0x0A06 0x03C1 len:13 [0m
[37m[25.612][utils]-[Debug]-[DjiCore_RootTask:131) work execution time: [0m
[37m[25.612][utils]-[Debug]-[DjiCore_RootTask:132) name	                execution time (ms)	  max execution time (ms) [0m
[37m[25.612][utils]-[Debug]-[DjiCore_RootTask:134) recorderWork                    	1       	1        [0m
[37m[25.612][utils]-[Debug]-[DjiCore_RootTask:134) flowControllerTask              	0       	1        [0m
[37m[25.612][utils]-[Debug]-[DjiCore_RootTask:134) commandTask                     	1       	1        [0m
[37m[25.612][utils]-[Debug]-[DjiCore_RootTask:134) aircraftWorkNode                	0       	1        [0m
[37m[25.612][utils]-[Debug]-[DjiCore_RootTask:134) StatePushWork                   	0       	1        [0m
[37m[25.622][channel]-[Debug]-[DjiStreamChannelUdp_RecvDataThread:248) Receive udp data from 255.255.0.0.104 -> 192.168.100.2.30081, protocol: raw_data [0m
[37m[25.625][linker]-[Debug]-[DjiProtocol_v1Unpack:215) <0xbf0e>V1-Recv: 0x0300->0x0A06 0x036C [0m
[37m[25.625][linker]-[Debug]-[DjiCommand_RecvWork:1066)  <0xbf0e>Receive msg from linker, 0x0300->0x0A06 0x036C len:71 [0m
[37m[25.643][linker]-[Debug]-[DjiProtocol_v1Unpack:215) <0xbf2c>V1-Recv: 0x0300->0x0A06 0x4900 [0m
[37m[25.643][linker]-[Debug]-[DjiCommand_RecvWork:1066)  <0xbf2c>Receive msg from linker, 0x0300->0x0A06 0x4900 len:14 [0m
[37m[25.643][linker]-[Debug]-[DjiProtocol_v1Pack:123) <0xbf2c>V1-Send: 0x0A06->0x0300 0x4900 [0m
[37m[25.655][channel]-[Debug]-[DjiStreamChannelUdp_RecvDataThread:248) Receive udp data from 255.255.0.0.104 -> 192.168.100.2.30081, protocol: raw_data [0m
[37m[25.665][linker]-[Debug]-[DjiProtocol_v1Unpack:215) <0xbf48>V1-Recv: 0x0306->0x0A06 0x03C1 [0m
[37m[25.665][linker]-[Debug]-[DjiCommand_RecvWork:1066)  <0xbf48>Receive msg from linker, 0x0306->0x0A06 0x03C1 len:113 [0m
[37m[25.681][linker]-[Debug]-[DjiProtocol_v1Unpack:215) <0xbf6c>V1-Recv: 0x0300->0x0A06 0x221B [0m
[37m[25.681][linker]-[Debug]-[DjiCommand_RecvWork:1066)  <0xbf6c>Receive msg from linker, 0x0300->0x0A06 0x221B len:9 [0m
[37m[25.688][channel]-[Debug]-[DjiStreamChannelUdp_RecvDataThread:248) Receive udp data from 255.255.0.0.104 -> 192.168.100.2.30081, protocol: raw_data [0m
[37m[25.692][linker]-[Debug]-[DjiProtocol_v1Unpack:215) <0x11ab>V1-Recv: 0x1D07->0x0A06 0x2105 [0m
[37m[25.692][linker]-[Debug]-[DjiCommand_RecvWork:1066)  <0x11ab>Receive msg from linker, 0x1D07->0x0A06 0x2105 len:1 [0m
[37m[25.692][linker]-[Debug]-[DjiCommand_DealCmd:919) received unsupport request cmd that need ack, <0x11ab> cmdset: 0x21 cmdid: 0x05 [0m
[32m[25.695][user]-[Info]-[DjiTest_WaypointV2RunSample:198) --> Step 4: Upload waypoint V2 mission
 [0m
[37m[25.695][user]-[Debug]-[DjiTest_WaypointV2UploadMission:709) Generate mission id:12355 [0m
[37m[25.701][linker]-[Debug]-[DjiProtocol_v1Unpack:215) <0xbf8a>V1-Recv: 0x0306->0x0A06 0x03C1 [0m
[37m[25.701][linker]-[Debug]-[DjiCommand_RecvWork:1066)  <0xbf8a>Receive msg from linker, 0x0306->0x0A06 0x03C1 len:13 [0m
[32m[25.708][user]-[Info]-[UserFcSubscription_Task:458) gps position: x 117.120752 y 39.126565 z 10.476000. [0m
[32m[25.708][user]-[Info]-[UserFcSubscription_Task:470) gps total satellite number used: 3 9 14.
GPS fixState: 3.000000. [0m
[32m[25.708][user]-[Info]-[UserFcSubscription_Task:487) Homepoint info: lat->39.126699, lon->117.120801. [0m
[32m[25.708][user]-[Info]-[UserFcSubscription_Task:492) distanceTotal: lat->39.126699, lon->117.120801. lat->39.126651, lon->117.120671. [0m
[32m[25.708][user]-[Info]-[UserFcSubscription_Task:512) RTK position solution state: 16. [0m
[32m[25.708][user]-[Info]-[UserFcSubscription_Task:528) RTK position: 117.120656 39.126748 -10.101123. [0m
[32m[25.708][user]-[Info]-[UserFcSubscription_Task:573) Altitude of homepoint: 3.474104. [0m
[32m[25.708][user]-[Info]-[UserFcSubscription_Task:586) Battery info: 38. [0m
[32m[25.708][user]-[Info]-[UserFcSubscription_Task:600) Flight status: 0. [0m
[32m[25.708][user]-[Info]-[UserFcSubscription_Task:620) Displaymode status: 6. [0m
[37m[25.708][user]-[Debug]-[UserFcSubscription_Task:633) Timestamp: millisecond 4541992 microsecond 247025133. [0m
[37m[25.708][user]-[Debug]-[UserFcSubscription_Task:634) Relative height fusion is 0.000000 m [0m
[37m[25.722][channel]-[Debug]-[DjiStreamChannelUdp_RecvDataThread:248) Receive udp data from 255.255.0.0.104 -> 192.168.100.2.30081, protocol: raw_data [0m
[37m[25.724][linker]-[Debug]-[DjiProtocol_v1Unpack:215) <0xbfb0>V1-Recv: 0x0300->0x0A06 0x036C [0m
[37m[25.725][linker]-[Debug]-[DjiCommand_RecvWork:1066)  <0xbfb0>Receive msg from linker, 0x0300->0x0A06 0x036C len:71 [0m
[37m[25.728][linker]-[Debug]-[DjiProtocol_v1Pack:123) <0x5388>V1-Send: 0x0A06->0x0800 0x0867 [0m
[32m[25.728][user]-[Info]-[liveviewThreadFunc:112) --> Step 2: Start h264 stream of the fpv and selected payload
 [0m
[37m[25.728][linker]-[Debug]-[DjiProtocol_v1Pack:123) <0x5396>V1-Send: 0x0A06->0x0800 0x0868 [0m
[37m[25.744][linker]-[Debug]-[DjiProtocol_v1Unpack:215) <0xbfd7>V1-Recv: 0x0300->0x0A06 0x4900 [0m
[37m[25.744][linker]-[Debug]-[DjiProtocol_v1Unpack:215) <0x5396>V1-Recv: 0x0800->0x0A06 0x0868 [0m
[37m[25.744][linker]-[Debug]-[DjiCommand_RecvWork:1066)  <0xbfd7>Receive msg from linker, 0x0300->0x0A06 0x4900 len:14 [0m
[37m[25.744][linker]-[Debug]-[DjiProtocol_v1Pack:123) <0xbfd7>V1-Send: 0x0A06->0x0300 0x4900 [0m
[37m[25.745][linker]-[Debug]-[DjiCommand_RecvWork:1066)  <0x5396>Receive msg from linker, 0x0800->0x0A06 0x0868 len:1 [0m
[37m[25.745][linker]-[Debug]-[DjiCommand_SendSyncCallback:1014) PsdkCommand_SendSyncCallback success [0m
[37m[25.745][linker]-[Debug]-[DjiCommand_DealCmd:830) callback function (cmdset: 0x08 cmdid: 0x68) deal time: 0 ms [0m
[37m[25.745][linker]-[Debug]-[DjiCommand_SendSync:553) sendSync callback success [0m
[37m[25.745][liveview]-[Debug]-[DjiLiveview_StopH264Stream:764) Unsubscribe h264 stream success, channel id: 80 [0m
[37m[25.751][linker]-[Debug]-[DjiProtocol_v1Unpack:215) <0xbd7>V1-Recv: 0x0701->0x0A06 0x0000 [0m
[37m[25.751][linker]-[Debug]-[DjiCommand_RecvWork:1066)  <0xbd7>Receive msg from linker, 0x0701->0x0A06 0x0000 len:16 [0m
[37m[25.751][linker]-[Debug]-[DjiProtocol_v1Pack:123) <0xbd7>V1-Send: 0x0A06->0x0701 0x0000 [0m
[37m[25.757][linker]-[Debug]-[DjiProtocol_v1Unpack:215) <0x227f>V1-Recv: 0x0800->0x0A06 0x0866 [0m
[37m[25.758][linker]-[Debug]-[DjiCommand_RecvWork:1066)  <0x227f>Receive msg from linker, 0x0800->0x0A06 0x0866 len:16 [0m
[37m[25.758][liveview]-[Debug]-[DjiLiveview_DecodeLiveviewStatusHandle:1169) Liveview uuid info total_num: 1, index: 0, version: 1, major_type: 0, minor_type: 39, idx: 0, pos: 7 [0m
[37m[25.758][liveview]-[Debug]-[DjiLiveview_DecodeLiveviewStatusHandle:1183) sdr num: 1 [0m
[37m[25.758][liveview]-[Debug]-[DjiLiveview_DecodeLiveviewStatusHandle:1207) consumeBytes: 14, availBytes: 14 [0m
[37m[25.765][linker]-[Debug]-[DjiProtocol_v1Pack:123) <0x5397>V1-Send: 0x0A06->0x0200 0x3C10 [0m
[37m[25.765][linker]-[Debug]-[DjiProtocol_v1Pack:123) <0x5398>V1-Send: 0x0A06->0x0A01 0x3C10 [0m
[37m[25.765][linker]-[Debug]-[DjiProtocol_v1Pack:123) <0x5399>V1-Send: 0x0A06->0x0300 0x3C10 [0m
[37m[25.782][linker]-[Debug]-[DjiProtocol_v1Unpack:215) <0xc019>V1-Recv: 0x0300->0x0A06 0x221B [0m
[37m[25.782][linker]-[Debug]-[DjiCommand_RecvWork:1066)  <0xc019>Receive msg from linker, 0x0300->0x0A06 0x221B len:9 [0m
[32m[25.782][user]-[Info]-[DjiTest_WaypointV2StateCallback:643) [Waypoint Index:0]: State: Ground station not start, velocity:0.00 m/s [0m
[37m[25.800][linker]-[Debug]-[DjiProtocol_v1Unpack:215) <0xc037>V1-Recv: 0x0306->0x0A06 0x03C1 [0m
[37m[25.800][linker]-[Debug]-[DjiCommand_RecvWork:1066)  <0xc037>Receive msg from linker, 0x0306->0x0A06 0x03C1 len:13 [0m
[37m[25.824][linker]-[Debug]-[DjiProtocol_v1Unpack:215) <0xc056>V1-Recv: 0x0300->0x0A06 0x036C [0m
[37m[25.825][linker]-[Debug]-[DjiCommand_RecvWork:1066)  <0xc056>Receive msg from linker, 0x0300->0x0A06 0x036C len:71 [0m
[37m[25.842][linker]-[Debug]-[DjiProtocol_v1Unpack:215) <0xc076>V1-Recv: 0x0300->0x0A06 0x4900 [0m
[37m[25.843][linker]-[Debug]-[DjiCommand_RecvWork:1066)  <0xc076>Receive msg from linker, 0x0300->0x0A06 0x4900 len:14 [0m
[37m[25.843][linker]-[Debug]-[DjiProtocol_v1Pack:123) <0xc076>V1-Send: 0x0A06->0x0300 0x4900 [0m
[37m[25.882][linker]-[Debug]-[DjiProtocol_v1Unpack:215) <0xc0b8>V1-Recv: 0x0300->0x0A06 0x221B [0m
[37m[25.882][linker]-[Debug]-[DjiCommand_RecvWork:1066)  <0xc0b8>Receive msg from linker, 0x0300->0x0A06 0x221B len:9 [0m
[37m[25.901][linker]-[Debug]-[DjiProtocol_v1Unpack:215) <0xc0d6>V1-Recv: 0x0306->0x0A06 0x03C1 [0m
[37m[25.902][linker]-[Debug]-[DjiCommand_RecvWork:1066)  <0xc0d6>Receive msg from linker, 0x0306->0x0A06 0x03C1 len:13 [0m
[37m[25.924][linker]-[Debug]-[DjiProtocol_v1Unpack:215) <0xc0ff>V1-Recv: 0x0300->0x0A06 0x036C [0m
[37m[25.925][linker]-[Debug]-[DjiCommand_RecvWork:1066)  <0xc0ff>Receive msg from linker, 0x0300->0x0A06 0x036C len:71 [0m
[37m[25.943][linker]-[Debug]-[DjiProtocol_v1Unpack:215) <0xc12a>V1-Recv: 0x0300->0x0A06 0x4900 [0m
[37m[25.944][linker]-[Debug]-[DjiCommand_RecvWork:1066)  <0xc12a>Receive msg from linker, 0x0300->0x0A06 0x4900 len:14 [0m
[37m[25.944][linker]-[Debug]-[DjiProtocol_v1Pack:123) <0xc12a>V1-Send: 0x0A06->0x0300 0x4900 [0m
[37m[25.969][linker]-[Debug]-[DjiProtocol_v1Unpack:215) <0xa9d8>V1-Recv: 0x0202->0x0A06 0x0026 [0m
[37m[25.970][linker]-[Debug]-[DjiCommand_RecvWork:1066)  <0xa9d8>Receive msg from linker, 0x0202->0x0A06 0x0026 len:37 [0m
[37m[25.970][linker]-[Debug]-[DjiCommand_DealCmd:919) received unsupport request cmd that need ack, <0xa9d8> cmdset: 0x00 cmdid: 0x26 [0m
[37m[25.978][linker]-[Debug]-[DjiProtocol_v1Pack:123) <0x539a>V1-Send: 0x0A06->0x0200 0x3C10 [0m
[37m[25.978][linker]-[Debug]-[DjiProtocol_v1Pack:123) <0x539b>V1-Send: 0x0A06->0x0A01 0x3C10 [0m
[37m[25.978][linker]-[Debug]-[DjiProtocol_v1Pack:123) <0x539c>V1-Send: 0x0A06->0x0300 0x3C10 [0m
[37m[25.982][linker]-[Debug]-[DjiProtocol_v1Unpack:215) <0xc16a>V1-Recv: 0x0300->0x0A06 0x221B [0m
[37m[25.983][linker]-[Debug]-[DjiCommand_RecvWork:1066)  <0xc16a>Receive msg from linker, 0x0300->0x0A06 0x221B len:9 [0m
[37m[26.001][linker]-[Debug]-[DjiProtocol_v1Unpack:215) <0xc188>V1-Recv: 0x0306->0x0A06 0x03C1 [0m
[37m[26.002][linker]-[Debug]-[DjiCommand_RecvWork:1066)  <0xc188>Receive msg from linker, 0x0306->0x0A06 0x03C1 len:13 [0m
[37m[26.008][linker]-[Debug]-[DjiProtocol_v1Unpack:215) <0x2280>V1-Recv: 0x0800->0x0A06 0x0866 [0m
[37m[26.009][linker]-[Debug]-[DjiCommand_RecvWork:1066)  <0x2280>Receive msg from linker, 0x0800->0x0A06 0x0866 len:16 [0m
[37m[26.009][liveview]-[Debug]-[DjiLiveview_DecodeLiveviewStatusHandle:1169) Liveview uuid info total_num: 1, index: 0, version: 1, major_type: 0, minor_type: 39, idx: 0, pos: 7 [0m
[37m[26.009][liveview]-[Debug]-[DjiLiveview_DecodeLiveviewStatusHandle:1183) sdr num: 1 [0m
[37m[26.009][liveview]-[Debug]-[DjiLiveview_DecodeLiveviewStatusHandle:1207) consumeBytes: 14, availBytes: 14 [0m
[37m[26.024][linker]-[Debug]-[DjiProtocol_v1Unpack:215) <0xc1a8>V1-Recv: 0x0300->0x0A06 0x036C [0m
[37m[26.025][linker]-[Debug]-[DjiCommand_RecvWork:1066)  <0xc1a8>Receive msg from linker, 0x0300->0x0A06 0x036C len:71 [0m
[37m[26.042][linker]-[Debug]-[DjiProtocol_v1Unpack:215) <0xc1c9>V1-Recv: 0x0300->0x0A06 0x4900 [0m
[37m[26.043][linker]-[Debug]-[DjiCommand_RecvWork:1066)  <0xc1c9>Receive msg from linker, 0x0300->0x0A06 0x4900 len:14 [0m
[37m[26.043][linker]-[Debug]-[DjiProtocol_v1Pack:123) <0xc1c9>V1-Send: 0x0A06->0x0300 0x4900 [0m
[37m[26.085][linker]-[Debug]-[DjiProtocol_v1Unpack:215) <0xc209>V1-Recv: 0x0300->0x0A06 0x221B [0m
[37m[26.085][linker]-[Debug]-[DjiProtocol_v1Unpack:215) <0xc210>V1-Recv: 0x0300->0x0A06 0x0F74 [0m
[37m[26.085][linker]-[Debug]-[DjiProtocol_v1Unpack:215) <0xc211>V1-Recv: 0x0300->0x0100 0x0406 [0m
[37m[26.085][linker]-[Debug]-[DjiProtocol_v1Unpack:215) <0xc212>V1-Recv: 0x0300->0x0100 0x0407 [0m
[37m[26.086][linker]-[Debug]-[DjiCommand_RecvWork:1066)  <0xc209>Receive msg from linker, 0x0300->0x0A06 0x221B len:9 [0m
[37m[26.087][linker]-[Debug]-[DjiCommand_RecvWork:1066)  <0xc210>Receive msg from linker, 0x0300->0x0A06 0x0F74 len:28 [0m
[37m[26.087][linker]-[Debug]-[DjiCommand_DealCmd:919) received unsupport request cmd that noneed ack, <0xc210> cmdset: 0x0F cmdid: 0x74 [0m
[37m[26.088][linker]-[Debug]-[DjiCommand_RecvWork:1066)  <0xc211>Receive msg from linker, 0x0300->0x0100 0x0406 len:12 [0m
[37m[26.088][linker]-[Debug]-[DjiCommand_DealCmd:919) received unsupport request cmd that noneed ack, <0xc211> cmdset: 0x04 cmdid: 0x06 [0m
[37m[26.089][linker]-[Debug]-[DjiCommand_RecvWork:1066)  <0xc212>Receive msg from linker, 0x0300->0x0100 0x0407 len:1 [0m
[37m[26.089][linker]-[Debug]-[DjiCommand_DealCmd:919) received unsupport request cmd that noneed ack, <0xc212> cmdset: 0x04 cmdid: 0x07 [0m
[37m[26.101][linker]-[Debug]-[DjiProtocol_v1Unpack:215) <0xc22d>V1-Recv: 0x0306->0x0A06 0x03C1 [0m
[37m[26.102][linker]-[Debug]-[DjiCommand_RecvWork:1066)  <0xc22d>Receive msg from linker, 0x0306->0x0A06 0x03C1 len:13 [0m
[37m[26.124][linker]-[Debug]-[DjiProtocol_v1Unpack:215) <0xc250>V1-Recv: 0x0300->0x0A06 0x036C [0m
[37m[26.125][linker]-[Debug]-[DjiCommand_RecvWork:1066)  <0xc250>Receive msg from linker, 0x0300->0x0A06 0x036C len:71 [0m
[37m[26.143][linker]-[Debug]-[DjiProtocol_v1Unpack:215) <0xc27b>V1-Recv: 0x0300->0x0A06 0x4900 [0m
[37m[26.143][linker]-[Debug]-[DjiCommand_RecvWork:1066)  <0xc27b>Receive msg from linker, 0x0300->0x0A06 0x4900 len:14 [0m
[37m[26.143][linker]-[Debug]-[DjiProtocol_v1Pack:123) <0xc27b>V1-Send: 0x0A06->0x0300 0x4900 [0m
[37m[26.181][linker]-[Debug]-[DjiProtocol_v1Unpack:215) <0xc2be>V1-Recv: 0x0300->0x0A06 0x221B [0m
[37m[26.182][linker]-[Debug]-[DjiCommand_RecvWork:1066)  <0xc2be>Receive msg from linker, 0x0300->0x0A06 0x221B len:9 [0m
[37m[26.191][linker]-[Debug]-[DjiProtocol_v1Pack:123) <0x539d>V1-Send: 0x0A06->0x0200 0x3C10 [0m
[37m[26.191][linker]-[Debug]-[DjiProtocol_v1Pack:123) <0x539e>V1-Send: 0x0A06->0x0A01 0x3C10 [0m
[37m[26.191][linker]-[Debug]-[DjiProtocol_v1Pack:123) <0x539f>V1-Send: 0x0A06->0x0300 0x3C10 [0m
[37m[26.200][linker]-[Debug]-[DjiProtocol_v1Unpack:215) <0xc2e0>V1-Recv: 0x0306->0x0A06 0x03C1 [0m
[37m[26.200][linker]-[Debug]-[DjiCommand_RecvWork:1066)  <0xc2e0>Receive msg from linker, 0x0306->0x0A06 0x03C1 len:13 [0m
[37m[26.225][linker]-[Debug]-[DjiProtocol_v1Unpack:215) <0xc309>V1-Recv: 0x0300->0x0A06 0x036C [0m
[37m[26.226][linker]-[Debug]-[DjiCommand_RecvWork:1066)  <0xc309>Receive msg from linker, 0x0300->0x0A06 0x036C len:71 [0m
[37m[26.243][linker]-[Debug]-[DjiProtocol_v1Unpack:215) <0xc329>V1-Recv: 0x0300->0x0A06 0x4900 [0m
[37m[26.243][linker]-[Debug]-[DjiCommand_RecvWork:1066)  <0xc329>Receive msg from linker, 0x0300->0x0A06 0x4900 len:14 [0m
[37m[26.243][linker]-[Debug]-[DjiProtocol_v1Pack:123) <0xc329>V1-Send: 0x0A06->0x0300 0x4900 [0m
[37m[26.245][liveview]-[Debug]-[DjiLiveview_FindLiveviewSource:1122) Found the liveview source (pos:7) on the drone. [0m
[37m[26.245][linker]-[Debug]-[DjiProtocol_v1Pack:123) <0x53a0>V1-Send: 0x0A06->0x0800 0x0868 [0m
[37m[26.258][linker]-[Debug]-[DjiProtocol_v1Unpack:215) <0x2281>V1-Recv: 0x0800->0x0A06 0x0866 [0m
[37m[26.258][linker]-[Debug]-[DjiCommand_RecvWork:1066)  <0x2281>Receive msg from linker, 0x0800->0x0A06 0x0866 len:16 [0m
[37m[26.258][liveview]-[Debug]-[DjiLiveview_DecodeLiveviewStatusHandle:1169) Liveview uuid info total_num: 1, index: 0, version: 1, major_type: 0, minor_type: 39, idx: 0, pos: 7 [0m
[37m[26.258][liveview]-[Debug]-[DjiLiveview_DecodeLiveviewStatusHandle:1183) sdr num: 1 [0m
[37m[26.258][liveview]-[Debug]-[DjiLiveview_DecodeLiveviewStatusHandle:1207) consumeBytes: 14, availBytes: 14 [0m
[37m[26.262][linker]-[Debug]-[DjiProtocol_v1Unpack:215) <0x53a0>V1-Recv: 0x0800->0x0A06 0x0868 [0m
[37m[26.262][linker]-[Debug]-[DjiCommand_RecvWork:1066)  <0x53a0>Receive msg from linker, 0x0800->0x0A06 0x0868 len:1 [0m
[37m[26.262][linker]-[Debug]-[DjiCommand_SendSyncCallback:1014) PsdkCommand_SendSyncCallback success [0m
[37m[26.262][linker]-[Debug]-[DjiCommand_DealCmd:830) callback function (cmdset: 0x08 cmdid: 0x68) deal time: 0 ms [0m
[37m[26.262][linker]-[Debug]-[DjiCommand_SendSync:553) sendSync callback success [0m
[37m[26.262][liveview]-[Debug]-[DjiLiveview_StartH264Stream:672) Request h264 stream success, channel id: 80 [0m
[32m[26.262][user]-[Info]-[liveviewThreadFunc:135) Storing camera h264 stream, second:. [0m
[37m[26.262][liveview]-[Debug]-[DjiLiveview_FindLiveviewSource:1122) Found the liveview source (pos:7) on the drone. [0m
[37m[26.262][liveview]-[Debug]-[DjiLiveview_RequestIntraframeFrameData:878) Request I frame by uuid, major: 0, minor: 39, idx: 0, pos: 7, tunnel: 80 [0m
[37m[26.262][linker]-[Debug]-[DjiProtocol_v1Pack:123) <0x53a1>V1-Send: 0x0A06->0x0700 0x0872 [0m
[37m[26.281][linker]-[Debug]-[DjiProtocol_v1Unpack:215) <0xc36b>V1-Recv: 0x0300->0x0A06 0x221B [0m
[37m[26.281][linker]-[Debug]-[DjiCommand_RecvWork:1066)  <0xc36b>Receive msg from linker, 0x0300->0x0A06 0x221B len:9 [0m
[37m[26.282][linker]-[Debug]-[DjiProtocol_v1Unpack:215) <0x53a1>V1-Recv: 0x0700->0x0A06 0x0872 [0m
[37m[26.282][linker]-[Debug]-[DjiCommand_RecvWork:1066)  <0x53a1>Receive msg from linker, 0x0700->0x0A06 0x0872 len:1 [0m
[37m[26.282][linker]-[Debug]-[DjiCommand_SendSyncCallback:1014) PsdkCommand_SendSyncCallback success [0m
[37m[26.282][linker]-[Debug]-[DjiCommand_SendSync:553) sendSync callback success [0m
[37m[26.282][linker]-[Debug]-[DjiCommand_DealCmd:830) callback function (cmdset: 0x08 cmdid: 0x72) deal time: 0 ms [0m
[37m[26.300][linker]-[Debug]-[DjiProtocol_v1Unpack:215) <0xc38a>V1-Recv: 0x0306->0x0A06 0x03C1 [0m
[37m[26.301][linker]-[Debug]-[DjiCommand_RecvWork:1066)  <0xc38a>Receive msg from linker, 0x0306->0x0A06 0x03C1 len:13 [0m
[37m[26.314][channel]-[Debug]-[DjiStreamChannelUdp_RecvDataThread:248) Receive udp data from 255.255.0.0.104 -> 192.168.100.2.30081, protocol: raw_data [0m
[37m[26.314][channel]-[Debug]-[DjiStreamChannelUdp_RecvDataThread:248) Receive udp data from 255.255.0.0.104 -> 192.168.100.2.30081, protocol: raw_data [0m
[37m[26.315][channel]-[Debug]-[DjiStreamChannelUdp_RecvDataThread:248) Receive udp data from 255.255.0.0.104 -> 192.168.100.2.30081, protocol: raw_data [0m
[37m[26.321][channel]-[Debug]-[DjiStreamChannelUdp_RecvDataThread:248) Receive udp data from 255.255.0.0.104 -> 192.168.100.2.30081, protocol: raw_data [0m
[37m[26.322][channel]-[Debug]-[DjiStreamChannelUdp_RecvDataThread:248) Receive udp data from 255.255.0.0.104 -> 192.168.100.2.30081, protocol: raw_data [0m
[37m[26.324][linker]-[Debug]-[DjiProtocol_v1Unpack:215) <0xc3b1>V1-Recv: 0x0300->0x0A06 0x036C [0m
[37m[26.324][linker]-[Debug]-[DjiCommand_RecvWork:1066)  <0xc3b1>Receive msg from linker, 0x0300->0x0A06 0x036C len:71 [0m
[37m[26.343][linker]-[Debug]-[DjiProtocol_v1Unpack:215) <0xc3df>V1-Recv: 0x0300->0x0A06 0x4900 [0m
[37m[26.343][linker]-[Debug]-[DjiCommand_RecvWork:1066)  <0xc3df>Receive msg from linker, 0x0300->0x0A06 0x4900 len:14 [0m
[37m[26.343][linker]-[Debug]-[DjiProtocol_v1Pack:123) <0xc3df>V1-Send: 0x0A06->0x0300 0x4900 [0m
[37m[26.355][channel]-[Debug]-[DjiStreamChannelUdp_RecvDataThread:248) Receive udp data from 255.255.0.0.104 -> 192.168.100.2.30081, protocol: raw_data [0m
[37m[26.381][linker]-[Debug]-[DjiProtocol_v1Unpack:215) <0xc42a>V1-Recv: 0x0300->0x0A06 0x221B [0m
[37m[26.381][linker]-[Debug]-[DjiCommand_RecvWork:1066)  <0xc42a>Receive msg from linker, 0x0300->0x0A06 0x221B len:9 [0m
[37m[26.389][channel]-[Debug]-[DjiStreamChannelUdp_RecvDataThread:248) Receive udp data from 255.255.0.0.104 -> 192.168.100.2.30081, protocol: raw_data [0m
[37m[26.400][linker]-[Debug]-[DjiProtocol_v1Unpack:215) <0xc448>V1-Recv: 0x0306->0x0A06 0x03C1 [0m
[37m[26.400][linker]-[Debug]-[DjiCommand_RecvWork:1066)  <0xc448>Receive msg from linker, 0x0306->0x0A06 0x03C1 len:13 [0m
[37m[26.404][linker]-[Debug]-[DjiProtocol_v1Pack:123) <0x53a2>V1-Send: 0x0A06->0x0300 0x0000 [0m
[37m[26.404][infor]-[Debug]-[DjiAircraftConnection_CheckExtensionPortConnectStatusByV1Protocol:170) check connect status:1 [0m
[37m[26.405][linker]-[Debug]-[DjiProtocol_v1Pack:123) <0x53a3>V1-Send: 0x0A06->0x0200 0x3C10 [0m
[37m[26.405][linker]-[Debug]-[DjiProtocol_v1Pack:123) <0x53a4>V1-Send: 0x0A06->0x0A01 0x3C10 [0m
[37m[26.405][linker]-[Debug]-[DjiProtocol_v1Pack:123) <0x53a5>V1-Send: 0x0A06->0x0300 0x3C10 [0m
[37m[26.422][channel]-[Debug]-[DjiStreamChannelUdp_RecvDataThread:248) Receive udp data from 255.255.0.0.104 -> 192.168.100.2.30081, protocol: raw_data [0m
[37m[26.424][linker]-[Debug]-[DjiProtocol_v1Unpack:215) <0x53a2>V1-Recv: 0x0300->0x0A06 0x0000 [0m
[37m[26.424][linker]-[Debug]-[DjiProtocol_v1Unpack:215) <0xc469>V1-Recv: 0x0300->0x0A06 0x036C [0m
[37m[26.425][linker]-[Debug]-[DjiCommand_RecvWork:1066)  <0x53a2>Receive msg from linker, 0x0300->0x0A06 0x0000 len:0 [0m
[37m[26.425][infor]-[Debug]-[DjiAircraftInfo_CheckPingStatusAsyncCallback:269) connect status async sucess [0m
[37m[26.425][linker]-[Debug]-[DjiCommand_DealCmd:830) callback function (cmdset: 0x00 cmdid: 0x00) deal time: 0 ms [0m
[37m[26.426][linker]-[Debug]-[DjiCommand_RecvWork:1066)  <0xc469>Receive msg from linker, 0x0300->0x0A06 0x036C len:71 [0m
[37m[26.443][linker]-[Debug]-[DjiProtocol_v1Unpack:215) <0xc487>V1-Recv: 0x0300->0x0A06 0x4900 [0m
[37m[26.443][linker]-[Debug]-[DjiCommand_RecvWork:1066)  <0xc487>Receive msg from linker, 0x0300->0x0A06 0x4900 len:14 [0m
[37m[26.443][linker]-[Debug]-[DjiProtocol_v1Pack:123) <0xc487>V1-Send: 0x0A06->0x0300 0x4900 [0m
[37m[26.455][channel]-[Debug]-[DjiStreamChannelUdp_RecvDataThread:248) Receive udp data from 255.255.0.0.104 -> 192.168.100.2.30081, protocol: raw_data [0m
[37m[26.482][linker]-[Debug]-[DjiProtocol_v1Unpack:215) <0xc4c8>V1-Recv: 0x0300->0x0A06 0x221B [0m
[37m[26.482][linker]-[Debug]-[DjiCommand_RecvWork:1066)  <0xc4c8>Receive msg from linker, 0x0300->0x0A06 0x221B len:9 [0m
[37m[26.489][channel]-[Debug]-[DjiStreamChannelUdp_RecvDataThread:248) Receive udp data from 255.255.0.0.104 -> 192.168.100.2.30081, protocol: raw_data [0m
[37m[26.500][linker]-[Debug]-[DjiProtocol_v1Unpack:215) <0xc4e7>V1-Recv: 0x0306->0x0A06 0x03C1 [0m
[37m[26.500][linker]-[Debug]-[DjiCommand_RecvWork:1066)  <0xc4e7>Receive msg from linker, 0x0306->0x0A06 0x03C1 len:13 [0m
[37m[26.508][linker]-[Debug]-[DjiProtocol_v1Unpack:215) <0x2282>V1-Recv: 0x0800->0x0A06 0x0866 [0m
[37m[26.509][linker]-[Debug]-[DjiCommand_RecvWork:1066)  <0x2282>Receive msg from linker, 0x0800->0x0A06 0x0866 len:17 [0m
[37m[26.509][liveview]-[Debug]-[DjiLiveview_DecodeLiveviewStatusHandle:1169) Liveview uuid info total_num: 1, index: 0, version: 1, major_type: 0, minor_type: 39, idx: 0, pos: 7 [0m
[37m[26.509][liveview]-[Debug]-[DjiLiveview_DecodeLiveviewStatusHandle:1183) sdr num: 1 [0m
[37m[26.509][liveview]-[Debug]-[DjiLiveview_DecodeLiveviewStatusHandle:1203) tunnel id: 0 [0m
[37m[26.509][liveview]-[Debug]-[DjiLiveview_DecodeLiveviewStatusHandle:1207) consumeBytes: 15, availBytes: 15 [0m
[37m[26.522][channel]-[Debug]-[DjiStreamChannelUdp_RecvDataThread:248) Receive udp data from 255.255.0.0.104 -> 192.168.100.2.30081, protocol: raw_data [0m
[37m[26.524][linker]-[Debug]-[DjiProtocol_v1Unpack:215) <0xc50d>V1-Recv: 0x0300->0x0A06 0x036C [0m
[37m[26.525][linker]-[Debug]-[DjiCommand_RecvWork:1066)  <0xc50d>Receive msg from linker, 0x0300->0x0A06 0x036C len:71 [0m
[37m[26.542][linker]-[Debug]-[DjiProtocol_v1Unpack:215) <0xc534>V1-Recv: 0x0300->0x0A06 0x4900 [0m
[37m[26.543][linker]-[Debug]-[DjiCommand_RecvWork:1066)  <0xc534>Receive msg from linker, 0x0300->0x0A06 0x4900 len:14 [0m
[37m[26.543][linker]-[Debug]-[DjiProtocol_v1Pack:123) <0xc534>V1-Send: 0x0A06->0x0300 0x4900 [0m
[37m[26.555][channel]-[Debug]-[DjiStreamChannelUdp_RecvDataThread:248) Receive udp data from 255.255.0.0.104 -> 192.168.100.2.30081, protocol: raw_data [0m
[37m[26.583][linker]-[Debug]-[DjiProtocol_v1Unpack:215) <0xc573>V1-Recv: 0x0300->0x0A06 0x221B [0m
[37m[26.583][linker]-[Debug]-[DjiProtocol_v1Unpack:215) <0xc577>V1-Recv: 0x0300->0x0100 0x0405 [0m
[37m[26.583][linker]-[Debug]-[DjiCommand_RecvWork:1066)  <0xc573>Receive msg from linker, 0x0300->0x0A06 0x221B len:9 [0m
[37m[26.584][linker]-[Debug]-[DjiCommand_RecvWork:1066)  <0xc577>Receive msg from linker, 0x0300->0x0100 0x0405 len:22 [0m
[37m[26.584][linker]-[Debug]-[DjiCommand_DealCmd:919) received unsupport request cmd that noneed ack, <0xc577> cmdset: 0x04 cmdid: 0x05 [0m
[37m[26.588][channel]-[Debug]-[DjiStreamChannelUdp_RecvDataThread:248) Receive udp data from 255.255.0.0.104 -> 192.168.100.2.30081, protocol: raw_data [0m
[37m[26.601][linker]-[Debug]-[DjiProtocol_v1Unpack:215) <0xc594>V1-Recv: 0x0306->0x0A06 0x03C1 [0m
[37m[26.601][linker]-[Debug]-[DjiCommand_RecvWork:1066)  <0xc594>Receive msg from linker, 0x0306->0x0A06 0x03C1 len:13 [0m
[37m[26.617][linker]-[Debug]-[DjiProtocol_v1Pack:123) <0x53a6>V1-Send: 0x0A06->0x0200 0x3C10 [0m
[37m[26.617][linker]-[Debug]-[DjiProtocol_v1Pack:123) <0x53a7>V1-Send: 0x0A06->0x0A01 0x3C10 [0m
[37m[26.617][linker]-[Debug]-[DjiProtocol_v1Pack:123) <0x53a8>V1-Send: 0x0A06->0x0300 0x3C10 [0m
[37m[26.622][channel]-[Debug]-[DjiStreamChannelUdp_RecvDataThread:248) Receive udp data from 255.255.0.0.104 -> 192.168.100.2.30081, protocol: raw_data [0m
[37m[26.624][linker]-[Debug]-[DjiProtocol_v1Unpack:215) <0xc5b3>V1-Recv: 0x0300->0x0A06 0x036C [0m
[37m[26.624][linker]-[Debug]-[DjiCommand_RecvWork:1066)  <0xc5b3>Receive msg from linker, 0x0300->0x0A06 0x036C len:71 [0m
[37m[26.642][linker]-[Debug]-[DjiProtocol_v1Unpack:215) <0xc5d2>V1-Recv: 0x0300->0x0A06 0x4900 [0m
[37m[26.642][linker]-[Debug]-[DjiCommand_RecvWork:1066)  <0xc5d2>Receive msg from linker, 0x0300->0x0A06 0x4900 len:14 [0m
[37m[26.642][linker]-[Debug]-[DjiProtocol_v1Pack:123) <0xc5d2>V1-Send: 0x0A06->0x0300 0x4900 [0m
[37m[26.655][channel]-[Debug]-[DjiStreamChannelUdp_RecvDataThread:248) Receive udp data from 255.255.0.0.104 -> 192.168.100.2.30081, protocol: raw_data [0m
[37m[26.665][linker]-[Debug]-[DjiProtocol_v1Unpack:215) <0xc5ee>V1-Recv: 0x0306->0x0A06 0x03C1 [0m
[37m[26.665][linker]-[Debug]-[DjiCommand_RecvWork:1066)  <0xc5ee>Receive msg from linker, 0x0306->0x0A06 0x03C1 len:113 [0m
[37m[26.678][utils]-[Debug]-[DjiCore_RootTask:131) work execution time: [0m
[37m[26.678][utils]-[Debug]-[DjiCore_RootTask:132) name	                execution time (ms)	  max execution time (ms) [0m
[37m[26.678][utils]-[Debug]-[DjiCore_RootTask:134) recorderWork                    	0       	1        [0m
[37m[26.678][utils]-[Debug]-[DjiCore_RootTask:134) flowControllerTask              	1       	1        [0m
[37m[26.678][utils]-[Debug]-[DjiCore_RootTask:134) commandTask                     	1       	1        [0m
[37m[26.678][utils]-[Debug]-[DjiCore_RootTask:134) aircraftWorkNode                	0       	1        [0m
[37m[26.678][utils]-[Debug]-[DjiCore_RootTask:134) StatePushWork                   	1       	1        [0m
[37m[26.682][linker]-[Debug]-[DjiProtocol_v1Unpack:215) <0xc612>V1-Recv: 0x0300->0x0A06 0x221B [0m
[37m[26.682][linker]-[Debug]-[DjiCommand_RecvWork:1066)  <0xc612>Receive msg from linker, 0x0300->0x0A06 0x221B len:9 [0m
[37m[26.689][channel]-[Debug]-[DjiStreamChannelUdp_RecvDataThread:248) Receive udp data from 255.255.0.0.104 -> 192.168.100.2.30081, protocol: raw_data [0m
[37m[26.692][linker]-[Debug]-[DjiProtocol_v1Unpack:215) <0x11ac>V1-Recv: 0x1D07->0x0A06 0x2105 [0m
[37m[26.692][linker]-[Debug]-[DjiCommand_RecvWork:1066)  <0x11ac>Receive msg from linker, 0x1D07->0x0A06 0x2105 len:1 [0m
[37m[26.692][linker]-[Debug]-[DjiCommand_DealCmd:919) received unsupport request cmd that need ack, <0x11ac> cmdset: 0x21 cmdid: 0x05 [0m
[37m[26.695][waypoint]-[Debug]-[DjiWaypointV2_UploadMission:324) refAlti:0.682887, refLong:2.044143, takeoffAltitude:-7.024781
 [0m
[37m[26.695][linker]-[Debug]-[DjiProtocol_v1Pack:123) <0x53a9>V1-Send: 0x0A06->0x1105 0x2201 [0m
[37m[26.701][linker]-[Debug]-[DjiProtocol_v1Unpack:215) <0xc630>V1-Recv: 0x0306->0x0A06 0x03C1 [0m
[37m[26.701][linker]-[Debug]-[DjiCommand_RecvWork:1066)  <0xc630>Receive msg from linker, 0x0306->0x0A06 0x03C1 len:13 [0m
[37m[26.707][linker]-[Debug]-[DjiProtocol_v1Unpack:215) <0x53a9>V1-Recv: 0x1105->0x0A06 0x2201 [0m
[37m[26.707][linker]-[Debug]-[DjiCommand_RecvWork:1066)  <0x53a9>Receive msg from linker, 0x1105->0x0A06 0x2201 len:4 [0m
[37m[26.707][linker]-[Debug]-[DjiCommand_SendSyncCallback:1014) PsdkCommand_SendSyncCallback success [0m
[37m[26.708][linker]-[Debug]-[DjiCommand_SendSync:553) sendSync callback success [0m
[37m[26.708][linker]-[Debug]-[DjiCommand_DealCmd:830) callback function (cmdset: 0x22 cmdid: 0x01) deal time: 1 ms [0m
[37m[26.708][waypoint]-[Debug]-[DjiWaypointV2_GetDjiErrorCode:600) Raw ret code : ret=0x00020003 [0m
[31m[26.708][waypoint]-[Error]-[DjiWaypointV2_UploadInitSettingInternal:1232) Current location accuracy is low for bad GPS signal.  [0m
[31m[26.708][user]-[Error]-[DjiTest_WaypointV2UploadMission:724) Init waypoint V2 mission setting failed, ErrorCode:0x2300020003 [0m
[31m[26.708][user]-[Error]-[DjiTest_WaypointV2RunSample:202) Upload waypoint V2 mission failed, error code: 0x00020003 [0m
[37m[26.708][linker]-[Debug]-[DjiCommand_AntiRegRecvCmdHandler:722) Anti reg command handle list success, index:14 [0m
[32m[26.708][user]-[Info]-[DjiTest_WaypointV2RunSample:304) Waypoint V2 sample end [0m
[32m[26.709][user]-[Info]-[UserFcSubscription_Task:458) gps position: x 117.120748 y 39.126570 z 10.014000. [0m
[32m[26.709][user]-[Info]-[UserFcSubscription_Task:470) gps total satellite number used: 3 9 13.
GPS fixState: 3.000000. [0m
[32m[26.709][user]-[Info]-[UserFcSubscription_Task:487) Homepoint info: lat->39.126699, lon->117.120801. [0m
[32m[26.709][user]-[Info]-[UserFcSubscription_Task:512) RTK position solution state: 16. [0m
[32m[26.709][user]-[Info]-[UserFcSubscription_Task:528) RTK position: 117.120656 39.126748 -10.102058. [0m
[32m[26.709][user]-[Info]-[UserFcSubscription_Task:573) Altitude of homepoint: 3.474068. [0m
[32m[26.709][user]-[Info]-[UserFcSubscription_Task:586) Battery info: 38. [0m
[32m[26.709][user]-[Info]-[UserFcSubscription_Task:600) Flight status: 0. [0m
[32m[26.709][user]-[Info]-[UserFcSubscription_Task:620) Displaymode status: 6. [0m
[37m[26.709][user]-[Debug]-[UserFcSubscription_Task:633) Timestamp: millisecond 4542992 microsecond 248025098. [0m
[37m[26.709][user]-[Debug]-[UserFcSubscription_Task:634) Relative height fusion is -0.000000 m [0m
[37m[26.710][linker]-[Debug]-[DjiProtocol_v1Pack:123) <0x53aa>V1-Send: 0x0A06->0x1D01 0x00F0 [0m
[37m[26.722][channel]-[Debug]-[DjiStreamChannelUdp_RecvDataThread:248) Receive udp data from 255.255.0.0.104 -> 192.168.100.2.30081, protocol: raw_data [0m
[37m[26.724][linker]-[Debug]-[DjiProtocol_v1Unpack:215) <0xc655>V1-Recv: 0x0300->0x0A06 0x036C [0m
[37m[26.725][linker]-[Debug]-[DjiCommand_RecvWork:1066)  <0xc655>Receive msg from linker, 0x0300->0x0A06 0x036C len:71 [0m
[37m[26.725][linker]-[Debug]-[DjiCommand_DealCmd:919) received unsupport request cmd that noneed ack, <0xc655> cmdset: 0x03 cmdid: 0x6C [0m
[37m[26.728][linker]-[Debug]-[DjiProtocol_v1Pack:123) <0x5388>V1-Send: 0x0A06->0x0800 0x0867 [0m
[37m[26.743][linker]-[Debug]-[DjiProtocol_v1Unpack:215) <0xc67b>V1-Recv: 0x0300->0x0A06 0x4900 [0m
[37m[26.743][linker]-[Debug]-[DjiCommand_RecvWork:1066)  <0xc67b>Receive msg from linker, 0x0300->0x0A06 0x4900 len:14 [0m
[37m[26.743][linker]-[Debug]-[DjiProtocol_v1Pack:123) <0xc67b>V1-Send: 0x0A06->0x0300 0x4900 [0m
[37m[26.750][linker]-[Debug]-[DjiProtocol_v1Unpack:215) <0xbd8>V1-Recv: 0x0701->0x0A06 0x0000 [0m
[37m[26.751][linker]-[Debug]-[DjiCommand_RecvWork:1066)  <0xbd8>Receive msg from linker, 0x0701->0x0A06 0x0000 len:16 [0m
[37m[26.751][linker]-[Debug]-[DjiProtocol_v1Pack:123) <0xbd8>V1-Send: 0x0A06->0x0701 0x0000 [0m
[37m[26.755][channel]-[Debug]-[DjiStreamChannelUdp_RecvDataThread:248) Receive udp data from 255.255.0.0.104 -> 192.168.100.2.30081, protocol: raw_data [0m
[37m[26.758][linker]-[Debug]-[DjiProtocol_v1Unpack:215) <0x2283>V1-Recv: 0x0800->0x0A06 0x0866 [0m
[37m[26.758][linker]-[Debug]-[DjiCommand_RecvWork:1066)  <0x2283>Receive msg from linker, 0x0800->0x0A06 0x0866 len:17 [0m
[37m[26.758][liveview]-[Debug]-[DjiLiveview_DecodeLiveviewStatusHandle:1169) Liveview uuid info total_num: 1, index: 0, version: 1, major_type: 0, minor_type: 39, idx: 0, pos: 7 [0m
[37m[26.758][liveview]-[Debug]-[DjiLiveview_DecodeLiveviewStatusHandle:1183) sdr num: 1 [0m
[37m[26.758][liveview]-[Debug]-[DjiLiveview_DecodeLiveviewStatusHandle:1203) tunnel id: 0 [0m
[37m[26.758][liveview]-[Debug]-[DjiLiveview_DecodeLiveviewStatusHandle:1207) consumeBytes: 15, availBytes: 15 [0m
[37m[26.781][linker]-[Debug]-[DjiProtocol_v1Unpack:215) <0xc6bd>V1-Recv: 0x0300->0x0A06 0x221B [0m
[37m[26.782][linker]-[Debug]-[DjiCommand_RecvWork:1066)  <0xc6bd>Receive msg from linker, 0x0300->0x0A06 0x221B len:9 [0m
[37m[26.782][linker]-[Debug]-[DjiCommand_DealCmd:919) received unsupport request cmd that noneed ack, <0xc6bd> cmdset: 0x22 cmdid: 0x1B [0m
[37m[26.789][channel]-[Debug]-[DjiStreamChannelUdp_RecvDataThread:248) Receive udp data from 255.255.0.0.104 -> 192.168.100.2.30081, protocol: raw_data [0m
[37m[26.800][linker]-[Debug]-[DjiProtocol_v1Unpack:215) <0xc6db>V1-Recv: 0x0306->0x0A06 0x03C1 [0m
[37m[26.801][linker]-[Debug]-[DjiCommand_RecvWork:1066)  <0xc6db>Receive msg from linker, 0x0306->0x0A06 0x03C1 len:13 [0m
[37m[26.821][channel]-[Debug]-[DjiStreamChannelUdp_RecvDataThread:248) Receive udp data from 255.255.0.0.104 -> 192.168.100.2.30081, protocol: raw_data [0m
[37m[26.824][linker]-[Debug]-[DjiProtocol_v1Unpack:215) <0xc6fb>V1-Recv: 0x0300->0x0A06 0x036C [0m
[37m[26.825][linker]-[Debug]-[DjiCommand_RecvWork:1066)  <0xc6fb>Receive msg from linker, 0x0300->0x0A06 0x036C len:71 [0m
[37m[26.825][linker]-[Debug]-[DjiCommand_DealCmd:919) received unsupport request cmd that noneed ack, <0xc6fb> cmdset: 0x03 cmdid: 0x6C [0m
[37m[26.831][linker]-[Debug]-[DjiProtocol_v1Pack:123) <0x53ab>V1-Send: 0x0A06->0x0200 0x3C10 [0m
[37m[26.831][linker]-[Debug]-[DjiProtocol_v1Pack:123) <0x53ac>V1-Send: 0x0A06->0x0A01 0x3C10 [0m
[37m[26.831][linker]-[Debug]-[DjiProtocol_v1Pack:123) <0x53ad>V1-Send: 0x0A06->0x0300 0x3C10 [0m
[37m[26.843][linker]-[Debug]-[DjiProtocol_v1Unpack:215) <0xc71b>V1-Recv: 0x0300->0x0A06 0x4900 [0m
[37m[26.844][linker]-[Debug]-[DjiCommand_RecvWork:1066)  <0xc71b>Receive msg from linker, 0x0300->0x0A06 0x4900 len:14 [0m
[37m[26.844][linker]-[Debug]-[DjiProtocol_v1Pack:123) <0xc71b>V1-Send: 0x0A06->0x0300 0x4900 [0m
[37m[26.855][channel]-[Debug]-[DjiStreamChannelUdp_RecvDataThread:248) Receive udp data from 255.255.0.0.104 -> 192.168.100.2.30081, protocol: raw_data [0m
[37m[26.881][linker]-[Debug]-[DjiProtocol_v1Unpack:215) <0xc75b>V1-Recv: 0x0300->0x0A06 0x221B [0m
[37m[26.882][linker]-[Debug]-[DjiCommand_RecvWork:1066)  <0xc75b>Receive msg from linker, 0x0300->0x0A06 0x221B len:9 [0m
[37m[26.882][linker]-[Debug]-[DjiCommand_DealCmd:919) received unsupport request cmd that noneed ack, <0xc75b> cmdset: 0x22 cmdid: 0x1B [0m
[37m[26.890][channel]-[Debug]-[DjiStreamChannelUdp_RecvDataThread:248) Receive udp data from 255.255.0.0.104 -> 192.168.100.2.30081, protocol: raw_data [0m
[37m[26.900][linker]-[Debug]-[DjiProtocol_v1Unpack:215) <0xc77a>V1-Recv: 0x0306->0x0A06 0x03C1 [0m
[37m[26.900][linker]-[Debug]-[DjiCommand_RecvWork:1066)  <0xc77a>Receive msg from linker, 0x0306->0x0A06 0x03C1 len:13 [0m
[37m[26.922][channel]-[Debug]-[DjiStreamChannelUdp_RecvDataThread:248) Receive udp data from 255.255.0.0.104 -> 192.168.100.2.30081, protocol: raw_data [0m
[37m[26.924][linker]-[Debug]-[DjiProtocol_v1Unpack:215) <0xc7a2>V1-Recv: 0x0300->0x0A06 0x036C [0m
[37m[26.924][linker]-[Debug]-[DjiCommand_RecvWork:1066)  <0xc7a2>Receive msg from linker, 0x0300->0x0A06 0x036C len:71 [0m
[37m[26.924][linker]-[Debug]-[DjiCommand_DealCmd:919) received unsupport request cmd that noneed ack, <0xc7a2> cmdset: 0x03 cmdid: 0x6C [0m
[37m[26.943][linker]-[Debug]-[DjiProtocol_v1Unpack:215) <0xc7cc>V1-Recv: 0x0300->0x0A06 0x4900 [0m
[37m[26.943][linker]-[Debug]-[DjiCommand_RecvWork:1066)  <0xc7cc>Receive msg from linker, 0x0300->0x0A06 0x4900 len:14 [0m
[37m[26.943][linker]-[Debug]-[DjiProtocol_v1Pack:123) <0xc7cc>V1-Send: 0x0A06->0x0300 0x4900 [0m
[37m[26.955][channel]-[Debug]-[DjiStreamChannelUdp_RecvDataThread:248) Receive udp data from 255.255.0.0.104 -> 192.168.100.2.30081, protocol: raw_data [0m
[37m[26.981][linker]-[Debug]-[DjiProtocol_v1Unpack:215) <0xc80c>V1-Recv: 0x0300->0x0A06 0x221B [0m
[37m[26.981][linker]-[Debug]-[DjiCommand_RecvWork:1066)  <0xc80c>Receive msg from linker, 0x0300->0x0A06 0x221B len:9 [0m
[37m[26.981][linker]-[Debug]-[DjiCommand_DealCmd:919) received unsupport request cmd that noneed ack, <0xc80c> cmdset: 0x22 cmdid: 0x1B [0m
[37m[26.989][channel]-[Debug]-[DjiStreamChannelUdp_RecvDataThread:248) Receive udp data from 255.255.0.0.104 -> 192.168.100.2.30081, protocol: raw_data [0m
[37m[27.001][linker]-[Debug]-[DjiProtocol_v1Unpack:215) <0xc82a>V1-Recv: 0x0306->0x0A06 0x03C1 [0m
[37m[27.001][linker]-[Debug]-[DjiCommand_RecvWork:1066)  <0xc82a>Receive msg from linker, 0x0306->0x0A06 0x03C1 len:13 [0m
[37m[27.008][linker]-[Debug]-[DjiProtocol_v1Unpack:215) <0x2284>V1-Recv: 0x0800->0x0A06 0x0866 [0m
[37m[27.008][linker]-[Debug]-[DjiCommand_RecvWork:1066)  <0x2284>Receive msg from linker, 0x0800->0x0A06 0x0866 len:17 [0m
[37m[27.008][liveview]-[Debug]-[DjiLiveview_DecodeLiveviewStatusHandle:1169) Liveview uuid info total_num: 1, index: 0, version: 1, major_type: 0, minor_type: 39, idx: 0, pos: 7 [0m
[37m[27.008][liveview]-[Debug]-[DjiLiveview_DecodeLiveviewStatusHandle:1183) sdr num: 1 [0m
[37m[27.008][liveview]-[Debug]-[DjiLiveview_DecodeLiveviewStatusHandle:1203) tunnel id: 0 [0m
[37m[27.008][liveview]-[Debug]-[DjiLiveview_DecodeLiveviewStatusHandle:1207) consumeBytes: 15, availBytes: 15 [0m
[37m[27.021][channel]-[Debug]-[DjiStreamChannelUdp_RecvDataThread:248) Receive udp data from 255.255.0.0.104 -> 192.168.100.2.30081, protocol: raw_data [0m
[37m[27.024][linker]-[Debug]-[DjiProtocol_v1Unpack:215) <0xc849>V1-Recv: 0x0300->0x0A06 0x036C [0m
[37m[27.024][linker]-[Debug]-[DjiCommand_RecvWork:1066)  <0xc849>Receive msg from linker, 0x0300->0x0A06 0x036C len:71 [0m
[37m[27.024][linker]-[Debug]-[DjiCommand_DealCmd:919) received unsupport request cmd that noneed ack, <0xc849> cmdset: 0x03 cmdid: 0x6C [0m
[37m[27.042][linker]-[Debug]-[DjiProtocol_v1Unpack:215) <0xc868>V1-Recv: 0x0300->0x0A06 0x4900 [0m
[37m[27.043][linker]-[Debug]-[DjiCommand_RecvWork:1066)  <0xc868>Receive msg from linker, 0x0300->0x0A06 0x4900 len:14 [0m
[37m[27.043][linker]-[Debug]-[DjiProtocol_v1Pack:123) <0xc868>V1-Send: 0x0A06->0x0300 0x4900 [0m
[37m[27.044][linker]-[Debug]-[DjiProtocol_v1Pack:123) <0x53ae>V1-Send: 0x0A06->0x0200 0x3C10 [0m
[37m[27.044][linker]-[Debug]-[DjiProtocol_v1Pack:123) <0x53af>V1-Send: 0x0A06->0x0A01 0x3C10 [0m
[37m[27.044][linker]-[Debug]-[DjiProtocol_v1Pack:123) <0x53b0>V1-Send: 0x0A06->0x0300 0x3C10 [0m
[37m[27.055][channel]-[Debug]-[DjiStreamChannelUdp_RecvDataThread:248) Receive udp data from 255.255.0.0.104 -> 192.168.100.2.30081, protocol: raw_data [0m
[37m[27.085][linker]-[Debug]-[DjiProtocol_v1Unpack:215) <0xc8a9>V1-Recv: 0x0300->0x0A06 0x221B [0m
[37m[27.085][linker]-[Debug]-[DjiProtocol_v1Unpack:215) <0xc8b0>V1-Recv: 0x0300->0x0A06 0x0F74 [0m
[37m[27.085][linker]-[Debug]-[DjiProtocol_v1Unpack:215) <0xc8b1>V1-Recv: 0x0300->0x0100 0x0406 [0m
[37m[27.085][linker]-[Debug]-[DjiProtocol_v1Unpack:215) <0xc8b2>V1-Recv: 0x0300->0x0100 0x0407 [0m
[37m[27.085][linker]-[Debug]-[DjiCommand_RecvWork:1066)  <0xc8a9>Receive msg from linker, 0x0300->0x0A06 0x221B len:9 [0m
[37m[27.085][linker]-[Debug]-[DjiCommand_DealCmd:919) received unsupport request cmd that noneed ack, <0xc8a9> cmdset: 0x22 cmdid: 0x1B [0m
[37m[27.086][linker]-[Debug]-[DjiCommand_RecvWork:1066)  <0xc8b0>Receive msg from linker, 0x0300->0x0A06 0x0F74 len:28 [0m
[37m[27.086][linker]-[Debug]-[DjiCommand_DealCmd:919) received unsupport request cmd that noneed ack, <0xc8b0> cmdset: 0x0F cmdid: 0x74 [0m
[37m[27.087][linker]-[Debug]-[DjiCommand_RecvWork:1066)  <0xc8b1>Receive msg from linker, 0x0300->0x0100 0x0406 len:12 [0m
[37m[27.087][linker]-[Debug]-[DjiCommand_DealCmd:919) received unsupport request cmd that noneed ack, <0xc8b1> cmdset: 0x04 cmdid: 0x06 [0m
[37m[27.088][linker]-[Debug]-[DjiCommand_RecvWork:1066)  <0xc8b2>Receive msg from linker, 0x0300->0x0100 0x0407 len:1 [0m
[37m[27.088][linker]-[Debug]-[DjiCommand_DealCmd:919) received unsupport request cmd that noneed ack, <0xc8b2> cmdset: 0x04 cmdid: 0x07 [0m
[37m[27.089][channel]-[Debug]-[DjiStreamChannelUdp_RecvDataThread:248) Receive udp data from 255.255.0.0.104 -> 192.168.100.2.30081, protocol: raw_data [0m
[37m[27.100][linker]-[Debug]-[DjiProtocol_v1Unpack:215) <0xc8cd>V1-Recv: 0x0306->0x0A06 0x03C1 [0m
[37m[27.100][linker]-[Debug]-[DjiCommand_RecvWork:1066)  <0xc8cd>Receive msg from linker, 0x0306->0x0A06 0x03C1 len:13 [0m
[37m[27.122][channel]-[Debug]-[DjiStreamChannelUdp_RecvDataThread:248) Receive udp data from 255.255.0.0.104 -> 192.168.100.2.30081, protocol: raw_data [0m
[37m[27.124][linker]-[Debug]-[DjiProtocol_v1Unpack:215) <0xc8f0>V1-Recv: 0x0300->0x0A06 0x036C [0m
[37m[27.125][linker]-[Debug]-[DjiCommand_RecvWork:1066)  <0xc8f0>Receive msg from linker, 0x0300->0x0A06 0x036C len:71 [0m
[37m[27.125][linker]-[Debug]-[DjiCommand_DealCmd:919) received unsupport request cmd that noneed ack, <0xc8f0> cmdset: 0x03 cmdid: 0x6C [0m
[37m[27.143][linker]-[Debug]-[DjiProtocol_v1Unpack:215) <0xc91f>V1-Recv: 0x0300->0x0A06 0x4900 [0m
[37m[27.143][linker]-[Debug]-[DjiCommand_RecvWork:1066)  <0xc91f>Receive msg from linker, 0x0300->0x0A06 0x4900 len:14 [0m
[37m[27.143][linker]-[Debug]-[DjiProtocol_v1Pack:123) <0xc91f>V1-Send: 0x0A06->0x0300 0x4900 [0m
[37m[27.155][channel]-[Debug]-[DjiStreamChannelUdp_RecvDataThread:248) Receive udp data from 255.255.0.0.104 -> 192.168.100.2.30081, protocol: raw_data [0m
[37m[27.181][linker]-[Debug]-[DjiProtocol_v1Unpack:215) <0xc964>V1-Recv: 0x0300->0x0A06 0x221B [0m
[37m[27.181][linker]-[Debug]-[DjiCommand_RecvWork:1066)  <0xc964>Receive msg from linker, 0x0300->0x0A06 0x221B len:9 [0m
[37m[27.181][linker]-[Debug]-[DjiCommand_DealCmd:919) received unsupport request cmd that noneed ack, <0xc964> cmdset: 0x22 cmdid: 0x1B [0m
[37m[27.189][channel]-[Debug]-[DjiStreamChannelUdp_RecvDataThread:248) Receive udp data from 255.255.0.0.104 -> 192.168.100.2.30081, protocol: raw_data [0m
[37m[27.200][linker]-[Debug]-[DjiProtocol_v1Unpack:215) <0xc986>V1-Recv: 0x0306->0x0A06 0x03C1 [0m
[37m[27.201][linker]-[Debug]-[DjiCommand_RecvWork:1066)  <0xc986>Receive msg from linker, 0x0306->0x0A06 0x03C1 len:13 [0m
[37m[27.222][channel]-[Debug]-[DjiStreamChannelUdp_RecvDataThread:248) Receive udp data from 255.255.0.0.104 -> 192.168.100.2.30081, protocol: raw_data [0m
[37m[27.224][linker]-[Debug]-[DjiProtocol_v1Unpack:215) <0xc9a8>V1-Recv: 0x0300->0x0A06 0x036C [0m
[37m[27.224][linker]-[Debug]-[DjiCommand_RecvWork:1066)  <0xc9a8>Receive msg from linker, 0x0300->0x0A06 0x036C len:71 [0m
[37m[27.224][linker]-[Debug]-[DjiCommand_DealCmd:919) received unsupport request cmd that noneed ack, <0xc9a8> cmdset: 0x03 cmdid: 0x6C [0m
[37m[27.242][linker]-[Debug]-[DjiProtocol_v1Unpack:215) <0xc9c6>V1-Recv: 0x0300->0x0A06 0x4900 [0m
[37m[27.242][linker]-[Debug]-[DjiCommand_RecvWork:1066)  <0xc9c6>Receive msg from linker, 0x0300->0x0A06 0x4900 len:14 [0m
[37m[27.242][linker]-[Debug]-[DjiProtocol_v1Pack:123) <0xc9c6>V1-Send: 0x0A06->0x0300 0x4900 [0m
[37m[27.255][channel]-[Debug]-[DjiStreamChannelUdp_RecvDataThread:248) Receive udp data from 255.255.0.0.104 -> 192.168.100.2.30081, protocol: raw_data [0m
[37m[27.258][linker]-[Debug]-[DjiProtocol_v1Unpack:215) <0x2285>V1-Recv: 0x0800->0x0A06 0x0866 [0m
[37m[27.258][linker]-[Debug]-[DjiCommand_RecvWork:1066)  <0x2285>Receive msg from linker, 0x0800->0x0A06 0x0866 len:17 [0m
[37m[27.258][liveview]-[Debug]-[DjiLiveview_DecodeLiveviewStatusHandle:1169) Liveview uuid info total_num: 1, index: 0, version: 1, major_type: 0, minor_type: 39, idx: 0, pos: 7 [0m
[37m[27.258][liveview]-[Debug]-[DjiLiveview_DecodeLiveviewStatusHandle:1183) sdr num: 1 [0m
[37m[27.258][liveview]-[Debug]-[DjiLiveview_DecodeLiveviewStatusHandle:1203) tunnel id: 0 [0m
[37m[27.258][liveview]-[Debug]-[DjiLiveview_DecodeLiveviewStatusHandle:1207) consumeBytes: 15, availBytes: 15 [0m
[37m[27.258][linker]-[Debug]-[DjiProtocol_v1Pack:123) <0x53b1>V1-Send: 0x0A06->0x0200 0x3C10 [0m
[37m[27.258][linker]-[Debug]-[DjiProtocol_v1Pack:123) <0x53b2>V1-Send: 0x0A06->0x0A01 0x3C10 [0m
[37m[27.258][linker]-[Debug]-[DjiProtocol_v1Pack:123) <0x53b3>V1-Send: 0x0A06->0x0300 0x3C10 [0m
[37m[27.281][linker]-[Debug]-[DjiProtocol_v1Unpack:215) <0xca07>V1-Recv: 0x0300->0x0A06 0x221B [0m
[37m[27.282][linker]-[Debug]-[DjiCommand_RecvWork:1066)  <0xca07>Receive msg from linker, 0x0300->0x0A06 0x221B len:9 [0m
[37m[27.282][linker]-[Debug]-[DjiCommand_DealCmd:919) received unsupport request cmd that noneed ack, <0xca07> cmdset: 0x22 cmdid: 0x1B [0m
[32m[27.283][user]-[Info]-[liveviewThreadFunc:135) Storing camera h264 stream, second:. [0m
[37m[27.283][liveview]-[Debug]-[DjiLiveview_FindLiveviewSource:1122) Found the liveview source (pos:7) on the drone. [0m
[37m[27.283][liveview]-[Debug]-[DjiLiveview_RequestIntraframeFrameData:878) Request I frame by uuid, major: 0, minor: 39, idx: 0, pos: 7, tunnel: 80 [0m
[37m[27.283][linker]-[Debug]-[DjiProtocol_v1Pack:123) <0x53b4>V1-Send: 0x0A06->0x0700 0x0872 [0m
[37m[27.288][channel]-[Debug]-[DjiStreamChannelUdp_RecvDataThread:248) Receive udp data from 255.255.0.0.104 -> 192.168.100.2.30081, protocol: raw_data [0m
[37m[27.301][linker]-[Debug]-[DjiProtocol_v1Unpack:215) <0xca26>V1-Recv: 0x0306->0x0A06 0x03C1 [0m
[37m[27.301][linker]-[Debug]-[DjiCommand_RecvWork:1066)  <0xca26>Receive msg from linker, 0x0306->0x0A06 0x03C1 len:13 [0m
[37m[27.303][linker]-[Debug]-[DjiProtocol_v1Unpack:215) <0x53b4>V1-Recv: 0x0700->0x0A06 0x0872 [0m
[37m[27.303][linker]-[Debug]-[DjiCommand_RecvWork:1066)  <0x53b4>Receive msg from linker, 0x0700->0x0A06 0x0872 len:1 [0m
[37m[27.303][linker]-[Debug]-[DjiCommand_SendSyncCallback:1014) PsdkCommand_SendSyncCallback success [0m
[37m[27.303][linker]-[Debug]-[DjiCommand_DealCmd:830) callback function (cmdset: 0x08 cmdid: 0x72) deal time: 0 ms [0m
[37m[27.303][linker]-[Debug]-[DjiCommand_SendSync:553) sendSync callback success [0m
[37m[27.324][linker]-[Debug]-[DjiProtocol_v1Unpack:215) <0xca4c>V1-Recv: 0x0300->0x0A06 0x036C [0m
[37m[27.325][linker]-[Debug]-[DjiCommand_RecvWork:1066)  <0xca4c>Receive msg from linker, 0x0300->0x0A06 0x036C len:71 [0m
[37m[27.325][linker]-[Debug]-[DjiCommand_DealCmd:919) received unsupport request cmd that noneed ack, <0xca4c> cmdset: 0x03 cmdid: 0x6C [0m
[37m[27.325][channel]-[Debug]-[DjiStreamChannelUdp_RecvDataThread:248) Receive udp data from 255.255.0.0.104 -> 192.168.100.2.30081, protocol: raw_data [0m
[37m[27.327][channel]-[Debug]-[DjiStreamChannelUdp_RecvDataThread:248) Receive udp data from 255.255.0.0.104 -> 192.168.100.2.30081, protocol: raw_data [0m
[37m[27.343][linker]-[Debug]-[DjiProtocol_v1Unpack:215) <0xca79>V1-Recv: 0x0300->0x0A06 0x4900 [0m
[37m[27.344][linker]-[Debug]-[DjiCommand_RecvWork:1066)  <0xca79>Receive msg from linker, 0x0300->0x0A06 0x4900 len:14 [0m
[37m[27.344][linker]-[Debug]-[DjiProtocol_v1Pack:123) <0xca79>V1-Send: 0x0A06->0x0300 0x4900 [0m
[37m[27.355][channel]-[Debug]-[DjiStreamChannelUdp_RecvDataThread:248) Receive udp data from 255.255.0.0.104 -> 192.168.100.2.30081, protocol: raw_data [0m
[37m[27.382][linker]-[Debug]-[DjiProtocol_v1Unpack:215) <0xcac4>V1-Recv: 0x0300->0x0A06 0x221B [0m
[37m[27.382][linker]-[Debug]-[DjiCommand_RecvWork:1066)  <0xcac4>Receive msg from linker, 0x0300->0x0A06 0x221B len:9 [0m
[37m[27.382][linker]-[Debug]-[DjiCommand_DealCmd:919) received unsupport request cmd that noneed ack, <0xcac4> cmdset: 0x22 cmdid: 0x1B [0m
[37m[27.389][channel]-[Debug]-[DjiStreamChannelUdp_RecvDataThread:248) Receive udp data from 255.255.0.0.104 -> 192.168.100.2.30081, protocol: raw_data [0m
[37m[27.401][linker]-[Debug]-[DjiProtocol_v1Unpack:215) <0xcae2>V1-Recv: 0x0306->0x0A06 0x03C1 [0m
[37m[27.402][linker]-[Debug]-[DjiCommand_RecvWork:1066)  <0xcae2>Receive msg from linker, 0x0306->0x0A06 0x03C1 len:13 [0m
[37m[27.421][channel]-[Debug]-[DjiStreamChannelUdp_RecvDataThread:248) Receive udp data from 255.255.0.0.104 -> 192.168.100.2.30081, protocol: raw_data [0m
[37m[27.424][linker]-[Debug]-[DjiProtocol_v1Unpack:215) <0xcb04>V1-Recv: 0x0300->0x0A06 0x036C [0m
[37m[27.425][linker]-[Debug]-[DjiCommand_RecvWork:1066)  <0xcb04>Receive msg from linker, 0x0300->0x0A06 0x036C len:71 [0m
[37m[27.425][linker]-[Debug]-[DjiCommand_DealCmd:919) received unsupport request cmd that noneed ack, <0xcb04> cmdset: 0x03 cmdid: 0x6C [0m
[37m[27.442][linker]-[Debug]-[DjiProtocol_v1Unpack:215) <0xcb22>V1-Recv: 0x0300->0x0A06 0x4900 [0m
[37m[27.443][linker]-[Debug]-[DjiCommand_RecvWork:1066)  <0xcb22>Receive msg from linker, 0x0300->0x0A06 0x4900 len:14 [0m
[37m[27.443][linker]-[Debug]-[DjiProtocol_v1Pack:123) <0xcb22>V1-Send: 0x0A06->0x0300 0x4900 [0m
[37m[27.455][channel]-[Debug]-[DjiStreamChannelUdp_RecvDataThread:248) Receive udp data from 255.255.0.0.104 -> 192.168.100.2.30081, protocol: raw_data [0m
[37m[27.471][linker]-[Debug]-[DjiProtocol_v1Pack:123) <0x53b5>V1-Send: 0x0A06->0x0300 0x0000 [0m
[37m[27.471][infor]-[Debug]-[DjiAircraftConnection_CheckExtensionPortConnectStatusByV1Protocol:170) check connect status:1 [0m
[37m[27.472][linker]-[Debug]-[DjiProtocol_v1Pack:123) <0x53b6>V1-Send: 0x0A06->0x0200 0x3C10 [0m
[37m[27.472][linker]-[Debug]-[DjiProtocol_v1Pack:123) <0x53b7>V1-Send: 0x0A06->0x0A01 0x3C10 [0m
[37m[27.472][linker]-[Debug]-[DjiProtocol_v1Pack:123) <0x53b8>V1-Send: 0x0A06->0x0300 0x3C10 [0m
[37m[27.482][linker]-[Debug]-[DjiProtocol_v1Unpack:215) <0x53b5>V1-Recv: 0x0300->0x0A06 0x0000 [0m
[37m[27.482][linker]-[Debug]-[DjiProtocol_v1Unpack:215) <0xcb61>V1-Recv: 0x0300->0x0A06 0x221B [0m
[37m[27.482][linker]-[Debug]-[DjiCommand_RecvWork:1066)  <0x53b5>Receive msg from linker, 0x0300->0x0A06 0x0000 len:0 [0m
[37m[27.482][infor]-[Debug]-[DjiAircraftInfo_CheckPingStatusAsyncCallback:269) connect status async sucess [0m
[37m[27.482][linker]-[Debug]-[DjiCommand_DealCmd:830) callback function (cmdset: 0x00 cmdid: 0x00) deal time: 0 ms [0m
[37m[27.483][linker]-[Debug]-[DjiCommand_RecvWork:1066)  <0xcb61>Receive msg from linker, 0x0300->0x0A06 0x221B len:9 [0m
[37m[27.483][linker]-[Debug]-[DjiCommand_DealCmd:919) received unsupport request cmd that noneed ack, <0xcb61> cmdset: 0x22 cmdid: 0x1B [0m
[37m[27.489][channel]-[Debug]-[DjiStreamChannelUdp_RecvDataThread:248) Receive udp data from 255.255.0.0.104 -> 192.168.100.2.30081, protocol: raw_data [0m
[37m[27.489][linker]-[Debug]-[DjiProtocol_v1Unpack:215) <0xa9d8>V1-Recv: 0x0202->0x0A06 0x0026 [0m
[37m[27.489][linker]-[Debug]-[DjiCommand_RecvWork:1066)  <0xa9d8>Receive msg from linker, 0x0202->0x0A06 0x0026 len:37 [0m
[37m[27.489][linker]-[Debug]-[DjiCommand_DealCmd:919) received unsupport request cmd that need ack, <0xa9d8> cmdset: 0x00 cmdid: 0x26 [0m
[37m[27.501][linker]-[Debug]-[DjiProtocol_v1Unpack:215) <0xcb7e>V1-Recv: 0x0306->0x0A06 0x03C1 [0m
[37m[27.501][linker]-[Debug]-[DjiCommand_RecvWork:1066)  <0xcb7e>Receive msg from linker, 0x0306->0x0A06 0x03C1 len:13 [0m
[37m[27.508][linker]-[Debug]-[DjiProtocol_v1Unpack:215) <0x2286>V1-Recv: 0x0800->0x0A06 0x0866 [0m
[37m[27.509][linker]-[Debug]-[DjiCommand_RecvWork:1066)  <0x2286>Receive msg from linker, 0x0800->0x0A06 0x0866 len:17 [0m
[37m[27.509][liveview]-[Debug]-[DjiLiveview_DecodeLiveviewStatusHandle:1169) Liveview uuid info total_num: 1, index: 0, version: 1, major_type: 0, minor_type: 39, idx: 0, pos: 7 [0m
[37m[27.509][liveview]-[Debug]-[DjiLiveview_DecodeLiveviewStatusHandle:1183) sdr num: 1 [0m
[37m[27.509][liveview]-[Debug]-[DjiLiveview_DecodeLiveviewStatusHandle:1203) tunnel id: 0 [0m
[37m[27.509][liveview]-[Debug]-[DjiLiveview_DecodeLiveviewStatusHandle:1207) consumeBytes: 15, availBytes: 15 [0m
[37m[27.522][channel]-[Debug]-[DjiStreamChannelUdp_RecvDataThread:248) Receive udp data from 255.255.0.0.104 -> 192.168.100.2.30081, protocol: raw_data [0m
[37m[27.524][linker]-[Debug]-[DjiProtocol_v1Unpack:215) <0xcba4>V1-Recv: 0x0300->0x0A06 0x036C [0m
[37m[27.525][linker]-[Debug]-[DjiCommand_RecvWork:1066)  <0xcba4>Receive msg from linker, 0x0300->0x0A06 0x036C len:71 [0m
[37m[27.525][linker]-[Debug]-[DjiCommand_DealCmd:919) received unsupport request cmd that noneed ack, <0xcba4> cmdset: 0x03 cmdid: 0x6C [0m
[37m[27.543][linker]-[Debug]-[DjiProtocol_v1Unpack:215) <0xcbc8>V1-Recv: 0x0300->0x0A06 0x4900 [0m
[37m[27.543][linker]-[Debug]-[DjiCommand_RecvWork:1066)  <0xcbc8>Receive msg from linker, 0x0300->0x0A06 0x4900 len:14 [0m
[37m[27.543][linker]-[Debug]-[DjiProtocol_v1Pack:123) <0xcbc8>V1-Send: 0x0A06->0x0300 0x4900 [0m
[37m[27.555][channel]-[Debug]-[DjiStreamChannelUdp_RecvDataThread:248) Receive udp data from 255.255.0.0.104 -> 192.168.100.2.30081, protocol: raw_data [0m
[37m[27.583][linker]-[Debug]-[DjiProtocol_v1Unpack:215) <0xcc0c>V1-Recv: 0x0300->0x0A06 0x221B [0m
[37m[27.583][linker]-[Debug]-[DjiProtocol_v1Unpack:215) <0xcc10>V1-Recv: 0x0300->0x0100 0x0405 [0m
[37m[27.584][linker]-[Debug]-[DjiCommand_RecvWork:1066)  <0xcc0c>Receive msg from linker, 0x0300->0x0A06 0x221B len:9 [0m
[37m[27.584][linker]-[Debug]-[DjiCommand_DealCmd:919) received unsupport request cmd that noneed ack, <0xcc0c> cmdset: 0x22 cmdid: 0x1B [0m
[37m[27.585][linker]-[Debug]-[DjiCommand_RecvWork:1066)  <0xcc10>Receive msg from linker, 0x0300->0x0100 0x0405 len:22 [0m
[37m[27.585][linker]-[Debug]-[DjiCommand_DealCmd:919) received unsupport request cmd that noneed ack, <0xcc10> cmdset: 0x04 cmdid: 0x05 [0m
[37m[27.588][channel]-[Debug]-[DjiStreamChannelUdp_RecvDataThread:248) Receive udp data from 255.255.0.0.104 -> 192.168.100.2.30081, protocol: raw_data [0m
[37m[27.600][linker]-[Debug]-[DjiProtocol_v1Unpack:215) <0xcc2b>V1-Recv: 0x0306->0x0A06 0x03C1 [0m
[37m[27.601][linker]-[Debug]-[DjiCommand_RecvWork:1066)  <0xcc2b>Receive msg from linker, 0x0306->0x0A06 0x03C1 len:13 [0m
[37m[27.621][channel]-[Debug]-[DjiStreamChannelUdp_RecvDataThread:248) Receive udp data from 255.255.0.0.104 -> 192.168.100.2.30081, protocol: raw_data [0m
[37m[27.624][linker]-[Debug]-[DjiProtocol_v1Unpack:215) <0xcc4a>V1-Recv: 0x0300->0x0A06 0x036C [0m
[37m[27.624][linker]-[Debug]-[DjiCommand_RecvWork:1066)  <0xcc4a>Receive msg from linker, 0x0300->0x0A06 0x036C len:71 [0m
[37m[27.624][linker]-[Debug]-[DjiCommand_DealCmd:919) received unsupport request cmd that noneed ack, <0xcc4a> cmdset: 0x03 cmdid: 0x6C [0m
[37m[27.642][linker]-[Debug]-[DjiProtocol_v1Unpack:215) <0xcc68>V1-Recv: 0x0300->0x0A06 0x4900 [0m
[37m[27.642][linker]-[Debug]-[DjiCommand_RecvWork:1066)  <0xcc68>Receive msg from linker, 0x0300->0x0A06 0x4900 len:14 [0m
[37m[27.642][linker]-[Debug]-[DjiProtocol_v1Pack:123) <0xcc68>V1-Send: 0x0A06->0x0300 0x4900 [0m
[37m[27.655][channel]-[Debug]-[DjiStreamChannelUdp_RecvDataThread:248) Receive udp data from 255.255.0.0.104 -> 192.168.100.2.30081, protocol: raw_data [0m
[37m[27.665][linker]-[Debug]-[DjiProtocol_v1Unpack:215) <0xcc86>V1-Recv: 0x0306->0x0A06 0x03C1 [0m
[37m[27.666][linker]-[Debug]-[DjiCommand_RecvWork:1066)  <0xcc86>Receive msg from linker, 0x0306->0x0A06 0x03C1 len:113 [0m
[37m[27.682][linker]-[Debug]-[DjiProtocol_v1Unpack:215) <0xccaa>V1-Recv: 0x0300->0x0A06 0x221B [0m
[37m[27.683][linker]-[Debug]-[DjiCommand_RecvWork:1066)  <0xccaa>Receive msg from linker, 0x0300->0x0A06 0x221B len:9 [0m
[37m[27.683][linker]-[Debug]-[DjiCommand_DealCmd:919) received unsupport request cmd that noneed ack, <0xccaa> cmdset: 0x22 cmdid: 0x1B [0m
[37m[27.686][linker]-[Debug]-[DjiProtocol_v1Pack:123) <0x53b9>V1-Send: 0x0A06->0x0200 0x3C10 [0m
[37m[27.686][linker]-[Debug]-[DjiProtocol_v1Pack:123) <0x53ba>V1-Send: 0x0A06->0x0A01 0x3C10 [0m
[37m[27.686][linker]-[Debug]-[DjiProtocol_v1Pack:123) <0x53bb>V1-Send: 0x0A06->0x0300 0x3C10 [0m
[37m[27.689][channel]-[Debug]-[DjiStreamChannelUdp_RecvDataThread:248) Receive udp data from 255.255.0.0.104 -> 192.168.100.2.30081, protocol: raw_data [0m
[37m[27.693][linker]-[Debug]-[DjiProtocol_v1Unpack:215) <0x11ad>V1-Recv: 0x1D07->0x0A06 0x2105 [0m
[37m[27.693][linker]-[Debug]-[DjiCommand_RecvWork:1066)  <0x11ad>Receive msg from linker, 0x1D07->0x0A06 0x2105 len:1 [0m
[37m[27.693][linker]-[Debug]-[DjiCommand_DealCmd:919) received unsupport request cmd that need ack, <0x11ad> cmdset: 0x21 cmdid: 0x05 [0m
[37m[27.700][linker]-[Debug]-[DjiProtocol_v1Unpack:215) <0xccc7>V1-Recv: 0x0306->0x0A06 0x03C1 [0m
[37m[27.701][linker]-[Debug]-[DjiCommand_RecvWork:1066)  <0xccc7>Receive msg from linker, 0x0306->0x0A06 0x03C1 len:13 [0m
[32m[27.709][user]-[Info]-[UserFcSubscription_Task:458) gps position: x 117.120748 y 39.126571 z 10.019000. [0m
[32m[27.709][user]-[Info]-[UserFcSubscription_Task:470) gps total satellite number used: 2 9 13.
GPS fixState: 3.000000. [0m
[32m[27.709][user]-[Info]-[UserFcSubscription_Task:487) Homepoint info: lat->39.126699, lon->117.120801. [0m
[32m[27.709][user]-[Info]-[UserFcSubscription_Task:512) RTK position solution state: 16. [0m
[32m[27.709][user]-[Info]-[UserFcSubscription_Task:528) RTK position: 117.120656 39.126748 -10.101519. [0m
[32m[27.709][user]-[Info]-[UserFcSubscription_Task:573) Altitude of homepoint: 3.473812. [0m
[32m[27.709][user]-[Info]-[UserFcSubscription_Task:586) Battery info: 38. [0m
[32m[27.709][user]-[Info]-[UserFcSubscription_Task:600) Flight status: 0. [0m
[32m[27.709][user]-[Info]-[UserFcSubscription_Task:620) Displaymode status: 6. [0m
[37m[27.709][user]-[Debug]-[UserFcSubscription_Task:633) Timestamp: millisecond 4543992 microsecond 249025109. [0m
[37m[27.709][user]-[Debug]-[UserFcSubscription_Task:634) Relative height fusion is -0.000000 m [0m
[37m[27.722][channel]-[Debug]-[DjiStreamChannelUdp_RecvDataThread:248) Receive udp data from 255.255.0.0.104 -> 192.168.100.2.30081, protocol: raw_data [0m
[37m[27.724][linker]-[Debug]-[DjiProtocol_v1Unpack:215) <0xcced>V1-Recv: 0x0300->0x0A06 0x036C [0m
[37m[27.724][linker]-[Debug]-[DjiCommand_RecvWork:1066)  <0xcced>Receive msg from linker, 0x0300->0x0A06 0x036C len:71 [0m
[37m[27.725][linker]-[Debug]-[DjiCommand_DealCmd:919) received unsupport request cmd that noneed ack, <0xcced> cmdset: 0x03 cmdid: 0x6C [0m
[37m[27.728][linker]-[Debug]-[DjiProtocol_v1Pack:123) <0x5388>V1-Send: 0x0A06->0x0800 0x0867 [0m
[37m[27.742][linker]-[Debug]-[DjiProtocol_v1Unpack:215) <0xcd11>V1-Recv: 0x0300->0x0A06 0x4900 [0m
[37m[27.743][linker]-[Debug]-[DjiCommand_RecvWork:1066)  <0xcd11>Receive msg from linker, 0x0300->0x0A06 0x4900 len:14 [0m
[37m[27.743][linker]-[Debug]-[DjiProtocol_v1Pack:123) <0xcd11>V1-Send: 0x0A06->0x0300 0x4900 [0m
[37m[27.747][utils]-[Debug]-[DjiCore_RootTask:131) work execution time: [0m
[37m[27.747][utils]-[Debug]-[DjiCore_RootTask:132) name	                execution time (ms)	  max execution time (ms) [0m
[37m[27.747][utils]-[Debug]-[DjiCore_RootTask:134) recorderWork                    	1       	1        [0m
[37m[27.747][utils]-[Debug]-[DjiCore_RootTask:134) flowControllerTask              	0       	1        [0m
[37m[27.747][utils]-[Debug]-[DjiCore_RootTask:134) commandTask                     	1       	1        [0m
[37m[27.747][utils]-[Debug]-[DjiCore_RootTask:134) aircraftWorkNode                	0       	1        [0m
[37m[27.747][utils]-[Debug]-[DjiCore_RootTask:134) StatePushWork                   	1       	1        [0m
[37m[27.751][linker]-[Debug]-[DjiProtocol_v1Unpack:215) <0xbd9>V1-Recv: 0x0701->0x0A06 0x0000 [0m
[37m[27.751][linker]-[Debug]-[DjiCommand_RecvWork:1066)  <0xbd9>Receive msg from linker, 0x0701->0x0A06 0x0000 len:16 [0m
[37m[27.751][linker]-[Debug]-[DjiProtocol_v1Pack:123) <0xbd9>V1-Send: 0x0A06->0x0701 0x0000 [0m
[37m[27.754][channel]-[Debug]-[DjiStreamChannelUdp_RecvDataThread:248) Receive udp data from 255.255.0.0.104 -> 192.168.100.2.30081, protocol: raw_data [0m
[37m[27.755][channel]-[Debug]-[DjiStreamChannelUdp_RecvDataThread:248) Receive udp data from 255.255.0.0.104 -> 192.168.100.2.30081, protocol: raw_data [0m
[37m[27.758][linker]-[Debug]-[DjiProtocol_v1Unpack:215) <0x2287>V1-Recv: 0x0800->0x0A06 0x0866 [0m
[37m[27.759][linker]-[Debug]-[DjiCommand_RecvWork:1066)  <0x2287>Receive msg from linker, 0x0800->0x0A06 0x0866 len:17 [0m
[37m[27.759][liveview]-[Debug]-[DjiLiveview_DecodeLiveviewStatusHandle:1169) Liveview uuid info total_num: 1, index: 0, version: 1, major_type: 0, minor_type: 39, idx: 0, pos: 7 [0m
[37m[27.759][liveview]-[Debug]-[DjiLiveview_DecodeLiveviewStatusHandle:1183) sdr num: 1 [0m
[37m[27.759][liveview]-[Debug]-[DjiLiveview_DecodeLiveviewStatusHandle:1203) tunnel id: 0 [0m
[37m[27.759][liveview]-[Debug]-[DjiLiveview_DecodeLiveviewStatusHandle:1207) consumeBytes: 15, availBytes: 15 [0m
[37m[27.781][linker]-[Debug]-[DjiProtocol_v1Unpack:215) <0xcd53>V1-Recv: 0x0300->0x0A06 0x221B [0m
[37m[27.782][linker]-[Debug]-[DjiCommand_RecvWork:1066)  <0xcd53>Receive msg from linker, 0x0300->0x0A06 0x221B len:9 [0m
[37m[27.782][linker]-[Debug]-[DjiCommand_DealCmd:919) received unsupport request cmd that noneed ack, <0xcd53> cmdset: 0x22 cmdid: 0x1B [0m
[37m[27.789][channel]-[Debug]-[DjiStreamChannelUdp_RecvDataThread:248) Receive udp data from 255.255.0.0.104 -> 192.168.100.2.30081, protocol: raw_data [0m
[37m[27.801][linker]-[Debug]-[DjiProtocol_v1Unpack:215) <0xcd71>V1-Recv: 0x0306->0x0A06 0x03C1 [0m
[37m[27.802][linker]-[Debug]-[DjiCommand_RecvWork:1066)  <0xcd71>Receive msg from linker, 0x0306->0x0A06 0x03C1 len:13 [0m
[37m[27.822][channel]-[Debug]-[DjiStreamChannelUdp_RecvDataThread:248) Receive udp data from 255.255.0.0.104 -> 192.168.100.2.30081, protocol: raw_data [0m
[37m[27.824][linker]-[Debug]-[DjiProtocol_v1Unpack:215) <0xcd92>V1-Recv: 0x0300->0x0A06 0x036C [0m
[37m[27.824][linker]-[Debug]-[DjiCommand_RecvWork:1066)  <0xcd92>Receive msg from linker, 0x0300->0x0A06 0x036C len:71 [0m
[37m[27.824][linker]-[Debug]-[DjiCommand_DealCmd:919) received unsupport request cmd that noneed ack, <0xcd92> cmdset: 0x03 cmdid: 0x6C [0m
[37m[27.842][linker]-[Debug]-[DjiProtocol_v1Unpack:215) <0xcdb2>V1-Recv: 0x0300->0x0A06 0x4900 [0m
[37m[27.842][linker]-[Debug]-[DjiCommand_RecvWork:1066)  <0xcdb2>Receive msg from linker, 0x0300->0x0A06 0x4900 len:14 [0m
[37m[27.842][linker]-[Debug]-[DjiProtocol_v1Pack:123) <0xcdb2>V1-Send: 0x0A06->0x0300 0x4900 [0m
[37m[27.855][channel]-[Debug]-[DjiStreamChannelUdp_RecvDataThread:248) Receive udp data from 255.255.0.0.104 -> 192.168.100.2.30081, protocol: raw_data [0m
[37m[27.882][linker]-[Debug]-[DjiProtocol_v1Unpack:215) <0xcdf2>V1-Recv: 0x0300->0x0A06 0x221B [0m
[37m[27.883][linker]-[Debug]-[DjiCommand_RecvWork:1066)  <0xcdf2>Receive msg from linker, 0x0300->0x0A06 0x221B len:9 [0m
[37m[27.883][linker]-[Debug]-[DjiCommand_DealCmd:919) received unsupport request cmd that noneed ack, <0xcdf2> cmdset: 0x22 cmdid: 0x1B [0m
[37m[27.889][channel]-[Debug]-[DjiStreamChannelUdp_RecvDataThread:248) Receive udp data from 255.255.0.0.104 -> 192.168.100.2.30081, protocol: raw_data [0m
[37m[27.900][linker]-[Debug]-[DjiProtocol_v1Pack:123) <0x53bc>V1-Send: 0x0A06->0x0200 0x3C10 [0m
[37m[27.900][linker]-[Debug]-[DjiProtocol_v1Pack:123) <0x53bd>V1-Send: 0x0A06->0x0A01 0x3C10 [0m
[37m[27.900][linker]-[Debug]-[DjiProtocol_v1Pack:123) <0x53be>V1-Send: 0x0A06->0x0300 0x3C10 [0m
[37m[27.901][linker]-[Debug]-[DjiProtocol_v1Unpack:215) <0xce10>V1-Recv: 0x0306->0x0A06 0x03C1 [0m
[37m[27.902][linker]-[Debug]-[DjiCommand_RecvWork:1066)  <0xce10>Receive msg from linker, 0x0306->0x0A06 0x03C1 len:13 [0m
[37m[27.921][channel]-[Debug]-[DjiStreamChannelUdp_RecvDataThread:248) Receive udp data from 255.255.0.0.104 -> 192.168.100.2.30081, protocol: raw_data [0m
[37m[27.924][linker]-[Debug]-[DjiProtocol_v1Unpack:215) <0xce35>V1-Recv: 0x0300->0x0A06 0x036C [0m
[37m[27.925][linker]-[Debug]-[DjiCommand_RecvWork:1066)  <0xce35>Receive msg from linker, 0x0300->0x0A06 0x036C len:71 [0m
[37m[27.925][linker]-[Debug]-[DjiCommand_DealCmd:919) received unsupport request cmd that noneed ack, <0xce35> cmdset: 0x03 cmdid: 0x6C [0m
[37m[27.942][linker]-[Debug]-[DjiProtocol_v1Unpack:215) <0xce60>V1-Recv: 0x0300->0x0A06 0x4900 [0m
[37m[27.943][linker]-[Debug]-[DjiCommand_RecvWork:1066)  <0xce60>Receive msg from linker, 0x0300->0x0A06 0x4900 len:14 [0m
[37m[27.944][linker]-[Debug]-[DjiProtocol_v1Pack:123) <0xce60>V1-Send: 0x0A06->0x0300 0x4900 [0m
[37m[27.955][channel]-[Debug]-[DjiStreamChannelUdp_RecvDataThread:248) Receive udp data from 255.255.0.0.104 -> 192.168.100.2.30081, protocol: raw_data [0m
[37m[27.981][linker]-[Debug]-[DjiProtocol_v1Unpack:215) <0xcea0>V1-Recv: 0x0300->0x0A06 0x221B [0m
[37m[27.981][linker]-[Debug]-[DjiCommand_RecvWork:1066)  <0xcea0>Receive msg from linker, 0x0300->0x0A06 0x221B len:9 [0m
[37m[27.981][linker]-[Debug]-[DjiCommand_DealCmd:919) received unsupport request cmd that noneed ack, <0xcea0> cmdset: 0x22 cmdid: 0x1B [0m
[37m[27.989][channel]-[Debug]-[DjiStreamChannelUdp_RecvDataThread:248) Receive udp data from 255.255.0.0.104 -> 192.168.100.2.30081, protocol: raw_data [0m
[37m[28.000][linker]-[Debug]-[DjiProtocol_v1Unpack:215) <0xcec1>V1-Recv: 0x0306->0x0A06 0x03C1 [0m
[37m[28.000][linker]-[Debug]-[DjiCommand_RecvWork:1066)  <0xcec1>Receive msg from linker, 0x0306->0x0A06 0x03C1 len:13 [0m
[37m[28.008][linker]-[Debug]-[DjiProtocol_v1Unpack:215) <0x2288>V1-Recv: 0x0800->0x0A06 0x0866 [0m
[37m[28.008][linker]-[Debug]-[DjiCommand_RecvWork:1066)  <0x2288>Receive msg from linker, 0x0800->0x0A06 0x0866 len:17 [0m
[37m[28.008][liveview]-[Debug]-[DjiLiveview_DecodeLiveviewStatusHandle:1169) Liveview uuid info total_num: 1, index: 0, version: 1, major_type: 0, minor_type: 39, idx: 0, pos: 7 [0m
[37m[28.008][liveview]-[Debug]-[DjiLiveview_DecodeLiveviewStatusHandle:1183) sdr num: 1 [0m
[37m[28.008][liveview]-[Debug]-[DjiLiveview_DecodeLiveviewStatusHandle:1203) tunnel id: 0 [0m
[37m[28.008][liveview]-[Debug]-[DjiLiveview_DecodeLiveviewStatusHandle:1207) consumeBytes: 15, availBytes: 15 [0m
[37m[28.021][channel]-[Debug]-[DjiStreamChannelUdp_RecvDataThread:248) Receive udp data from 255.255.0.0.104 -> 192.168.100.2.30081, protocol: raw_data [0m
[37m[28.024][linker]-[Debug]-[DjiProtocol_v1Unpack:215) <0xcee1>V1-Recv: 0x0300->0x0A06 0x036C [0m
[37m[28.024][linker]-[Debug]-[DjiCommand_RecvWork:1066)  <0xcee1>Receive msg from linker, 0x0300->0x0A06 0x036C len:71 [0m
[37m[28.024][linker]-[Debug]-[DjiCommand_DealCmd:919) received unsupport request cmd that noneed ack, <0xcee1> cmdset: 0x03 cmdid: 0x6C [0m
[37m[28.043][linker]-[Debug]-[DjiProtocol_v1Unpack:215) <0xcf00>V1-Recv: 0x0300->0x0A06 0x4900 [0m
[37m[28.043][linker]-[Debug]-[DjiCommand_RecvWork:1066)  <0xcf00>Receive msg from linker, 0x0300->0x0A06 0x4900 len:14 [0m
[37m[28.043][linker]-[Debug]-[DjiProtocol_v1Pack:123) <0xcf00>V1-Send: 0x0A06->0x0300 0x4900 [0m
[37m[28.055][channel]-[Debug]-[DjiStreamChannelUdp_RecvDataThread:248) Receive udp data from 255.255.0.0.104 -> 192.168.100.2.30081, protocol: raw_data [0m
[37m[28.084][linker]-[Debug]-[DjiProtocol_v1Unpack:215) <0xcf3f>V1-Recv: 0x0300->0x0A06 0x221B [0m
[37m[28.084][linker]-[Debug]-[DjiProtocol_v1Unpack:215) <0xcf46>V1-Recv: 0x0300->0x0A06 0x0F74 [0m
[37m[28.084][linker]-[Debug]-[DjiProtocol_v1Unpack:215) <0xcf47>V1-Recv: 0x0300->0x0100 0x0406 [0m
[37m[28.084][linker]-[Debug]-[DjiProtocol_v1Unpack:215) <0xcf48>V1-Recv: 0x0300->0x0100 0x0407 [0m
[37m[28.084][linker]-[Debug]-[DjiCommand_RecvWork:1066)  <0xcf3f>Receive msg from linker, 0x0300->0x0A06 0x221B len:9 [0m
[37m[28.084][linker]-[Debug]-[DjiCommand_DealCmd:919) received unsupport request cmd that noneed ack, <0xcf3f> cmdset: 0x22 cmdid: 0x1B [0m
[37m[28.086][linker]-[Debug]-[DjiCommand_RecvWork:1066)  <0xcf46>Receive msg from linker, 0x0300->0x0A06 0x0F74 len:28 [0m
[37m[28.086][linker]-[Debug]-[DjiCommand_DealCmd:919) received unsupport request cmd that noneed ack, <0xcf46> cmdset: 0x0F cmdid: 0x74 [0m
[37m[28.087][linker]-[Debug]-[DjiCommand_RecvWork:1066)  <0xcf47>Receive msg from linker, 0x0300->0x0100 0x0406 len:12 [0m
[37m[28.087][linker]-[Debug]-[DjiCommand_DealCmd:919) received unsupport request cmd that noneed ack, <0xcf47> cmdset: 0x04 cmdid: 0x06 [0m
[37m[28.088][linker]-[Debug]-[DjiCommand_RecvWork:1066)  <0xcf48>Receive msg from linker, 0x0300->0x0100 0x0407 len:1 [0m
[37m[28.088][linker]-[Debug]-[DjiCommand_DealCmd:919) received unsupport request cmd that noneed ack, <0xcf48> cmdset: 0x04 cmdid: 0x07 [0m
[37m[28.088][channel]-[Debug]-[DjiStreamChannelUdp_RecvDataThread:248) Receive udp data from 255.255.0.0.104 -> 192.168.100.2.30081, protocol: raw_data [0m
[37m[28.100][linker]-[Debug]-[DjiProtocol_v1Unpack:215) <0xcf63>V1-Recv: 0x0306->0x0A06 0x03C1 [0m
[37m[28.101][linker]-[Debug]-[DjiCommand_RecvWork:1066)  <0xcf63>Receive msg from linker, 0x0306->0x0A06 0x03C1 len:13 [0m
[37m[28.113][linker]-[Debug]-[DjiProtocol_v1Pack:123) <0x53bf>V1-Send: 0x0A06->0x0200 0x3C10 [0m
[37m[28.113][linker]-[Debug]-[DjiProtocol_v1Pack:123) <0x53c0>V1-Send: 0x0A06->0x0A01 0x3C10 [0m
[37m[28.113][linker]-[Debug]-[DjiProtocol_v1Pack:123) <0x53c1>V1-Send: 0x0A06->0x0300 0x3C10 [0m
[37m[28.121][channel]-[Debug]-[DjiStreamChannelUdp_RecvDataThread:248) Receive udp data from 255.255.0.0.104 -> 192.168.100.2.30081, protocol: raw_data [0m
[37m[28.124][linker]-[Debug]-[DjiProtocol_v1Unpack:215) <0xcf87>V1-Recv: 0x0300->0x0A06 0x036C [0m
[37m[28.124][linker]-[Debug]-[DjiCommand_RecvWork:1066)  <0xcf87>Receive msg from linker, 0x0300->0x0A06 0x036C len:71 [0m
[37m[28.124][linker]-[Debug]-[DjiCommand_DealCmd:919) received unsupport request cmd that noneed ack, <0xcf87> cmdset: 0x03 cmdid: 0x6C [0m
[37m[28.143][linker]-[Debug]-[DjiProtocol_v1Unpack:215) <0xcfb7>V1-Recv: 0x0300->0x0A06 0x4900 [0m
[37m[28.143][linker]-[Debug]-[DjiCommand_RecvWork:1066)  <0xcfb7>Receive msg from linker, 0x0300->0x0A06 0x4900 len:14 [0m
[37m[28.143][linker]-[Debug]-[DjiProtocol_v1Pack:123) <0xcfb7>V1-Send: 0x0A06->0x0300 0x4900 [0m
[37m[28.155][channel]-[Debug]-[DjiStreamChannelUdp_RecvDataThread:248) Receive udp data from 255.255.0.0.104 -> 192.168.100.2.30081, protocol: raw_data [0m
[37m[28.182][linker]-[Debug]-[DjiProtocol_v1Unpack:215) <0xcffd>V1-Recv: 0x0300->0x0A06 0x221B [0m
[37m[28.182][linker]-[Debug]-[DjiCommand_RecvWork:1066)  <0xcffd>Receive msg from linker, 0x0300->0x0A06 0x221B len:9 [0m
[37m[28.182][linker]-[Debug]-[DjiCommand_DealCmd:919) received unsupport request cmd that noneed ack, <0xcffd> cmdset: 0x22 cmdid: 0x1B [0m
[37m[28.188][channel]-[Debug]-[DjiStreamChannelUdp_RecvDataThread:248) Receive udp data from 255.255.0.0.104 -> 192.168.100.2.30081, protocol: raw_data [0m
[37m[28.201][linker]-[Debug]-[DjiProtocol_v1Unpack:215) <0xd01f>V1-Recv: 0x0306->0x0A06 0x03C1 [0m
[37m[28.201][linker]-[Debug]-[DjiCommand_RecvWork:1066)  <0xd01f>Receive msg from linker, 0x0306->0x0A06 0x03C1 len:13 [0m
[37m[28.221][channel]-[Debug]-[DjiStreamChannelUdp_RecvDataThread:248) Receive udp data from 255.255.0.0.104 -> 192.168.100.2.30081, protocol: raw_data [0m
[37m[28.224][linker]-[Debug]-[DjiProtocol_v1Unpack:215) <0xd041>V1-Recv: 0x0300->0x0A06 0x036C [0m
[37m[28.225][linker]-[Debug]-[DjiCommand_RecvWork:1066)  <0xd041>Receive msg from linker, 0x0300->0x0A06 0x036C len:71 [0m
[37m[28.225][linker]-[Debug]-[DjiCommand_DealCmd:919) received unsupport request cmd that noneed ack, <0xd041> cmdset: 0x03 cmdid: 0x6C [0m
[37m[28.242][linker]-[Debug]-[DjiProtocol_v1Unpack:215) <0xd05f>V1-Recv: 0x0300->0x0A06 0x4900 [0m
[37m[28.243][linker]-[Debug]-[DjiCommand_RecvWork:1066)  <0xd05f>Receive msg from linker, 0x0300->0x0A06 0x4900 len:14 [0m
[37m[28.243][linker]-[Debug]-[DjiProtocol_v1Pack:123) <0xd05f>V1-Send: 0x0A06->0x0300 0x4900 [0m
[37m[28.255][channel]-[Debug]-[DjiStreamChannelUdp_RecvDataThread:248) Receive udp data from 255.255.0.0.104 -> 192.168.100.2.30081, protocol: raw_data [0m
[37m[28.258][linker]-[Debug]-[DjiProtocol_v1Unpack:215) <0x2289>V1-Recv: 0x0800->0x0A06 0x0866 [0m
[37m[28.259][linker]-[Debug]-[DjiCommand_RecvWork:1066)  <0x2289>Receive msg from linker, 0x0800->0x0A06 0x0866 len:17 [0m
[37m[28.259][liveview]-[Debug]-[DjiLiveview_DecodeLiveviewStatusHandle:1169) Liveview uuid info total_num: 1, index: 0, version: 1, major_type: 0, minor_type: 39, idx: 0, pos: 7 [0m
[37m[28.259][liveview]-[Debug]-[DjiLiveview_DecodeLiveviewStatusHandle:1183) sdr num: 1 [0m
[37m[28.259][liveview]-[Debug]-[DjiLiveview_DecodeLiveviewStatusHandle:1203) tunnel id: 0 [0m
[37m[28.259][liveview]-[Debug]-[DjiLiveview_DecodeLiveviewStatusHandle:1207) consumeBytes: 15, availBytes: 15 [0m
[37m[28.282][linker]-[Debug]-[DjiProtocol_v1Unpack:215) <0xd0a0>V1-Recv: 0x0300->0x0A06 0x221B [0m
[37m[28.282][linker]-[Debug]-[DjiCommand_RecvWork:1066)  <0xd0a0>Receive msg from linker, 0x0300->0x0A06 0x221B len:9 [0m
[37m[28.282][linker]-[Debug]-[DjiCommand_DealCmd:919) received unsupport request cmd that noneed ack, <0xd0a0> cmdset: 0x22 cmdid: 0x1B [0m
[37m[28.288][user]-[Debug]-[DjiUser_MonitorTask:780) thread pcpu: [0m
[37m[28.288][user]-[Debug]-[DjiUser_MonitorTask:781) tid	name	pcpu [0m
[37m[28.289][channel]-[Debug]-[DjiStreamChannelUdp_RecvDataThread:248) Receive udp data from 255.255.0.0.104 -> 192.168.100.2.30081, protocol: raw_data [0m
[37m[28.301][linker]-[Debug]-[DjiProtocol_v1Unpack:215) <0xd0bf>V1-Recv: 0x0306->0x0A06 0x03C1 [0m
[37m[28.301][linker]-[Debug]-[DjiCommand_RecvWork:1066)  <0xd0bf>Receive msg from linker, 0x0306->0x0A06 0x03C1 len:13 [0m
[32m[28.303][user]-[Info]-[liveviewThreadFunc:135) Storing camera h264 stream, second:. [0m
[37m[28.303][liveview]-[Debug]-[DjiLiveview_FindLiveviewSource:1122) Found the liveview source (pos:7) on the drone. [0m
[37m[28.303][liveview]-[Debug]-[DjiLiveview_RequestIntraframeFrameData:878) Request I frame by uuid, major: 0, minor: 39, idx: 0, pos: 7, tunnel: 80 [0m
[37m[28.303][linker]-[Debug]-[DjiProtocol_v1Pack:123) <0x53c2>V1-Send: 0x0A06->0x0700 0x0872 [0m
[37m[28.306][user]-[Debug]-[DjiUser_MonitorTask:785) 16413	dji_sdk_demo_on	0.700000 %. [0m
[37m[28.321][channel]-[Debug]-[DjiStreamChannelUdp_RecvDataThread:248) Receive udp data from 255.255.0.0.104 -> 192.168.100.2.30081, protocol: raw_data [0m
[37m[28.325][linker]-[Debug]-[DjiProtocol_v1Unpack:215) <0xd0e5>V1-Recv: 0x0300->0x0A06 0x036C [0m
[37m[28.325][linker]-[Debug]-[DjiProtocol_v1Unpack:215) <0x53c2>V1-Recv: 0x0700->0x0A06 0x0872 [0m
[37m[28.325][user]-[Debug]-[DjiUser_MonitorTask:785) 16414	 MQTTAsync_send	0.000000 %. [0m
[37m[28.326][linker]-[Debug]-[DjiCommand_RecvWork:1066)  <0xd0e5>Receive msg from linker, 0x0300->0x0A06 0x036C len:71 [0m
[37m[28.326][linker]-[Debug]-[DjiCommand_DealCmd:919) received unsupport request cmd that noneed ack, <0xd0e5> cmdset: 0x03 cmdid: 0x6C [0m
[37m[28.327][linker]-[Debug]-[DjiCommand_RecvWork:1066)  <0x53c2>Receive msg from linker, 0x0700->0x0A06 0x0872 len:1 [0m
[37m[28.327][linker]-[Debug]-[DjiCommand_SendSyncCallback:1014) PsdkCommand_SendSyncCallback success [0m
[37m[28.327][linker]-[Debug]-[DjiCommand_SendSync:553) sendSync callback success [0m
[37m[28.327][linker]-[Debug]-[DjiCommand_DealCmd:830) callback function (cmdset: 0x08 cmdid: 0x72) deal time: 0 ms [0m
[37m[28.327][linker]-[Debug]-[DjiProtocol_v1Pack:123) <0x53c3>V1-Send: 0x0A06->0x0200 0x3C10 [0m
[37m[28.327][linker]-[Debug]-[DjiProtocol_v1Pack:123) <0x53c4>V1-Send: 0x0A06->0x0A01 0x3C10 [0m
[37m[28.327][linker]-[Debug]-[DjiProtocol_v1Pack:123) <0x53c5>V1-Send: 0x0A06->0x0300 0x3C10 [0m
[37m[28.343][linker]-[Debug]-[DjiProtocol_v1Unpack:215) <0xd112>V1-Recv: 0x0300->0x0A06 0x4900 [0m
[37m[28.344][linker]-[Debug]-[DjiCommand_RecvWork:1066)  <0xd112>Receive msg from linker, 0x0300->0x0A06 0x4900 len:14 [0m
[37m[28.344][linker]-[Debug]-[DjiProtocol_v1Pack:123) <0xd112>V1-Send: 0x0A06->0x0300 0x4900 [0m
[37m[28.345][user]-[Debug]-[DjiUser_MonitorTask:785) 16415	  MQTTAsync_rcv	0.000000 %. [0m
[37m[28.359][channel]-[Debug]-[DjiStreamChannelUdp_RecvDataThread:248) Receive udp data from 255.255.0.0.104 -> 192.168.100.2.30081, protocol: raw_data [0m
[37m[28.361][channel]-[Debug]-[DjiStreamChannelUdp_RecvDataThread:248) Receive udp data from 255.255.0.0.104 -> 192.168.100.2.30081, protocol: raw_data [0m
[37m[28.366][user]-[Debug]-[DjiUser_MonitorTask:785) 16418	    logger_task	0.700000 %. [0m
[37m[28.381][linker]-[Debug]-[DjiProtocol_v1Unpack:215) <0xd15d>V1-Recv: 0x0300->0x0A06 0x221B [0m
[37m[28.382][linker]-[Debug]-[DjiCommand_RecvWork:1066)  <0xd15d>Receive msg from linker, 0x0300->0x0A06 0x221B len:9 [0m
[37m[28.382][linker]-[Debug]-[DjiCommand_DealCmd:919) received unsupport request cmd that noneed ack, <0xd15d> cmdset: 0x22 cmdid: 0x1B [0m
[37m[28.384][user]-[Debug]-[DjiUser_MonitorTask:785) 16419	      root_task	0.800000 %. [0m
[37m[28.388][channel]-[Debug]-[DjiStreamChannelUdp_RecvDataThread:248) Receive udp data from 255.255.0.0.104 -> 192.168.100.2.30081, protocol: raw_data [0m
[37m[28.401][linker]-[Debug]-[DjiProtocol_v1Unpack:215) <0xd17b>V1-Recv: 0x0306->0x0A06 0x03C1 [0m
[37m[28.401][linker]-[Debug]-[DjiCommand_RecvWork:1066)  <0xd17b>Receive msg from linker, 0x0306->0x0A06 0x03C1 len:13 [0m
[37m[28.404][user]-[Debug]-[DjiUser_MonitorTask:785) 16457	    linker_task	0.800000 %. [0m
[37m[28.421][channel]-[Debug]-[DjiStreamChannelUdp_RecvDataThread:248) Receive udp data from 255.255.0.0.104 -> 192.168.100.2.30081, protocol: raw_data [0m
[37m[28.422][user]-[Debug]-[DjiUser_MonitorTask:785) 16460	    linker_task	0.000000 %. [0m
[37m[28.424][linker]-[Debug]-[DjiProtocol_v1Unpack:215) <0xd19d>V1-Recv: 0x0300->0x0A06 0x036C [0m
[37m[28.425][linker]-[Debug]-[DjiCommand_RecvWork:1066)  <0xd19d>Receive msg from linker, 0x0300->0x0A06 0x036C len:71 [0m
[37m[28.425][linker]-[Debug]-[DjiCommand_DealCmd:919) received unsupport request cmd that noneed ack, <0xd19d> cmdset: 0x03 cmdid: 0x6C [0m
[37m[28.439][user]-[Debug]-[DjiUser_MonitorTask:785) 16461	user_subscripti	0.000000 %. [0m
[37m[28.442][linker]-[Debug]-[DjiProtocol_v1Unpack:215) <0xd1bd>V1-Recv: 0x0300->0x0A06 0x4900 [0m
[37m[28.443][linker]-[Debug]-[DjiCommand_RecvWork:1066)  <0xd1bd>Receive msg from linker, 0x0300->0x0A06 0x4900 len:14 [0m
[37m[28.443][linker]-[Debug]-[DjiProtocol_v1Pack:123) <0xd1bd>V1-Send: 0x0A06->0x0300 0x4900 [0m
[37m[28.455][channel]-[Debug]-[DjiStreamChannelUdp_RecvDataThread:248) Receive udp data from 255.255.0.0.104 -> 192.168.100.2.30081, protocol: raw_data [0m
[37m[28.459][user]-[Debug]-[DjiUser_MonitorTask:785) 16464	   upgrade_task	0.000000 %. [0m
[37m[28.477][user]-[Debug]-[DjiUser_MonitorTask:785) 16465	enter_upgrade_m	0.000000 %. [0m
[37m[28.481][linker]-[Debug]-[DjiProtocol_v1Unpack:215) <0xd1fc>V1-Recv: 0x0300->0x0A06 0x221B [0m
[37m[28.482][linker]-[Debug]-[DjiCommand_RecvWork:1066)  <0xd1fc>Receive msg from linker, 0x0300->0x0A06 0x221B len:9 [0m
[37m[28.482][linker]-[Debug]-[DjiCommand_DealCmd:919) received unsupport request cmd that noneed ack, <0xd1fc> cmdset: 0x22 cmdid: 0x1B [0m
[37m[28.488][channel]-[Debug]-[DjiStreamChannelUdp_RecvDataThread:248) Receive udp data from 255.255.0.0.104 -> 192.168.100.2.30081, protocol: raw_data [0m
[37m[28.495][user]-[Debug]-[DjiUser_MonitorTask:785) 16466	   monitor task	0.000000 %. [0m
[37m[28.500][linker]-[Debug]-[DjiProtocol_v1Unpack:215) <0xd219>V1-Recv: 0x0306->0x0A06 0x03C1 [0m
[37m[28.501][linker]-[Debug]-[DjiCommand_RecvWork:1066)  <0xd219>Receive msg from linker, 0x0306->0x0A06 0x03C1 len:13 [0m
[37m[28.508][linker]-[Debug]-[DjiProtocol_v1Unpack:215) <0x228a>V1-Recv: 0x0800->0x0A06 0x0866 [0m
[37m[28.509][linker]-[Debug]-[DjiCommand_RecvWork:1066)  <0x228a>Receive msg from linker, 0x0800->0x0A06 0x0866 len:17 [0m
[37m[28.509][liveview]-[Debug]-[DjiLiveview_DecodeLiveviewStatusHandle:1169) Liveview uuid info total_num: 1, index: 0, version: 1, major_type: 0, minor_type: 39, idx: 0, pos: 7 [0m
[37m[28.509][liveview]-[Debug]-[DjiLiveview_DecodeLiveviewStatusHandle:1183) sdr num: 1 [0m
[37m[28.509][liveview]-[Debug]-[DjiLiveview_DecodeLiveviewStatusHandle:1203) tunnel id: 0 [0m
[37m[28.509][liveview]-[Debug]-[DjiLiveview_DecodeLiveviewStatusHandle:1207) consumeBytes: 15, availBytes: 15 [0m
[37m[28.512][user]-[Debug]-[DjiUser_MonitorTask:785) 16550	  MQTTAsync_rcv	0.000000 %. [0m
[37m[28.521][channel]-[Debug]-[DjiStreamChannelUdp_RecvDataThread:248) Receive udp data from 255.255.0.0.104 -> 192.168.100.2.30081, protocol: raw_data [0m
[37m[28.524][linker]-[Debug]-[DjiProtocol_v1Unpack:215) <0xd23c>V1-Recv: 0x0300->0x0A06 0x036C [0m
[37m[28.524][linker]-[Debug]-[DjiCommand_RecvWork:1066)  <0xd23c>Receive msg from linker, 0x0300->0x0A06 0x036C len:71 [0m
[37m[28.524][linker]-[Debug]-[DjiCommand_DealCmd:919) received unsupport request cmd that noneed ack, <0xd23c> cmdset: 0x03 cmdid: 0x6C [0m
[37m[28.529][user]-[Debug]-[DjiUser_MonitorTask:785) 16553	  udp_recv_task	0.200000 %. [0m
[37m[28.538][linker]-[Debug]-[DjiProtocol_v1Pack:123) <0x53c6>V1-Send: 0x0A06->0x0300 0x0000 [0m
[37m[28.538][infor]-[Debug]-[DjiAircraftConnection_CheckExtensionPortConnectStatusByV1Protocol:170) check connect status:1 [0m
[37m[28.539][linker]-[Debug]-[DjiProtocol_v1Pack:123) <0x53c7>V1-Send: 0x0A06->0x0200 0x3C10 [0m
[37m[28.539][linker]-[Debug]-[DjiProtocol_v1Pack:123) <0x53c8>V1-Send: 0x0A06->0x0A01 0x3C10 [0m
[37m[28.539][linker]-[Debug]-[DjiProtocol_v1Pack:123) <0x53c9>V1-Send: 0x0A06->0x0300 0x3C10 [0m
[37m[28.541][linker]-[Debug]-[DjiProtocol_v1Unpack:215) <0x53c6>V1-Recv: 0x0300->0x0A06 0x0000 [0m
[37m[28.542][linker]-[Debug]-[DjiCommand_RecvWork:1066)  <0x53c6>Receive msg from linker, 0x0300->0x0A06 0x0000 len:0 [0m
[37m[28.542][infor]-[Debug]-[DjiAircraftInfo_CheckPingStatusAsyncCallback:269) connect status async sucess [0m
[37m[28.542][linker]-[Debug]-[DjiCommand_DealCmd:830) callback function (cmdset: 0x00 cmdid: 0x00) deal time: 0 ms [0m
[37m[28.543][linker]-[Debug]-[DjiProtocol_v1Unpack:215) <0xd266>V1-Recv: 0x0300->0x0A06 0x4900 [0m
[37m[28.544][linker]-[Debug]-[DjiCommand_RecvWork:1066)  <0xd266>Receive msg from linker, 0x0300->0x0A06 0x4900 len:14 [0m
[37m[28.544][linker]-[Debug]-[DjiProtocol_v1Pack:123) <0xd266>V1-Send: 0x0A06->0x0300 0x4900 [0m
[37m[28.548][user]-[Debug]-[DjiUser_MonitorTask:785) 16556	  udp_recv_task	0.000000 %. [0m
[37m[28.555][channel]-[Debug]-[DjiStreamChannelUdp_RecvDataThread:248) Receive udp data from 255.255.0.0.104 -> 192.168.100.2.30081, protocol: raw_data [0m
[37m[28.566][user]-[Debug]-[DjiUser_MonitorTask:785) 16559	  udp_recv_task	0.000000 %. [0m
[37m[28.583][linker]-[Debug]-[DjiProtocol_v1Unpack:215) <0xd2a8>V1-Recv: 0x0300->0x0A06 0x221B [0m
[37m[28.583][linker]-[Debug]-[DjiProtocol_v1Unpack:215) <0xd2ac>V1-Recv: 0x0300->0x0100 0x0405 [0m
[37m[28.584][linker]-[Debug]-[DjiCommand_RecvWork:1066)  <0xd2a8>Receive msg from linker, 0x0300->0x0A06 0x221B len:9 [0m
[37m[28.584][linker]-[Debug]-[DjiCommand_DealCmd:919) received unsupport request cmd that noneed ack, <0xd2a8> cmdset: 0x22 cmdid: 0x1B [0m
[37m[28.584][user]-[Debug]-[DjiUser_MonitorTask:785) 16562	  udp_recv_task	0.000000 %. [0m
[37m[28.585][linker]-[Debug]-[DjiCommand_RecvWork:1066)  <0xd2ac>Receive msg from linker, 0x0300->0x0100 0x0405 len:22 [0m
[37m[28.585][linker]-[Debug]-[DjiCommand_DealCmd:919) received unsupport request cmd that noneed ack, <0xd2ac> cmdset: 0x04 cmdid: 0x05 [0m
[37m[28.589][channel]-[Debug]-[DjiStreamChannelUdp_RecvDataThread:248) Receive udp data from 255.255.0.0.104 -> 192.168.100.2.30081, protocol: raw_data [0m
[37m[28.600][linker]-[Debug]-[DjiProtocol_v1Unpack:215) <0xd2c8>V1-Recv: 0x0306->0x0A06 0x03C1 [0m
[37m[28.600][linker]-[Debug]-[DjiCommand_RecvWork:1066)  <0xd2c8>Receive msg from linker, 0x0306->0x0A06 0x03C1 len:13 [0m
[37m[28.603][user]-[Debug]-[DjiUser_MonitorTask:785) 16565	  udp_recv_task	0.000000 %. [0m
[37m[28.620][user]-[Debug]-[DjiUser_MonitorTask:785) 16568	  udp_recv_task	0.000000 %. [0m
[37m[28.621][channel]-[Debug]-[DjiStreamChannelUdp_RecvDataThread:248) Receive udp data from 255.255.0.0.104 -> 192.168.100.2.30081, protocol: raw_data [0m
[37m[28.624][linker]-[Debug]-[DjiProtocol_v1Unpack:215) <0xd2e8>V1-Recv: 0x0300->0x0A06 0x036C [0m
[37m[28.625][linker]-[Debug]-[DjiCommand_RecvWork:1066)  <0xd2e8>Receive msg from linker, 0x0300->0x0A06 0x036C len:71 [0m
[37m[28.625][linker]-[Debug]-[DjiCommand_DealCmd:919) received unsupport request cmd that noneed ack, <0xd2e8> cmdset: 0x03 cmdid: 0x6C [0m
[37m[28.637][user]-[Debug]-[DjiUser_MonitorTask:785) 16569	liveview_backgr	0.000000 %. [0m
[37m[28.640][user]-[Debug]-[DjiUser_MonitorTask:789) heap used: 184320 B. [0m
[37m[28.643][linker]-[Debug]-[DjiProtocol_v1Unpack:215) <0xd306>V1-Recv: 0x0300->0x0A06 0x4900 [0m
[37m[28.643][linker]-[Debug]-[DjiCommand_RecvWork:1066)  <0xd306>Receive msg from linker, 0x0300->0x0A06 0x4900 len:14 [0m
[37m[28.643][linker]-[Debug]-[DjiProtocol_v1Pack:123) <0xd306>V1-Send: 0x0A06->0x0300 0x4900 [0m
[37m[28.644][user]-[Debug]-[DjiUser_MonitorTask:790) stack used: 16384 B. [0m
[37m[28.645][linker]-[Debug]-[DjiProtocol_v1Unpack:215) <0x11ae>V1-Recv: 0x1D07->0x0A06 0x2105 [0m
[37m[28.645][linker]-[Debug]-[DjiCommand_RecvWork:1066)  <0x11ae>Receive msg from linker, 0x1D07->0x0A06 0x2105 len:1 [0m
[37m[28.645][linker]-[Debug]-[DjiCommand_DealCmd:919) received unsupport request cmd that need ack, <0x11ae> cmdset: 0x21 cmdid: 0x05 [0m
[37m[28.655][channel]-[Debug]-[DjiStreamChannelUdp_RecvDataThread:248) Receive udp data from 255.255.0.0.104 -> 192.168.100.2.30081, protocol: raw_data [0m
[37m[28.665][linker]-[Debug]-[DjiProtocol_v1Unpack:215) <0xd322>V1-Recv: 0x0306->0x0A06 0x03C1 [0m
[37m[28.666][linker]-[Debug]-[DjiCommand_RecvWork:1066)  <0xd322>Receive msg from linker, 0x0306->0x0A06 0x03C1 len:113 [0m
[37m[28.681][linker]-[Debug]-[DjiProtocol_v1Unpack:215) <0xd348>V1-Recv: 0x0300->0x0A06 0x221B [0m
[37m[28.681][linker]-[Debug]-[DjiCommand_RecvWork:1066)  <0xd348>Receive msg from linker, 0x0300->0x0A06 0x221B len:9 [0m
[37m[28.681][linker]-[Debug]-[DjiCommand_DealCmd:919) received unsupport request cmd that noneed ack, <0xd348> cmdset: 0x22 cmdid: 0x1B [0m
[37m[28.688][channel]-[Debug]-[DjiStreamChannelUdp_RecvDataThread:248) Receive udp data from 255.255.0.0.104 -> 192.168.100.2.30081, protocol: raw_data [0m
[37m[28.700][linker]-[Debug]-[DjiProtocol_v1Unpack:215) <0xd366>V1-Recv: 0x0306->0x0A06 0x03C1 [0m
[37m[28.700][linker]-[Debug]-[DjiCommand_RecvWork:1066)  <0xd366>Receive msg from linker, 0x0306->0x0A06 0x03C1 len:13 [0m
[32m[28.709][user]-[Info]-[UserFcSubscription_Task:458) gps position: x 117.120751 y 39.126567 z 10.375000. [0m
[32m[28.709][user]-[Info]-[UserFcSubscription_Task:470) gps total satellite number used: 2 9 13.
GPS fixState: 3.000000. [0m
[32m[28.709][user]-[Info]-[UserFcSubscription_Task:487) Homepoint info: lat->39.126699, lon->117.120801. [0m
[32m[28.709][user]-[Info]-[UserFcSubscription_Task:512) RTK position solution state: 16. [0m
[32m[28.709][user]-[Info]-[UserFcSubscription_Task:528) RTK position: 117.120656 39.126748 -10.101318. [0m
[32m[28.709][user]-[Info]-[UserFcSubscription_Task:573) Altitude of homepoint: 3.473695. [0m
[32m[28.709][user]-[Info]-[UserFcSubscription_Task:586) Battery info: 38. [0m
[32m[28.709][user]-[Info]-[UserFcSubscription_Task:600) Flight status: 0. [0m
[32m[28.709][user]-[Info]-[UserFcSubscription_Task:620) Displaymode status: 6. [0m
[37m[28.709][user]-[Debug]-[UserFcSubscription_Task:633) Timestamp: millisecond 4544992 microsecond 250025101. [0m
[37m[28.709][user]-[Debug]-[UserFcSubscription_Task:634) Relative height fusion is -0.000000 m [0m
[37m[28.721][channel]-[Debug]-[DjiStreamChannelUdp_RecvDataThread:248) Receive udp data from 255.255.0.0.104 -> 192.168.100.2.30081, protocol: raw_data [0m
[37m[28.724][linker]-[Debug]-[DjiProtocol_v1Unpack:215) <0xd38d>V1-Recv: 0x0300->0x0A06 0x036C [0m
[37m[28.724][linker]-[Debug]-[DjiCommand_RecvWork:1066)  <0xd38d>Receive msg from linker, 0x0300->0x0A06 0x036C len:71 [0m
[37m[28.724][linker]-[Debug]-[DjiCommand_DealCmd:919) received unsupport request cmd that noneed ack, <0xd38d> cmdset: 0x03 cmdid: 0x6C [0m
[37m[28.728][linker]-[Debug]-[DjiProtocol_v1Pack:123) <0x5388>V1-Send: 0x0A06->0x0800 0x0867 [0m
[37m[28.743][linker]-[Debug]-[DjiProtocol_v1Unpack:215) <0xd3b4>V1-Recv: 0x0300->0x0A06 0x4900 [0m
[37m[28.743][linker]-[Debug]-[DjiCommand_RecvWork:1066)  <0xd3b4>Receive msg from linker, 0x0300->0x0A06 0x4900 len:14 [0m
[37m[28.743][linker]-[Debug]-[DjiProtocol_v1Pack:123) <0xd3b4>V1-Send: 0x0A06->0x0300 0x4900 [0m
[37m[28.751][linker]-[Debug]-[DjiProtocol_v1Unpack:215) <0xbda>V1-Recv: 0x0701->0x0A06 0x0000 [0m
[37m[28.751][linker]-[Debug]-[DjiCommand_RecvWork:1066)  <0xbda>Receive msg from linker, 0x0701->0x0A06 0x0000 len:16 [0m
[37m[28.751][linker]-[Debug]-[DjiProtocol_v1Pack:123) <0xbda>V1-Send: 0x0A06->0x0701 0x0000 [0m
[37m[28.753][linker]-[Debug]-[DjiProtocol_v1Pack:123) <0x53ca>V1-Send: 0x0A06->0x0200 0x3C10 [0m
[37m[28.753][linker]-[Debug]-[DjiProtocol_v1Pack:123) <0x53cb>V1-Send: 0x0A06->0x0A01 0x3C10 [0m
[37m[28.753][linker]-[Debug]-[DjiProtocol_v1Pack:123) <0x53cc>V1-Send: 0x0A06->0x0300 0x3C10 [0m
[37m[28.755][channel]-[Debug]-[DjiStreamChannelUdp_RecvDataThread:248) Receive udp data from 255.255.0.0.104 -> 192.168.100.2.30081, protocol: raw_data [0m
[37m[28.758][linker]-[Debug]-[DjiProtocol_v1Unpack:215) <0x228b>V1-Recv: 0x0800->0x0A06 0x0866 [0m
[37m[28.759][linker]-[Debug]-[DjiCommand_RecvWork:1066)  <0x228b>Receive msg from linker, 0x0800->0x0A06 0x0866 len:17 [0m
[37m[28.759][liveview]-[Debug]-[DjiLiveview_DecodeLiveviewStatusHandle:1169) Liveview uuid info total_num: 1, index: 0, version: 1, major_type: 0, minor_type: 39, idx: 0, pos: 7 [0m
[37m[28.759][liveview]-[Debug]-[DjiLiveview_DecodeLiveviewStatusHandle:1183) sdr num: 1 [0m
[37m[28.759][liveview]-[Debug]-[DjiLiveview_DecodeLiveviewStatusHandle:1203) tunnel id: 0 [0m
[37m[28.759][liveview]-[Debug]-[DjiLiveview_DecodeLiveviewStatusHandle:1207) consumeBytes: 15, availBytes: 15 [0m
[37m[28.782][linker]-[Debug]-[DjiProtocol_v1Unpack:215) <0xd3f3>V1-Recv: 0x0300->0x0A06 0x221B [0m
[37m[28.782][linker]-[Debug]-[DjiCommand_RecvWork:1066)  <0xd3f3>Receive msg from linker, 0x0300->0x0A06 0x221B len:9 [0m
[37m[28.782][linker]-[Debug]-[DjiCommand_DealCmd:919) received unsupport request cmd that noneed ack, <0xd3f3> cmdset: 0x22 cmdid: 0x1B [0m
[37m[28.788][channel]-[Debug]-[DjiStreamChannelUdp_RecvDataThread:248) Receive udp data from 255.255.0.0.104 -> 192.168.100.2.30081, protocol: raw_data [0m
[37m[28.800][linker]-[Debug]-[DjiProtocol_v1Unpack:215) <0xd411>V1-Recv: 0x0306->0x0A06 0x03C1 [0m
[37m[28.800][linker]-[Debug]-[DjiCommand_RecvWork:1066)  <0xd411>Receive msg from linker, 0x0306->0x0A06 0x03C1 len:13 [0m
[37m[28.814][utils]-[Debug]-[DjiCore_RootTask:131) work execution time: [0m
[37m[28.814][utils]-[Debug]-[DjiCore_RootTask:132) name	                execution time (ms)	  max execution time (ms) [0m
[37m[28.814][utils]-[Debug]-[DjiCore_RootTask:134) recorderWork                    	0       	1        [0m
[37m[28.814][utils]-[Debug]-[DjiCore_RootTask:134) flowControllerTask              	0       	1        [0m
[37m[28.814][utils]-[Debug]-[DjiCore_RootTask:134) commandTask                     	1       	1        [0m
[37m[28.814][utils]-[Debug]-[DjiCore_RootTask:134) aircraftWorkNode                	0       	1        [0m
[37m[28.814][utils]-[Debug]-[DjiCore_RootTask:134) StatePushWork                   	0       	1        [0m
[37m[28.821][channel]-[Debug]-[DjiStreamChannelUdp_RecvDataThread:248) Receive udp data from 255.255.0.0.104 -> 192.168.100.2.30081, protocol: raw_data [0m
[37m[28.824][linker]-[Debug]-[DjiProtocol_v1Unpack:215) <0xd431>V1-Recv: 0x0300->0x0A06 0x036C [0m
[37m[28.825][linker]-[Debug]-[DjiCommand_RecvWork:1066)  <0xd431>Receive msg from linker, 0x0300->0x0A06 0x036C len:71 [0m
[37m[28.825][linker]-[Debug]-[DjiCommand_DealCmd:919) received unsupport request cmd that noneed ack, <0xd431> cmdset: 0x03 cmdid: 0x6C [0m
[37m[28.843][linker]-[Debug]-[DjiProtocol_v1Unpack:215) <0xd451>V1-Recv: 0x0300->0x0A06 0x4900 [0m
[37m[28.843][linker]-[Debug]-[DjiCommand_RecvWork:1066)  <0xd451>Receive msg from linker, 0x0300->0x0A06 0x4900 len:14 [0m
[37m[28.843][linker]-[Debug]-[DjiProtocol_v1Pack:123) <0xd451>V1-Send: 0x0A06->0x0300 0x4900 [0m
[37m[28.855][channel]-[Debug]-[DjiStreamChannelUdp_RecvDataThread:248) Receive udp data from 255.255.0.0.104 -> 192.168.100.2.30081, protocol: raw_data [0m
[37m[28.882][linker]-[Debug]-[DjiProtocol_v1Unpack:215) <0xd495>V1-Recv: 0x0300->0x0A06 0x221B [0m
[37m[28.882][linker]-[Debug]-[DjiCommand_RecvWork:1066)  <0xd495>Receive msg from linker, 0x0300->0x0A06 0x221B len:9 [0m
[37m[28.882][linker]-[Debug]-[DjiCommand_DealCmd:919) received unsupport request cmd that noneed ack, <0xd495> cmdset: 0x22 cmdid: 0x1B [0m
[37m[28.889][channel]-[Debug]-[DjiStreamChannelUdp_RecvDataThread:248) Receive udp data from 255.255.0.0.104 -> 192.168.100.2.30081, protocol: raw_data [0m
[37m[28.900][linker]-[Debug]-[DjiProtocol_v1Unpack:215) <0xd4b3>V1-Recv: 0x0306->0x0A06 0x03C1 [0m
[37m[28.900][linker]-[Debug]-[DjiCommand_RecvWork:1066)  <0xd4b3>Receive msg from linker, 0x0306->0x0A06 0x03C1 len:13 [0m
[37m[28.921][channel]-[Debug]-[DjiStreamChannelUdp_RecvDataThread:248) Receive udp data from 255.255.0.0.104 -> 192.168.100.2.30081, protocol: raw_data [0m
[37m[28.924][linker]-[Debug]-[DjiProtocol_v1Unpack:215) <0xd4da>V1-Recv: 0x0300->0x0A06 0x036C [0m
[37m[28.925][linker]-[Debug]-[DjiCommand_RecvWork:1066)  <0xd4da>Receive msg from linker, 0x0300->0x0A06 0x036C len:71 [0m
[37m[28.925][linker]-[Debug]-[DjiCommand_DealCmd:919) received unsupport request cmd that noneed ack, <0xd4da> cmdset: 0x03 cmdid: 0x6C [0m
[37m[28.942][linker]-[Debug]-[DjiProtocol_v1Unpack:215) <0xd504>V1-Recv: 0x0300->0x0A06 0x4900 [0m
[37m[28.943][linker]-[Debug]-[DjiCommand_RecvWork:1066)  <0xd504>Receive msg from linker, 0x0300->0x0A06 0x4900 len:14 [0m
[37m[28.943][linker]-[Debug]-[DjiProtocol_v1Pack:123) <0xd504>V1-Send: 0x0A06->0x0300 0x4900 [0m
[37m[28.955][channel]-[Debug]-[DjiStreamChannelUdp_RecvDataThread:248) Receive udp data from 255.255.0.0.104 -> 192.168.100.2.30081, protocol: raw_data [0m
[37m[28.966][linker]-[Debug]-[DjiProtocol_v1Pack:123) <0x53cd>V1-Send: 0x0A06->0x0200 0x3C10 [0m
[37m[28.966][linker]-[Debug]-[DjiProtocol_v1Pack:123) <0x53ce>V1-Send: 0x0A06->0x0A01 0x3C10 [0m
[37m[28.966][linker]-[Debug]-[DjiProtocol_v1Pack:123) <0x53cf>V1-Send: 0x0A06->0x0300 0x3C10 [0m
[37m[28.971][linker]-[Debug]-[DjiProtocol_v1Unpack:215) <0xa9d8>V1-Recv: 0x0202->0x0A06 0x0026 [0m
[37m[28.972][linker]-[Debug]-[DjiCommand_RecvWork:1066)  <0xa9d8>Receive msg from linker, 0x0202->0x0A06 0x0026 len:37 [0m
[37m[28.972][linker]-[Debug]-[DjiCommand_DealCmd:919) received unsupport request cmd that need ack, <0xa9d8> cmdset: 0x00 cmdid: 0x26 [0m
[37m[28.982][linker]-[Debug]-[DjiProtocol_v1Unpack:215) <0xd544>V1-Recv: 0x0300->0x0A06 0x221B [0m
[37m[28.983][linker]-[Debug]-[DjiCommand_RecvWork:1066)  <0xd544>Receive msg from linker, 0x0300->0x0A06 0x221B len:9 [0m
[37m[28.983][linker]-[Debug]-[DjiCommand_DealCmd:919) received unsupport request cmd that noneed ack, <0xd544> cmdset: 0x22 cmdid: 0x1B [0m
[37m[28.988][channel]-[Debug]-[DjiStreamChannelUdp_RecvDataThread:248) Receive udp data from 255.255.0.0.104 -> 192.168.100.2.30081, protocol: raw_data [0m
[37m[29.000][linker]-[Debug]-[DjiProtocol_v1Unpack:215) <0xd564>V1-Recv: 0x0306->0x0A06 0x03C1 [0m
[37m[29.001][linker]-[Debug]-[DjiCommand_RecvWork:1066)  <0xd564>Receive msg from linker, 0x0306->0x0A06 0x03C1 len:13 [0m
[37m[29.008][linker]-[Debug]-[DjiProtocol_v1Unpack:215) <0x228c>V1-Recv: 0x0800->0x0A06 0x0866 [0m
[37m[29.009][linker]-[Debug]-[DjiCommand_RecvWork:1066)  <0x228c>Receive msg from linker, 0x0800->0x0A06 0x0866 len:17 [0m
[37m[29.009][liveview]-[Debug]-[DjiLiveview_DecodeLiveviewStatusHandle:1169) Liveview uuid info total_num: 1, index: 0, version: 1, major_type: 0, minor_type: 39, idx: 0, pos: 7 [0m
[37m[29.009][liveview]-[Debug]-[DjiLiveview_DecodeLiveviewStatusHandle:1183) sdr num: 1 [0m
[37m[29.009][liveview]-[Debug]-[DjiLiveview_DecodeLiveviewStatusHandle:1203) tunnel id: 0 [0m
[37m[29.009][liveview]-[Debug]-[DjiLiveview_DecodeLiveviewStatusHandle:1207) consumeBytes: 15, availBytes: 15 [0m
[37m[29.021][channel]-[Debug]-[DjiStreamChannelUdp_RecvDataThread:248) Receive udp data from 255.255.0.0.104 -> 192.168.100.2.30081, protocol: raw_data [0m
[37m[29.024][linker]-[Debug]-[DjiProtocol_v1Unpack:215) <0xd583>V1-Recv: 0x0300->0x0A06 0x036C [0m
[37m[29.024][linker]-[Debug]-[DjiCommand_RecvWork:1066)  <0xd583>Receive msg from linker, 0x0300->0x0A06 0x036C len:71 [0m
[37m[29.024][linker]-[Debug]-[DjiCommand_DealCmd:919) received unsupport request cmd that noneed ack, <0xd583> cmdset: 0x03 cmdid: 0x6C [0m
[37m[29.042][linker]-[Debug]-[DjiProtocol_v1Unpack:215) <0xd5a3>V1-Recv: 0x0300->0x0A06 0x4900 [0m
[37m[29.042][linker]-[Debug]-[DjiCommand_RecvWork:1066)  <0xd5a3>Receive msg from linker, 0x0300->0x0A06 0x4900 len:14 [0m
[37m[29.042][linker]-[Debug]-[DjiProtocol_v1Pack:123) <0xd5a3>V1-Send: 0x0A06->0x0300 0x4900 [0m
[37m[29.055][channel]-[Debug]-[DjiStreamChannelUdp_RecvDataThread:248) Receive udp data from 255.255.0.0.104 -> 192.168.100.2.30081, protocol: raw_data [0m
[37m[29.085][linker]-[Debug]-[DjiProtocol_v1Unpack:215) <0xd5e2>V1-Recv: 0x0300->0x0A06 0x221B [0m
[37m[29.085][linker]-[Debug]-[DjiProtocol_v1Unpack:215) <0xd5e9>V1-Recv: 0x0300->0x0A06 0x0F74 [0m
[37m[29.085][linker]-[Debug]-[DjiProtocol_v1Unpack:215) <0xd5ea>V1-Recv: 0x0300->0x0100 0x0406 [0m
[37m[29.085][linker]-[Debug]-[DjiProtocol_v1Unpack:215) <0xd5eb>V1-Recv: 0x0300->0x0100 0x0407 [0m
[37m[29.086][linker]-[Debug]-[DjiCommand_RecvWork:1066)  <0xd5e2>Receive msg from linker, 0x0300->0x0A06 0x221B len:9 [0m
[37m[29.086][linker]-[Debug]-[DjiCommand_DealCmd:919) received unsupport request cmd that noneed ack, <0xd5e2> cmdset: 0x22 cmdid: 0x1B [0m
[37m[29.087][linker]-[Debug]-[DjiCommand_RecvWork:1066)  <0xd5e9>Receive msg from linker, 0x0300->0x0A06 0x0F74 len:28 [0m
[37m[29.087][linker]-[Debug]-[DjiCommand_DealCmd:919) received unsupport request cmd that noneed ack, <0xd5e9> cmdset: 0x0F cmdid: 0x74 [0m
[37m[29.088][channel]-[Debug]-[DjiStreamChannelUdp_RecvDataThread:248) Receive udp data from 255.255.0.0.104 -> 192.168.100.2.30081, protocol: raw_data [0m
[37m[29.088][linker]-[Debug]-[DjiCommand_RecvWork:1066)  <0xd5ea>Receive msg from linker, 0x0300->0x0100 0x0406 len:12 [0m
[37m[29.088][linker]-[Debug]-[DjiCommand_DealCmd:919) received unsupport request cmd that noneed ack, <0xd5ea> cmdset: 0x04 cmdid: 0x06 [0m
[37m[29.089][linker]-[Debug]-[DjiCommand_RecvWork:1066)  <0xd5eb>Receive msg from linker, 0x0300->0x0100 0x0407 len:1 [0m
[37m[29.089][linker]-[Debug]-[DjiCommand_DealCmd:919) received unsupport request cmd that noneed ack, <0xd5eb> cmdset: 0x04 cmdid: 0x07 [0m
[37m[29.100][linker]-[Debug]-[DjiProtocol_v1Unpack:215) <0xd606>V1-Recv: 0x0306->0x0A06 0x03C1 [0m
[37m[29.101][linker]-[Debug]-[DjiCommand_RecvWork:1066)  <0xd606>Receive msg from linker, 0x0306->0x0A06 0x03C1 len:13 [0m
[37m[29.122][channel]-[Debug]-[DjiStreamChannelUdp_RecvDataThread:248) Receive udp data from 255.255.0.0.104 -> 192.168.100.2.30081, protocol: raw_data [0m
[37m[29.125][linker]-[Debug]-[DjiProtocol_v1Unpack:215) <0xd629>V1-Recv: 0x0300->0x0A06 0x036C [0m
[37m[29.126][linker]-[Debug]-[DjiCommand_RecvWork:1066)  <0xd629>Receive msg from linker, 0x0300->0x0A06 0x036C len:71 [0m
[37m[29.126][linker]-[Debug]-[DjiCommand_DealCmd:919) received unsupport request cmd that noneed ack, <0xd629> cmdset: 0x03 cmdid: 0x6C [0m
[37m[29.143][linker]-[Debug]-[DjiProtocol_v1Unpack:215) <0xd655>V1-Recv: 0x0300->0x0A06 0x4900 [0m
[37m[29.144][linker]-[Debug]-[DjiCommand_RecvWork:1066)  <0xd655>Receive msg from linker, 0x0300->0x0A06 0x4900 len:14 [0m
[37m[29.144][linker]-[Debug]-[DjiProtocol_v1Pack:123) <0xd655>V1-Send: 0x0A06->0x0300 0x4900 [0m
[37m[29.154][channel]-[Debug]-[DjiStreamChannelUdp_RecvDataThread:248) Receive udp data from 255.255.0.0.104 -> 192.168.100.2.30081, protocol: raw_data [0m
[37m[29.180][linker]-[Debug]-[DjiProtocol_v1Pack:123) <0x53d0>V1-Send: 0x0A06->0x0200 0x3C10 [0m
[37m[29.180][linker]-[Debug]-[DjiProtocol_v1Pack:123) <0x53d1>V1-Send: 0x0A06->0x0A01 0x3C10 [0m
[37m[29.180][linker]-[Debug]-[DjiProtocol_v1Pack:123) <0x53d2>V1-Send: 0x0A06->0x0300 0x3C10 [0m
[37m[29.181][linker]-[Debug]-[DjiProtocol_v1Unpack:215) <0xd69a>V1-Recv: 0x0300->0x0A06 0x221B [0m
[37m[29.182][linker]-[Debug]-[DjiCommand_RecvWork:1066)  <0xd69a>Receive msg from linker, 0x0300->0x0A06 0x221B len:9 [0m
[37m[29.182][linker]-[Debug]-[DjiCommand_DealCmd:919) received unsupport request cmd that noneed ack, <0xd69a> cmdset: 0x22 cmdid: 0x1B [0m
[37m[29.188][channel]-[Debug]-[DjiStreamChannelUdp_RecvDataThread:248) Receive udp data from 255.255.0.0.104 -> 192.168.100.2.30081, protocol: raw_data [0m
[37m[29.200][linker]-[Debug]-[DjiProtocol_v1Unpack:215) <0xd6bd>V1-Recv: 0x0306->0x0A06 0x03C1 [0m
[37m[29.201][linker]-[Debug]-[DjiCommand_RecvWork:1066)  <0xd6bd>Receive msg from linker, 0x0306->0x0A06 0x03C1 len:13 [0m
[37m[29.220][channel]-[Debug]-[DjiStreamChannelUdp_RecvDataThread:248) Receive udp data from 255.255.0.0.104 -> 192.168.100.2.30081, protocol: raw_data [0m
[37m[29.221][channel]-[Debug]-[DjiStreamChannelUdp_RecvDataThread:248) Receive udp data from 255.255.0.0.104 -> 192.168.100.2.30081, protocol: raw_data [0m
[37m[29.224][linker]-[Debug]-[DjiProtocol_v1Unpack:215) <0xd6e4>V1-Recv: 0x0300->0x0A06 0x036C [0m
[37m[29.225][linker]-[Debug]-[DjiCommand_RecvWork:1066)  <0xd6e4>Receive msg from linker, 0x0300->0x0A06 0x036C len:71 [0m
[37m[29.225][linker]-[Debug]-[DjiCommand_DealCmd:919) received unsupport request cmd that noneed ack, <0xd6e4> cmdset: 0x03 cmdid: 0x6C [0m
[37m[29.242][linker]-[Debug]-[DjiProtocol_v1Unpack:215) <0xd702>V1-Recv: 0x0300->0x0A06 0x4900 [0m
[37m[29.242][linker]-[Debug]-[DjiCommand_RecvWork:1066)  <0xd702>Receive msg from linker, 0x0300->0x0A06 0x4900 len:14 [0m
[37m[29.242][linker]-[Debug]-[DjiProtocol_v1Pack:123) <0xd702>V1-Send: 0x0A06->0x0300 0x4900 [0m
[37m[29.254][channel]-[Debug]-[DjiStreamChannelUdp_RecvDataThread:248) Receive udp data from 255.255.0.0.104 -> 192.168.100.2.30081, protocol: raw_data [0m
[37m[29.258][linker]-[Debug]-[DjiProtocol_v1Unpack:215) <0x228d>V1-Recv: 0x0800->0x0A06 0x0866 [0m
[37m[29.258][linker]-[Debug]-[DjiCommand_RecvWork:1066)  <0x228d>Receive msg from linker, 0x0800->0x0A06 0x0866 len:17 [0m
[37m[29.258][liveview]-[Debug]-[DjiLiveview_DecodeLiveviewStatusHandle:1169) Liveview uuid info total_num: 1, index: 0, version: 1, major_type: 0, minor_type: 39, idx: 0, pos: 7 [0m
[37m[29.258][liveview]-[Debug]-[DjiLiveview_DecodeLiveviewStatusHandle:1183) sdr num: 1 [0m
[37m[29.258][liveview]-[Debug]-[DjiLiveview_DecodeLiveviewStatusHandle:1203) tunnel id: 0 [0m
[37m[29.258][liveview]-[Debug]-[DjiLiveview_DecodeLiveviewStatusHandle:1207) consumeBytes: 15, availBytes: 15 [0m
[37m[29.281][linker]-[Debug]-[DjiProtocol_v1Unpack:215) <0xd743>V1-Recv: 0x0300->0x0A06 0x221B [0m
[37m[29.282][linker]-[Debug]-[DjiCommand_RecvWork:1066)  <0xd743>Receive msg from linker, 0x0300->0x0A06 0x221B len:9 [0m
[37m[29.282][linker]-[Debug]-[DjiCommand_DealCmd:919) received unsupport request cmd that noneed ack, <0xd743> cmdset: 0x22 cmdid: 0x1B [0m
[37m[29.289][channel]-[Debug]-[DjiStreamChannelUdp_RecvDataThread:248) Receive udp data from 255.255.0.0.104 -> 192.168.100.2.30081, protocol: raw_data [0m
[37m[29.301][linker]-[Debug]-[DjiProtocol_v1Unpack:215) <0xd762>V1-Recv: 0x0306->0x0A06 0x03C1 [0m
[37m[29.302][linker]-[Debug]-[DjiCommand_RecvWork:1066)  <0xd762>Receive msg from linker, 0x0306->0x0A06 0x03C1 len:13 [0m
[37m[29.321][channel]-[Debug]-[DjiStreamChannelUdp_RecvDataThread:248) Receive udp data from 255.255.0.0.104 -> 192.168.100.2.30081, protocol: raw_data [0m
[37m[29.324][linker]-[Debug]-[DjiProtocol_v1Unpack:215) <0xd789>V1-Recv: 0x0300->0x0A06 0x036C [0m
[37m[29.325][linker]-[Debug]-[DjiCommand_RecvWork:1066)  <0xd789>Receive msg from linker, 0x0300->0x0A06 0x036C len:71 [0m
[37m[29.325][linker]-[Debug]-[DjiCommand_DealCmd:919) received unsupport request cmd that noneed ack, <0xd789> cmdset: 0x03 cmdid: 0x6C [0m
[32m[29.327][user]-[Info]-[liveviewThreadFunc:135) Storing camera h264 stream, second:. [0m
[37m[29.327][liveview]-[Debug]-[DjiLiveview_FindLiveviewSource:1122) Found the liveview source (pos:7) on the drone. [0m
[37m[29.327][liveview]-[Debug]-[DjiLiveview_RequestIntraframeFrameData:878) Request I frame by uuid, major: 0, minor: 39, idx: 0, pos: 7, tunnel: 80 [0m
[37m[29.327][linker]-[Debug]-[DjiProtocol_v1Pack:123) <0x53d3>V1-Send: 0x0A06->0x0700 0x0872 [0m
[37m[29.343][linker]-[Debug]-[DjiProtocol_v1Unpack:215) <0xd7b6>V1-Recv: 0x0300->0x0A06 0x4900 [0m
[37m[29.343][linker]-[Debug]-[DjiCommand_RecvWork:1066)  <0xd7b6>Receive msg from linker, 0x0300->0x0A06 0x4900 len:14 [0m
[37m[29.343][linker]-[Debug]-[DjiProtocol_v1Pack:123) <0xd7b6>V1-Send: 0x0A06->0x0300 0x4900 [0m
[37m[29.345][linker]-[Debug]-[DjiProtocol_v1Unpack:215) <0x53d3>V1-Recv: 0x0700->0x0A06 0x0872 [0m
[37m[29.346][linker]-[Debug]-[DjiCommand_RecvWork:1066)  <0x53d3>Receive msg from linker, 0x0700->0x0A06 0x0872 len:1 [0m
[37m[29.346][linker]-[Debug]-[DjiCommand_SendSyncCallback:1014) PsdkCommand_SendSyncCallback success [0m
[37m[29.346][linker]-[Debug]-[DjiCommand_DealCmd:830) callback function (cmdset: 0x08 cmdid: 0x72) deal time: 0 ms [0m
[37m[29.346][linker]-[Debug]-[DjiCommand_SendSync:553) sendSync callback success [0m
[37m[29.359][channel]-[Debug]-[DjiStreamChannelUdp_RecvDataThread:248) Receive udp data from 255.255.0.0.104 -> 192.168.100.2.30081, protocol: raw_data [0m
[37m[29.361][channel]-[Debug]-[DjiStreamChannelUdp_RecvDataThread:248) Receive udp data from 255.255.0.0.104 -> 192.168.100.2.30081, protocol: raw_data [0m
[37m[29.381][linker]-[Debug]-[DjiProtocol_v1Unpack:215) <0xd802>V1-Recv: 0x0300->0x0A06 0x221B [0m
[37m[29.382][linker]-[Debug]-[DjiCommand_RecvWork:1066)  <0xd802>Receive msg from linker, 0x0300->0x0A06 0x221B len:9 [0m
[37m[29.382][linker]-[Debug]-[DjiCommand_DealCmd:919) received unsupport request cmd that noneed ack, <0xd802> cmdset: 0x22 cmdid: 0x1B [0m
[37m[29.388][channel]-[Debug]-[DjiStreamChannelUdp_RecvDataThread:248) Receive udp data from 255.255.0.0.104 -> 192.168.100.2.30081, protocol: raw_data [0m
[37m[29.394][linker]-[Debug]-[DjiProtocol_v1Pack:123) <0x53d4>V1-Send: 0x0A06->0x0200 0x3C10 [0m
[37m[29.394][linker]-[Debug]-[DjiProtocol_v1Pack:123) <0x53d5>V1-Send: 0x0A06->0x0A01 0x3C10 [0m
[37m[29.394][linker]-[Debug]-[DjiProtocol_v1Pack:123) <0x53d6>V1-Send: 0x0A06->0x0300 0x3C10 [0m
[37m[29.400][linker]-[Debug]-[DjiProtocol_v1Unpack:215) <0xd820>V1-Recv: 0x0306->0x0A06 0x03C1 [0m
[37m[29.401][linker]-[Debug]-[DjiCommand_RecvWork:1066)  <0xd820>Receive msg from linker, 0x0306->0x0A06 0x03C1 len:13 [0m
[37m[29.421][channel]-[Debug]-[DjiStreamChannelUdp_RecvDataThread:248) Receive udp data from 255.255.0.0.104 -> 192.168.100.2.30081, protocol: raw_data [0m
[37m[29.424][linker]-[Debug]-[DjiProtocol_v1Unpack:215) <0xd843>V1-Recv: 0x0300->0x0A06 0x036C [0m
[37m[29.425][linker]-[Debug]-[DjiCommand_RecvWork:1066)  <0xd843>Receive msg from linker, 0x0300->0x0A06 0x036C len:71 [0m
[37m[29.425][linker]-[Debug]-[DjiCommand_DealCmd:919) received unsupport request cmd that noneed ack, <0xd843> cmdset: 0x03 cmdid: 0x6C [0m
[37m[29.442][linker]-[Debug]-[DjiProtocol_v1Unpack:215) <0xd861>V1-Recv: 0x0300->0x0A06 0x4900 [0m
[37m[29.443][linker]-[Debug]-[DjiCommand_RecvWork:1066)  <0xd861>Receive msg from linker, 0x0300->0x0A06 0x4900 len:14 [0m
[37m[29.443][linker]-[Debug]-[DjiProtocol_v1Pack:123) <0xd861>V1-Send: 0x0A06->0x0300 0x4900 [0m
[37m[29.455][channel]-[Debug]-[DjiStreamChannelUdp_RecvDataThread:248) Receive udp data from 255.255.0.0.104 -> 192.168.100.2.30081, protocol: raw_data [0m
[37m[29.482][linker]-[Debug]-[DjiProtocol_v1Unpack:215) <0xd8a4>V1-Recv: 0x0300->0x0A06 0x221B [0m
[37m[29.483][linker]-[Debug]-[DjiCommand_RecvWork:1066)  <0xd8a4>Receive msg from linker, 0x0300->0x0A06 0x221B len:9 [0m
[37m[29.483][linker]-[Debug]-[DjiCommand_DealCmd:919) received unsupport request cmd that noneed ack, <0xd8a4> cmdset: 0x22 cmdid: 0x1B [0m
[37m[29.488][channel]-[Debug]-[DjiStreamChannelUdp_RecvDataThread:248) Receive udp data from 255.255.0.0.104 -> 192.168.100.2.30081, protocol: raw_data [0m
[37m[29.501][linker]-[Debug]-[DjiProtocol_v1Unpack:215) <0xd8c2>V1-Recv: 0x0306->0x0A06 0x03C1 [0m
[37m[29.502][linker]-[Debug]-[DjiCommand_RecvWork:1066)  <0xd8c2>Receive msg from linker, 0x0306->0x0A06 0x03C1 len:13 [0m
[37m[29.508][linker]-[Debug]-[DjiProtocol_v1Unpack:215) <0x228e>V1-Recv: 0x0800->0x0A06 0x0866 [0m
[37m[29.508][linker]-[Debug]-[DjiCommand_RecvWork:1066)  <0x228e>Receive msg from linker, 0x0800->0x0A06 0x0866 len:17 [0m
[37m[29.508][liveview]-[Debug]-[DjiLiveview_DecodeLiveviewStatusHandle:1169) Liveview uuid info total_num: 1, index: 0, version: 1, major_type: 0, minor_type: 39, idx: 0, pos: 7 [0m
[37m[29.508][liveview]-[Debug]-[DjiLiveview_DecodeLiveviewStatusHandle:1183) sdr num: 1 [0m
[37m[29.508][liveview]-[Debug]-[DjiLiveview_DecodeLiveviewStatusHandle:1203) tunnel id: 0 [0m
[37m[29.508][liveview]-[Debug]-[DjiLiveview_DecodeLiveviewStatusHandle:1207) consumeBytes: 15, availBytes: 15 [0m
[37m[29.521][channel]-[Debug]-[DjiStreamChannelUdp_RecvDataThread:248) Receive udp data from 255.255.0.0.104 -> 192.168.100.2.30081, protocol: raw_data [0m
[37m[29.524][linker]-[Debug]-[DjiProtocol_v1Unpack:215) <0xd8e8>V1-Recv: 0x0300->0x0A06 0x036C [0m
[37m[29.525][linker]-[Debug]-[DjiCommand_RecvWork:1066)  <0xd8e8>Receive msg from linker, 0x0300->0x0A06 0x036C len:71 [0m
[37m[29.525][linker]-[Debug]-[DjiCommand_DealCmd:919) received unsupport request cmd that noneed ack, <0xd8e8> cmdset: 0x03 cmdid: 0x6C [0m
[37m[29.542][linker]-[Debug]-[DjiProtocol_v1Unpack:215) <0xd90e>V1-Recv: 0x0300->0x0A06 0x4900 [0m
[37m[29.543][linker]-[Debug]-[DjiCommand_RecvWork:1066)  <0xd90e>Receive msg from linker, 0x0300->0x0A06 0x4900 len:14 [0m
[37m[29.543][linker]-[Debug]-[DjiProtocol_v1Pack:123) <0xd90e>V1-Send: 0x0A06->0x0300 0x4900 [0m
[37m[29.555][channel]-[Debug]-[DjiStreamChannelUdp_RecvDataThread:248) Receive udp data from 255.255.0.0.104 -> 192.168.100.2.30081, protocol: raw_data [0m
[37m[29.583][linker]-[Debug]-[DjiProtocol_v1Unpack:215) <0xd950>V1-Recv: 0x0300->0x0A06 0x221B [0m
[37m[29.583][linker]-[Debug]-[DjiProtocol_v1Unpack:215) <0xd954>V1-Recv: 0x0300->0x0100 0x0405 [0m
[37m[29.583][linker]-[Debug]-[DjiCommand_RecvWork:1066)  <0xd950>Receive msg from linker, 0x0300->0x0A06 0x221B len:9 [0m
[37m[29.583][linker]-[Debug]-[DjiCommand_DealCmd:919) received unsupport request cmd that noneed ack, <0xd950> cmdset: 0x22 cmdid: 0x1B [0m
[37m[29.584][linker]-[Debug]-[DjiCommand_RecvWork:1066)  <0xd954>Receive msg from linker, 0x0300->0x0100 0x0405 len:22 [0m
[37m[29.584][linker]-[Debug]-[DjiCommand_DealCmd:919) received unsupport request cmd that noneed ack, <0xd954> cmdset: 0x04 cmdid: 0x05 [0m
[37m[29.588][channel]-[Debug]-[DjiStreamChannelUdp_RecvDataThread:248) Receive udp data from 255.255.0.0.104 -> 192.168.100.2.30081, protocol: raw_data [0m
[37m[29.601][linker]-[Debug]-[DjiProtocol_v1Unpack:215) <0xd96f>V1-Recv: 0x0306->0x0A06 0x03C1 [0m
[37m[29.601][linker]-[Debug]-[DjiCommand_RecvWork:1066)  <0xd96f>Receive msg from linker, 0x0306->0x0A06 0x03C1 len:13 [0m
[37m[29.606][linker]-[Debug]-[DjiProtocol_v1Pack:123) <0x53d7>V1-Send: 0x0A06->0x0300 0x0000 [0m
[37m[29.606][infor]-[Debug]-[DjiAircraftConnection_CheckExtensionPortConnectStatusByV1Protocol:170) check connect status:1 [0m
[37m[29.608][linker]-[Debug]-[DjiProtocol_v1Pack:123) <0x53d8>V1-Send: 0x0A06->0x0200 0x3C10 [0m
[37m[29.608][linker]-[Debug]-[DjiProtocol_v1Pack:123) <0x53d9>V1-Send: 0x0A06->0x0A01 0x3C10 [0m
[37m[29.608][linker]-[Debug]-[DjiProtocol_v1Pack:123) <0x53da>V1-Send: 0x0A06->0x0300 0x3C10 [0m
[37m[29.621][channel]-[Debug]-[DjiStreamChannelUdp_RecvDataThread:248) Receive udp data from 255.255.0.0.104 -> 192.168.100.2.30081, protocol: raw_data [0m
[37m[29.624][linker]-[Debug]-[DjiProtocol_v1Unpack:215) <0x53d7>V1-Recv: 0x0300->0x0A06 0x0000 [0m
[37m[29.624][linker]-[Debug]-[DjiProtocol_v1Unpack:215) <0xd98e>V1-Recv: 0x0300->0x0A06 0x036C [0m
[37m[29.625][linker]-[Debug]-[DjiCommand_RecvWork:1066)  <0x53d7>Receive msg from linker, 0x0300->0x0A06 0x0000 len:0 [0m
[37m[29.625][infor]-[Debug]-[DjiAircraftInfo_CheckPingStatusAsyncCallback:269) connect status async sucess [0m
[37m[29.625][linker]-[Debug]-[DjiCommand_DealCmd:830) callback function (cmdset: 0x00 cmdid: 0x00) deal time: 0 ms [0m
[37m[29.626][linker]-[Debug]-[DjiCommand_RecvWork:1066)  <0xd98e>Receive msg from linker, 0x0300->0x0A06 0x036C len:71 [0m
[37m[29.626][linker]-[Debug]-[DjiCommand_DealCmd:919) received unsupport request cmd that noneed ack, <0xd98e> cmdset: 0x03 cmdid: 0x6C [0m
[37m[29.642][linker]-[Debug]-[DjiProtocol_v1Unpack:215) <0xd9ac>V1-Recv: 0x0300->0x0A06 0x4900 [0m
[37m[29.643][linker]-[Debug]-[DjiCommand_RecvWork:1066)  <0xd9ac>Receive msg from linker, 0x0300->0x0A06 0x4900 len:14 [0m
[37m[29.643][linker]-[Debug]-[DjiProtocol_v1Pack:123) <0xd9ac>V1-Send: 0x0A06->0x0300 0x4900 [0m
[37m[29.654][channel]-[Debug]-[DjiStreamChannelUdp_RecvDataThread:248) Receive udp data from 255.255.0.0.104 -> 192.168.100.2.30081, protocol: raw_data [0m
[37m[29.665][linker]-[Debug]-[DjiProtocol_v1Unpack:215) <0xd9c8>V1-Recv: 0x0306->0x0A06 0x03C1 [0m
[37m[29.665][linker]-[Debug]-[DjiCommand_RecvWork:1066)  <0xd9c8>Receive msg from linker, 0x0306->0x0A06 0x03C1 len:113 [0m
[37m[29.682][linker]-[Debug]-[DjiProtocol_v1Unpack:215) <0xd9ec>V1-Recv: 0x0300->0x0A06 0x221B [0m
[37m[29.682][linker]-[Debug]-[DjiCommand_RecvWork:1066)  <0xd9ec>Receive msg from linker, 0x0300->0x0A06 0x221B len:9 [0m
[37m[29.682][linker]-[Debug]-[DjiCommand_DealCmd:919) received unsupport request cmd that noneed ack, <0xd9ec> cmdset: 0x22 cmdid: 0x1B [0m
[37m[29.688][channel]-[Debug]-[DjiStreamChannelUdp_RecvDataThread:248) Receive udp data from 255.255.0.0.104 -> 192.168.100.2.30081, protocol: raw_data [0m
[37m[29.695][linker]-[Debug]-[DjiProtocol_v1Unpack:215) <0x11af>V1-Recv: 0x1D07->0x0A06 0x2105 [0m
[37m[29.696][linker]-[Debug]-[DjiCommand_RecvWork:1066)  <0x11af>Receive msg from linker, 0x1D07->0x0A06 0x2105 len:1 [0m
[37m[29.696][linker]-[Debug]-[DjiCommand_DealCmd:919) received unsupport request cmd that need ack, <0x11af> cmdset: 0x21 cmdid: 0x05 [0m
[37m[29.701][linker]-[Debug]-[DjiProtocol_v1Unpack:215) <0xda0a>V1-Recv: 0x0306->0x0A06 0x03C1 [0m
[37m[29.701][linker]-[Debug]-[DjiCommand_RecvWork:1066)  <0xda0a>Receive msg from linker, 0x0306->0x0A06 0x03C1 len:13 [0m
[32m[29.709][user]-[Info]-[UserFcSubscription_Task:458) gps position: x 117.120755 y 39.126560 z 10.914000. [0m
[32m[29.709][user]-[Info]-[UserFcSubscription_Task:470) gps total satellite number used: 2 9 13.
GPS fixState: 3.000000. [0m
[32m[29.709][user]-[Info]-[UserFcSubscription_Task:487) Homepoint info: lat->39.126699, lon->117.120801. [0m
[32m[29.709][user]-[Info]-[UserFcSubscription_Task:512) RTK position solution state: 16. [0m
[32m[29.709][user]-[Info]-[UserFcSubscription_Task:528) RTK position: 117.120655 39.126748 -10.100204. [0m
[32m[29.709][user]-[Info]-[UserFcSubscription_Task:573) Altitude of homepoint: 3.473749. [0m
[32m[29.709][user]-[Info]-[UserFcSubscription_Task:586) Battery info: 38. [0m
[32m[29.709][user]-[Info]-[UserFcSubscription_Task:600) Flight status: 0. [0m
[32m[29.709][user]-[Info]-[UserFcSubscription_Task:620) Displaymode status: 6. [0m
[37m[29.709][user]-[Debug]-[UserFcSubscription_Task:633) Timestamp: millisecond 4545992 microsecond 251025098. [0m
[37m[29.709][user]-[Debug]-[UserFcSubscription_Task:634) Relative height fusion is 0.000000 m [0m
[37m[29.721][channel]-[Debug]-[DjiStreamChannelUdp_RecvDataThread:248) Receive udp data from 255.255.0.0.104 -> 192.168.100.2.30081, protocol: raw_data [0m
[37m[29.724][linker]-[Debug]-[DjiProtocol_v1Unpack:215) <0xda31>V1-Recv: 0x0300->0x0A06 0x036C [0m
[37m[29.725][linker]-[Debug]-[DjiCommand_RecvWork:1066)  <0xda31>Receive msg from linker, 0x0300->0x0A06 0x036C len:71 [0m
[37m[29.725][linker]-[Debug]-[DjiCommand_DealCmd:919) received unsupport request cmd that noneed ack, <0xda31> cmdset: 0x03 cmdid: 0x6C [0m
[37m[29.728][linker]-[Debug]-[DjiProtocol_v1Pack:123) <0x5388>V1-Send: 0x0A06->0x0800 0x0867 [0m
[37m[29.742][linker]-[Debug]-[DjiProtocol_v1Unpack:215) <0xda57>V1-Recv: 0x0300->0x0A06 0x4900 [0m
[37m[29.743][linker]-[Debug]-[DjiCommand_RecvWork:1066)  <0xda57>Receive msg from linker, 0x0300->0x0A06 0x4900 len:14 [0m
[37m[29.743][linker]-[Debug]-[DjiProtocol_v1Pack:123) <0xda57>V1-Send: 0x0A06->0x0300 0x4900 [0m
[37m[29.751][linker]-[Debug]-[DjiProtocol_v1Unpack:215) <0xbdb>V1-Recv: 0x0701->0x0A06 0x0000 [0m
[37m[29.752][linker]-[Debug]-[DjiCommand_RecvWork:1066)  <0xbdb>Receive msg from linker, 0x0701->0x0A06 0x0000 len:16 [0m
[37m[29.752][linker]-[Debug]-[DjiProtocol_v1Pack:123) <0xbdb>V1-Send: 0x0A06->0x0701 0x0000 [0m
[37m[29.754][channel]-[Debug]-[DjiStreamChannelUdp_RecvDataThread:248) Receive udp data from 255.255.0.0.104 -> 192.168.100.2.30081, protocol: raw_data [0m
[37m[29.758][linker]-[Debug]-[DjiProtocol_v1Unpack:215) <0x228f>V1-Recv: 0x0800->0x0A06 0x0866 [0m
[37m[29.759][linker]-[Debug]-[DjiCommand_RecvWork:1066)  <0x228f>Receive msg from linker, 0x0800->0x0A06 0x0866 len:17 [0m
[37m[29.759][liveview]-[Debug]-[DjiLiveview_DecodeLiveviewStatusHandle:1169) Liveview uuid info total_num: 1, index: 0, version: 1, major_type: 0, minor_type: 39, idx: 0, pos: 7 [0m
[37m[29.759][liveview]-[Debug]-[DjiLiveview_DecodeLiveviewStatusHandle:1183) sdr num: 1 [0m
[37m[29.759][liveview]-[Debug]-[DjiLiveview_DecodeLiveviewStatusHandle:1203) tunnel id: 0 [0m
[37m[29.759][liveview]-[Debug]-[DjiLiveview_DecodeLiveviewStatusHandle:1207) consumeBytes: 15, availBytes: 15 [0m
[37m[29.782][linker]-[Debug]-[DjiProtocol_v1Unpack:215) <0xda97>V1-Recv: 0x0300->0x0A06 0x221B [0m
[37m[29.783][linker]-[Debug]-[DjiCommand_RecvWork:1066)  <0xda97>Receive msg from linker, 0x0300->0x0A06 0x221B len:9 [0m
[37m[29.783][linker]-[Debug]-[DjiCommand_DealCmd:919) received unsupport request cmd that noneed ack, <0xda97> cmdset: 0x22 cmdid: 0x1B [0m
[37m[29.788][channel]-[Debug]-[DjiStreamChannelUdp_RecvDataThread:248) Receive udp data from 255.255.0.0.104 -> 192.168.100.2.30081, protocol: raw_data [0m
[37m[29.800][linker]-[Debug]-[DjiProtocol_v1Unpack:215) <0xdab5>V1-Recv: 0x0306->0x0A06 0x03C1 [0m
[37m[29.801][linker]-[Debug]-[DjiCommand_RecvWork:1066)  <0xdab5>Receive msg from linker, 0x0306->0x0A06 0x03C1 len:13 [0m
[37m[29.821][channel]-[Debug]-[DjiStreamChannelUdp_RecvDataThread:248) Receive udp data from 255.255.0.0.104 -> 192.168.100.2.30081, protocol: raw_data [0m
[37m[29.821][linker]-[Debug]-[DjiProtocol_v1Pack:123) <0x53db>V1-Send: 0x0A06->0x0200 0x3C10 [0m
[37m[29.821][linker]-[Debug]-[DjiProtocol_v1Pack:123) <0x53dc>V1-Send: 0x0A06->0x0A01 0x3C10 [0m
[37m[29.821][linker]-[Debug]-[DjiProtocol_v1Pack:123) <0x53dd>V1-Send: 0x0A06->0x0300 0x3C10 [0m
[37m[29.824][linker]-[Debug]-[DjiProtocol_v1Unpack:215) <0xdad5>V1-Recv: 0x0300->0x0A06 0x036C [0m
[37m[29.825][linker]-[Debug]-[DjiCommand_RecvWork:1066)  <0xdad5>Receive msg from linker, 0x0300->0x0A06 0x036C len:71 [0m
[37m[29.825][linker]-[Debug]-[DjiCommand_DealCmd:919) received unsupport request cmd that noneed ack, <0xdad5> cmdset: 0x03 cmdid: 0x6C [0m
[37m[29.842][linker]-[Debug]-[DjiProtocol_v1Unpack:215) <0xdaf5>V1-Recv: 0x0300->0x0A06 0x4900 [0m
[37m[29.843][linker]-[Debug]-[DjiCommand_RecvWork:1066)  <0xdaf5>Receive msg from linker, 0x0300->0x0A06 0x4900 len:14 [0m
[37m[29.843][linker]-[Debug]-[DjiProtocol_v1Pack:123) <0xdaf5>V1-Send: 0x0A06->0x0300 0x4900 [0m
[37m[29.855][channel]-[Debug]-[DjiStreamChannelUdp_RecvDataThread:248) Receive udp data from 255.255.0.0.104 -> 192.168.100.2.30081, protocol: raw_data [0m
[37m[29.882][linker]-[Debug]-[DjiProtocol_v1Unpack:215) <0xdb35>V1-Recv: 0x0300->0x0A06 0x221B [0m
[37m[29.882][linker]-[Debug]-[DjiCommand_RecvWork:1066)  <0xdb35>Receive msg from linker, 0x0300->0x0A06 0x221B len:9 [0m
[37m[29.882][linker]-[Debug]-[DjiCommand_DealCmd:919) received unsupport request cmd that noneed ack, <0xdb35> cmdset: 0x22 cmdid: 0x1B [0m
[37m[29.882][utils]-[Debug]-[DjiCore_RootTask:131) work execution time: [0m
[37m[29.882][utils]-[Debug]-[DjiCore_RootTask:132) name	                execution time (ms)	  max execution time (ms) [0m
[37m[29.882][utils]-[Debug]-[DjiCore_RootTask:134) recorderWork                    	1       	1        [0m
[37m[29.882][utils]-[Debug]-[DjiCore_RootTask:134) flowControllerTask              	0       	1        [0m
[37m[29.882][utils]-[Debug]-[DjiCore_RootTask:134) commandTask                     	1       	1        [0m
[37m[29.882][utils]-[Debug]-[DjiCore_RootTask:134) aircraftWorkNode                	0       	1        [0m
[37m[29.882][utils]-[Debug]-[DjiCore_RootTask:134) StatePushWork                   	0       	1        [0m
[37m[29.888][channel]-[Debug]-[DjiStreamChannelUdp_RecvDataThread:248) Receive udp data from 255.255.0.0.104 -> 192.168.100.2.30081, protocol: raw_data [0m
[37m[29.900][linker]-[Debug]-[DjiProtocol_v1Unpack:215) <0xdb57>V1-Recv: 0x0306->0x0A06 0x03C1 [0m
[37m[29.900][linker]-[Debug]-[DjiCommand_RecvWork:1066)  <0xdb57>Receive msg from linker, 0x0306->0x0A06 0x03C1 len:13 [0m
[37m[29.921][channel]-[Debug]-[DjiStreamChannelUdp_RecvDataThread:248) Receive udp data from 255.255.0.0.104 -> 192.168.100.2.30081, protocol: raw_data [0m
[37m[29.924][linker]-[Debug]-[DjiProtocol_v1Unpack:215) <0xdb7c>V1-Recv: 0x0300->0x0A06 0x036C [0m
[37m[29.924][linker]-[Debug]-[DjiCommand_RecvWork:1066)  <0xdb7c>Receive msg from linker, 0x0300->0x0A06 0x036C len:71 [0m
[37m[29.924][linker]-[Debug]-[DjiCommand_DealCmd:919) received unsupport request cmd that noneed ack, <0xdb7c> cmdset: 0x03 cmdid: 0x6C [0m
[37m[29.943][linker]-[Debug]-[DjiProtocol_v1Unpack:215) <0xdba3>V1-Recv: 0x0300->0x0A06 0x4900 [0m
[37m[29.943][linker]-[Debug]-[DjiCommand_RecvWork:1066)  <0xdba3>Receive msg from linker, 0x0300->0x0A06 0x4900 len:14 [0m
[37m[29.943][linker]-[Debug]-[DjiProtocol_v1Pack:123) <0xdba3>V1-Send: 0x0A06->0x0300 0x4900 [0m
[37m[29.955][channel]-[Debug]-[DjiStreamChannelUdp_RecvDataThread:248) Receive udp data from 255.255.0.0.104 -> 192.168.100.2.30081, protocol: raw_data [0m
[37m[29.981][linker]-[Debug]-[DjiProtocol_v1Unpack:215) <0xdbe6>V1-Recv: 0x0300->0x0A06 0x221B [0m
[37m[29.982][linker]-[Debug]-[DjiCommand_RecvWork:1066)  <0xdbe6>Receive msg from linker, 0x0300->0x0A06 0x221B len:9 [0m
[37m[29.982][linker]-[Debug]-[DjiCommand_DealCmd:919) received unsupport request cmd that noneed ack, <0xdbe6> cmdset: 0x22 cmdid: 0x1B [0m
[37m[29.988][channel]-[Debug]-[DjiStreamChannelUdp_RecvDataThread:248) Receive udp data from 255.255.0.0.104 -> 192.168.100.2.30081, protocol: raw_data [0m
[37m[30.001][linker]-[Debug]-[DjiProtocol_v1Unpack:215) <0xdc04>V1-Recv: 0x0306->0x0A06 0x03C1 [0m
[37m[30.001][linker]-[Debug]-[DjiCommand_RecvWork:1066)  <0xdc04>Receive msg from linker, 0x0306->0x0A06 0x03C1 len:13 [0m
[37m[30.008][linker]-[Debug]-[DjiProtocol_v1Unpack:215) <0x2290>V1-Recv: 0x0800->0x0A06 0x0866 [0m
[37m[30.008][linker]-[Debug]-[DjiCommand_RecvWork:1066)  <0x2290>Receive msg from linker, 0x0800->0x0A06 0x0866 len:17 [0m
[37m[30.008][liveview]-[Debug]-[DjiLiveview_DecodeLiveviewStatusHandle:1169) Liveview uuid info total_num: 1, index: 0, version: 1, major_type: 0, minor_type: 39, idx: 0, pos: 7 [0m
[37m[30.008][liveview]-[Debug]-[DjiLiveview_DecodeLiveviewStatusHandle:1183) sdr num: 1 [0m
[37m[30.008][liveview]-[Debug]-[DjiLiveview_DecodeLiveviewStatusHandle:1203) tunnel id: 0 [0m
[37m[30.008][liveview]-[Debug]-[DjiLiveview_DecodeLiveviewStatusHandle:1207) consumeBytes: 15, availBytes: 15 [0m
[37m[30.021][channel]-[Debug]-[DjiStreamChannelUdp_RecvDataThread:248) Receive udp data from 255.255.0.0.104 -> 192.168.100.2.30081, protocol: raw_data [0m
[37m[30.024][linker]-[Debug]-[DjiProtocol_v1Unpack:215) <0xdc25>V1-Recv: 0x0300->0x0A06 0x036C [0m
[37m[30.025][linker]-[Debug]-[DjiCommand_RecvWork:1066)  <0xdc25>Receive msg from linker, 0x0300->0x0A06 0x036C len:71 [0m
[37m[30.025][linker]-[Debug]-[DjiCommand_DealCmd:919) received unsupport request cmd that noneed ack, <0xdc25> cmdset: 0x03 cmdid: 0x6C [0m
[37m[30.035][linker]-[Debug]-[DjiProtocol_v1Pack:123) <0x53de>V1-Send: 0x0A06->0x0200 0x3C10 [0m
[37m[30.035][linker]-[Debug]-[DjiProtocol_v1Pack:123) <0x53df>V1-Send: 0x0A06->0x0A01 0x3C10 [0m
[37m[30.035][linker]-[Debug]-[DjiProtocol_v1Pack:123) <0x53e0>V1-Send: 0x0A06->0x0300 0x3C10 [0m
[37m[30.042][linker]-[Debug]-[DjiProtocol_v1Unpack:215) <0xdc44>V1-Recv: 0x0300->0x0A06 0x4900 [0m
[37m[30.043][linker]-[Debug]-[DjiCommand_RecvWork:1066)  <0xdc44>Receive msg from linker, 0x0300->0x0A06 0x4900 len:14 [0m
[37m[30.043][linker]-[Debug]-[DjiProtocol_v1Pack:123) <0xdc44>V1-Send: 0x0A06->0x0300 0x4900 [0m
[37m[30.055][channel]-[Debug]-[DjiStreamChannelUdp_RecvDataThread:248) Receive udp data from 255.255.0.0.104 -> 192.168.100.2.30081, protocol: raw_data [0m
[37m[30.085][linker]-[Debug]-[DjiProtocol_v1Unpack:215) <0xdc83>V1-Recv: 0x0300->0x0A06 0x221B [0m
[37m[30.085][linker]-[Debug]-[DjiProtocol_v1Unpack:215) <0xdc8a>V1-Recv: 0x0300->0x0A06 0x0F74 [0m
[37m[30.085][linker]-[Debug]-[DjiProtocol_v1Unpack:215) <0xdc8b>V1-Recv: 0x0300->0x0100 0x0406 [0m
[37m[30.085][linker]-[Debug]-[DjiProtocol_v1Unpack:215) <0xdc8c>V1-Recv: 0x0300->0x0100 0x0407 [0m
[37m[30.086][linker]-[Debug]-[DjiCommand_RecvWork:1066)  <0xdc83>Receive msg from linker, 0x0300->0x0A06 0x221B len:9 [0m
[37m[30.086][linker]-[Debug]-[DjiCommand_DealCmd:919) received unsupport request cmd that noneed ack, <0xdc83> cmdset: 0x22 cmdid: 0x1B [0m
[37m[30.087][linker]-[Debug]-[DjiCommand_RecvWork:1066)  <0xdc8a>Receive msg from linker, 0x0300->0x0A06 0x0F74 len:28 [0m
[37m[30.087][linker]-[Debug]-[DjiCommand_DealCmd:919) received unsupport request cmd that noneed ack, <0xdc8a> cmdset: 0x0F cmdid: 0x74 [0m
[37m[30.088][linker]-[Debug]-[DjiCommand_RecvWork:1066)  <0xdc8b>Receive msg from linker, 0x0300->0x0100 0x0406 len:12 [0m
[37m[30.088][linker]-[Debug]-[DjiCommand_DealCmd:919) received unsupport request cmd that noneed ack, <0xdc8b> cmdset: 0x04 cmdid: 0x06 [0m
[37m[30.088][channel]-[Debug]-[DjiStreamChannelUdp_RecvDataThread:248) Receive udp data from 255.255.0.0.104 -> 192.168.100.2.30081, protocol: raw_data [0m
[37m[30.089][linker]-[Debug]-[DjiCommand_RecvWork:1066)  <0xdc8c>Receive msg from linker, 0x0300->0x0100 0x0407 len:1 [0m
[37m[30.089][linker]-[Debug]-[DjiCommand_DealCmd:919) received unsupport request cmd that noneed ack, <0xdc8c> cmdset: 0x04 cmdid: 0x07 [0m
[37m[30.100][linker]-[Debug]-[DjiProtocol_v1Unpack:215) <0xdca7>V1-Recv: 0x0306->0x0A06 0x03C1 [0m
[37m[30.101][linker]-[Debug]-[DjiCommand_RecvWork:1066)  <0xdca7>Receive msg from linker, 0x0306->0x0A06 0x03C1 len:13 [0m
[37m[30.121][channel]-[Debug]-[DjiStreamChannelUdp_RecvDataThread:248) Receive udp data from 255.255.0.0.104 -> 192.168.100.2.30081, protocol: raw_data [0m
[37m[30.124][linker]-[Debug]-[DjiProtocol_v1Unpack:215) <0xdcc9>V1-Recv: 0x0300->0x0A06 0x036C [0m
[37m[30.125][linker]-[Debug]-[DjiCommand_RecvWork:1066)  <0xdcc9>Receive msg from linker, 0x0300->0x0A06 0x036C len:71 [0m
[37m[30.125][linker]-[Debug]-[DjiCommand_DealCmd:919) received unsupport request cmd that noneed ack, <0xdcc9> cmdset: 0x03 cmdid: 0x6C [0m
[37m[30.143][linker]-[Debug]-[DjiProtocol_v1Unpack:215) <0xdcf9>V1-Recv: 0x0300->0x0A06 0x4900 [0m
[37m[30.144][linker]-[Debug]-[DjiCommand_RecvWork:1066)  <0xdcf9>Receive msg from linker, 0x0300->0x0A06 0x4900 len:14 [0m
[37m[30.144][linker]-[Debug]-[DjiProtocol_v1Pack:123) <0xdcf9>V1-Send: 0x0A06->0x0300 0x4900 [0m
[37m[30.155][channel]-[Debug]-[DjiStreamChannelUdp_RecvDataThread:248) Receive udp data from 255.255.0.0.104 -> 192.168.100.2.30081, protocol: raw_data [0m
[37m[30.181][linker]-[Debug]-[DjiProtocol_v1Unpack:215) <0xdd3f>V1-Recv: 0x0300->0x0A06 0x221B [0m
[37m[30.181][linker]-[Debug]-[DjiCommand_RecvWork:1066)  <0xdd3f>Receive msg from linker, 0x0300->0x0A06 0x221B len:9 [0m
[37m[30.181][linker]-[Debug]-[DjiCommand_DealCmd:919) received unsupport request cmd that noneed ack, <0xdd3f> cmdset: 0x22 cmdid: 0x1B [0m
[37m[30.188][channel]-[Debug]-[DjiStreamChannelUdp_RecvDataThread:248) Receive udp data from 255.255.0.0.104 -> 192.168.100.2.30081, protocol: raw_data [0m
[37m[30.200][linker]-[Debug]-[DjiProtocol_v1Unpack:215) <0xdd61>V1-Recv: 0x0306->0x0A06 0x03C1 [0m
[37m[30.201][linker]-[Debug]-[DjiCommand_RecvWork:1066)  <0xdd61>Receive msg from linker, 0x0306->0x0A06 0x03C1 len:13 [0m
[37m[30.221][channel]-[Debug]-[DjiStreamChannelUdp_RecvDataThread:248) Receive udp data from 255.255.0.0.104 -> 192.168.100.2.30081, protocol: raw_data [0m
[37m[30.224][linker]-[Debug]-[DjiProtocol_v1Unpack:215) <0xdd83>V1-Recv: 0x0300->0x0A06 0x036C [0m
[37m[30.224][linker]-[Debug]-[DjiCommand_RecvWork:1066)  <0xdd83>Receive msg from linker, 0x0300->0x0A06 0x036C len:71 [0m
[37m[30.224][linker]-[Debug]-[DjiCommand_DealCmd:919) received unsupport request cmd that noneed ack, <0xdd83> cmdset: 0x03 cmdid: 0x6C [0m
[37m[30.243][linker]-[Debug]-[DjiProtocol_v1Unpack:215) <0xdda1>V1-Recv: 0x0300->0x0A06 0x4900 [0m
[37m[30.243][linker]-[Debug]-[DjiCommand_RecvWork:1066)  <0xdda1>Receive msg from linker, 0x0300->0x0A06 0x4900 len:14 [0m
[37m[30.243][linker]-[Debug]-[DjiProtocol_v1Pack:123) <0xdda1>V1-Send: 0x0A06->0x0300 0x4900 [0m
[37m[30.248][linker]-[Debug]-[DjiProtocol_v1Pack:123) <0x53e1>V1-Send: 0x0A06->0x0200 0x3C10 [0m
[37m[30.248][linker]-[Debug]-[DjiProtocol_v1Pack:123) <0x53e2>V1-Send: 0x0A06->0x0A01 0x3C10 [0m
[37m[30.248][linker]-[Debug]-[DjiProtocol_v1Pack:123) <0x53e3>V1-Send: 0x0A06->0x0300 0x3C10 [0m
[37m[30.255][channel]-[Debug]-[DjiStreamChannelUdp_RecvDataThread:248) Receive udp data from 255.255.0.0.104 -> 192.168.100.2.30081, protocol: raw_data [0m
[37m[30.258][linker]-[Debug]-[DjiProtocol_v1Unpack:215) <0x2291>V1-Recv: 0x0800->0x0A06 0x0866 [0m
[37m[30.258][linker]-[Debug]-[DjiCommand_RecvWork:1066)  <0x2291>Receive msg from linker, 0x0800->0x0A06 0x0866 len:17 [0m
[37m[30.258][liveview]-[Debug]-[DjiLiveview_DecodeLiveviewStatusHandle:1169) Liveview uuid info total_num: 1, index: 0, version: 1, major_type: 0, minor_type: 39, idx: 0, pos: 7 [0m
[37m[30.258][liveview]-[Debug]-[DjiLiveview_DecodeLiveviewStatusHandle:1183) sdr num: 1 [0m
[37m[30.258][liveview]-[Debug]-[DjiLiveview_DecodeLiveviewStatusHandle:1203) tunnel id: 0 [0m
[37m[30.258][liveview]-[Debug]-[DjiLiveview_DecodeLiveviewStatusHandle:1207) consumeBytes: 15, availBytes: 15 [0m
[37m[30.281][linker]-[Debug]-[DjiProtocol_v1Unpack:215) <0xdde2>V1-Recv: 0x0300->0x0A06 0x221B [0m
[37m[30.282][linker]-[Debug]-[DjiCommand_RecvWork:1066)  <0xdde2>Receive msg from linker, 0x0300->0x0A06 0x221B len:9 [0m
[37m[30.282][linker]-[Debug]-[DjiCommand_DealCmd:919) received unsupport request cmd that noneed ack, <0xdde2> cmdset: 0x22 cmdid: 0x1B [0m
[37m[30.288][channel]-[Debug]-[DjiStreamChannelUdp_RecvDataThread:248) Receive udp data from 255.255.0.0.104 -> 192.168.100.2.30081, protocol: raw_data [0m
[37m[30.300][linker]-[Debug]-[DjiProtocol_v1Unpack:215) <0xde01>V1-Recv: 0x0306->0x0A06 0x03C1 [0m
[37m[30.301][linker]-[Debug]-[DjiCommand_RecvWork:1066)  <0xde01>Receive msg from linker, 0x0306->0x0A06 0x03C1 len:13 [0m
[37m[30.321][channel]-[Debug]-[DjiStreamChannelUdp_RecvDataThread:248) Receive udp data from 255.255.0.0.104 -> 192.168.100.2.30081, protocol: raw_data [0m
[37m[30.324][linker]-[Debug]-[DjiProtocol_v1Unpack:215) <0xde27>V1-Recv: 0x0300->0x0A06 0x036C [0m
[37m[30.324][linker]-[Debug]-[DjiCommand_RecvWork:1066)  <0xde27>Receive msg from linker, 0x0300->0x0A06 0x036C len:71 [0m
[37m[30.324][linker]-[Debug]-[DjiCommand_DealCmd:919) received unsupport request cmd that noneed ack, <0xde27> cmdset: 0x03 cmdid: 0x6C [0m
[37m[30.343][linker]-[Debug]-[DjiProtocol_v1Unpack:215) <0xde54>V1-Recv: 0x0300->0x0A06 0x4900 [0m
[37m[30.343][linker]-[Debug]-[DjiCommand_RecvWork:1066)  <0xde54>Receive msg from linker, 0x0300->0x0A06 0x4900 len:14 [0m
[37m[30.343][linker]-[Debug]-[DjiProtocol_v1Pack:123) <0xde54>V1-Send: 0x0A06->0x0300 0x4900 [0m
[32m[30.346][user]-[Info]-[liveviewThreadFunc:135) Storing camera h264 stream, second:. [0m
[37m[30.346][liveview]-[Debug]-[DjiLiveview_FindLiveviewSource:1122) Found the liveview source (pos:7) on the drone. [0m
[37m[30.346][liveview]-[Debug]-[DjiLiveview_RequestIntraframeFrameData:878) Request I frame by uuid, major: 0, minor: 39, idx: 0, pos: 7, tunnel: 80 [0m
[37m[30.346][linker]-[Debug]-[DjiProtocol_v1Pack:123) <0x53e4>V1-Send: 0x0A06->0x0700 0x0872 [0m
[37m[30.355][channel]-[Debug]-[DjiStreamChannelUdp_RecvDataThread:248) Receive udp data from 255.255.0.0.104 -> 192.168.100.2.30081, protocol: raw_data [0m
[37m[30.362][linker]-[Debug]-[DjiProtocol_v1Unpack:215) <0x53e4>V1-Recv: 0x0700->0x0A06 0x0872 [0m
[37m[30.362][linker]-[Debug]-[DjiCommand_RecvWork:1066)  <0x53e4>Receive msg from linker, 0x0700->0x0A06 0x0872 len:1 [0m
[37m[30.363][linker]-[Debug]-[DjiCommand_SendSyncCallback:1014) PsdkCommand_SendSyncCallback success [0m
[37m[30.363][linker]-[Debug]-[DjiCommand_SendSync:553) sendSync callback success [0m
[37m[30.363][linker]-[Debug]-[DjiCommand_DealCmd:830) callback function (cmdset: 0x08 cmdid: 0x72) deal time: 1 ms [0m
[37m[30.382][linker]-[Debug]-[DjiProtocol_v1Unpack:215) <0xde9e>V1-Recv: 0x0300->0x0A06 0x221B [0m
[37m[30.382][linker]-[Debug]-[DjiCommand_RecvWork:1066)  <0xde9e>Receive msg from linker, 0x0300->0x0A06 0x221B len:9 [0m
[37m[30.382][linker]-[Debug]-[DjiCommand_DealCmd:919) received unsupport request cmd that noneed ack, <0xde9e> cmdset: 0x22 cmdid: 0x1B [0m
[37m[30.392][channel]-[Debug]-[DjiStreamChannelUdp_RecvDataThread:248) Receive udp data from 255.255.0.0.104 -> 192.168.100.2.30081, protocol: raw_data [0m
[37m[30.394][channel]-[Debug]-[DjiStreamChannelUdp_RecvDataThread:248) Receive udp data from 255.255.0.0.104 -> 192.168.100.2.30081, protocol: raw_data [0m
[37m[30.401][linker]-[Debug]-[DjiProtocol_v1Unpack:215) <0xdebc>V1-Recv: 0x0306->0x0A06 0x03C1 [0m
[37m[30.401][linker]-[Debug]-[DjiCommand_RecvWork:1066)  <0xdebc>Receive msg from linker, 0x0306->0x0A06 0x03C1 len:13 [0m
[37m[30.421][channel]-[Debug]-[DjiStreamChannelUdp_RecvDataThread:248) Receive udp data from 255.255.0.0.104 -> 192.168.100.2.30081, protocol: raw_data [0m
[37m[30.424][linker]-[Debug]-[DjiProtocol_v1Unpack:215) <0xdede>V1-Recv: 0x0300->0x0A06 0x036C [0m
[37m[30.424][linker]-[Debug]-[DjiCommand_RecvWork:1066)  <0xdede>Receive msg from linker, 0x0300->0x0A06 0x036C len:71 [0m
[37m[30.424][linker]-[Debug]-[DjiCommand_DealCmd:919) received unsupport request cmd that noneed ack, <0xdede> cmdset: 0x03 cmdid: 0x6C [0m
[37m[30.442][linker]-[Debug]-[DjiProtocol_v1Unpack:215) <0xdefc>V1-Recv: 0x0300->0x0A06 0x4900 [0m
[37m[30.442][linker]-[Debug]-[DjiCommand_RecvWork:1066)  <0xdefc>Receive msg from linker, 0x0300->0x0A06 0x4900 len:14 [0m
[37m[30.442][linker]-[Debug]-[DjiProtocol_v1Pack:123) <0xdefc>V1-Send: 0x0A06->0x0300 0x4900 [0m
[37m[30.454][channel]-[Debug]-[DjiStreamChannelUdp_RecvDataThread:248) Receive udp data from 255.255.0.0.104 -> 192.168.100.2.30081, protocol: raw_data [0m
[37m[30.456][linker]-[Debug]-[DjiProtocol_v1Unpack:215) <0xa9d8>V1-Recv: 0x0202->0x0A06 0x0026 [0m
[37m[30.456][linker]-[Debug]-[DjiCommand_RecvWork:1066)  <0xa9d8>Receive msg from linker, 0x0202->0x0A06 0x0026 len:37 [0m
[37m[30.456][linker]-[Debug]-[DjiCommand_DealCmd:919) received unsupport request cmd that need ack, <0xa9d8> cmdset: 0x00 cmdid: 0x26 [0m
[37m[30.462][linker]-[Debug]-[DjiProtocol_v1Pack:123) <0x53e5>V1-Send: 0x0A06->0x0200 0x3C10 [0m
[37m[30.462][linker]-[Debug]-[DjiProtocol_v1Pack:123) <0x53e6>V1-Send: 0x0A06->0x0A01 0x3C10 [0m
[37m[30.462][linker]-[Debug]-[DjiProtocol_v1Pack:123) <0x53e7>V1-Send: 0x0A06->0x0300 0x3C10 [0m
[37m[30.482][linker]-[Debug]-[DjiProtocol_v1Unpack:215) <0xdf3b>V1-Recv: 0x0300->0x0A06 0x221B [0m
[37m[30.482][linker]-[Debug]-[DjiCommand_RecvWork:1066)  <0xdf3b>Receive msg from linker, 0x0300->0x0A06 0x221B len:9 [0m
[37m[30.482][linker]-[Debug]-[DjiCommand_DealCmd:919) received unsupport request cmd that noneed ack, <0xdf3b> cmdset: 0x22 cmdid: 0x1B [0m
[37m[30.489][channel]-[Debug]-[DjiStreamChannelUdp_RecvDataThread:248) Receive udp data from 255.255.0.0.104 -> 192.168.100.2.30081, protocol: raw_data [0m
[37m[30.501][linker]-[Debug]-[DjiProtocol_v1Unpack:215) <0xdf58>V1-Recv: 0x0306->0x0A06 0x03C1 [0m
[37m[30.501][linker]-[Debug]-[DjiCommand_RecvWork:1066)  <0xdf58>Receive msg from linker, 0x0306->0x0A06 0x03C1 len:13 [0m
[37m[30.508][linker]-[Debug]-[DjiProtocol_v1Unpack:215) <0x2292>V1-Recv: 0x0800->0x0A06 0x0866 [0m
[37m[30.509][linker]-[Debug]-[DjiCommand_RecvWork:1066)  <0x2292>Receive msg from linker, 0x0800->0x0A06 0x0866 len:17 [0m
[37m[30.509][liveview]-[Debug]-[DjiLiveview_DecodeLiveviewStatusHandle:1169) Liveview uuid info total_num: 1, index: 0, version: 1, major_type: 0, minor_type: 39, idx: 0, pos: 7 [0m
[37m[30.509][liveview]-[Debug]-[DjiLiveview_DecodeLiveviewStatusHandle:1183) sdr num: 1 [0m
[37m[30.509][liveview]-[Debug]-[DjiLiveview_DecodeLiveviewStatusHandle:1203) tunnel id: 0 [0m
[37m[30.509][liveview]-[Debug]-[DjiLiveview_DecodeLiveviewStatusHandle:1207) consumeBytes: 15, availBytes: 15 [0m
[37m[30.521][channel]-[Debug]-[DjiStreamChannelUdp_RecvDataThread:248) Receive udp data from 255.255.0.0.104 -> 192.168.100.2.30081, protocol: raw_data [0m
[37m[30.524][linker]-[Debug]-[DjiProtocol_v1Unpack:215) <0xdf7b>V1-Recv: 0x0300->0x0A06 0x036C [0m
[37m[30.525][linker]-[Debug]-[DjiCommand_RecvWork:1066)  <0xdf7b>Receive msg from linker, 0x0300->0x0A06 0x036C len:71 [0m
[37m[30.525][linker]-[Debug]-[DjiCommand_DealCmd:919) received unsupport request cmd that noneed ack, <0xdf7b> cmdset: 0x03 cmdid: 0x6C [0m
[37m[30.543][linker]-[Debug]-[DjiProtocol_v1Unpack:215) <0xdfa2>V1-Recv: 0x0300->0x0A06 0x4900 [0m
[37m[30.543][linker]-[Debug]-[DjiCommand_RecvWork:1066)  <0xdfa2>Receive msg from linker, 0x0300->0x0A06 0x4900 len:14 [0m
[37m[30.543][linker]-[Debug]-[DjiProtocol_v1Pack:123) <0xdfa2>V1-Send: 0x0A06->0x0300 0x4900 [0m
[37m[30.555][channel]-[Debug]-[DjiStreamChannelUdp_RecvDataThread:248) Receive udp data from 255.255.0.0.104 -> 192.168.100.2.30081, protocol: raw_data [0m
[37m[30.583][linker]-[Debug]-[DjiProtocol_v1Unpack:215) <0xdfe6>V1-Recv: 0x0300->0x0A06 0x221B [0m
[37m[30.583][linker]-[Debug]-[DjiProtocol_v1Unpack:215) <0xdfea>V1-Recv: 0x0300->0x0100 0x0405 [0m
[37m[30.583][linker]-[Debug]-[DjiCommand_RecvWork:1066)  <0xdfe6>Receive msg from linker, 0x0300->0x0A06 0x221B len:9 [0m
[37m[30.583][linker]-[Debug]-[DjiCommand_DealCmd:919) received unsupport request cmd that noneed ack, <0xdfe6> cmdset: 0x22 cmdid: 0x1B [0m
[37m[30.584][linker]-[Debug]-[DjiCommand_RecvWork:1066)  <0xdfea>Receive msg from linker, 0x0300->0x0100 0x0405 len:22 [0m
[37m[30.584][linker]-[Debug]-[DjiCommand_DealCmd:919) received unsupport request cmd that noneed ack, <0xdfea> cmdset: 0x04 cmdid: 0x05 [0m
[37m[30.588][channel]-[Debug]-[DjiStreamChannelUdp_RecvDataThread:248) Receive udp data from 255.255.0.0.104 -> 192.168.100.2.30081, protocol: raw_data [0m
[37m[30.600][linker]-[Debug]-[DjiProtocol_v1Unpack:215) <0xe005>V1-Recv: 0x0306->0x0A06 0x03C1 [0m
[37m[30.600][linker]-[Debug]-[DjiCommand_RecvWork:1066)  <0xe005>Receive msg from linker, 0x0306->0x0A06 0x03C1 len:13 [0m
[37m[30.621][channel]-[Debug]-[DjiStreamChannelUdp_RecvDataThread:248) Receive udp data from 255.255.0.0.104 -> 192.168.100.2.30081, protocol: raw_data [0m
[37m[30.624][linker]-[Debug]-[DjiProtocol_v1Unpack:215) <0xe024>V1-Recv: 0x0300->0x0A06 0x036C [0m
[37m[30.624][linker]-[Debug]-[DjiCommand_RecvWork:1066)  <0xe024>Receive msg from linker, 0x0300->0x0A06 0x036C len:71 [0m
[37m[30.624][linker]-[Debug]-[DjiCommand_DealCmd:919) received unsupport request cmd that noneed ack, <0xe024> cmdset: 0x03 cmdid: 0x6C [0m
[37m[30.642][linker]-[Debug]-[DjiProtocol_v1Unpack:215) <0xe042>V1-Recv: 0x0300->0x0A06 0x4900 [0m
[37m[30.643][linker]-[Debug]-[DjiCommand_RecvWork:1066)  <0xe042>Receive msg from linker, 0x0300->0x0A06 0x4900 len:14 [0m
[37m[30.643][linker]-[Debug]-[DjiProtocol_v1Pack:123) <0xe042>V1-Send: 0x0A06->0x0300 0x4900 [0m
[37m[30.653][channel]-[Debug]-[DjiStreamChannelUdp_RecvDataThread:248) Receive udp data from 255.255.0.0.104 -> 192.168.100.2.30081, protocol: raw_data [0m
[37m[30.655][channel]-[Debug]-[DjiStreamChannelUdp_RecvDataThread:248) Receive udp data from 255.255.0.0.104 -> 192.168.100.2.30081, protocol: raw_data [0m
[37m[30.665][linker]-[Debug]-[DjiProtocol_v1Unpack:215) <0xe060>V1-Recv: 0x0306->0x0A06 0x03C1 [0m
[37m[30.666][linker]-[Debug]-[DjiCommand_RecvWork:1066)  <0xe060>Receive msg from linker, 0x0306->0x0A06 0x03C1 len:113 [0m
[37m[30.675][linker]-[Debug]-[DjiProtocol_v1Pack:123) <0x53e8>V1-Send: 0x0A06->0x0300 0x0000 [0m
[37m[30.675][infor]-[Debug]-[DjiAircraftConnection_CheckExtensionPortConnectStatusByV1Protocol:170) check connect status:1 [0m
[37m[30.676][linker]-[Debug]-[DjiProtocol_v1Pack:123) <0x53e9>V1-Send: 0x0A06->0x0200 0x3C10 [0m
[37m[30.676][linker]-[Debug]-[DjiProtocol_v1Pack:123) <0x53ea>V1-Send: 0x0A06->0x0A01 0x3C10 [0m
[37m[30.676][linker]-[Debug]-[DjiProtocol_v1Pack:123) <0x53eb>V1-Send: 0x0A06->0x0300 0x3C10 [0m
[37m[30.682][linker]-[Debug]-[DjiProtocol_v1Unpack:215) <0x53e8>V1-Recv: 0x0300->0x0A06 0x0000 [0m
[37m[30.682][linker]-[Debug]-[DjiProtocol_v1Unpack:215) <0xe084>V1-Recv: 0x0300->0x0A06 0x221B [0m
[37m[30.682][linker]-[Debug]-[DjiCommand_RecvWork:1066)  <0x53e8>Receive msg from linker, 0x0300->0x0A06 0x0000 len:0 [0m
[37m[30.682][infor]-[Debug]-[DjiAircraftInfo_CheckPingStatusAsyncCallback:269) connect status async sucess [0m
[37m[30.682][linker]-[Debug]-[DjiCommand_DealCmd:830) callback function (cmdset: 0x00 cmdid: 0x00) deal time: 0 ms [0m
[37m[30.683][linker]-[Debug]-[DjiCommand_RecvWork:1066)  <0xe084>Receive msg from linker, 0x0300->0x0A06 0x221B len:9 [0m
[37m[30.683][linker]-[Debug]-[DjiCommand_DealCmd:919) received unsupport request cmd that noneed ack, <0xe084> cmdset: 0x22 cmdid: 0x1B [0m
[37m[30.688][channel]-[Debug]-[DjiStreamChannelUdp_RecvDataThread:248) Receive udp data from 255.255.0.0.104 -> 192.168.100.2.30081, protocol: raw_data [0m
[37m[30.695][linker]-[Debug]-[DjiProtocol_v1Unpack:215) <0x11b0>V1-Recv: 0x1D07->0x0A06 0x2105 [0m
[37m[30.696][linker]-[Debug]-[DjiCommand_RecvWork:1066)  <0x11b0>Receive msg from linker, 0x1D07->0x0A06 0x2105 len:1 [0m
[37m[30.696][linker]-[Debug]-[DjiCommand_DealCmd:919) received unsupport request cmd that need ack, <0x11b0> cmdset: 0x21 cmdid: 0x05 [0m
[37m[30.700][linker]-[Debug]-[DjiProtocol_v1Unpack:215) <0xe0a2>V1-Recv: 0x0306->0x0A06 0x03C1 [0m
[37m[30.701][linker]-[Debug]-[DjiCommand_RecvWork:1066)  <0xe0a2>Receive msg from linker, 0x0306->0x0A06 0x03C1 len:13 [0m
[32m[30.710][user]-[Info]-[UserFcSubscription_Task:458) gps position: x 117.120754 y 39.126561 z 10.876000. [0m
[32m[30.710][user]-[Info]-[UserFcSubscription_Task:470) gps total satellite number used: 2 9 13.
GPS fixState: 3.000000. [0m
[32m[30.710][user]-[Info]-[UserFcSubscription_Task:487) Homepoint info: lat->39.126699, lon->117.120801. [0m
[32m[30.710][user]-[Info]-[UserFcSubscription_Task:512) RTK position solution state: 16. [0m
[32m[30.710][user]-[Info]-[UserFcSubscription_Task:528) RTK position: 117.120655 39.126748 -10.098845. [0m
[32m[30.710][user]-[Info]-[UserFcSubscription_Task:573) Altitude of homepoint: 3.473701. [0m
[32m[30.710][user]-[Info]-[UserFcSubscription_Task:586) Battery info: 38. [0m
[32m[30.710][user]-[Info]-[UserFcSubscription_Task:600) Flight status: 0. [0m
[32m[30.710][user]-[Info]-[UserFcSubscription_Task:620) Displaymode status: 6. [0m
[37m[30.710][user]-[Debug]-[UserFcSubscription_Task:633) Timestamp: millisecond 4546992 microsecond 252025100. [0m
[37m[30.710][user]-[Debug]-[UserFcSubscription_Task:634) Relative height fusion is -0.000000 m [0m
[37m[30.721][channel]-[Debug]-[DjiStreamChannelUdp_RecvDataThread:248) Receive udp data from 255.255.0.0.104 -> 192.168.100.2.30081, protocol: raw_data [0m
[37m[30.724][linker]-[Debug]-[DjiProtocol_v1Unpack:215) <0xe0c7>V1-Recv: 0x0300->0x0A06 0x036C [0m
[37m[30.725][linker]-[Debug]-[DjiCommand_RecvWork:1066)  <0xe0c7>Receive msg from linker, 0x0300->0x0A06 0x036C len:71 [0m
[37m[30.725][linker]-[Debug]-[DjiCommand_DealCmd:919) received unsupport request cmd that noneed ack, <0xe0c7> cmdset: 0x03 cmdid: 0x6C [0m
[37m[30.729][linker]-[Debug]-[DjiProtocol_v1Pack:123) <0x5388>V1-Send: 0x0A06->0x0800 0x0867 [0m
[37m[30.743][linker]-[Debug]-[DjiProtocol_v1Unpack:215) <0xe0ed>V1-Recv: 0x0300->0x0A06 0x4900 [0m
[37m[30.744][linker]-[Debug]-[DjiCommand_RecvWork:1066)  <0xe0ed>Receive msg from linker, 0x0300->0x0A06 0x4900 len:14 [0m
[37m[30.744][linker]-[Debug]-[DjiProtocol_v1Pack:123) <0xe0ed>V1-Send: 0x0A06->0x0300 0x4900 [0m
[37m[30.750][linker]-[Debug]-[DjiProtocol_v1Unpack:215) <0xbdc>V1-Recv: 0x0701->0x0A06 0x0000 [0m
[37m[30.751][linker]-[Debug]-[DjiCommand_RecvWork:1066)  <0xbdc>Receive msg from linker, 0x0701->0x0A06 0x0000 len:16 [0m
[37m[30.751][linker]-[Debug]-[DjiProtocol_v1Pack:123) <0xbdc>V1-Send: 0x0A06->0x0701 0x0000 [0m
[37m[30.755][channel]-[Debug]-[DjiStreamChannelUdp_RecvDataThread:248) Receive udp data from 255.255.0.0.104 -> 192.168.100.2.30081, protocol: raw_data [0m
[37m[30.758][linker]-[Debug]-[DjiProtocol_v1Unpack:215) <0x2293>V1-Recv: 0x0800->0x0A06 0x0866 [0m
[37m[30.759][linker]-[Debug]-[DjiCommand_RecvWork:1066)  <0x2293>Receive msg from linker, 0x0800->0x0A06 0x0866 len:17 [0m
[37m[30.759][liveview]-[Debug]-[DjiLiveview_DecodeLiveviewStatusHandle:1169) Liveview uuid info total_num: 1, index: 0, version: 1, major_type: 0, minor_type: 39, idx: 0, pos: 7 [0m
[37m[30.759][liveview]-[Debug]-[DjiLiveview_DecodeLiveviewStatusHandle:1183) sdr num: 1 [0m
[37m[30.759][liveview]-[Debug]-[DjiLiveview_DecodeLiveviewStatusHandle:1203) tunnel id: 0 [0m
[37m[30.759][liveview]-[Debug]-[DjiLiveview_DecodeLiveviewStatusHandle:1207) consumeBytes: 15, availBytes: 15 [0m
[37m[30.781][linker]-[Debug]-[DjiProtocol_v1Unpack:215) <0xe12d>V1-Recv: 0x0300->0x0A06 0x221B [0m
[37m[30.782][linker]-[Debug]-[DjiCommand_RecvWork:1066)  <0xe12d>Receive msg from linker, 0x0300->0x0A06 0x221B len:9 [0m
[37m[30.782][linker]-[Debug]-[DjiCommand_DealCmd:919) received unsupport request cmd that noneed ack, <0xe12d> cmdset: 0x22 cmdid: 0x1B [0m
[37m[30.788][channel]-[Debug]-[DjiStreamChannelUdp_RecvDataThread:248) Receive udp data from 255.255.0.0.104 -> 192.168.100.2.30081, protocol: raw_data [0m
[37m[30.800][linker]-[Debug]-[DjiProtocol_v1Unpack:215) <0xe14b>V1-Recv: 0x0306->0x0A06 0x03C1 [0m
[37m[30.801][linker]-[Debug]-[DjiCommand_RecvWork:1066)  <0xe14b>Receive msg from linker, 0x0306->0x0A06 0x03C1 len:13 [0m
